id,romanized,devanagari
1,ma pani dherai meheant garera vlog banauxu herdinu hola,म पनि धेरै मेहनत गरेर व्लग बनाउँछु हेर्नु होला
2,nepali lai masu bhaat bhaye pugxa 84 ma ni still yehi pagal budo haru rojyo bhane desh chalauna diyo bhane nepal abo nepal rahadaina,नेपालीलाई मासु भात भए पुग्छ ८४ मा नि स्टिल यही पागल बुढोहरू रोज्यो भने देश चलाउन दिओ भने नेपाल अब नेपाल रहदैन
3,hamro nepalma ni balen pm bannu parcha,हाम्रो नेपालमा नि बलेन पीएम बन्नु पर्छ
4,tara hamro desh ko sena haru ni neta haru sanga milaka xan,तर हाम्रो देशको सेना हरू नि नेता हरूसँग मिलका छन्
5,yo muji pani balen ko vatuwa kukur ho yo sale bideshiko rakhail le jaile tehi muji gaza ko talma bolne gajedilai joder video banaux,यो मुजी पनि बलेनको वतुवा कुकुर हो यो साले बिदेशीको राखैल ले जले त्यही मुजी गाजा को तलमा बोल्ने गजेडिलाई जोडेरे भिडियो बनाउँछ
6,yeey muji military background huna paryo jhat etikai painxa muji garyo ek had samma,येई मुजी मिलिटरी ब्याकग्राउन्ड हुनु पर्छ झट यति काइन्छ मुजी गर्यो एक हदसम्म
7,balen le tara badi nafek tw,बलेनले तर बढी नफेक ट्व
8,balenlae imandar nete manna shakinxa ane gyanendra shahelae pane manna shakinxa,बलेनलाई इमानदार नेता मान्न सकिन्छ अनि ज्ञानेन्द्र शाहलाई पनि मान्न सकिन्छ
9,nepal ma pani sambhav xa edi balen pm bhayo vane natra garo xa,नेपालमा पनि सम्भव छ यदि बलेन पीएम भयो भने नत्र गारो छ
10,aasa xa nepal ma ni ystai neta aaune xan ra nepal lai bikas garera bideseyeka yuba nepal farkine xan,आशा छ नेपालमा नि यस्तै नेता आउने छन् र नेपाललाई विकास गरेर बिदेशिएका युवा नेपाल फर्किने छन्
11,brother kp sharma oli ko photo na rakhera views nayera feri balen shah kei rakhnu paro hai views ko lagi engineer shyep garo xa,भाइ केपी शर्मा ओलीको फोटो न राखेर भ्यूज नाएर फेरि बलेन शाह के राख्नु पर्छ है भ्यूजको लागि इन्जिनियर श्येप गरो छ
12,dai hamro desh ma kaila huncha yasto,दाई हाम्रो देशमा काइला हुन्छ यस्तो
13,sponsored ho vaney sponsored lekhnu paryo ids,स्पोन्सर्ड हो भने स्पोन्सर्ड लेख्नुपर्यो आइडीएस
14,country develop hudai xa tada vanna sakinxa jaba citizen haru la government ramro xa vanxan,देश विकास हुँदैछ ताडा भन्न सकिन्छ जब नागरिकहरूलाई सरकार राम्रो छ भन्छन्
15,nepal janta hani bheda gagan thapa kp oli prachanda le j vanne teii manne aani khaa huncha bikash,नेपाल जनता हानि भेड़ा गगन थापा केपी ओली प्रचण्डले ज भन्नेको तै मनन हुन्छ अनि कहाँ हुन्छ विकास
16,yo barema dherai bujnu thyo nalai dhanyawad video ko lagi,यो बारेमा धेरै बुझ्नुपर्यो नलाई धन्यवाद भिडियोको लागि
17,nepal ko yuwa rw beta dubai khatam,नेपालको युवा आरड बेटा दुबई खतम
18,muji advertisment ko arkai video banara halum,मुझी एड्भर्टाइजमेन्टको अर्कै भिडियो बनारा हालुम
19,same kahani xa hjr uta france le nachaune yeta india le nepal lai nachaune,सिमे कहानी छ हजुर उता फ्रान्सले नाचाउने यहाँ भारतले नेपाललाई नाचाउने
20,ma pani rabi dai pm balen da pm vayo vane tesri nai basxu security ko lagi hami yuwa haru,म पनि रबी दाई पीएम बलेन दा पीएम भयो भने तेस्रै नै बस्छु सुरक्षा को लागि हामी युवा हरु
21,aba 40 barsa bhanda kam umerko laai matra voot garnu parchha nepal ma pani,अब ४० वर्ष भन्दा कम उमेरको लागि मात्र भोट गर्नुपर्छ नेपालमा पनि
22,balen kulman aau desh bachau,बलेन कुलमान आउ देश बचाउ
23,nepal bahun baad le khaisakyo,नेपाल बाहुनवादले खाइसकेको
24,balen ko photo jo thumbnail chahi kahile nachhodnu hai vai views ghatchha,बलेनको फोटो जो थम्बनेल चाही कहिले नछोड्नु है वाई भ्यूज घट्छ
25,2 barsama khatra devlop hune mastermind xa tara kasari pugnu tyo thauma,२ वर्षमा खतरा डेभलप हुने मास्टरमाइन्ड छ तर कसरी पुग्नु त्यो थाउँमा
26,yo video hamro deshka chor haru maajh pugnu paryo ki kaso,यो भिडियो हाम्रो देशका चोरहरू माझ पुग्नु पर्छ कि कस्तो
27,muji nepali haru bheda ho sab,मुजी नेपालीहरू भेडा हो सब
28,nepali haru nai bheda bhayesi k garnu hamle pani bhanna paunthiyo we love our president bhanerw,नेपालीहरू नै भेडा भएसी के गर्नुपर्यो हामीले पनि भन्न पाउँथियो we love our president भनेर
29,itihas sakchhi xa yesta lwath harule opinion set garna thalepaxi samaaj durghatnama jaanxa,इतिहास सक्छि छ यस्ता ल्वाथहरूले ओपिनियन सेट गर्न थालेपछी समाज दुर्गटनामा जान्छ
30,ajhai mussolini nai chahiyo vane vayoni,अझै मुसोलिनी नै चाहियो भने वायोनी
31,k vayo dai kin thumbnail change gareko garei grnu vako kassaile kei vndai x rw,के भयो दाई किन थम्बनेल चेंज गरेको गरेई गर्नु भएको कसैले केहि भन्दै छ रु
32,plzz daiii diwakar sah mathi euta video ta banaunu paxh,प्लज दाई दीवाकर साह माथि एउटा भिडियो त बनाउनु पर्छ
33,rabi dai ko yo huncha kun din herna luna jhule haru ki raja chaiyo ki rabi,रवी दाईको यो हुन्छ कुन दिन हेर्न लु झुले हरु कि राजा चाहियो कि रवी
34,ke joine gareko nepal ko meyar sang balen ke ho ra,के जोइन गरेको नेपालको मियर संग बलेन के हो र
35,hamro ta military ma nai chor haru chhan khuleaam corrupted chhan,हाम्रो त मिलिट्रीमा नै चोरहरु छन् खुलेआम करप्टेड छन्
36,ibrahim taore ko pr le mass media manipulation gariraxan vanne kura ni xa tapaiko k xa bichar esma,इब्राहीम ताओरेको प्र ले मास मिडिया म्यानिपुलेशन गरिरहेका छन् भन्ने कुरा नि छ तपाईको के छ विचार यसमा
37,aaba pani masu bhat ma lagayo vani banxa desh,अब पनि मासु भातमा लगायो भने बन्छ देश
38,malai lakcha yo desh ko janta ekh dhikkha kailay ni hunai sakdhaina ya ramro manchay pawdha pani jat jat jat matai dekchan ani dharma lay ekha bucheyaeko cha india ra nepal ma kei farak dekdhina,मलाई लाग्छ यो देशको जनता एक धिक्का कहिल्यै हुनै सक्दैन या राम्रो मान्छे पाउँदा पनि जात जात जात मात्रै देख्छन् अनि धर्मले एक हद बुचिएको छ भारत र नेपालमा केहि फरक देख्दैन
39,yo muji alternative media vanekaa haru sabbai balen kaa tattu matra xan ki kyaaho,यो मुजी अल्टरनेटिभ मिडिया भनेरका हरु सबै बलेनका तात्तु मात्र छन् कि क्याहो
40,mula views kamauna balen ko photo thumbnail ma rakhne kasto manxe hola,मुला भ्यूज कमाउन बलेनको फोटो थम्बनेलमा राख्ने कस्तो मान्छे होला
41,nepal ma ni aisakyo swotantra le matrai yo desh banau na sakcha yo 3 party haru le bideshiko isarama chalai rakochan 84 bata dherai thulo aas garna sakincha,नेपालमा नि आइसकेको स्वतन्त्रले मात्र यो देश बनाउन सक्छ यो ३ पार्टीहरूले विदेशको इसारामा चलाइरहेका छन् ८४ बाट धेरै ठूलो आस गर्न सकिन्छ
42,jhole haru badi vako ho ani gobar variyako voters haru vayara ho government bodies haru bata ta yesto hola vanne nasocheni hunxasabai angsabanda vaxa sabai party haruma,झोलेहरू बढी भएको हो अनि गोबर वरियाका भोटर्सहरू भएर हो गभर्नमेन्ट बडीहरूबाट त यस्तो होला भन्ने नसोच्नि हुँदैन सबै अंगसबाट हुन्छ सबै पार्टीहरूमा
43,hamro desh nepal ma kahile sena le ku garne hola,हाम्रो देश नेपालमा कहिले सेना ले कु गर्ने होला
44,84 yane 2 barsha baki chha sochau sabai nepali le,८४ याने २ वर्ष बाँकी छ सोचौं सबै नेपालीले
45,nepal kahile pani agadi badhna sakdaina,नेपाल कहिले पनि अगाडि बढ्न सक्दैन
46,aaru ko compare garera yetro desh banxaaafnai vision chainxa desh badalna bujis,अरूको कम्पेयर गरेर यत्रो देश बनाउँछ आफैंको भिजन छ देश बदल्न बुझिस
47,balen or harka jasto rastra pramukh hunu parxa nepalmaa,बलेन वा हर्का जस्तो राष्ट्र प्रमुख हुनु पर्छ नेपालमा
48,aba nepal ma pani yestai hunaparxa,अब नेपालमा पनि यस्तै हुनुपर्छ
49,hamro desh maa kaioe aaune sayad harka sampang yaa balen shah nai antim bikalpa huna sakxa,हाम्रो देशमा कुनै पनि आउने शायद हर्का सम्पाङ या बलेन शाह नै अन्तिम विकल्प हुन सक्छ
50,hamro desh ko neta bhanauda haru india ko ishara chalira xan yati ko challenge india lai dina sakeko vaye aaile nepal lai herne najar nai arkai hunthiyo tara aile indiale bhikari ko rup ma herxa chaina le desh nai gandaina,हाम्रो देशको नेता भनाउँदा हरू भारतको इशारा चलिरा छन् यति को च्यालेन्ज भारतलाई दिन सकेको भए अहिले नेपाललाई हेर्ने नजर नै अर्कै हुन्थ्यो तर अहिले भारतले भिखारीको रूपमा हेर्दैन ले देश नै गन्दैन
51,nepali le nabujheko hun,नेपाली ले नबुझेको हुन
52,raja mahendra le garey ailey tinlai nai sabaivanda gaali parxah,राजा महेन्द्र ले गरे अहिले तिनलाई नै सबैभन्दा गाली पार्छ
53,gyanendra le nie garni kosis gareko hun,ज्ञानेन्द्र ले निए गर्नि कोसिस गरेको हुन
54,nepal maa political party background le kehi garna sakdaina india china influence le garda,नेपाल मा राजनीतिक पार्टी ब्याकग्राउन्ड ले केहि गर्न सक्दैन भारत चीन इन्फ्लुएन्स ले गर्दा
55,ki tah feri raja batai sambav hola jasto lagxah,कि त फेरि राजा बाटै सम्भव होला जस्तो लाग्छ
56,natra mukh mithaudai basam na,नत्र मुख मिठाउदै बसाम न
57,ehh bhai k bolirako police le dui din jail halda daman garyo bhanne tme nai hainau ra aba dictatorship chaincha samma bhanna lageu laajko pasaro,एeh भाई के बोलिराको पुलिस ले दुई दिन जेल हाल्दा दमण गर्यो भन्ने तिमी नै होइनौ र अब डिक्टेटरशिप छ भन्ने लाग्यो लाजको पासो
58,said adi ma to thauma vako vaya yastaii garthey jaha kei nagarer ramro vision and intelligent vaya pugxa,सायद अडि मा त तहाँमा भएको यस्तै गरिरहेका जहाँ केही नगरेर राम्रो भिजन एण्ड इंटेलिजेन्ट भएको पुग्छ
59,paila ta tyo 3 ota marna nasakya buda haru lai nikalna parxa desh bata,पहिलो त त्यो ३ ota मार्न नसक्ने बुढा हरु लाई निकाल्न पर्छ देश बाट
60,bro nepal ko underground vako content ma banau vedio aja bholi jhau lagxa tmro vedio herda  initial period tira ko jasto xaina tmro joas,ब्रो नेपाल को अन्डरग्राउन्ड भएको कन्टेन्ट मा बनाउ भिडियो आज भोली जानु लाग्छ तिम्रो भिडियो हेर्दा इनिसियल पीरियड तिरको जस्तो छैन तिम्रो जोस
61,nepal ma tsto manxe ko birth nai vayeko xaina lagxa ajhai 3040 years paxi janamanxa pure nepali,नेपालमा तस्तो मान्छेको बर्थ नै भएको छैन लाग्छ अझै ३०४० वर्षपछि जन्मान्छ प्यूरे नेपाली
62,nepal ko janta haru veda vaye samma kahi hunne wala xaina,नेपालको जनता हरू वेडा भएसम्म कहीं हुने वाला छैन
63,kp chor deuba prachanda lagayat arunlai ni sekau ra aafno desh aafai banam,केपी चोर देउबा प्रचण्ड लगायत अरुलाई नि सिकाउ र आफ्नो देश आफैं बनाम
64,balen saha president hunu parxa ani nepal pani yeataii hunxa,बलेन साहा राष्ट्रपति हुनु पर्छ अनि नेपाल पनि यतै हुन्छ
65,balen harka gopi hamal lay aauta aauta sarkar samhalnu parcha ani bancha desh,बलेन हर्का गोपी हमाललाई एउटा एउटा सरकार सम्हाल्नु पर्छ अनि बन्छ देश
66,indian ley pani modi lai manparauxanta,इन्डियनले पनि मोदीलाई मनपराउँछन्
67,last ma chahi ali maja aayana,लास्टमा चाही अलि मजा आयो
68,sagar dhakal ji ko ni photo hunu parne,सागर ढकाल जीको नि फोटो हुनु पर्ने
69,sab gu khane haru xan hamro ta,सब गु खाने हरू छन् हाम्रो त
70,sab chikne khate neta haru lai bakhra xinale jhai lyam lyam kole madina parne,सब चिख्ने खाँटे नेता हरूलाई बख्रा जस्तै ल्याम ल्याम कोले मदिना पर्ने
71,sab neta le balen jasto garnu paryo ni tara hijada rw xakka harulai deshchalauna deshi nepal ko halat jhan loddar xa,सब नेताले बलेन जस्तो गर्नु पर्यो नि तर हिजडा र्‍याक्का हरुलाई देशचलाउन देशी नेपाल को हालत झन् लोड्डर छ
72,nepal ma basera 10 barsa ma bachelors katauna madat garne college haru ma na pada hai bacha bachi ho trap nai ho yedi tme harulai loss garnu chaa it vanera print garna sikauxan zindagi napada yo college haru in depth le nih fasauna khojeko sabai ko 10 15 barsa lagos bachlors garna vaneko jasto ad,नेपालमा बसेर १० वर्षमा बाचलर्स काट्न मदत गर्ने कलेजहरुमा न पढा है बच्चा बच्ची हो ट्र्याप नै हो यदि तिमी हरुलाई लस्स गर्न चा इट भनेर प्रिन्ट गर्न सिकाउँछन् जिन्दगी नपढा यो कलेजहरु इन डेप्थ ले निह फसाउन खोजेको सबैको १० १५ वर्ष लागोस बाचलर्स गर्न भनिएको जस्तो एड
73,traore hos ki obama nai hos nepal ma  ittini kei farak pardaina bro  neta matra kharab haina  saala sab ek ek janta hami tori xau chunaab bela vote mama kaka lai ni dine ho  2084 ma dekhihalxa  tei kuiyeko aalu prachanda oli deuba ma euta koi pm hunxa,ट्राओरे होस् कि ओबामा नै होस् नेपालमा इत्तिनी केहि फरक पर्दैन ब्रो नेता मात्र खराब छैन साला सब एक एक जनता हामी तोरी छौं चुनाव बेला भोट मामा काका लाई नि दिने हो २०८४ मा देखिहाल्छ तेइ कुइएको आलु प्रचण्ड ओली देउबा मा एउटै कोइ पीएम हुन्छ
74,nepali sena nai sabai vanda thulo vrastachari xan ani kaa bata kuu garxan nepali sena ley tstai ho nepali haru ta sabai milera batera khaam chill garam vanni xa,नेपाली सेना नै सबै भन्दा ठूलो भ्रष्टाचारी छन् अनि काहा बाट क्यू गर्छन् नेपाली सेनाले तस्तै हो नेपालीहरु त सबै मिलेर बटेरा खाम चिल गरम भन्नु छ
75,abo balen shah le prime minister bannu parcha,अब बलेन शाह ले प्राइम मिनिस्टर बन्नु पर्छ
76,npl ma khi hundain chor harule chalako des ma,एनपीएल मा खि हुँदैन चोरहरुले चलाएको देशमा
77,hami pani pm balen vaiye paxi aauxam,हामी पनि पीएम बलेन भए पछि आउँछौं
78,nepali haru ko psychology pani khattam xa,नेपालीहरु को मनोविज्ञान पनि खत्तम छ
79,ramro kaam garda chimeki manxe le tah khutta tanxa vane desh bikash ma lagna khojda ka milxa ra,राम्रो काम गर्दा चिमेकी मान्छे ले त खुट्टा तान्छ भने देश विकासमा लाग्न खोज्दा का मिल्छ र
80,nepali nai ramra xainan janata nai khattam hun,नेपाली नै राम्रो छैनन् जनता नै खत्तम छन्
81,sahii ho…84 ma dekhaidinu parxa yo dui jibrey 3 taukey harulaii,सही हो…८४ मा देखाइदिनु पर्छ यो दुई जिब्रे ३ टाउकेहरूलाई
82,nepal army le ab dhilo nagari take over garnu porxa,नेपाल आर्मी ले अब ढिलो नगरी टेक ओभर गर्नु पर्छ
83,balena huna sakxa nepal ko leader ship garna sakne,बल्ना हुन सक्छ नेपाल को लीडरशिप गर्न सक्ने
84,nyayalaya nai bikri hune desh ma garo cha bikash huna,न्यायालय नै बिक्री हुने देश मा गारो छ विकास हुन
85,aba nepal ko pani buda muji haru lai nikali ramro pradan mantri liyaunu parthaxa,अब नेपाल को पनि बुढा मुजीहरूलाई निकालि राम्रो प्रधान मन्त्री ल्याउनु पर्छ
86,kirte prasad oli xa ta jhole haru ko lagi number 1 pm ra neta nepal ko lagi,कीर्ते प्रसाद ओली छ त झोलेहरू को लागि नम्बर १ पीएम र नेता नेपाल को लागि
87,everythink views ko lagi jepni banidine,एभ्रिथिङ्ग भ्यूज को लागि जेपनि बनिदिने
88,ma nepal mai basera kaam garne soch xa ma bidesh janna chahanna,म नेपाल मा बसेर काम गर्ने सोच छ म विदेश जान्न चाहन्न
89,nepal ma 2 pachi ke career options xa,नेपाल मा २ पछि के करियर अप्सनहरू छन्
90,ke ke job garna sakinxa,के के जागिर गर्न सकिन्छ
91,2 padheko kun job garne kasari garne kaam kasari khojne kaam kasari pauna sakincha,२ पढेको कुन जोब गर्ने कसरी गर्ने काम कसरी खोज्ने काम कसरी पाउन सकिन्छ
92,422 1883 ho ki 1983 ek choti ramrari sunau ta,४२२ १८८३ हो कि १९८३ एक चोटी राम्ररी सुनाउ त
93,nepal ma ni kuu hunuu parxa,नेपालमा नि कू हुनु पर्छ
94,422 1883 ho ki 1983 ek choti ramrari sunau ta,४२२ १८८३ हो कि १९८३ एक चोटी राम्ररी सुनाउ त
95,84 ma kangres lai jitaunai parcha shere le ho desh ma paribartan lyaune,८४ मा कांग्रेसलाई जिताउनै पर्छ शेरले हो देशमा परिवर्तन ल्याउने
96,nepallai ibrahim traore jasto leader ta chahiyeko cha tara nepali janata burkina faso ko janata jasto chan ta ramro kaam garne leader lai support garna saknu parcha pahila,नेपाललाई इब्राहीम ट्राओरे जस्तो लिडर त चाहिएको छ तर नेपाली जनता बुरकिना फासोको जनता जस्तो छन् त राम्रो काम गर्ने लिडरलाई सपोर्ट गर्न सक्नु पर्छ पहिले
97,hamro desh kaa youth haru 2 chhak masu bhat ra 2 ltr fule maa bikxan desh kasle banaune sachhi hamro desh kaa youth lai aafno rastra ko maya lagdain jun neta le years dekhi desh luti rako xa uskai paxi paxi kina lagxan hola,हाम्रो देशका युवा हरु २ चक्क मासु भात र २ लिटर फुलेमा बिक्सन देश कसले बनाउने साँचो हाम्रो देशका युवा लाई आफ्नो राष्ट्रको माया लाग्दैन जुन नेता ले वर्ष देखि देश लुटी राखेको छ उसको पछि पछि किन लाग्छन होला
98,muji patrukar 12 bhai muji murra muji,मुजी पत्रुकार १२ भाई मुजी मुर्रा मुजी
99,hami geographically both superpowerko najik xau hamro harek kadam usa europe dekhi savko najarma parcha uniharu antichimese banauna billion kharcha garna sakchan hami dharma caste party naheri akjut baye matra sambab cha natra hamro desh bachdena hami nikai kaamjor abastama xau aauta paela matra chipliyo bane nepal banni desh nai yo prithiviko naksama hudaina,हामी जियोग्राफिकली दुबै सुपरपावरको नजिक छौं हाम्रो हरेक कदम अमेरिका युरोप देखि सबैको नजरमा पर्छ उनीहरु अन्तिचिनिज बनाउन बिलियन खर्च गर्न सक्छन् हामी धर्म जात पार्टी नहेरी एकजुट भए मात्र सम्भव छ नत्र हाम्रो देश बच्दैन हामी निकै कमजोर अवस्थामा छौं एउटा पेला मात्र चिप्लियो बने नेपाल बन्ने देश नै यो पृथिविको नक्सामा हुँदैन
100,ibrahim taore nai aayo vane pani timiharu le chinnu paryo ni halla ko paxi daudeko xa hiro lai vilen banuxau vilen lai hero banauxau satya fact vanda pani k bolda k dekhauda views badhi aauxa vanera kudxau ibrahim taore nai aaye pani timiharu le khedera dui din ma vilen banauxau aru veda haru ho ho vandai paxi paxi kudihalxau,इब्राहीम ट्राओरे नै आयो भने पनि तिमिहरुले छिन्नु पर्छ नि हल्लाको पछि दौडेको छ हिरो लाई विलेन बनाउनुहोस् विलेन लाई हिरो बनाउनुहोस् सत्य तथ्य भन्दा पनि के बोल्दा के देखाउँदा भ्यूज बढी आउँछ भनेर कुद्नु इब्राहीम ट्राओरे नै आए पनि तिमिहरुले हेरेर दुई दिनमा विलेन बनाउनुहोस् अरु वेडा हरु हो हो भन्दै पछि पछि कुदिहाल्छौं
102,aba sonch badlim e budo goru palera kaam 6aiena 35barsavo eni haruko kaamtesaile e thulo chor party ko thulo chor neta lai bahiskar garam,अब सोच बदलिमे बुढो गोरु पालेर काम छैन ३५ बर्षको एनिहरुको कामतसैले एक थुलो चोर पार्टीको थुलो चोर नेता लाई बहिष्कार गरम
103,nepal ko ibrahim traore bhaneko balen rabi harka rw gopi hun,नेपालको इब्राहीम ट्राओरे भनिएको बलेन रवी हर्का र गोपी हुन
104,nepal banna paila nepali ko baani sudharna parxa,नेपाल बन्ना पहिलो नेपालीको बानी सुधार्न पर्छ
105,balla nepal banxa natra yesta bheda haru vainjel banna testai ho,बल्ल नेपाल बन्छ नत्र यस्ता भेडा हरु वाइनजेल बन्न तेसै हो
106,nepal ma pani samvab xa tara yo chor radi ko ban haru lai desh nikala ki marnai parxa radi ko xora haru lai,नेपालमा पनि सम्भव छ तर यो चोर राडीको बन हरु लाई देश निकाला कि मर्नै पर्छ राडीको छोरा हरु लाई
107,yadi balan pm vayo r president dakhi sab self niwachit vayo van ma aafi gaaar tesko ghar aagadi bhui mai ratvari sutxu,यदि बलान पीएम भयो र राष्ट्रपति देखि सबै सेल्फ निर्वाचित भयो भने म आफै गार तेसको घर अगाडि भुईमा रातवारी सुत्छु
108,nepal ma yesto neta arko universe ma pauxa,नेपालमा यस्तो नेता अर्को युनिभर्समा पाउँछ
109,muji chor baun ly nepal banauna xadaina nepal banauni yo desh ko mula basi dalit rw janajati ly ho,मुझी चोर बाउँ लय नेपाल बनाउन सक्दैन नेपाल बनाउन यो देशको मूल बासी दलित र जनजाति लय हो
110,nepal ma yesto neta aauna garo xa,नेपालमा यस्तो नेता आउन गाह्रो छ
111,balen aye huni yestai garera,बलेन आए हुने यस्तै गरेर
112,nepal ma netritwo garna janne khasma bhannu parda koi nai chhaina,नेपालमा नेतृत्व गर्न जान्ने खासमा भन्नु पर्दा कोही छैन
113,nepal islam ko hunxa taspaxi  timi haru buddhist  hindu christian lai bhagaya si balla desh sudirn xa  allah hu akhbar  jihad huna parxa nepal ma bangladesh ma hindu ko bhaya jai,"नेपाल इस्लामको हुन्छ त्यसपछि तिमीहरू बौद्ध, हिन्दू, क्रिश्चियनलाई भगाया सि बल्ल देश सुधार्न छ अल्लाह हु अकबर, जिहाद हुनुपर्छ नेपालमा बंगलादेशमा हिन्दूको भया जय"
114,balen dai aauxan desh ko purai muhar ferdinxan,बलेन दाई आउँछन् देशको पुरै मुहार फेरिदिन्छन्
115,nepal ma desh parti prem garne neta paunai garo vayo dherai jaso aafno pet bharna mai byasta xan,नेपालमा देश पार्टी प्रेम गर्ने नेता पाउनै गाह्रो भयो धेरै जसो आफनो पेट भरनामा व्यस्त छन्
116,ek choti harka sampang lai support garnu parxa jasto lagxa malai,एक चोटी हर्का सम्पाङलाई सपोर्ट गर्नु पर्छ जस्तो लाग्छ मलाई
117,nepali janta nai murkha xa,नेपाली जनता नै मुर्ख छन्
118,hamro nepal r india burkina faso r france,"हाम्रो नेपाल र भारत, बुरकिना फासो र फ्रान्स"
119,daya baya kehi naheri nepal ra nepali ko lagi faida hune niti niyam ra nirnaya lyauna nadaraune ra jasata sukai bhrastachari lai karbahi garne euta baliyo leader ko khacho cha nepal ma,दया बाया केही नहेरी नेपाल र नेपालीको लागि फाइदा हुने नीति नियम र निर्णय ल्याउन नडराउने र जसताका कुनै पनि भ्रष्टाचारीलाई कारबाही गर्ने एउटा बलियो लिडरको खाँचो छ नेपालमा
120,vibes chai dhubar hatya kanda ley kasari dincha hou timi ni paisa khancau kasai kasai co,वाइब्स छाइ धुबर हत्या काण्डले कसरी दिन्छ हौ तिमी नि पैसा खाँदैछौ कसै कसैको
121,andha rastra bhakta junge pani yo nepal aamale janmakai hoaba arko 21 satabdi lai suhauni junge chaiyexa joasko man ma desh ra deshprati jyu jyaan dina ra lina 1 second pani nosochos jaya janmabhumi pyaaro nepal,अन्धा राष्ट्र भक्त जुङ्गे पनि यो नेपाल आमाले जन्मकै होबा अर्को २१ सताब्दीलाई सुहाउँदो जुङ्गे चाहिन्छ जसको मनमा देश र देशप्रति ज्यू ज्यान दिन र लिन १ सेकेन्ड पनि नसोचोस जय जन्मभूमि प्यारा नेपाल
122,kayar sena vako desh nepal ma yasta leader kaha bata paunu hamle pauni vaneko varastachari,कायर सेना भएको देश नेपालमा यस्ता लिडर कहाँबाट पाउनु हामीले पाउनु भनेर वरस्ताचारी
123,hamro mata army chief leader haru neta haruko puchxar xa ani,हाम्रो मता आर्मी चिफ लिडरहरू नेता हरुको पुछ्छर छ अनि
124,nepal army ma pani sankara haru jan midae xan,नेपाल आर्मीमा पनि संकराहरू जन मिडाइ छन्
125,abako bhabisya harka sampang bahek aruko aasha bharosa xainasatya tito hunxa lekhera rakhnus he pyara janata haru ho,अबको भविष्य हर्का सम्पाङ बाहेक अरुको आशा भरोसा छैनसत्य तीतो हुन्छ लेखेर राख्नुहोस् हे प्यारा जनता हरू हो
126,pussy muji haru yettikai ta nepal woke bhaira cha tesmathi ajhai woke manchay chaiyo vanera video banaucha pussy,pussy मुजीहरू यत्तिकै त नेपाल woke भैरै छ त्यसमा अझै woke मान्छे चाहियो भनेर भिडियो बनाउछ pussy
127,har chiz maa baleen ko photo halerewviews batuli raa xaauu haain,हर चिजमा बलिनको फोटो हालेर रिभ्यूज बटुली रा छाउ हैन
128,thumbnails ma balen ko photo thiyo oli aisakexa,थम्बनेल्समा बलिनको फोटो थियो ओली आइसकेको
129,hawa hijo ki kahile rajako charcha gardai thiyo ta,हावा हिजो कि कहिले राजाको चर्चा गर्दै थियो त
130,yo radiko ban haru lai ek ek gari marnu prxa muji haru lai ekek gari khukuri hanna parxa suru ko oli batw,यो रडिको बनहरूलाई एक एक गरी मार्नु पर्छ मुजीहरूलाई एकेक गरी खुकुरी हान्नुपर्छ सुरुको ओलीबाट
131,views ko lagi j contentjaslai tanna thale yo bro le  bachna deu uslai,भ्यूजको लागि जे कन्टेन्ट जसलाई तन्ना थाल्यो यो ब्रोले बच्न देऊ उसलाई
132,napis mula rajpariwar mrnelai vetais aba yo ni ptaa lgayo tori media,नपिस मुला राजपरिवार मर्नेलाई वेताइस अब यो नि पत्ता लागेको तोरी मिडिया
133,paras ko satto dekhauna khojeko janta lai aru kei haina,तिमी हरु पनि भाग्य नेउपाने जस्तै वाइस होईन
134,tmi haru pani bhagya neupane jastai vais hoina,केपी बाले बच्चा भन्देको ट्रिगर भएको जस्तो छ
135,kp ba le bacha vandeko trigger vayo jasto xa,त मुझी भनिएको झोले होस् त ठूलो कुरा गरिस
136,ta muji bhaneko jholey hos ta thulo kura garis,गिरिजा मुझी खते देश बेचुवा
137,girija muji khate desh bechuwa,सोच्नुस् त के राजा ले नेपाल एकीकरण नगरेको भए तपाई नेपाली हुन पाउनुहुन्थ्यो
138,shochnush ta ke raja le nepal akikaran nagareko bhaye tapai nepali huna paunuhunthyo,425 हवा कुरा 62 63 आन्दोलन क को लागि तेही राजा नहातेर गर्या छैन कति मरेको क सजिलो थियो र म कुनै पार्टीको छैन तर जो आएनी आउ देश बनाउ राजा गणतन्त्र सब देखि सके मान्छे गतिलो हुनु पर्छ र हेक्स बस इमान्दारको कमी छ नेपालमा
139,425 hawa kura 62 63 andolan k ko lagi tehi raja nahatera garya haina kati maryo k sajilo thiyo ra ma kunai partyko haina tara jo aayeni aau desh banau raja gadatantra sab dekhi sake manxe gatilo hunu parxa rahex bas emandarko kami xa nepalma,सबै मिलेर जनता लाई चुतिया बनाएको हो
140,sabai milera janta lai chutiya banako ho,राइज अफ आईडीएस पनि आउनु पर्छ अब सधैँ हेइरहन्छु म यो च्यानल खोल्नुको ब्याकस्टोरी आउनु पर्छ
142,yo muji indepth ajkal yemale jastyo lagirxa,यो मुजी इन्डेप्थ आजकल येमाले जस्त्यो लागिरxa
143,ani dherai youtube channel ra media haru ni ekdam biased chha aajkal satya k ho vanda ni k ma views aaucha ma badi focus huncha kp oli lai criticise garda likes aaucha tei rabi lai criticise garda dislike  j bikchha tei bechdaichhan,अनि धेरै युट्यूब च्यानल र मिडिया हरु नि एकदम बायस्ड छ आजकल सत्य के हो भन्दा नि के म भ्यूज आउँछ म बढी फोकस हुन्छ केपी ओलीलाई क्रिटिसाइज गर्दा लाइक्स आउँछ तेही रवीलाई क्रिटिसाइज गर्दा डिस्लाइक ज बिक्छ तेही बेच्दैछन्
144,muji haruu desh ko halat her radika ban haruuu her mujii khatey hoo ajaii kati girni ho radika xora haruu kati girxas aajaiii,मुजी हरु देशको हालत हेर्न राधिका बन हरु हेर्न मुजी खाँदें हो आजै कति गिरनी हो राधिका छोरा हरु कति गिर्छन् आजै
145,pahile loote ko paisa sakio hola fari lootna aao na lako hola raja lay,पहिले लुटेको पैसा सकियो होला फेरी लुट्न आउन न लाको होला राजा ले
146,hamlaai balen sagga aash xa kina ki gaumaa rmauni belaa bidesh aaunu parexa 17 barsa ma kamaaunu parepo tha hunxa,हामीलाई बलेन सँग अाश छ किनकि गाउँमा रमाउने बेला विदेश आउनु पर्छ १७ वर्षमा कमाउनुपर्छ थाहा हुन्छ
147,eutaa video hererw raja chaiyo vanni tw baulaa ho,एउटा भिडियो हेरेर राजा चाहियो भन्नी त बाउला हो
148,paxi herumla ni 15 2 years paxi,पछि हेरौंला नि १५ २ वर्ष पछि
149,yeuta vlog haldaima k kannai purai nepali janata ko brain wash nai gare jasto thait,एउटा व्लग हाल्दैमा के कन्नै पुरै नेपाली जनता को ब्रेन वाश नै गरे जस्तो थैट
150,yesko bau chai raja hunu hunna,यसको बाउ चैं राजा हुनु हुँदैन
151,nepal islam ko matra ho timi haru hindu buddhist ko hal bangladesh ma bhako hindu jai hunxa allah hu akabar jihad hunxa nepal ma 10  xam,नेपाल इस्लाम को मात्र हो तिमी हरु हिन्दू बौद्धिस्ट को हल बंगलादेश मा भएको हिन्दू जाई हुन्छ अल्लाह हु अकबर जिहाद हुन्छ नेपाल मा १० xम
152,hami mangol harulai chai nepali naganey baru hamro sindhupalchock sabai china lai deu,हामी मङ्गोल हरुलाई चैं नेपाली नगर्ने बरु हाम्रो सिन्धुपाल्चोक सबै चिनालाई देऊ
153,ab th election hune gaaro youths le garda bangladesh jasto drishya hunxa nepal ma,अब थ चुनाव हुने गारो युवाहरूले गर्दा बंगलादेश जस्तो दृश्य हुन्छ नेपालमा
154,nepal banaune janta ko xora le ho  raja ko xauro le haina,नेपाल बनाउने जनता को छोरा ले हो राजा को छोरा ले होइन
155,yo muji youtubay randi ko baan,यो मुजी युट्यूब रंडी को बान
156,kala tirai gaye jasto dekhincha you joking,कला तिरै गए जस्तो देखिन्छ यु जोकिङ
157,nepali ko brainwash garnalai janmeko naya baburam bhattari hou raja pratiko timro harek video silently negativity hunxa,नेपाली को ब्रेनवाश गर्नलाई जन्मेको नयाँ बाबुराम भट्टराई हो राजा प्रतिको तिम्रो हरेक भिडियो साइलेंट्ली नेगेटिभिटी हुन्छ
158,dai hjr malai dherai mon porxa  tara hjr ley yesto sabda haru chi prayog na garnu hjr lai ne na ramro vanxan manxe ley ani hjr na ramro bolnu dinu,दाई हजुर मलाई धेरै मन पर्छ तर हजुरले यस्तो शब्द हरु चैं प्रयोग न गर्नु हजुरलाई ने न राम्रो भन्छन मान्छे ले अनि हजुर न राम्रो बोल्नु दिनु
159,views ko lagi kati samma gireko,भ्यूज को लागि कति सम्म गिरेको
160,malai lagcha raja birendra ko punarjanma bhayeko ho herda testai dekhincha rajkumar hridayendra shalin swabhav ko,मलाई लाग्छ राजा बिरेंद्र को पुनर्जन्म भएको हो हेर्दा टेस्टै देखिन्छ राजकुमार हृदयेन्द्र शालिन स्वभाव को
161,raja audai  allah hu akbar nepal islam ko matra ho jihand hunxa,राजा आउँदै अल्लाहु अकबर नेपाल इस्लाम को मात्र हो जिहाद हुन्छ
162,yiutuber banne ramro laxan raixa babuko,युट्यूबर बन्ने राम्रो लक्षण राइxa बाबुको
163,hridrandra king ani rabi pm balen home minster harka sampang defence minster waaa kyaa banxa hola hamro desh,हृदन्द्र किङ अनि रवी पीएम बलेन होम मिनिस्टर हर्का सम्पाङ्ग डिफेन्स मिनिस्टर वाऽ क्याँ बनxa होला हाम्रो देश
164,1000 chor neta ra unka jholey haru palnu bhanda euta raja nai thikcha,१००० चोर नेता र उनका झोलेहरू पाल्नु भन्दा एउटा राजा नै ठीकछ
165,hriyandra shah ko aakhaa maa hernuss,हृयन्द्र शाहको आँखामा हेर्नुस्
166,jhyakne ailey ko chutiya party rah neta ko gulam  jholey huna vanda,झ्याक्ने अहिलेको चुतिया पार्टी र नेता को गुलाम झोले हुनु भन्दा
167,yee jhyakne haru desh bechda samma sabai chup hunxan,यी झ्याक्नेहरू देश बेच्दा सम्म सबै चुप हुन्छन्
168,rajpariwar le euta vlog garauda chai cooking,राजपरिवारले एउटा व्लग गराउँदा चैं कुकिङ
169,randi khatey ridayandra randi pr stunt ho muji pakheyy harulai k tha pr stunt k tha jpt video nahal randi khatey,रंडी खाटे रिदयन्द्र रंडी प्र स्टन्ट हो मुजी पक्खेहरूलाई के थाहा प्र स्टन्ट के थाहा जिपिटी भिडियो नहाल रंडी खाटे
170,auta vlog lai kati judgement garera hola,एउटा व्लगलाई कति जजमेन्ट गरेर होला
171,tero geda ko cooking aafno life baachiraah xa baachna dey usko tarikaa le raja ko naati bhandai maa sab kura tero anusaar garnu parxa bhanne xaina sala privacy ko naam maa ta kei naxodne bhaye iniharu youtuber le,तेरो गेडा को कुकिङ आफ्नो लाइफ बचिराह छ बच्न दे उसको तरिकाले राजा को नाती भन्दैमा सब कुरा तेरो अनुसार गर्नुपर्छ भन्ने छैन साला प्राइवेसी को नाममा त केहि नछोड्ने भए इनीहरू युट्यूबरले
172,eklot bro talie vete vaney,एक्लोट ब्रो तलिए वेटे भने
173,ek thappad hanxu sala fata,एक थप्पड हान्छु साला फाटा
174,yaso ramailoni garna napaune kasto country ho yo nepal,यसो रमाइलोनी गर्न नपाउने कस्तो country हो यो नेपाल
175,yini haru nai vdo yesto trasit hune gri banau6n feri uslai ni mar6 chor harule,यीनीहरू नै vdo यस्तो ट्रासिट हुने ग्री बनाउँन फेरि उसलाई नि मार्छ चोरहरूले
176,aafno desh ghumda ni rajnitik stunt vanxan swaath haru cheruwa jimu haru,आफ्नो देश घुम्दा नि राजनीतिक stunt भन्छन् स्वाथ हरु चेरुवा जिमुहरू
177,chor le aru lai chor nai dekhxa bichara ghumna gayo vlog banayo tyo aile sabai le garirahekai ho kyare tara usko vlog cinematography level khatra xa cheparo toli lai tauko dukhai vayexa hait,चोरले अरूलाई चोर नै देख्छ बिचारा घुम्न गयो vlog बनायो त्यो अहिले सबैले गरिरहेकै हो क्यारे तर उसको vlog cinematography लेवल खतरामा छेँपारो टोलीलाई टाउको दुखाइ भएको छ
178,835 ditcion alli pugena daju,835 डिक्शन अल्ली पुगेन दाजु
179,aru kura tyestai ho  chaleko youtuber haru le manupulative video banayera aauni cunab ma buda pakha lai lakhetna tini haru ko party lai vote nadinay banauna saknay video banauna suru garna paryo  manche haru lai aware garnay jimewari timi haru ko pani huncha  viral trend content samayera matra haina manche haru aware garnay video haru ni banauna paryo,अरू कुरा त्यस्तै हो  चलिरहेको युट्यूबरहरूले म्यानुपुलेटिभ भिडियो बनाइरहेका छन् चुनाबमा बुढा पक्षलाई लेख्न तिनीहरूको पार्टीलाई वोट नदिन बनाउने भिडियो बनाउन सुरु गर्नुपर्यो  मान्छेहरूलाई aware गर्न जिम्मेवारी तिमीहरूको पनि हुन्छ  भाइरल ट्रेन्ड कन्टेन्ट समयेर मात्र होइन मान्छेहरू aware गर्ने भिडियोहरू पनि बनाउनुपर्यो
180,janta bheda bhaye paxi kehi lagdaina sansar ko sabai bhanda ramro sasan bewastha nai democracy ho yadi hami lai monarchy nai chahiye ko thiyo bhane hami le k khana jana aandolan garera democracy layeu democracy ko bhanda ramro kunai bikalpa xaina ganatantra narmaro hoina ganatantra ma bhaka manxe naramra hun nepali janta bheda hun chunab ko agadi masu bhat ma bikne ani chunab paxi yeso bhayena uso bhayena  yo manxe thik xaina tyo manxe thik xaina bhanne,जनता भेद भए पछि केही लाग्दैन संसारको सबैभन्दा राम्रो सासन व्यवस्था नै democracy हो यदि हामीलाई monarchy नै चाहिएको थियो भने हामीले के खान जान आन्दोलन गरेर democracy ल्यायौं democracy को भन्दा राम्रो कुनै विकल्प छैन गणतन्त्र नराम्रो होina गणतन्त्रमा भाका मान्छे नराम्रो हुन नेपाली जनता भेद हुन चुनाबको अगाडि मासु भातमा बिक्ने अनि चुनाब पछि यस्तो भएन उसो भएन  यो मान्छे ठीक छैन त्यो मान्छे ठीक छैन भन्ने
181,sakshyam lai rojne ho bhane hamro desh nikkai agadi badhxa,सक्षमलाई रोझ्ने हो भने हाम्रो देश निक्कै अगाडि बढ्छ
182,aba kohi andha manxe bhanxan raja bhako desh ma kati bikas xa belayat saudi ko example dinxan tya pani parliament xa belayat ma ta ganatantrai xa saudi ma pani parliament ko sallaha ma raja le sasan garxa la yedi raja huda matra bikas hunxa bhane nepal ma raja huda aru desh haru kasta thiye nepal ma raja ko bela tira 2000 tira america ma google apple jasta company thiye america highest gdp wala country thiyo tehi bela nepal ra america pani hangama thiyo tehi bela nepal maoist movement thiyo america ma tehi bela 911 bhako tara pani america kasto thiyo nepal kasto thiyo,अब कोही अन्धा मान्छे भन्छन् राजा भएको देशमा कति विकास छ बेलायत साउदीको उदाहरण दिन्छन् त्यहाँ पनि संसद छ बेलायतमा त गणतन्त्रै छ साउदीमा पनि संसदको सल्लाहमा राजा ले शासन गर्छा ल यदि राजा हुँदा मात्र विकास हुन्छ भने नेपालमा राजा हुँदा अरु देशहरु कस्ता थिए नेपालमा राजा को बेला तिर २००० तिर अमेरिका मा गुगल एप्पल जस्ता कम्पनी थिए अमेरिका उच्चतम जीडीपी वाला देश थियो त्यही बेला नेपाल र अमेरिका पनि हंगामा थियो त्यही बेला नेपाल माओवादी आन्दोलन थियो अमेरिका मा त्यही बेला ९११ भएको तर पनि अमेरिका कस्तो थियो नेपाल कस्तो थियो
183,no usle geet gaunu vaneko hoin unle ma geet gauxu vaneki xin yeslai geet sangit prtiko maya bhanna mildain ki hridenra sah lai 607,नो उसले गीत गाउनु भनेको होइन उनले म गीत गाउँछु भनेकी छिन् यसलाई गीत संगीत प्रति को माया भन्ना मिल्दैन कि हृदेन्र साहलाई ६०७
184,headline ramro lekh bhai yetro ko cooking ek vlog le sara nepal halliyo hoina… cooking,हेडलाइन राम्रो लेख भइ यत्रो को कुकिङ एक व्लग ले सारा नेपाल हालियो होइन… कुकिङ
185,afai bidesh dherai nepali palayan bhayo bhanera video banau ne ani consultancy ko advertise garne lagdaina talai,आफै विदेश धेरै नेपाली पलायन भयो भनेर भिडियो बनाउ ने अनि कन्सल्टेन्सीको विज्ञापन गर्ने लाग्दैन तलाई
186,afai bidesh dherai nepali palayan bhayo bhanera video banau ne ani consultancy ko advertise garne lagdaina talai,आफै विदेश धेरै नेपाली पलायन भयो भनेर भिडियो बनाउ ने अनि कन्सल्टेन्सीको विज्ञापन गर्ने लाग्दैन तलाई
187,afai bidesh dherai nepali palayan bhayo bhanera video banau ne ani consultancy ko advertise garne lagdaina talai,आफै विदेश धेरै नेपाली पलायन भयो भनेर भिडियो बनाउ ने अनि कन्सल्टेन्सीको विज्ञापन गर्ने लाग्दैन तलाई
188,afai bidesh dherai nepali palayan bhayo bhanera video banau ne ani consultancy ko advertise garne lagdaina talai,आफै विदेश धेरै नेपाली पलायन भयो भनेर भिडियो बनाउ ने अनि कन्सल्टेन्सीको विज्ञापन गर्ने लाग्दैन तलाई
189,aajw chai tapai ley k vannu khojnu vayo mailey bujina,आज चैं तपाई ले के भन्नु खोज्नु भयो मैले बुझिन
190,omg last clip le goosebump ayo,ओमजि लास्ट क्लिप ले गूजबम्प आयो
191,ids ble ali galat tarikale video banaunu vyo,आइडीएस ब्ले अलि गलत तरिकाले भिडियो बनाउनु भयो
192,j ho jasto xa tehi prastuti vako hun hyadendra testo banna khoje garn khoje hoin yaad rahos,ज हो जस्तो छ तेही प्रस्तुति भएको हुन ह्यादेन्द्र तेस्रो बन्न खोजे गरन खोजे होइन याद रहोस
193,usle hagda ni youtube ma 10 ota vedio aauxa bachna deu na solti lai,उसले हग्दा नि युट्यूबमा १० वटा भिडियो आउँछ बच्न देऊ न सोल्टीलाई
194,nepal is cooked by kp sharma oli,नेपाल इज कुक्ड बाइ केपी शर्मा ओली
195,cmt ma 80 mujiharuta rajabadi xan khulit hunxa yo deshko,सीएमटीमा ८० मुजिहारुता राजाबादी छन् खुलित हुन्छ यो देशको
196,chup japai analaysis garchas,चुप जापै एनालाइसिस गर्छस
197,yeslai chai kasari thaha bhayo pretend gareko bhanera,यसलाई चैं कसरी थाहा भयो प्रेटेन्ड गरेको भनेर
198,dherai jaso nepali jhole chan baki andho puchar nasabaj gundagardi bidesi agents aadho haru na tinlai nepal k ho saskar sakti k ho bidesi ko chal k ho neta party le k gari ra cha hijo k bhantyo k gari ra cha tesko hisab tha chaina hamilai kata lagdai cha tha chaina ani kai teslai gali garyo kaile uslai aafu sachet hune kaile tha chaina ani k hunu,धेरै जसो नेपाली झोले छन् बाँकी अन्धो पुछार नसबाज गुन्डागर्दी बिदेशी एजेन्ट्स आधोहरू न तिनलाई नेपाल के हो सस्कर शक्ति के हो बिदेशीको चाल के हो नेता पार्टीले के गरि राख्छ हिजो के भन्यो के गरि राख्छ तेसको हिसाब थाहा छैन हामीलाई कता लाग्दै छ थाहा छैन अनि काइ तेसलाई गाली गर्यो कहिले उसलाई आफु सचेत हुने कहिले थाहा छैन अनि के हुनु
199,tyo vlog kasle halekai tha xoinare hawa,त्यो व्लग कसले हालेकै थाहा छैनरे हवा
200,1 patak madhes tirw jaha india le nepali vuvak hadapeko xa teta ni janu parne ki uta gaye alli garo hunxa rw,१ पटक मधेस तिरव जहाँ भारतले नेपाली भुवक हडापेको छ तेतै नि जानु पर्ने कि उता गए अलि गारो हुन्छ र्व
201,ahile samma teo thauma koi gayerw kei phot or post gareko dekhiyeko jasto lagdaina so,अहिलेसम्म त्यो थाउमा कोही गएका छैनन् केही फोटो र पोस्ट गरेको देखिएको जस्तो लाग्दैन सो
202,jexa tesko samhalna sakekoxaina,जेक्सा तेस्को सम्हाल्न सकेको छैन
203,raja laune sochnu pani murkhata ho,राजा लाउने सोच्नु पनि मूर्खता हो
204,i love you hyrdendr moh temi sanga married garna chanxu moh temro budi bona chanhanxu moh temi sanga ba gora vona moh rani hunxu,आइ लभ यु हाइड्रेंडर मोह तिमी संग म्यारिड गर्न चाहन्छु मोह तिम्रो बुढी बन चाहन्छु मोह तिमी संग बागोर्ना मोह रानी हुँ
205,jsle j vanos purbha raja ko political thinking kada xa uhale dimak laae malai aafai pariwar sakaune vanera manna khojdainan kattile ra ma paxi parash vanera sochna ni sakdainan ho aaunu xa face bannnu xa nepal ko vane herendhra nai ho vanne majale bujya xan tesaile he is cook purbha raja is cooking not herendhra is cooking yatro barsa chup lagera jaba janta tatie taba bole taba video ma chaie aaba ma aauxu vane so khatra xa game khatra khelxan aakhir ma raja na hun khun khun ma rajniti xa,जसले जे भन्छ पुरभ राजा को राजनीतिक थिंकिङ कडा छ उहाले दिमाग ल्याए मलाई आफैं परिवार साकाउने भनेर मन्न खोज्दैन कत्तिले र म पछि पराश भनिरा सोच्न पनि सक्दैन हो आउनु छ फेस बन्नु छ नेपाल को भने हेरेन्द्र नै हो भन्ने मजाले बुझ्या छन् त्यसैले हीज कुक पुरभ राजा इज कुकिङ नट हेरेन्द्र इज कुकिङ यत्रो बर्ष चुप लागेर जब जनता तातिए तब बोले तब भिडियोमा छाइए अब म आउँछु भने सो खतर छ गेम खतर खेल्छन् आखिर म राजा न हुँ खुन खुनमा राजनीति छ
206,first time coocking word le ids man parena… this is not right wordk usle ghumna napaunu k usle vlog banauna napaunu k usle desh ghumna desh ko paribesh bujhna napaunu harek kura lai rajaniti sanga kina jodeko,फर्स्ट टाइम कुकिङ वर्ड ले आइडियस मन परेन… थिस इज नट राइट वर्ड उसले घुम्न नपाउनु क उसले व्लग बनाउन नपाउनु क उसले देश घुम्न देश को परिवेश बुझ्न नपाउनु हरेक कुरा लाई राजनीति संग किन जोडेको
207,nepal ma youth chiyako xa jya nepal jaya kisan,नेपाल मा युथ चियाको छ जहाँ नेपाल जय किसान
208,nam anusar ko kam vayena indepthstory,नाम अनुसार को काम भएन इन्डेप्थस्टोरी
209,bro aafai vlog herera influence vayo jasto xa,ब्रो आफैं व्लग हेरेर इन्फ्लुएन्स भयो जस्तो छ
210,paila jati ramro lahgthyo aaja voli gatilo lagna xoddai xa solti ko videos,पहिलो जति राम्रो लाग्थ्यो आज भोली गतीलो लाग्न छोड्दै छ सोल्टी को भिडियोहरू
211,harek kura lai sensation banaunu xaena brotimro educational video haru malai mann parxa but saanu saanu kura laai political party haru ley target garera rajniti garey jastai bro le ni seriously lera sensational banaunu jaruri xaena jasto laagxa,हरेक कुरा लाई सेंसेशन बनाउनु छैन ब्रोटिम्रो एजुकेशनल भिडियो हरु मलाई मन पर्छ तर सानु सानु कुरा लाई राजनीतिक पार्टी हरू ले टार्गेट गरेर राजनीति गरे जस्तै ब्रो ले पनि सिरीयस्ली लिएर सेंसेशनल बनाउनु जरुरी छैन जस्तो लाग्छ
212,boss banxu vanera samaye barbad nagarau sathi,बास बन्नु भनेर समय बर्बाद नगर्नु साथी
213,gajediya haru ko santan muji sarnarthi tapare,गजेडिया हरूको सन्तान मुजी शरणार्थी तपारे
214,muji patrukar 12 bhai muji murra muji,मुजी पत्रुकार १२ भाई मुजी मुर्रा मुजी
215,indept dept story suscribers xa vandoi ma kuched assumption gardoi mass manupulation garnu j paye toi dissappointed,इन्डेप्ट डिप्ट स्टोरी सब्सक्राइबर्स छ भन्दोई म कुचेद असम्प्शन गर्दै म्यास म्यानुपुलेशन गर्न ज पाए तोई डिसअपोइन्टेड
216,raja rabi ani balen milnu paryo,राजा रवी अनि बलेन मिल्नु पर्छ
217,stunt tw yo jharey tori suddo hru le uhile dekhi garirako xan ni naya yuwaraj le euta vlog halda yesto kuro mulasagg,स्टन्ट त यो झरे टोरी सुद्धो हरूले उहीलेदेखि गरिराको छन् नि नयाँ युवराजले एउटा व्लग हाल्दा यस्तो कुरा मुलसाग
218,views ko lagi tapai pani yesto nalekhnus,भ्यूजको लागि तपाई पनि यस्तो नलेख्नुस्
219,royal aaunu parxa uha haru le banayeko nepal ho,रॉयल आउनु पर्छ उहाँहरूले बनाएको नेपाल हो
220,hamro aakha khulda ra hami jaagda samma dherai dheelo nahoos,हाम्रो आँखा खुल्दा र हामी जाग्दा सम्म धेरै ढिलो नहोस्
221,chitta bujhyoparty ko jhole haru comment herna na aaye pani hunchhasaala jhole harudesh lai barbaad banauna saath dine aniparty ko paisa ani party ko support ma aafno pariwar palne ani sakyo vane party kai support ma nepal ma basera lakhau karadau kamayera yuwa haru rajtantrale garda bidesh gaye vanne nalayak aawaraa haru thuikka timaharu jasto aafnai mehenatle kamayera khana nasakne haru kaliyug aaidai chhayehi yug ma kira parera marlaau narka ma pani saans ferna napaaulau raaxas haru nepali janata harukai agaadi kira kira parera marnu ni saala neta ra neta ka jhole haru,चित्त बुझ्योपार्टीको झोले हरू कमेन्ट हेर्न नआए पनि हुन्छसाला झोले हरूदेशलाई बर्बाद बनाउन साथ दिने अनिपार्टीको पैसा अनि पार्टीको सपोर्टमा आफ्नो परिवार पाल्ने अनि सक्यो भने पार्टीकै सपोर्टमा नेपालमा बसेर लाखौं करदाउँ काम गरेर युवा हरू राजतन्त्रले गर्दा विदेश गएका भने नालायक आवारा हरू थुइक्का तिमिहरू जस्तो आफ्नै मेहनतले काम गरेर खाना नसक्ने हरू कलियुग आइदै छ युगमा किरा परेर मार्ला नर्कमा पनि सास फेर्न नपाउने राक्षस हरू नेपाली जनताहरूको अगाडि किरा किरा परेर मर्नु नि साला नेता र नेता का झोले हरू
222,baby king vanyo ta yo vai le vai hirdenra ko age 23 vayo tero kati nai pugyou rw,बेबी किंग भन्यो त यो भाइले भाइ हिर्देन्रको उमेर २३ भयो तेरो कति नै पुग्यो र्
223,raja banxu vhanera sympathy pauna lai chatak ghatna bata vanxas vai raja tei hunxa jo capable xa nautanki dhongi,राजा बनxu भनिरा सिम्पेथी पाउनलाई चटाक घटना बाट भनxस भाइ राजा तेई हुन्छ जो क्यापेबल छ नाटकिं धोङ्गी
224,ye vai mukh bata thuk falera bol maa jimu kati vannu,ये भाइ मुखबाट थुक फालेर बोलमा जिमु कति भन्नु
225,raja banaune ho vane ki malla khasmalla republicmalla dynasty hunuparxa ki chand chand dynasty  kumaon  garhwal sudurpaschim hunuparxa,राजा बनाउने हो भने कि मल्ल खासमल्ल रिपब्लिकमल्ल डाइनस्ती हुनुपर्छ कि चाँद चाँद डाइनस्ती कुमाउँ गरह्वाल सुदूरपश्चिम हुनुपर्छ
226,gyanendra ko raj sastha kayam garnako lagi chaleko kadam,ज्ञानेन्द्रको राज सस्था कायम गर्नको लागि चलेको कदम
227,raja aaunai perxa yo desh ma yo desh raja bina chaldaina chor neta harule becherai khanxa,राजा आउनै पर्छ यो देशमा यो देश राजा बिना चल्दैन चोर नेता हरुले बेचेरै खान्छन्
228,kta le k video garaatheo gaddeytantra nai hallecha,केटा ले के भिडियो गराथ्यो गद्देयतन्त्र नै हाल्छ
229,fucche muji hamro raja ko nati lai jpt vanxas machikne,फुच्चे मुजी हाम्रो राजा को नाति लाई जेपीटी भनxस मचिक्ने
230,aafno ghr bigreko ghr muli le herna sakxa ra gaynendra sarkar lai testai vako xa nepal uha ko ghr ko ra yo ghr neta haru le khattam banaisakyo abo ghr muli farkina paryo ra ghr ko sabai jimmebari lina parxa jai sarkar jai nepal jai raja,आफ्नो घर बिग्रेको घर मुली ले हेर्न सक्छ र ज्ञानेन्द्र सरकार लाई त्यस्तै भएको छ नेपाल उहाको घर को र यो घर नेता हरु ले खत्तम बनाइसकेको अब घर मुली फर्किनु पर्छ र घर को सबै जिम्मेवारी लिनु पर्छ जय सरकार जय नेपाल जय राजा
231,vlog le rajniti ma taranga aaune stithi hola ta,व्लग ले राजनीति मा तरंग आउने स्थिति होला त
232,tero baau ta kohi pani haina kasle ke cooking garexa vanerw analysis garna,तेरो बाउ त कोही पनि होइन कसले के कुकिङ गरेक्सा भनेर एनालिसिस गर्न
233,chor raja muji paisa tanna lutera baseko cha aiale natak gareracha,चोर राजा मुजी पैसा तन्ना लुटेर बसेको छ अहिले नाटक गरिराछ
234,raja ayosh ki na ayosh garib ma deu chag pugosh tahi chahanxu,राजा आयोश कि न आयोश गरिब म देऊ चाग पुगोष तहि चाहन्छु
235,purnika ra hriyendra le kehi garne sakne hoina ali ali garera mildai gareko rajniti pani bigridai cha,पूर्णिका र ह्रियेन्द्र ले केहि गर्ने सक्ने होइन अलि अलि गरेर मिल्दै गरेको राजनीति पनि बिग्रिदै छ
236,ekdam ramro daju tapai jatti ko manxe nepal ma chahinnxa,एकदम राम्रो दाजु तपाई जत्तिको मान्छे नेपालमा चाहिन्न
237,mugi raja ko barema dherai stutent na bhan khatey,मुगी राजा को बारेमा धेरै स्टुडेन्ट न भन खते
238,dherai nachat raja gyanendra bahek koi pani raja banne layak k xainw,धेरै नचाट राजा ज्ञानेंद्र बाहेक कोही पनि राजा बन्ने योग्य के छैन
239,nepali haru ko buddhi kahile na aaune bho kahile gana tantra chahiyo kahile raj trantra chahiyo bheda jasari kudeko chha aaja bhanda 5060 barsa aagadi nepal ra nepali haru ko situation kasto thiyo study gara tesh pachhi educated decision liya raj tantra chahiyekai ho tah bheda jasari kudeko thik hudaina kasai mathi pani desh bikash garchha bhanera biswas garrnu murkahata ho chahiye tyo raja hosh ya prime minister,नेपाली हरू को बुद्धि कहिले न आउने भो कहिले गणतन्त्र चाहियो कहिले राजतन्त्र चाहियो भेड़ा जसरी कुदेको छ आज भन्दा ५०६० वर्ष अगाडि नेपाल र नेपाली हरू को स्थिति कस्तो थियो स्टडी गर तेस पछी educated decision लिय राजतन्त्र चाहिएको हो त भेड़ा जसरी कुदेको ठीक हुँदैन कसै माथि पनि देश विकास गर्छ भनर विश्वास गर्नु मूर्खता हो चाही त त्यो राजा होस् या प्राइम मिनिस्टर
240,j hos usko pr depart le chai darai kaam gareraixabarseni hajarau yuwa janxan jumla ghumna vlog halxan kei matlab hudainau gayo k k nai yudhha ma gaye jasto vayonaam ma shrestha xa asal xa bishal xa k khal ko symbolize garna khijya ho susaasan chaieko xa desh ma raja hainahistory herda hunxa ekchoti  padhda hunxa ekchoti it was much worse than now but am not defending current government hamlai naya manxe chaiyeko xa naya team chaiyeko xa jasle susaasan lyauna sakos raja haina investigative journalism my ass,ज होस् उसको प्र डिपार्ट ले चाई धेरै काम गरेरैछ बर्षेनी हजारौं युवा जनसंख्या जुम्ला घुम्न भ्लग हाल्छन केहि मतलब हुँदैन गयो क क नाई युद्धमा गएका जस्तो भएको छैन ममा श्रेष्ठ छ असल छ विशाल छ के खाल को symbolize गर्न खिज्या हो सुशासन चाहिएको छ देशमा राजा छैन हिस्ट्री हेर्दा हुन्छ एकचोटी पढ्दा हुन्छ एकचोटी it was much worse than now but am not defending current government हामीलाई नयाँ मान्छे चाहिएको छ नयाँ टिम चाहिएको छ जसले सुशासन ल्याउन सकोस् राजा होइन investigative journalism माय अस
241,kasto cooking hora kaha khana pakaun lagya dekhya hawa tait title vayan hai bro,कस्तो कुकिङ होरा कहाँ खाना पकाउन लाग्या देख्या हावा तैत टाइटल वायन है ब्रो
242,bichara auta vlog le ganatranta haliyo haina tah,बिचारा आउटा व्लगले गणतन्त्र हालियो हैन त
243,veda janta haru vagwaan samjirax hridandra lai tiyo hami jastai nepali x hau hype n garum tesko vanda dherai loyal  rw knowledge yuba haru x nepal ma,वेद जनता हरु भगवान सम्जिराख हृदन्द्रलाई त्यो हामी जस्तै नेपाली एक्स hau hype न गरौं त्यसको भन्दा धेरै लॉयल rw ज्ञान युवा हरु एक्स नेपालमा
244,lunch garekai ho sab stunt dekhirax  nepali janta le dimag ko prayog garnw jandain tesai nepali janta lai veda vaneko rahixa  something is cooking,लन्च गरिएका हो सबै स्टन्ट देखिराख नेपाली जनता ले दिमागको प्रयोग गर्न जान्दैन त्यसै नेपाली जनता लाई वेद भनिएको रहन्छ something is cooking
245,king is always kingrip khate chor neta haru,किंग इज अल्वेज किंगरिप खाने चोर नेता हरु
246,rajsanstha hoina rajtantra vayo vaneh kei aas garna sakincha natra uhi ho,राज्यसंस्था होina राज्यतन्त्र भयो भने केहि आस गर्न सकिन्छ नत्र उही हो
247,thukka  thumbnail maa kasto photo halyaaraja mn pardaina vandaimaa yesto kaam garne hoina ni patrakar vaye paxipatrakar ley raja thick ki ganatantra thick vanna paudainatathasta basnu parxa mediapatrakar ley ganatantra thick raja tantra thick vanne ho vye patrakarita chodera rajniti maa ayeja,थुक्का थम्बनेलमा कस्तो फोटो हाल्या राजा मन् पर्दैन भन्दाimaa यस्तो काम गर्ने होइन नि पत्रकार भए पछि पत्रकार ले राजा thick कि गणतन्त्र thick भन्न पाउँदैन ताथस्ता बस्नु पर्छ मिडियापत्रकार ले गणतन्त्र thick राजा तन्त्र thick भन्ने हो भने पत्रकारिता छोडेर राजनीति मा आएजा
248,aile samma he is just a pure soul aba nepalko rajniti bigaryo vane falto kurohuna ta ramrolai pani naramro vanda vanda naramrai banauna khojxan nepalko nepali rajnitigya harule tara je jasto vaye pani hridendra aile samma chai pure soul ho u aile vakhar yuwa ma tekeka xan usle aafulai tesari nai prastut gareka xan u testa yuwama parxan jaslai sabaile man parauxan aile samma thikai x vabisyama nepalko rajnitile bigaryo cane falto kuro,अहिले सम्म he is just a pure soul अब नेपालको राजनीति बिगार्यो भने फाल्तु कुरो हुन त राम्रोलाई पनि नराम्रो भन्दा भन्दा नरम्रै बनाउन खोज्छन् नेपालको नेपाली राजनीतिज्ञ हरुले तर जे जस्तो भए पनि हृदेंद्र अहिले सम्म चाई pure soul हो उ अहिले वखर युुवा मा टेकेका छन् उसले आफुलाई त्यसरी नै प्रस्तुत गरेका छन् उ testa युवामा परछन् जसलाई सबैले मन पराउँछन् अहिले सम्म ठीक एक्स भविष्यमा नेपालको राजनीति ले बिगार्यो भने फाल्तु कुरो
249,sanskar yeslai vaninxa ra tapai hami feri pani manxe chinna lai dhilo hola hai even swotantra party pani ramro chaina yo sap rabi ko chal khel ho so be careful nepali people swotantra vaneko individual ho agadi swotantra nam rakhera paxadi party chipkaune neta vaneko jhan thulo dalal ho chinnu hos hai nepali janta feri pani bhram ma parnu hola,संस्कार यसलाई भनिन्छ र तपाई हामी फेरि पनि मान्छे चिन्नलाई ढिलो होला है even स्वतन्त्र पार्टी पनि राम्रो छैन यो साप रवीको चाल खेल हो so be careful नेपाली जनता स्वतन्त्र भनको individual हो अगाडि स्वतन्त्र नाम राखेर पछाडि पार्टी चिप्काउने नेता भनको झन ठूलो दलाल हो चिन्नुहोस् है नेपाली जनता फेरि पनि भ्रममा पर्नु होला
250,what do you mean by cooking taklu bhai bada budhi jibi sab youtuber gyaan diney duniyalai tesai acharya prashant le aileka youtuber nikai gyaan dinchaan jasto sansar duniya unaile matra bujeko janeko hunchaan i didnt like the word called cooking,what do you mean by cooking टक्लु भाई बड़ा बुद्धि जीवि सब युट्यूबर ज्ञान दिने दुनियालाई त्यसै आचार्य प्रशान्त ले अहिलेका युट्यूबर निकै ज्ञान दिन्छन् जस्तो संसार दुनिया उनले मात्र बुझेको जनको हुन्छन् i didn't like the word called cooking
251,for those who are saying raja le jumla lai hepyo kei garena purbapaschim highway kasle banayotetro college haru kasle kholyo industry haru banayera employment kasle diyo ani pahila nepal ko income source k thiyo rw tei ni tetro gare raja le ahile ko neta harulai hera tetro tax uthaxa remittance axa but still k pragati bhaxa jumladolpa ko road banauna sakdaina kaile janta ko gharma ayera herexan janta le k garera bachiraxan bhanera tara pahile raja tw janta haru sita pani close hununthyo janta ko dukha sukha bujnu hunthyo ahile hera,for those who are saying राजा ले जुम्ला लाई हेप्यो केहि गरेन पूर्वपश्चिम हाईवे कसले बनायो तेत्रो कलेज हरु कसले खोलेको उद्योग हरु बनाएर employment कसले दियो अनि पहिले नेपाल को income source के थियो rw तेई नि तेत्रो गरे राजा ले अहिले को नेता हरुलाई हेर्न तेत्रो tax उठाउँछ remittance एक्सा but still के प्रगति हुन्छ जुम्लादोल्पा को रोड बनाउन सक्दैन कहिले जनता को घरमा आएर हेर्छन् जनता ले के गरेर बचिराख्छन् भनेर तर पहिले राजा ता जनता हरु सिता पनि क्लोज हुनुथ्यो जनता को दुख सुख बुझ्नु हुनथ्यो अहिले हेर्नु
252,lado jasto nepal nepali veda haruuu,लाडो जस्तो नेपाल नेपाली वेदहरू
253,vai tu kuch jeydaa hii overthinker haii,भाइ तु केही जेडा ही ओभरथिंकर है
254,rabindra shah huda hudai kina birendra raja banaiyo birendra ko natini ajhai huda hudai kasari gyanendra raja banyo birendra ko natini jiudo huda hudai yo gyaneko nati parash ko chora indian himani ko chora kasari hridayandra kasari ra kina raja huncha aba ko yo yugma janma ko adharma kina koi kasai bata saasit huncha impossible,रवीन्द्र शाह हुँदा हुँदा किन बिरेंद्र राजा बनाइयो बिरेंद्रको नातिनी अझै हुँदा हुँदा कसरी ज्ञानेंद्र राजा बन्यो बिरेंद्रको नातिनी जीवित हुँदा हुँदा यो ज्ञानको नाती पराशको छोरा इन्डियन हिमानीको छोरा कसरी हृदयन्द्र कसरी र किन राजा हुन्छ अबको यो युगमा जन्मको अधर्म किन कुनै कसैबाट सासित हुन्छ इम्पसिबल
255,nepal ma ahile oometo vanni business ko thulo crez rahexa yesbare detail video banaunu paryo sirdherai manxeharu yesma involve vairaheka xan katai yo scam tahoina,नेपालमा अहिले ओमेटो भन्नी बिजनेसको ठूलो क्रेज रहेको छ यसबारे डिटेल भिडियो बनाउनु पर्छ सिध्रै मान्छेहरू यसमा इनभोल्भ भएरका छन् कतै यो स्क्याम त होइन
256,yo raja vayani neta vayani kehi huniwala xaina public dimag chatni kaam matraii hooo,यो राजा भएको नेता भएको केही हुनेवाला छैन पब्लिक दिमाग चटनी काम मात्र हो
257,taa kaatre cwachee muji lyy taa raja ko k mahatwo raa aawasykta bujechas raja le k garethiye vanera desh ghati nagarikta budyak pass garne raa jyanmara lyy aam mafi dine party ko varaute rastrapatti vanda raja 200 guna ramro cha wu padelekheko chaaabal pani cha raa samsab maa sutneindia bata dhoti magayera aafnai janta marne prachandeghar ghar ma gar puraunera nepali lyy bhutani banayera bechne dalal vanda raja nai thik ni mujistunt aei ho k voo taa lyy,ता कात्रे च्वाच्ची मुजी ल्य ता राजा को के महत्व र आवश्यकता बुझ्छस राजा ले के गरेथिए भनेर देश घटि नागरिकता बुढ्यक पास गर्ने र जन्मका लागि आम माफी दिने पार्टीको वराउटे राष्ट्रपत्ति भन्दा राजा २०० गुणा राम्रो छ उ पढेलेखेको चाँबल पनि छ र समसाबमा सुत्नेइन्डिया बाट धोती मागेर आफैंका जनता मार्ने प्रचण्डघर घरमा गर पुराउने नेपाली ल्य भुटानी बनाएर बेच्ने दलाल भन्दा राजा नै ठीक नि मुझिस्टुन्ट ऐ हो कि वो ता ल्य
258,malai raja chayako xaina ramro leader chayako ho tara aaja ids ko thambel dherara aang siringa vayo yarr kina yasko barema video banaunu kya,मलाई राजा चाहेको छैन राम्रो लिडर चाहेको हो तर आज आइडीएसको थम्बेल धेरैर अङ्ग सिरीङ्ग भयो यार किन यसको बारेमा भिडियो बनाउनु क्या
259,hridaya sabdle spiritual heart lie janoux jaslie mahasus mtr grnu sakinx arhtoun ya bujna vane sakindina yo line le vannu khojya chai k hola,हृदय शब्दले स्पिरिचुअल हार्टलाई जनाउँछ जसले महसुस मटर गर्न सकिन्छ अर्थतौन या बुझ्न भने सकिंदैन यो लाइनले भन्नु खोज्या छ क होला
260,raja aayo bhane↨greater nepal banaauna↨sakcha tasakcha bhane i↨do support monarchy,राजा आयो भने ↨ग्रेटर नेपाल बनाउन ↨सक्छ तसक्छ भने आइ ↨डो सपोर्ट मोनार्की
261,k saro darako chor haru,के सारो डरको चोरहरू
262,sab jana abasharbadi xan yaha,सब जना अबशर्बादी छन् यहाँ
263,j sukai hoos more murus khatey hru j vayeni ubho lagne haina des,ज सुखै होस् मोरे मुरुस खाटे हृ ज भएनी उभो लाग्ने छैन देश
264,gufff chai thulo video vitra chai kehii xaina hawa ma views tana khojeko timrodown fall suru bhayo aava,गुफ्फ चैं ठूलो भिडियो भित्र चैं केही छैन हावा मा भ्यूज ताना खोजेको तिम्रो डाउन फल सुरु भयो आवाज
265,hridendra lai sojo ra janapremi dekhauna khojera gyanendra ji raja banna khojdai xa,हृदेंद्र लाई सोझो र जनाप्रेमी देखाउन खोजेर ज्ञानेंद्र जी राजा बन्न खोज्दै छन्
266,hatt yesto kura ni appreciate garni ho jail kina janxa manxe khatte chor aparadhi harulai jail ma subidha dine haina yatana dinu parxa bahira tetro berojgar xaina ra kaam garna lai,हट यस्तो कुरा नि एप्रीसिएट गर्नि हो जेल किन जान्छ मान्छे खाटे चोर अपराधी हरुलाई जेल मा सुविधा दिने छैन यातना दिनु पर्छ बाहिर तेत्रो बेरोजगार छैन र काम गर्नलाई
267,corrupted netahru lai ni lagera halnu prnii thahos na paisa kamauna kam grnu prne raixa chorne matra source haina vnera,करप्टेड नेताहरू लाई नि लागेर हाल्नु पर्छ थाहोस न पैसा कमाउन कम गर्नुपर्छ रैछ चोर्ने मात्र स्रोत होइन भन्छ
268,kaidi haru mare ni kei hunna chor haru,कैदी हरू मरे नि केही हुँदैन चोर हरू
269,yes yes this is so true mailey sano ma 1011 barsa ko huda jada kheri dekhya thiyetya muda haru banayerw bechney garthey ani dherai kura haru banauna thalya raichan,यस यस थिस इज सो ट्रू मैले सानो मा १०११ बर्षको हुँदा जादा केहि देख्या थिए त्य मुडा हरू बनाएर बेच्ने गर्थे अनि धेरै कुरा हरू बनाउन थालेका छन्
270,muji patrukar 12 bhai muji murra muji,मुजी पत्रुकार १२ भाई मुजी मुर्रा मुजी
271,muji sauchalya bhandai kina gu dekhako khadai tiye ma,मुजी साउचालय भन्दै किन गु देखाको खadai तिए म
272,sabaiii jana kaidii hudaina bandii pni hunxan,सबै जना कैदी हुँदैन बन्दी पनि हुन्छन्
273,bhai le thumbnail ma afnai photo rakhexa balen le gali gareo ki kya ho,भाईले थम्बनेलमा आफ्नै फोटो राखेका बलेनले गाली गरे कि के हो
274,gulmi maa matra haina yo sabai karagar maa xa tara simit paisa kaam garne lai diyera baaki sabai naike le khanxa ra naike le pani anta katai paisa pathauxayo video maa bahira dekhine kura matra xa dark side research garnu hola ids team,गुल्मीमा मात्र होइन यो सबै कारागारमा छ तर सीमित पैसा काम गर्नेलाई दिएर बाँकी सबै नाइकेले खान्छन् र नाइकेले पनि अन्त कतै पैसा पठाउँछन् भिडियोमा बाहिर देखिने कुरा मात्र छ डार्क साइड रिसर्च गर्नु होला आइडीएस टिम
275,hari bahadur madan bahadur,हरि बहादुर मदन बहादुर
276,jail dekhi mero ghar 50m matra mathi xa dokoomuda payenxa vanni ta tha theo tara eti dherai thaa thena thnks for the information,जेलदेखि मेरो घर ५० मिटर मात्र माथि छ डोकुमुदा पाएँछ भन्ने त थाहा थियो तर यति धेरै थाहा थिएन थ्यांक्स फर द इनफर्मेसन
277,yo ta dekhaune daat ho chapaune daat aru nai hunxama ni 8 barsa 3 din jail baseko ho k samma hunxa tyo ta vogne lai tha hunxa prasasan lai sodyo vane sabai ramro nai vanxan tya ko kaidi bandi lai sodyo vane prasasan ko darr le ramro nai vanxan tr bastabik bilkul farak xan,यो त देखाउने दात हो चापाउने दात अरू नै हुन्छमा नि ८ वर्ष ३ दिन जेल बसेको हो कसम्म हुन्छ त्यो त वोग्नेलाई थाहा हुन्छ प्रशासनलाई सोध्यो भने सबै राम्रो नै भन्छन् त्याको कैदी बन्दीलाई सोध्यो भने प्रशासनको डरले राम्रो नै भन्छन् तर वास्तविक बिल्कुल फरक छन्
278,subidha ramro xa ma ne 2 barsa basako ho,सुविधा राम्रो छ म ने २ वर्ष बसेको हो
279,ma 5month jail base ra aako 45k income huni vaneko thulo thulo naike haru ko matra hoani jaba koi kaide jail mukta hunxa tyo samaj le uslai aarkai najar le herni garxa jun maile aaja sama ni face gari raxu,म ५ महिना जेल बसेर आएको ४५k इनकम हुने भनेर ठूलो ठूलो नाइकेहरूको मात्र होनी जब कोही कैदी जेल मुक्त हुन्छ त्यो समाजले उसलाई अर्कै नजरले हेर्ने गर्छ जुन मैले आजसम्म पनि फेस गरिराखेको छु
280,pyuthan ko vaya ni esto rahixa vanne balla tha vayo,प्युठानको vaya नि यस्तो रहिछ भन्ने बल्ल थाहा भयो
281,alli lamo banaunu paro ke mah sutne bela hjr ko voice sunina vane nin lagdaina,अलि लामो बनाउनुपर्छ के मह सुतेको बेला हजुरको भ्वाइस सुनिन भने निन लाग्दैन
282,nepal lai hola jail ta iq 43 badna sakdaina,नेपाललाई होला जेल त आइक ४३ बढ्न सक्दैन
283,ids lai halxa kun deen oli lea,आइडीलाई हाल्छ कुन दिन ओलीले
284,history boknu vayeko icon lady nani maiya dahal lai varkhar aaeka balen sang compare garna mildaina,इतिहास बोकेको आइकन लेडी नानी माया दाहाललाई भर्खर आएका बलेन संग तुलना गर्न मिल्दैन
285,yo upendra jasto neta lae dada katauna parxa,यो उपेन्द्र जस्तो नेता लाई दादा काट्नुपर्छ
286,biswo daaiko podcast baata ma chai,विश्व डाइको पोडकास्टबाट म चैं
287,hamile sachinai nani maiya dhahal ji lai birsi sakeko rahechau dhanyabadha tapai ko team lai ani nani maiya dhahal lai dherai dherai samjana,हामीले सचिनै नानी माया धाहाल जीलाई बिर्सी सकेको रहेछौं धन्यवाद तपाईंको टिमलाई अनि नानी माया धाहाललाई धेरै धेरै सम्झना
288,toit kasto video banauna thaleu vai,तोइट कस्तो भिडियो बनाउन थालेउ वै
289,teti bela raja thiyoraw po mantri harulai kaarbahi hunthyo  ailetaw sabai rajai rajai xa  teivayeraw raja khojeko ho hamile raja sabaiko saja hunxa,त्यति बेला राजा थियरोव पो मन्त्रीहरूलाई कारबाही हुन्थ्यो अहिले त सबै राजा राजा छन् तैवेरो राजा खोजेको हो हामीले राजा सबैको सज्जा हुन्छ
290,mandale vaneko chai ke raixa,मण्डले भनेको चैं के रैछ
291,bolnah taw kehi maan xainah terw,बोल्न त केहि मान छैन तर
292,band hanuu paryoo kya aaba,बन्द हुनु पर्छ क्य आबा
293,bhaajaaa nah bhajyaa derai bhayo nepal ma,भाञ्जा न भज्ज्या धेरै भयो नेपालमा
294,terw kun kabitaa ho vaneyrah nah socham,तेर्व कुन कविता हो भनेर सोच्दिन
295,herdai jaam aaba k hunxa,हेर्दै जान आबा के हुन्छ
296,tandaav dekhyaa xainah nih taw kasto hunxa vaneyrah nepal ley,ताण्डव देख्या छैन निह त कस्तो हुन्छ भनेर नेपालले
297,tapai haru ley dekhi saknu bhayo,तपाई हरुले देखी सक्नु भयो
298,purkaaaa ley pokyaaa xaaan nih taw raagat aaba,पुरकाले पोखिएको छ निह त रागत आबा
299,kholaaa taw bhagii raha xa nepal ma,खोलाले त भागी रहxa नेपालमा
300,mariyoo vaney aahiley maramla,मरेको भने अहिले मर्छु
301,natra bachyaa taw chadai xainah kasai ley,नत्र बच्चा त चाँडै छैन कसैले ले
302,gumnah dhari paisa xainah yrr,गुम्नाह धारी पैसा छैन यर्र
303,soch sarai garib bhayaam dhaani taw pahilaaa dekhi nai ho haami kasley vanaaunu pardainah,सोच धेरै गरिब भयो त हामीलाई त पहिलादेखि नै हो हामी कसैले भन्नु पर्दैन
304,bujnah pani pardainah kehi,बुझ्न पनि पर्दैन केहि
305,jeynho tehi hunu paryo,जे हुनु पर्छ
306,nah chinnu malai kasai ley pani,न चिन्नु मलाई कसैले पनि
307,hami chinaaudainam pani koo ho vaneyrah,हामी चिन्नुर्दैनौं पनि को हो भन्नेर
308,boleyko ma chadai vetnah pani paaenah hola,बोलेको म चाँडै भेट्न पनि पाउने होला
309,uk braamaaand ma niskinuu paryoo,उक ब्रह्माण्डमा निस्किनु पर्छ
310,tapai pani gadd tantra kai jhole hunuhunxa,तपाई पनि गद्द तन्त्रका झोले हुनुहुन्छ
311,because maile yasko barema youtube khojda anta kati vetena,बिकोस मैले यसको बारेमा युट्यूब खोज्दा अन्त कति भेटेन
312,ailay hamro akha ko aghi dekheko ramro kaam garnay neta haru pani same nai ho ta dharan ma cha ktm ma cha tara khai ta midea ko saath ani janta ko saath aja yesta mahaan byakti haru lai dharan ko ta purai help bidesh ma basheko nepali haru bata hudai cha ktm vaneko deshko capital vako lay lukauna sakena k waiaat kura garcha ailay haal k garnay hau tyo kura garnay ho ni ki nepal ma manchay moray pachi matra po amar ani desh vakti shaid hunay chalan cha afno cheu ma jeudo huda wasta hudaina abo mornu lageko budo haru ko thio aray vanera desh bancha yesto midea ta cha deshma timi ktm bashi ho vanay jau balen ko saath ma ani farak hera voli ki kunai din ktm bannu ma yo manchay ko pani haat thio vanera natra yesto khuileko kura hami lay dekheko chaina ailay boru haat ma haat rakha na ki tyo samsaad ma basheko 600700 jana kukur haru ko ghati ma balen saha ani harka jasto haru ko haat puarau hai ta maan dukhyo vanay to be positive hai ta waiaat lagyo ra deshko awasta thanks,ऐले हाम्रो आँखाको अगाडि देखेको राम्रो काम गर्ने नेता हरु पनि सँगै नै हो त धारणमा छ काठमाडौँमा छ तर खै त मिडिया को साथ अनि जनता को साथ आज यस्ता महान व्यक्तिहरु लाई धारणको त पुरै हेल्प विदेशमा बसेको नेपाली हरु बाट हुँदै छ काठमाडौँ भनेको देशको क्यापिटल भएकोले लुकाउन सक्दैन क वाइआट कुरा गर्छ ऐले हाल के गर्ने hau त्यो कुरा गर्ने हो नि कि नेपालमा मान्छे मरेपछि मात्र पो अमर अनि देश व्यक्ती शायद हुने चलन छ आफ्नो छेउमा जेउदो हुँदा वास्ता हुँदैन अब मर्नु लागेको बुढो हरु को त्यो अर्य भनेर देश बन्छ यस्तो मिडिया त छ देशमा तिमी काठमाडौँ बासी हो भने जाऊ बलेन को साथमा अनि फरक हेर भोली कि कुनै दिन काठमाडौँ बन्नुमा यो मान्छे को पनि हात थियो भनेर नत्र यस्तो खुइलेको कुरा हामी ले देखेको छैन ऐले बोरु हातमा हात राख ना कि त्यो संसादमा बसेको ६००-७०० जना कुकुर हरु को घाँटी मा बलेन सह अनि हरका जस्तो हरु को हात पुुराउ है त मान दुख्यो भने तो be positive है त वाइआट लाग्यो र देशको अवस्था थ्याङ्क्स
313,talai european dalal sungur ko xauro,तलाई युरोपियन दलाल सुंगुर को स्यौरो
314,uhako baijet garna khojeko balen sanga compare garera,उहाँको बजेट गर्न खोजेको बलेन संग तुलना गरेर
315,so hajurko topic le khassai justice garna sakyo jasto lagdaina,सो हजुरको टपिक ले खासै जस्टिस गर्न सक्यो जस्तो लाग्दैन
316,baki janta timi sangai xan,बाँकी जनता तिमी संगै छन्
317,ghanta jastaa miji haru lady balen re,घण्टा जस्ता मिजी हरु लेडी बलेन रे
318,yetikhera tyo balen vanne miji janmeko pani thyo rw yyo jimu piuso ko galaami band gat haii,यति खेर त्यो बलेन भन्ने मिजी जन्मेको पनि थियो र यो जिमु पियुसो को गालामी बन्द गत है
319,kp muji radaban lai ni hannu paryaxa,केपी मुजी रादाबान लाई नि हान्नु पर्यो
320,24 ota badi views pauna ko lagi afnai reputation kharab gardai xas hai ids,२४ ओटा बढी भ्यूज पाउनको लागि आफ्नै रेप्युटेशन खराब गर्दै छस् है आइडीएस
321,feri nani maiya lai lyaunu paryo,फेरि नानी माया लाई ल्याउनु पर्यो
322,views ko lagi ja pani balen ko naam bikako xa youtubye,भ्यूजको लागि जा पनि बलेनको नाम बिकेको छ युट्यूबमा
323,nani maya dherai gret ho balen vanda,नानी माया धेरै ग्रेट हो बलेनभन्दा
324,thankyouids for introducing the nani maiya,थैंकयूइड्स फर इंट्रोड्यूसिङ द नानी माया
325,malai tw aashika tamang ko vibes aayo tw video herda,मलाई त् आशीका तामाङको वाइब्स आयो त् भिडियो हेर्दा
326,timro balen lai chai purus nani maiya vana baru,तिम्रो बलेनलाई चैं पुरुष नानी माया भनbaru
327,ma nepal mai basera kaam garne soch xa ma bidesh janna chahanna,म नेपालमा बसेर काम गर्ने सोच छ म विदेश जान चाहन्छु
328,nepal ma 2 pachi ke career options xa,नेपालमा २ पछि के करियर अप्सनहरू छन्
329,ke ke job garna sakinxa,के के job गर्न सकिन्छ
330,2 padheko kun job garne kasari garne kaam kasari khojne kaam kasari pauna sakincha,२ पढेको कुन job गर्ने कसरी गर्ने काम कसरी खोज्ने काम कसरी पाउन सकिन्छ
331,maro kalo lado lai kosare seto boninu sakencha,मेरो कालो लाडोलाई कसरी सेतो बनिनु सकिन्छ
332,nani maiya ko haisiyat dherai uchha sarahniya chcha lady balen title galat title ho balen rajniti ma kahile janmeko,"नानी मइया को हैसियत धेरै उच्च सराहनीय छ, लेडी बलेन टाइटल गलत टाइटल हो, बलेन राजनीति मा कहिले जन्मेको।"
333,balen lai chai gents nanimaiya dahal bhanana balen najanmida nanimaiya le kathmandu hallaisakeko ho tyo pani tesbela ko samaaj ma xori manxe bhayera neta haru darauthe uninsanga ka balen sanga jasto jorii khelna aauthe ra topic matra mann napareko video ta ramro xa,"बलेन लाई चैं गेन्ट्स नानीमइया दाहाल भनना, बलेन नजन्मिदा नानीमइया ले काठमाडौं हालिसकेको हो, त्यो पनि तेस्बेला को समाज मा छोरी मान्छे भएर नेता हरु डराउँथे उनिसँगका बलेन संग जस्तो जोडी खेल्न आउँथे र टॉपिक मात्र मन नपराएको भिडियो त राम्रो छ।"
334,balen birodhi nabhannu hai maile ni vote garyaho,बलेन विरोधी नभन्नु है मैले नि भोट गर्यaho।
335,upcomeing pm of nepal balen,अपकमिंग पीएम अफ नेपाल बलेन।
336,balen ko jholey jaha nii jun topic ma nii balen lai affiliate garnu parcha yeha balen ka dickriders haru comment ma ufriraxan balen lai pm vanaune bhanera balen jasto stuntman daesh ko pm vayo bhane daesh ukraine jasto huncha he is in the same level with oliprachanda and deuwa,"बलेन को झोले जहाँ नि जुन टॉपिक मा नि बलेन लाई अफिलिएट गर्नुपर्छ यहाँ बलेन का डिकराइडर्स हरु कमेन्ट मा उफ्रिरहेका छन्, बलेन लाई पीएम भन्नुने भनेर बलेन जस्तो स्टन्टम्यान दश को पीएम भयो भने दश युक्रेन जस्तो हुन्छ, he is in the same level with ओलीप्रचण्ड र देउवा।"
337,yo youtube khate pani balenko gungan matra gaune matra hokaile yesko budi byaune vayo vane pani balen le nai vanx,"यो युट्यूब खाता पनि बलेनको गुनगान मात्र गाउने मात्र हो, काहिले यसको बुढी ब्याउने भयो भने पनि बलेन ले नै भन्छ।"
338,yo balen ko gu nakhaye samma video nachalne ho nani maiya le balen le bhanda dherai kaam gareko cha ra dherai agadi ra kathin paristhithi ma gareko cha yo tori balen ko nani maiya ko jhutta pusne aukat ni chaina tesko naam jodera aruko legacy kina bigarirako ajha lady balen re,"यो बलेन को गु नखायेसम्म भिडियो नचलाउने हो, नानी मइया ले बलेन ले भन्दा धेरै काम गरेको छ र धेरै अगाडि र कठिन परिस्थितिमा गरेको छ, यो तोरी बलेन को नानी मइया को झुट्टा पुश्ने औकात नि छैन, तेसको नाम जोडेर अरुको लेगसी किन बिगारिराको अझै लेडी बलेन रे।"
339,malai renu dahal ko kura garxan ki jasto lageko title herda suru ma,मलाई रेनु दाहाल को कुरा गरिरहेका जस्तो लागेको टाइटल हेर्दा सुरुमा।
340,“where there’s smoke there’s fire”,“where there’s smoke there’s fire”
341,yi nanimaiya lai nachinni gadha haru uslai lady balen kinw vaneko vanxan reference vanni yeuta kura hunxa thaha xa ki nai aaile sidai nanimaiya vanera vanyo vaney tyo thumbnail rw title dekhera aaudainan audience tara aaile name chaleko rw halka mildo juldo balen sanga name jodera vanda kasto raixa vanera aaile ko audience haru aauxan ani nanimaiya lai chinxan vanera testo garnu vako ho dai le youtube ko engagement ko concept thaha xaina yesso kei kura ma birod garna paiyo vanera j pani bolxan yi jholey gadha haru,"यी नानीमइया लाई नाचिन्नी गधा हरु, उसलाई लेडी बलेन किन भनिएको भनिरहेका छन्, रिफरेन्स भन्ने एउटा कुरा हुन्छ थाहा छ कि छैन, अहिले सिधै नानीमइया भनेर भन्यो भने त्यो थम्बनेल र टाइटल देखेर आउँदैनन्, अडियन्स तर अहिले नाम चलेको र हल्का मिल्दो जुल्दो बलेन संग नाम जोडेर भन्दा कस्तो रैछ भनेर अहिले को अडियन्स हरु आउँछन् अनि नानीमइया लाई चिन्छन् भनेर तेसो गर्नुभएको हो दाई ले युट्यूब को इङ्गेजमेन्ट को कन्सेप्ट थाहा छैन, येसो केही कुरा मा विरोध गर्न पाइयो भनेर ज पनि बोल्छन् यी झोले गधा हरु।"
342,hamro thinking pattern eutaii vayo vane matraii desh banxa haie,हाम्रो थिंकिङ प्याटर्न एउटै भयो भने मात्रै देश बन्छ है
343,dheraii ota ideology hunu ramro naii ho tara janta divide hunu chai ramro haina haie,धेरै ओटा आइडियोलोजी हुनु राम्रो छैन तर जनता डिभाइड हुनु चाहि राम्रो होइन है
344,yo kunai pade lekheko patrakar haina fluk ma bhaneko youtube ho tesaile ramro title dina aaidaina yesta gawar lai,यो कुनै पढे लेखेको पत्रकार होइन फ्लुक मा भनिएको युट्यूब हो त्यसैले राम्रो टाइटल दिन आइदैन यस्ता गवारलाई
345,lady balen vanera lekhna jaruri xain,लेडी बलेन भनेर लेख्न जरुरी छैन
346,jhole nepali ko bani kahile jadain naya pusta hos ya purano,झोले नेपालीको बानी कहिले जादैन नयाँ पुस्ता होस् या पुरानो
347,balen ko jaha kei sarokar nai xain teha ni jabar jasto ghusayar jhole giri garna khojne rahixa,बलेनको जहाँ केही सरोकार छैन त्यहाँ नि जबर जस्तो घुसाएर झोले गिरी गर्न खोज्ने रहन्छ
348,ab balen sir le sabai kasingar haru lai udai dinxan,अब बलेन सरले सबै कासिङ्गरहरूलाई उडाइ दिन्छन्
349,84 ma eti paisa falinxa ki kangress amale le feri jitne xa yo comment lai like garera rakhnus ani 84 ko chunab paxi farkera mero comment herna aaunuhola,८४ मा यति पैसा फैलिन्छ कि कांग्रेस अमले ले फेरि जित्ने छ यो कमेन्टलाई लाइक गरेर राख्नुहोस् अनि ८४ को चुनाव पछि फर्केर मेरो कमेन्ट हेर्न आउनुहोस्
350,3d ma kp oli xah,३डी मा केपी ओली छ
351,khatey mg tw ni views ko lagi balen kai use gardaibxas mg jhakney,खटे म्याग्जिन ट्व ni भ्यूजको लागि बलेनकै युज गर्दा छ म्याग्जिन झक्ने
352,leady balen haina k vai uhako aafnai astitwa x,लिडी बलें होइन कि वै उहाँको आफ्नै अस्तित्व छ
353,maile balen shah lai naramro ho ra tesko side na linu bhanako hoina  maile yeuta lai ramro bhannu ra aaru lai wasta nagarnu yo bani lai naramro bhaneko ho  dai  tapai ko views balen word use gare paxi matra aauxa bhane malai tapai ko viewers sanga political knowledge xhaina jasto lagxa  renu dahal  harka sampang  raja mahendra  gopi hamal  raja birendra  rabi lamichhane  sumana shrestha  ra aaru kati xhan kati  tara jaile balen matra bhannu ramro hoina  balen bhanda pani ramra manxe haru mayor  raja  mp ra political leader haru xhan  yeuta ego ma dubeko manxe lai yeti dherai hype dinu hamro hoina healthy democracy ko lago  but at the same time balen le kehi ramro kam pani gareka xhan tara tapai ko jasto media le create gareko hype le balen shah ko dherai naramro  dark  side lai ignore gareko xa  balen shah kunai bhagwan hoina  yu yeuta mayor matra ho ra yesta mayor desh ma kati xhan kati,मैले बलें शाहलाई नराम्रो हो र तेसको साइड न लिनु भनको होइन मैले एउटा लाई राम्रो भन्नु र अरूलाई वास्ता नगर्नु यो बानीलाई नराम्रो भनको हो दाई तपाईको भ्यूज बलें वर्ड प्रयोग गरेपछि मात्र आउँछ भने मलाई तपाईको भियर्ससँग राजनीतिक ज्ञान छैन जस्तो लाग्छ रेनु दाहाल हर्का सम्पाङ राजा महेन्द्र गोपी हमाल राजा बिरेन्द्र रवी लामिछाने सुमना श्रेष्ठ र अरू कति छन् कति तर जेले बलें मात्र भन्नु राम्रो होइन बलें भन्दा पनि राम्रा मान्छेहरू मेयर राजा एमपी र राजनीतिक लिडरहरू छन् एउटा इगोमा डुबेको मान्छे लाई यति धेरै हाइप दिनु हाम्रो होइन हेल्दी डेमोक्रेसीको लागि तर एकै समयमा बलेंले केही राम्रो काम पनि गरेका छन् तर तपाईको जस्तो मिडियाले क्रिएट गरेको हाइपले बलें शाहको धेरै नराम्रो डार्क साइडलाई इग्नोर गरेको छ बलें शाह कुनै भगवान होइन यो एउटा मेयर मात्र हो र यस्ता मेयर देशमा कति छन् कति
354,lets hope tapai ra indian godi media ma aali kati bhayeni faraak dekhinxa,लेट्स होप तपाई र इन्डियन गोदी मिडिया मा अलि कति भएनि फरक देखिन्छ
355,nani maiya balen jastoo hoina balen chaii nani maiya jastoo vannu parxa,नानी माया बलें जस्तो होइन बलें चैं नानी माया जस्तो भन्नु पर्छ
356,jatinai ramro manxe ayepani janat masubhate jhole vayepaxi kam xaina,जतिनै राम्रो मान्छे आएपनि जनतमा सुभाते झोले भएपछि काम छैन
357,1k vanda kam subscribers hune le eak aarka lai support garum hwi,1k भन्दा कम सब्सक्राइबर हुनेले एक अर्कालाई सपोर्ट गरौं ह्वाइ
358,tyahi nani maiya dahal le fariya uchalera dekhayeko herera neta baneko hoina ra upendra jadav  tehi fariya bhitra ko ago le polera jadav ko anuhar kalo va ko ta hoina,त्यही नानी माया दाहाल ले फरिया उचालेर देखाएको हेरेर नेता बनेको होइन र उपेन्द्र यादव तेही फरिया भित्रको अगो ले पोलेर यादवको अनुहार कालो वा को त होइन
359,khasmaa uha huna parne nepalko pahilo mahila rastrapati deshma ta kayapalat nai aautheyo hola,खासमा उहाँ हुनु पर्ने नेपालको पहिलो महिला राष्ट्रपति देशमा त कयापालत नै आउँथ्यो होला
360,nanimaya lai fariya hallayera neta bhako aarop laune muji upendra yadav afai chai dhoti hallayera aako birse chha,नानीमाया लाई फरिया हालाएर नेता भएको आरोप लगाउने मुजी उपेन्द्र यादव आफैं चैं धोती हालाएर आएको बिर्से छ
361,nani maiya lai lady balen bhannu tyo nani maiya ko thulo aapman ho,नानी माया लाई लेडी बलें भन्नु त्यो नानी माया को ठूलो अपमान हो
362,tero kosh bata jamma 1015 hajar dina sakainas  la kha,तेरो कोशबाट जम्मा १०१५ हजार दिन सकिनस ला खा
363,muji patrukar 12 bhai muji murra muji,मुजी पत्रुकार १२ भाई मुजी मुर्रा मुजी
364,nepal ma dherai buddhi jibi vayetara koi kaam ka vayenantesto buddhi k kaam jasle rastra hiit ma kehi garna sakdainasabai uhi daang ka mula hun,नेपालमा धेरै बुद्धिजीवी भएतरा कोही कामका वैनेन्तस्तो बुद्धी क काम जसले राष्ट्र हितमा केही गर्न सक्दैनसबै उही दांगका मुला हुन
365,kp sherey parchandeyradiko ban haru lai marnu moh tayar xu malai sniper waah ak 47 chaiyo,केपी शेरबहादुरको बनहरूलाई मार्नु मोह तयार छु मलाई स्नाइपर वाह आके ४७ चाहियो
366,k vayera gako content jhan jhanai naramro hudaixa tittle euta briefing anekau yesto xai vayena hai,के भइरा गएको कन्टेन्ट झन झनै नराम्रो हुँदैछ टाइटल एउटा ब्रीफिङ अनेकौं यस्तो छैन भनेन है
367,tai vayera views jhan jhan kam hudai gako,तै भइरा भ्यूज झन झन कम हुँदै गएको
368,adi india ma bha aaj samma biopic movie bani sakteyo,आदि भारतमा भएको आजसम्म बायोपिक मूवी बनी सकेको
369,balen ko name le grdaa aako video herna,बलेनको नामले ग्रड्दा आएको भिडियो हेर्न
370,lady balen re tori muji tanlai ni ids or tero name bahek totle bhanera naamakaran garaun bolaaun katti balen ko lado chusna sakne page ho yo harek nachahine topic ma balen ghusaune,लेडी बलेन रे तोरी मुजी तँलाई नि आइडीज ओर तेरो नाम बाहेक टोटले भनेर नामकरण गरौं बोलाउँ कत्ति बलेनको लाडो चुस्न सक्ने पेज हो यो हरेक नचाहिने टोपिकमा बलेन घुसाउने
371,balen is gents nani maiya,बलेन इस जेन्ट्स नानी माया
372,chorbhrasta madhesi dalaal upendra yadav ley k boleko,चोरभ्रष्ट मधेसी दलाल उपेन्द्र यादवले के बोलेको
373,saalaa kati choti mantri vo,साला कति चोटी मन्त्री हो
374,yesley gareko euta ramro kaam ni xaina holaa,यसले गरेको एउटा राम्रो काम नि छैन होला
375,yo ids vanne shyam jata bata pani raja sasan nai galat thiyo vanxa hau hamro ghau thau ma annai vayo vane kasai galat kaam garyo vane panchahit le majha le sath ra help garthiyo vannu huntyo bau baje le tara timro kura anusar jati nai galat gare ni desh nai becheni tehi bahun haru nai sahi ra yehi ra rajtantra galat vanxau,यो आइडीस भन्ने श्याम जहाँबाट पनि राजा शासन नै गलत थियो भन्छ हौ हाम्रो गाउँ थाउमा अन्नै भयो भने कसैले गलत काम गर्यो भने पंचायतले मज्जाले साथ र हेल्प गर्थियो भन्नु हुन्थ्यो बाउ बaje ले तर तिम्रो कुरा अनुसार जति नै गलत गरे नि देश नै बेचेनी तेही बाहुनहरु नै सही र यही र राज्यतन्त्र गलत भन्छौ
376,gedaa ko baleen mugii andhkabht nabunmm haaii sir g  balen leee thelaa walaa laai lkahtekoo bahek keii kamm gareko jstoo taa dekhaidaain 12 mainaa bahekk kaam garekoo xaain aaadhaa banayere xodekoo footpath sadak petiiidhal sadaak sab aadha aadhuroo xoderr vagx kam gari raa xaaan rey hawaa gufff,गेडाको बलिन मुगी अन्धकभट नबुनम्म हाइ सर जी बलेन ले थेला वाला लाई लेख्तेको बाहेक केहि काम गरेको जस्तो ता देखाइदैन १२ महिनाभन्दा काम गरेको छैन आधा बनाइरहेको फुटपाथ सडक पेटीधल सडक सब आधा अधुरो खोदेर वाग काम गरि रा छन् रे हावा गुफ्फ
377,lady balen nai vannu vanda ni siddai nanimaiya dahal vane vaigo ni rajnitik chet vako sabbai le ko ho vanera chinxan yesto saro natak nai garnnu pardaina,लेडी बलेन नै भन्नु भन्दा नि सिधै ननिमैया दाहाल भने वाइगो नि राजनीतिक चेत भएको सबैले को हो भनेर चिन्छन् यस्तो सारो नाटक नै गर्नुपर्दैन
378,maahata gandi vaneko nepal ko netaa ho,महाता गन्दी भनेको नेपाल को नेता हो
379,lady balen nabhana nani maya nai bhan,लेडी बलेन नभना नानी माया नै भन
380,lady balen rey gandu uha ko aafnai name rakhna sakdainas,लेडी बलेन रे गन्दु उहा को आफ्नै नाम राख्न सक्दैनन्
381,lady balen shah of nepal vannu vanda  balen lai chai gents nanimaiya of nepal vannu thik hola ni  kina ki nani maila balen vanda dherai agadi aayeki hun,लेडी बलेन शाह अफ नेपाल भन्नु भन्दा बलेन लाई चैं जेन्ट्स ननिमैया अफ नेपाल भन्नु ठीक होला नि किनकि नानी माइलो बलेन भन्दा धेरै अगाडि आएको हुन
382,daami majja aayo bhai,दामी मज्जा आयो भाई
383,k bidhi euta neta ko jhole baneko ho ids,क विधि एउटा नेता को झोले बनेको हो आइडीएस
384,panchayat jasto nirdaliya tanashahi bewastha ko biruddha bidroha garne manxe lai lady balen re  40 barsa pahila history banako manxe tyo pani ahile ko vanda incomparable circumstances ma uslai ahile ko ek jana neta ko lady version vanna milxa,पंचायत जस्तो निर्दलीय तानाशाही व्यवस्था को विरुद्ध विद्रोह गर्ने मान्छे लाई लेडी बलेन रे ४० वर्ष पहिले इतिहास बनाएको मान्छे त्यो पनि अहिले को भन्दा incomparable circumstances मा उसलाई अहिले को एक जना नेता को लेडी version भन्न मिल्छ
385,kasto nati jastai hajurba vanxan ki,कस्तो नाती जस्तै हजुरबा भन्छन की
386,kasto hajurba jastai nati vanxan,कस्तो हजुरबा जस्तै नाती भन्छन
387,euta neta ko pr promotion ko chakkar ma yo bidhi jhole banera historic legends lai badnam garne tala parne kam nagarnu hola,एउटा नेता को प्र प्रमोशन को चक्कर मा यो विधि झोले बनेरा historic legends लाई बदनाम गर्ने तला पर्ने काम नगर्नु होला
388,kp oli parchande deuwa unharlai estai neta chainca,केपी ओली पार्चन्दे देउवा उनीहरुलाई यस्तै नेता छैन
389,afu ley ta 15 barsa mai rastra xodi haley,आफु ले त १५ वर्ष मा राष्ट्र छोडी हाले
390,kp chor daka bhrastachari lutera ho,केपी चोर डाका भ्रष्टाचारी लुटेरा हो
391,nani maiya lai unkai namley introduce garnuparney ho yesari lady balen banera haina uni ta mayor balen bhanda aagadi nai thyin aba k hamiley ktm ko mayor male nanimaya bhanera hunxa ta,नानी माईया लाई उनको नामले introduce गर्नुपर्दै हो यसरी लेडी बलेन बनेरा होइन उनी त मेयर बलेन भन्दा अगाडि नै थिइन अब के हामीले काठमाडौं को मेयर मले नानिमाया भनेर हुन्छ त
392,yeti bhanda mailey dubaijanalai respectfully afno ramro kaamko lagi aafnai naamley pahichan pauney adhikar xa bhanna matrai khojeko ho,यति भन्दा मैले दुबैजनालाई रिस्पेक्टफुल्ली आफ्नो राम्रो कामको लागि आफ्नै नामले पहिचान पाउने अधिकार छ भन्न मात्र खोजेको हो
393,i dont think jo aaaepani aba chahe balen hos ya harka yata koii  desh khokhlo xa system vitra dekhi vitra khattam,आइ डोन्ट थिंक जो आएपनि अब चाहें बलें होस् या हरका यता कोइ देश खोखलो छ सिस्टम भित्र देखि भित्र खत्तम
394,aas nai xoddim aba yo desh banxa vanera,आस नै छोड्दिम अब यो देश बन्छ भनेर
395,kai hai yarr buda haru le crypto legal nagarako karan balla balla tagera garako paisa crypto ma janxa banera darara ho inar buda haru,काइ है यार बुढा हरूले क्रिप्टो लीगल नगराको कारण बल्ल बल्ल तागेर गरेको पैसा क्रिप्टोमा जान्छ भनेर डरारा हो इनार बुढा हरू
396,paypal pani launu parxa nepal ma international payment ko konai method nai xaina,पेपल पनि ल्याउनु पर्छ नेपालमा इन्टरनेशनल पेमेंटको कोनै मेथड नै छैन
397,yi mugi pakhe vikhari harulai k tha crypto bata yata baira manxe le kati pragati gari raxa vanera murdo haru,यी मुगी पाखे भिखारी हरुलाई के थाहा क्रिप्टोबाट यता बाहिर मान्छेले कति प्रगति गरि राछन् भनेर मुर्दो हरू
398,balla hamro awajj uthaunu vayo thank you ids,बल्ल हाम्रो आवाज उठाउनु भयो थ्यांक यू आइडीएस
399,nepal ma crypto legal bayo hami india bata nepal ayera crypto transactions garnu parcha nepal govt lai tha hai paudayna,नेपालमा क्रिप्टो लीगल भयो हामी भारतबाट नेपाल आएर क्रिप्टो ट्रान्जेक्शन गर्नुपर्छ नेपाल सरकारलाई थाहा छैन पाउँदैन
400,abba madan bandari hatykanda launa parro,अब्बा मदन बाँडारी हत्याकाण्ड ल्याउन पर्छ
401,jo nepal xodxa tesla kei garxa,जो नेपाल खोड्छ तेस्ला केही गर्छ
402,banned nai thik xa kam se kaam yesh bata tw tax khadhaina jama launa haru la,बन्देड नै ठीक छ काम से काम यसबाट तु टैक्स खाधैन जामा ल्याउनेहरू ला
403,bhrastachar neta hru marepxi balla legal hunxa nepal ma bitcoin,भ्रष्टाचार नेता हरू मरेपछि बल्ल लीगल हुन्छ नेपाल मा बिटकोइन
404,nepal le crypto legal garna parxa nepali le ni rich banna pauna parxa,नेपाल ले क्रिप्टो लीगल गर्नुपर्छ नेपाली ले नि रिच बन्न पाउनुपर्छ
405,sabai desh aagari badhi rako xa nepali chai paxadi ney basirako xah,सबै देश अगाडि बढि रहेको छ नेपाली चाई पछाडि नै बसिरको छ
406,crypto ta xoda paypal samet legal xaina,क्रिप्टो त खोडा पेपल समेत लीगल छैन
407,i became helpless mero sabai paisa khaidiyo karmachari milera sabai crypto,आइ बिकेम हेल्पलेस मेरो सबै पैसा खाइदियो कर्मचारी मिलेर सबै क्रिप्टो
408,nepali youth lai khusi rakhna legal banauna parni 2 taa kura haru,नेपाली युवा लाई खुसी राख्न लीगल बनाउन पर्ने २ ता कुरा हरू
409,bhutan jasto garib desh le cripto ma lagani garera billion dollar kamayo ani dalali desh ra janta khane dictator haru,भुटान जस्तो गरिब देश ले क्रिप्टो मा लगानी गरेर बिलियन डलर कमायो अनि दलाली देश र जनता खाने डिक्टेटर हरू
410,nepal ma bitcoin legal vayo vaneyyyy nepal ko gdp ni badxa,नेपाल मा बिटकोइन लीगल भयो भने नेपाल को जीडीपी नि बढ्छ
411,forex tw garna garo xa bitcoin ko tw k aasha garnu,फोरेक्स ट्व गर्न गारो छ बिटकाइन को ट्व क आशा गर्नु
412,ma nepal mai basera kaam garne soch xa ma bidesh janna chahanna,म नेपालमा बसेर काम गर्ने सोच छ म विदेश जान्न चाहन्छु
413,nepal ma 2 pachi ke career options xa,नेपालमा २ पछि के करियर अप्सनहरू छन्
414,ke ke job garna sakinxa,के के जागिर गर्न सकिन्छ
415,2 padheko kun job garne kasari garne kaam kasari khojne kaam kasari pauna sakincha,२ पढेको कुन जागिर गर्ने कसरी गर्ने काम कसरी खोज्ने काम कसरी पाउन सकिन्छ
416,nepal serkar la kei kuar lai bhujana vana teslai illegal vanxa,नेपाल सरकारलाई केही कुरा बुझाउन भन्न तेसलाई इलीगल भनिन्छ
417,aajhai crypto banned garera k dekhauna khojeko,आजै क्रिप्टो ब्यान्ड गरेर के देखाउन खोजेको
418,crypto ma invest garna chahanuhunxa vane malaiii contact garnuhola maile gari raxu,क्रिप्टोमा इन्वेस्ट गर्न चाहनुहुन्छ भने मलाई सम्पर्क गर्नुस् मैले गरि राख्छु
419,124 ma nepal ko naksha galat xa hau dai milaunus hola desh ko apaman na garnus,१२४ मा नेपालको नक्शा गलत छ हौ दाई मिलाउनुहोस् होला देशको अपमान न गर्नुहोस्
420,mero man ko kura kasari bujunxa dai  maile recently yei ydo khogdai thye,मेरो मनको कुरा कसरी बुझिन्छ दाई मैले रीसेन्ट्ली यही यडो खोर्दै थिए
421,bro simantha kc guruji lai expose garnu na,ब्रो सिमान्त थ क्य गुरुजीलाई एक्सपोज गर्नु न
422,ma trade gàrxu chor sarkar le garda jantà garb xa india ma táx linxa,म ट्रेड गर्छु चोर सरकारले गर्दा जनता गर्ब छ इंडिया मा ट्याक्स लिन्छ
423,aba visa lagisakyo america gayara kinnu parla bitcoin,अब भिसा लागिसकेको अमेरिका गएर किन्नु पर्दा बिटकोइन
424,bhutan le aafai mine garera billions of dollars revenue generate garisakyo hami india lai bechera khusi chhau,भुटानले आफैं माइन गरेर बिलियन्स अफ डलर्स रेवेन्यू जनरेट गरिसकेको हामी इंडिया लाई बेचेका खुसी छौं
425,crypto legal hunuparxa bhane hajir garam,क्रिप्टो लीगल हुनुपर्छ भने हाजिर गरौं
426,cryptocurrency nepal ma illegal bhako bhayera esto video banayo bhanera government pachi parlani uniharulai ta bahana chaincha be aware,क्रिप्टोकरेन्सी नेपालमा ilegal भएको भएर यस्तो भिडियो बनायो भनेर गभर्नमेन्ट पछि पार्लानी उनीहरूलाई त बहाना छाइनच बि अवेयर
427,thuka nepal arkaharu kata kata pugisakyo hamro khate nepal bheekmagdai,थुका नेपाल अरकाहरू कताकता पुगिसकेको हाम्रो खते नेपाल भीखमाग्दै
428,madharchod bhrastachar bahek kehi tha xainamujiharlai,मधर्चोद भ्रष्टाचार बाहेक केही थाहा छैन मुझीहरूलाई
429,euta paypal lerauna sakeko chaina  yesta muji jholey nrb ra gov le k garla,एउटा पेपल ल्याउन सकेको छैन यस्ता मुझी झोले एनआरबी र गभले के गर्छला
430,nepal maa oppurtunistic kaam haru sabai banned hunxa 84 maa ramro ra intellectual lai maatra vote garam mero yo sano appeal sabai jana daju bhai dd bahini maa,नेपालमा अपोर्चुनिस्टिक कामहरू सबै ब्यान्ड हुन्छ ८४ मा राम्रो र इन्टेलेक्चुअललाई मात्र भोट गरौं मेरो यो सानो अपील सबै जना दाजु भाई दिदी बहिनीमा
431,crypto legal hunu parxa nepal ma,क्रिप्टो कानूनी हुनु पर्छ नेपालमा
432,crypto legal hunu parxa yrr mula tax ra ghuss khana paudaina vanyara ho mampaka,क्रिप्टो कानूनी हुनु पर्छ यार मुला टैक्स र घुस खान पाउँदैन भनेरा हो मम्पका
433,aba rule banara legal garepani kei hune wala chaina nepal derai paxi parisakyo ajai deu congress amale maobadi lai vote,अब नियम बनाइर कानूनी गरेपनि केहि हुने वाला छैन नेपाल धेरै पछि परिसकेको अझै देऊ कांग्रेस हामीले माओवादीलाई भोट
434,crypto india kati successfully vako xa,क्रिप्टो भारत कति सफलतापूर्वक भएको छ
435,most awaited video hamro nepal ma pni crypto legal hunu parxa jaba jii lakhau crypto minerinvestors haru xan crorekharab rs ghotala garnu vanda tyo paisa lai crypto lai lyera aagadi barda profit nahola rwkina crypto band garne nepal ma,सबैभन्दा प्रतीक्षित भिडियो हाम्रो नेपालमा पनि क्रिप्टो कानूनी हुनु पर्छ जब जि लाखौं क्रिप्टो माइनरइन्वेस्टर्स हरू छन् करोडखरब रु घोटाला गर्नू भन्दा त्यो पैसा लाई क्रिप्टो लाई लिएर अगाडि बढ्दा प्रोफिट नहोल रुक्ना क्रिप्टो बन्द गर्ने नेपालमा
436,cyrpto nalyaye pani international payment gateway bhako bha kati dami hunthyo,क्रिप्टो नाल्याए पनि अन्तर्राष्ट्रिय पेमेंट गेटवे भएको भए कति डामी हुन्थ्यो
437,nepal ko niti  janta lai dhani huna nadine  ani matra sarkar safal hunechan,नेपालको नीति जनता लाई धनी हुन नदिने अनि मात्र सरकार सफल हुनेछन्
438,nepali ko sano ra san kochi sochle nai ho nepal agi nabadeko,नेपालीको सानो र सान कोची सोचले नै हो नेपाल अगाडि नबढेको
439,nepal le 1btc1million vayesi balla legal garcha,नेपालले १बीटीसी १मिलियन भएको बेला कानूनी गर्छ
440,ma thokera vanxu hamro desh ko thulo pad ma vayeko marnu nasakeko chor bhratachar neta haru lai bitcoin ko spelling mattra sodhnu more than 95 le bigarxa,म ठोक्केर भन्छु हाम्रो देशको ठूलो पदमा भएको मर्नु नसकेको चोर भ्रष्ट्राचार नेता हरूलाई बिटकोइनको स्पेलिङ मात्र सोध्नु मोर थान ९५ ले बिगार्छ
441,hamro sarkar na aafu kei opportunity dine na global market le diyeko opportunity utilize garna dine aafu ghuskhori garera dhani banne janata lai garib nai marun vanne money laundering nagareka hun ra ghuskhor haru le huda na khada ko niyam kanum atti haina ra yo ta,हाम्रो सरकार न आफू केहि opportunity दिने न global market ले दिएको opportunity utilize गर्न दिने आफू घुसखोरी गरेर धनी बन्ने जनता लाई गरिब नै मारुन भन्ने money laundering नगरेका हुन र घुसखोर हरु ले हुँदा न खादा को नियम कानुम अत्ति होइन र यो त
442,koley vanyo illegal xa neta haru ko paisa ka bata janxa  blockchain haha,कोले भने illegal छ नेता हरु को पैसा का बाटा जान्छ blockchain हाहा
443,legal tw aboo budoo baa haruu leyy ka garxaa rww duniyaa blockchain rw web3 technology ma investment gardaexaa hamroo budoo ba haruu vhrastachar ma,legal त अबू बुढा हरु ले कागर्छन र्व् दुनियाँ blockchain र् web3 technology मा investment गर्दछन् हाम्रो बुढा बाः हरु भ्रष्टाचार मा
444,yatro ko band mugi matw aileya ni denkai 20 30 hajar tranjastion hanxu,यत्रो को बन्द मुठी माटो अहिले नै देखकै २० ३० हजार transaction हुन्छ
445,kamauna garo cha nepalma compaction ma aalu khancha jahile here pani minining ligal bhayepani kara kinaa garo huncha individual view ma,काम गर्न गारो छ नेपालमा compaction मा आलु खान्छ जहाँले हेरे पनि mining legal भएपनि किन गारो हुन्छ individual view मा
446,estai ho marna laako buda haru le desh chalayepaxi,यस्तै हो मर्न लागेको बुढा हरु ले देश चलाएपछि
447,jabo betting app kholna sakeko xaina jabo euta card baat online maa kei kinna mildaina bitcoin re,जब betting app खोल्न सकेको छैन जब एउटा card बाट online मा केहि किन्न मिल्दैन bitcoin रे
448,kp chor desh chod,kp चोर देश छोड
449,goveenment le regulatory body banauna nasakni weakness lai moneylaundering hyan tyan vanera threats ko rup ma dekhauna khojexa,government ले regulatory body बनाउन नसक्ने weakness लाई money laundering ह्यान त्यान भनेर threats को रूप मा देखाउन खोज्दैछ
450,kera hoina yo bakup gadatantra ho bidas janxu utai basxu remittance ni pathauna baru pariwar li sangai lanxu,केरा होइन यो backup गणतन्त्र हो बिदास जान्छु उस्तै बस्छु remittance पनि पठाउने बरु परिवार ले संगै लान्छु
451,nepal ma mg kei ni xaina online bata poisa kamauney berojgar banney bahek kei xaina,"नेपालमा मसँग केही पनि छैन, अनलाइनबाट पैसा कमाउने बेरोजगार बन्ने बाहेक केही छैन।"
452,money laundering tw yo ban garera pani hudai xa bro auu terai tira dekhai diu,"मनी लाउन्डरिङ त यो बन गरेर पनि हुँदैछ ब्रोक, आउ तेराई तिर देखाइ दिउँ।"
453,but deshko chor sala syal haru band vayanan kailey pani,तर देशको चोर साला स्यालहरू बन्द भइन् काहिलै पनि।
454,kera kumar le kera jastai explain garnu vayo thank you,"केरा कुमारले केरा जस्तै एक्स्प्लेन गर्नु भयो, थ्यांक यू।"
455,ani hamra neta haru ai ko kura garchan chutiya goru haru,अनि हाम्रा नेता हरू आइको कुरा गर्छन् चुतिया गोरुहरू।
456,muji patrukar 12 bhai muji murra muji,मुजी पत्रकार १२ भाई मुजी मुर्रा मुजी।
457,achcha hua maine sab khareed liya hai xrp bitcoin solana bitcoin 10 12 sal bad bechkar apne gaon nepal a jaunga wapas,अच्‍छा हुआ मैले सब खरिद लिएको छु XRP बिटकॉइन सोलाना बिटकॉइन १०-१२ साल बाद बेचेर आफ्नो गाउँ नेपाल आउँदा फर्कनेछु।
458,tyo muji neta ko ghand hannu perne muji neta ko,त्यो मुजी नेता को घाँड हान्नु पर्ने मुजी नेता को।
459,nepal ahela samma remittances le chalako desh ho so yadii yo bitcoin aayo vanee toh remittances khatam hunxa nii there is india also another reason jab india le legal grdae noh nii tab tak no chance in nepal,"नेपाल अहिले सम्म रेमिटेन्सले चलाएको देश हो, सो यदी यो बिटकॉइन आयो भने त रेमिटेन्स खतम हुन्छ नि, थेर इज इन्डिया अल्सो अनदर रिजन, जब इन्डिया ले लीगल ग्रेड नो हुँदैन तब त क्याँस इन नेपाल।"
460,jun desh ma manxe haru ajhai pani nigerian prince scam ma fasinxan jun desh ko majority populationle balla balla internet connection pako xan tyo desh ma crypto khulla rakhyo vane k hola ekchoti bidwaan harule sochdim hai us europw jasto thau jaha internet literacy high xa testo thaumata regularly nai scam bhairako hunxa nepalki halat k hola crypto ko market kati unregulared xa thaha holani mahasaya harulai,"जुन देशमा मान्छेहरू अझै पनि नाइजेरियन प्रिन्स स्क्याममा फसिरहेका छन्, जुन देशको म्याजोरिटी पपुलेशनले बल्ल बल्ल इन्टरनेट कनेक्शन पाएको छ, त्यो देशमा क्रिप्टो खुला राख्यो भने के होला, एकचोटी विद्वान् हरूले सोच्दिनन् है, उस युरोप जस्तो ठाउँ जहाँ इन्टरनेट लिटरेसी हाई छ, त्यस्तो ठाउँमा नियमित नै स्क्याम भैरहेको हुन्छ, नेपालकी हालत के होला क्रिप्टोको मार्केट कति अनरेगुलेटेड छ थाहा होला नि महाशयहरूलाई।"
461,maile 201213 ma nai bitcoin bujeko thea tara tyo bela hamlai kalse pathautho ra,मैले २०१२१३ मा नै bitcoin बुझेको थिए तर त्यो बेला हामीलाई कसलै पठाउँथ्यो र
462,nepal aafno decision ley garib vako hothats it mfs,नेपाल आफ्नो निर्णयले गरिब भएको होठात्स it mfs
463,bitcoin ko popular hunu ko main reason nai decentralized hunu ani key aafno hunu horegulate gare rw ani thulthulo transaction freeze garna sake tw yesko matlab nai vhayena nityo tw cbdcs jasto vhaihalyo ni,bitcoin को लोकप्रिय हुनुको मुख्य कारण नै decentralized हुनु अनि key आफ्नो हुनु होरेगुलेट गरे र अनि थुलथुलो transaction freeze गर्न सके त यसको मतलब नै भएको छैन नित्य त cbdcs जस्तो भइहाल्यो नि
464,ajhei ni bujhina maile lamo,आजै पनि बुझिन मैले लामो
465,nepali padhna najanne gawar neta harulai k tha crypto vanne,नेपाली पढ्न नजान्ने गवार नेताहरूलाई के थाहा crypto भन्ने
466,eth kaha tak jaa sakta hai,eth कहाँ तिर जान सक्छ
467,khatey neta haru lai goli hannuparxaaaaa,खते नेताहरूलाई गोली हान्नुपर्छ
468,who knows chor haru le afai secrets maa chalaucha,who knows चोरहरूले आफैं secrets मा चलाउँछ
469,fluff dher bhayo dada bhumika dher badhiyo,fluff धेरै भयो दादा भूमिका धेरै बढियो
470,jumla humla rukum ma tuin xa aajae asti varkher ni afno pregnant wife ko lagi saman leyara farkida tuin bata kaseyara ek jana ko jhyan geyo kina bikash vaxaina karnali yo subject ma video banauhos na janayuda karnali bata ne suru vaako hoina ra teha ek pokha nun lena ko laagi line xa garo xa karnali pradesh ko barayara ma ni vanuhola,जुम्ला हुम्ला रुकुममा तुइन छ आजै अस्ति फर्केर पनि आफ्नो pregnant wife को लागि सामान लिएर फर्किदा तुइनबाट कसैले एक जनाको झ्याँन गयो किन किन विकास भएको छैन कर्णाली यो subject मा video बनाउनुहोस् न जनायुदा कर्णालीबाट ने सुरु भएको होईन र त्यहाँ एक पोखा नुन लिनको लागि लाइन छ गारो छ कर्णाली प्रदेशको बारेमा म पनि भन्नुहोस्
471,thya mujiyo kura ta bhai hami le josley yo kura gareko ho tesko viudeo herei sakyoesto jabo info leyear yotube ma naa aijo naya kura exciting leyara aaijo,त्या मुजीयो कुरा त भै हामीले जोस्ले यो कुरा गरेको हो त्यसको भिडियो हेरेर सक्योस्तो जाबो info लिएर योट्यूबमा न आजो नयाँ कुरा एक्साइटिङ ल्याएर आइजो
472,nepal ma je opportunity milxa tainai banned hunxa,नेपालमा जे अपर्च्युनिटी मिल्छ तैनै ब्यान्ड हुनछ
473,crypto khelney nepal ma dherai manxey xainan,क्रिप्टो खेल्ने नेपालमा धेरै मान्छे छैनन्
474,thakuri dyansty 1456788 sq km,थकुरी डाइनस्ती १४५६७८८ स्क्वायर किमि
475,khatyuri dyansty  234367 sq km,खत्युरी डाइनस्ती २३४३६७ स्क्वायर किमि
476,malla kings  78  000 sq km,मल्ल किङ्स ७८ ००० स्क्वायर किमि
477,2035 samma 01 bitcoin matra pani hold garnu hunchaa bhane corerpati bannu hunchaa aele 117000 1 coin ko value abo ko kehi years ma 1m hit garchaa bitcoin le,२०३५ सम्म ०१ बिटकोइन मात्र पनि होल्ड गर्नु हुन्छ भने कोरर्पति बन्नु हुन्छ अहिले ११७००० १ कोइनको भ्याल्यू अबको केही वर्षमा १ मिलियन हिट गर्छ बिटकोइनले
478,budo haru le na bijekai ramro bujyo vani aam janta le tha nai napauni corruption garchan,बुढोहरू ले न बिजेकै राम्रो बुझ्यो भने आम जनता ले थाहा नै नपाउने भ्रष्टाचार गर्छन्
479,muji haru lai aile chai k nai vako jasto yetro corruption huda geda halayera basne government crypto banned garera development garne,मुजीहरू लाई अहिले चैं के नै भएको जस्तो यत्रो भ्रष्टाचार हुँदा गेद हल्येर बस्ने सरकार क्रिप्टो ब्यान्ड गरेर डेभलपमेन्ट गर्ने
480,kam xaina chor haru anpad gawar xan kasari bhujxan bitcoin,काम छैन चोरहरू अनपढ गवार छन् कसरी बुझ्छन् बिटकोइन
481,ani runmati bank harulai hundi garnu garo hune holanitw tehi vayera ban gareko ho,अनि रनमती बैंकहरूलाई हुनिडी गर्न गारो हुने होला नि त्यही भएर बन गरेको हो
482,mero low iq hola kei bujhena,मेरो लो आइक्यू होला केहि बुझिन
483,nepali neta harule lekheko padnata jadaina yesto gajang gujung chij raixa vanera band ta garne ho sad but truth,नेपाली नेताहरूले लेखेको पढ्नता जादैन यस्तो गजंग गुजंग चिज रैछ भनेर बन्द त गर्ने हो स्याड बट ट्रुथ
484,it’s very sad derai nepali le kaam pautiyo  make crypto legal in nepal,इट्स भेरी स्याड धेरै नेपालीले काम पाएका छन् मेक क्रिप्टो लीगल इन नेपाल
485,“jo garib huncha ni  tyo afno decision le garib huncha”,“जो गरिब हुन्छ नि त्यो आफ्नो निर्णयले गरिब हुन्छ”
486,mcc ko barema video banaunu pareu aaba,एमसीसीको बारेमा भिडियो बनाउनु पर्छ अब
487,dai tapai afno face reveal garnusn,दाई तपाई आफ्नो फेस रिभील गर्नुहोस्
488,police apf army sabai chor khate aparadhi haru xan yiniharu neta ra dhani mani ko talwa chatdai chaplusi garne matra hunn,"पुलिस, एपीएफ, आर्मी सबै चोर खाँटे अपराधीहरू छन् यीहरू नेता र धनी मनीको तलवा चाट्दै चाप्लुसी गर्ने मात्र हुन्"
489,yo jyan mara lai jel halnai parxw,यो ज्यान मरा लाई जेल हाल्नै पर्छ
490,garib haruko lagi nyae banekoi xaina,गरिबहरूको लागि न्याय बनेको छैन
491,janta nai veda vaya paxhi k garni kattai mero desh ko halate,जनता नै वेडा भयो पछि के गर्ने कत्तै मेरो देशको हालत
492,jaba samma janta ek jut vayera yo vrastachari harulai lakhetdainan taba samma kei hola jasto lagdaina nepal ma jaga janta,जबसम्म जनता एकजुट भएर यो भ्रष्टाचारीहरूलाई लेख्दैन तबसम्म केही होला जस्तो लाग्दैन नेपालमा जागा जनता
493,yo ghatana ko praman khojne ko xora haru parnu parne thiyo ni tha hunthyo sala dalal hru,यो घटना को प्रमाण खोज्ने को छोराहरू पढ्नु पर्ने थियो नि थाहाँ हुन्थ्यो साला दलालहरू
494,achamma cha hamro desh ra deshko nyay palika…,अचम्म छ हाम्रो देश र देशको न्यायपालिका…
495,ma nepal mai basera kaam garne soch xa ma bidesh janna chahanna,म नेपालमा बसेर काम गर्ने सोच छ म विदेश जान चाहन्न
496,nepal ma 2 pachi ke career options xa,नेपालमा २ पछि के करियर अप्सनहरू छन्
497,ke ke job garna sakinxa,के के जागिर गर्न सकिन्छ
498,2 padheko kun job garne kasari garne kaam kasari khojne kaam kasari pauna sakincha,२ पढेको कुन जागिर गर्ने कसरी गर्ने काम कसरी खोज्ने काम कसरी पाउन सकिन्छ
499,yota marna aati halexa  aba aaune chunab ma uthdai holan eska vai vardar haru  feri jitaunu parxa  vote halnu parxa  esto ramro manxe sarkar ma pani hunuparxa  lu jitaunu parxa hai,एउटा मर्न आउँछ अब आउने चुनावमा उठ्दै होला यसका वाइ वर्दारहरू फेरि जिताउनु पर्छ भोट हाल्नु पर्छ यस्तो राम्रो मान्छे सरकारमा पनि हुनुपर्छ ल जिताउनु पर्छ है
500,yo muslim haru ja pani yestai kam garxan jatha haru,यो मुस्लिमहरू जाँदा पनि यस्तै काम गर्छन् जथाहरू
501,kasto din aayo asto darlagdo hatyara lai encountet hannu sato adalat ley xoddinxa  afu ley na vogi aru ley kaila bujdainan,कस्तो दिन आयो अस्तो डर लाग्दो हत्यारा लाई इन्काउन्टर हुनु सato अदालत ले झोड्दिन्छ आफु ले न वोगी अरु ले काइला बुझ्दैनन्
502,yo kura le sabit hunx pulice lai pani biswas garna sakin jaslai hamle rakhachak vanxau tehi bhakchak vaye paxi,यो कुरा ले साबित हुन्छ पुलिस लाई पनि विश्वास गर्न सकिन जसलाई हामीले राख्छक भन्यौं तेही भकचक भए पछि
503,teo aftab matra navai sabjana jojo sahavagi xa teo hatyakanda ma teo sablai masu kateko jasari tarpai tarpai marera janawar lai khauna chahanxu ma,त्यो अफ्ताब मात्र नबाई सब्जना जोजो सहवागी छ त्यो हत्याकाण्ड मा त्यो सबैलाई मासु काटेको जसरी तरपाई तरपाई मरेर जनावर लाई खानु चाहन्छु म
504,kasari garn sakyo hola nii tyo haru lee,कसरी गर्न सक्यो होला नि त्यो हरु ले
505,nepali vanna laj lagyo,नेपाली भन्न लाज लाग्यो
506,kukur police sab sano tino gunda aaja desh hakdai baseko xa,कुकुर पुलिस सब सानो तिनो गुँडा आज देश हाक्दै बसेको छ
507,volume ali low jasto lago malai,भोल्युम अलि लो जस्तो लागो मलाई
508,jaat le pako yestai hunxan yeni haru to be honest yo jaat lai nepal bata nekalnu parne,जात ले पाको यस्तै हुन्छन येनी हरु तो बी अनस्ट यो जात लाई नेपाल बाट निकाल्नु पर्ने
509,sabai kura bikxa hamro desh ma,सबै कुरा बिक्छ हाम्रो देश मा
510,kanun andha toh hai magar bsdk chuke bhi mehesus nahi hota kya,कानून अन्धा त होईन मगर बsdk चुक पनि महसुस छैन होता क्या
511,1105 gadu muji ladai khana janmeko yo jibro nava duijibre,११०५ गाडु मुजी लडाई खाना जन्मेको यो जिब्रो नवा दुईजिब्रे
512,ghatana na gatya khai tw tehi manchey haru kata gaye  kasari haraye murdar le kahile pani khusi paune chaina  7 juni sama polxa khatay lai,घटना न गत्या खै तु तेही मान्छे हरु कता गए  कसरी हराए मुर्दार ले कहिले पनि खुसी पाउने छैन  ७ जुनिसम्म पोल्छा खटायलाई
513,nepal sarkarle yati kada karbahi grnu parthiyo ki nepal adhirajya bhariko apradhi haru kamnu parthiyo afsos nepal sarkar afaima euta apradhi mafia papi bhastachari dalal,नेपाल सरकारले यति कडा कारबाही गर्नुपर्थ्यो कि नेपाल अधिराज्यभरिका अपराधी हरु कम्नु पर्थ्यो अफसोस नेपाल सरकार आफैमा एउटा अपराधी माफिया पापी भ्रष्टाचारी दलाल
514,yo chor deuba pani mileko raixa yesma,यो चोर देउबा पनि मिलेको रैछ यसमा
515,yestai ho saathi yeti hudaa ni vote tinai lai haalxan manxe paxi tinkai parxan kahile hola haami nepali ko buddi palaune,यस्तै हो साथी यति हुँदा नि भोट तिनैलाई हाल्छन मान्छे पछि तिनकै परछन् कहिले होला हामी नेपालीको बुद्धि पालाउने
516,sushila karki jasto nyayadhish lai mahaviyog lagaune sabb mafia vrastachari hun,सुषिला कार्की जस्तो न्यायाधीशलाई महावियोग लगाउने सबै माफिया भ्रष्टाचारी हुन
517,laxman neupanae yo radi ko ban police launa kasailay yesko photo sarbajanki garnu paryao,लक्ष्मण नेउपाने यो रेडीको बन पुलिस ल्याउन कसैले यसको फोटो सर्वजनिकी गर्नुपर्यो
518,radi bann congress ka karykartw kata xan mula haru thukka radi ko ban congress ka khaay haru,रेडी बन्न कांग्रेसका कार्यकर्ताहरू कता छन् मूल हरु थुक्का रेडीको बन कांग्रेसका खाय हरु
519,facebook ma upload garna milxa ki nae bhandina paro indeptstory,फेसबुकमा अपलोड गर्न मिल्छ कि छैन भन्दिन पर्छ इन्डेप्टस्टोरी
520,desh asto tetikai mawadi ako hoina xa,देश अस्ति त्यतिकै माओवादी आएको होइन छ
521,apf le kasri skat garxa,तपाईंले कसरीskat गर्नुहुन्छ
522,video alik dhilo halnu vako xa hajur,भिडियो अलिक ढिलो हाल्नु भएको छ हजुर
523,rautahat ma janmine haru sab kayar hun,रौतहटमा जन्मिनेहरू सबै कायर हुन्
524,yo abtal alam naramro manxe hoo,यो अबतल आलम नराम्रो मान्छे हो
525,jo galat krta hain usko sab milke sabak sikaho warna akele toh kuch nahi kar sakte hain ye kaliyugi duniya mein,जो गलत करता हैं उसको सब मिलके सबक सिखाओ वरना अकेले तो कुछ नहीं कर सकते हैं ये कालयुगी दुनिया में
526,aftab alam powerful hoina nepali janta bekoof hoo sala,आफताब आलम powerful होइन नेपाली जनता बेवकूफ हो साला
527,nepal bechdiye hunxa aadha bechi sake bekoof janta,नेपाल बेचिदिए हुन्छ आधा बेची सके बेवकूफ जनता
528,kaalo kaangres ra emaale kaa gu khaane haru prati haardik shradaanjali,कालो काँग्रेस र एमालेलाईका गू खानेहरू प्रति हार्दिक श्रद्धाञ्जली
529,altaf aalam shoukd be arrested,अल्ताफ आलम शौक्ड be arrested
530,aftab aalam jasto aparadhi lai aajiwan jail sajaye hunai parxa natra desh ma nyaye ko anubhuti hudaina,आफताब आलम जस्तो अपराधीलाई आजीवन जेल सजाए हुनै पर्छ नत्र देशमा न्यायको अनुभूति हुँदैन
531,nepali janta aba chup lagera basna bayek kunai uhooaye xoina,नेपाली जनता अब चुप लागेर बस्नabyeक कुनै उहूआये छैन
532,nepal ma basnu nai paap ho nepal ko government police sabeii chor hunnn nepall chodnuuu naii samadhan ho,नेपालमा बस्नु नै पाप हो नेपालको सरकार पुलिस सबै चोर हुन् नेपाल छोड्नु नै समाधान हो
533,sabai bhanda raxxas ta laxman neupane raixa dosi lai bachaune,सबैभन्दा राक्षस त लक्ष्मण न्यूपाने राइxa दोसिलाई बचाउने
534,yo machickni lai marnda parni aani tyo randi deuba lai pani,यो मचिकनीलाई मार्नुपर्‍यो अनि त्यो रंडी देउबा लाई पनि
535,sayad sp laxman neupane lai yo ghatana bare sabai thaha vayeko le hola,शायद स्प लक्ष्मण न्यूपानेलाई यो घटना बारे सबै थाहा भएकोले होला
536,tikapur ma mariyeko sayad unlai marnalai nai hola tikapur ma ghatana ghataiyeko,टिकापुरमा मारीएको शायद उनलाई मार्नलाई नै होला टिकापुरमा घटना घटाइएको
537,nyaya vanne kura garibke pawne adhikar xaina yo sala chor haru ra yiniharu bachawne haru duitai apradhi ho nepali janta arko choti vote khasalanu agadi sochnu ki kasto lai hamro vote jadai xa 2084 audai xa yedi aba kei vayena vane kaile na holaa,न्याय भन्ने कुरा गरिबले पाउने अधिकार छैन यो साल चोरहरू र यीहरू बचाउनेहरू दुवै अपराधी हो नेपाली जनता अर्को चोटी भोट खसाल्नु अघि सोच्नु कि कस्तो लाई हाम्रो भोट जाँदै छ २०८४ आउँदै छ यदि अब केही भएन भने कहिल्यै न होला
538,nyaya vanne kura garibke pawne adhikar xaina yo sala chor haru ra yiniharu bachawne haru duitai apradhi ho nepali janta arko choti vote khasalanu agadi sochnu ki kasto lai hamro vote jadai xa 2084 audai xa yedi aba kei vayena vane kaile na holaa,न्याय भन्ने कुरा गरिबले पाउने अधिकार छैन यो साल चोरहरू र यीहरू बचाउनेहरू दुवै अपराधी हो नेपाली जनता अर्को चोटी भोट खसाल्नु अघि सोच्नु कि कस्तो लाई हाम्रो भोट जाँदै छ २०८४ आउँदै छ यदि अब केही भएन भने कहिल्यै न होला
539,ids cid vanda fire xa,आइडीसीआईडी भन्दा फायर छ
540,kasto desh ma janmaliycham thukka,कस्तो देशमा जन्मलिएँ थुक्का
541,yestai ho nepal ko kanun dhaiba le janun,यस्तै हो नेपालको कानून धाइबा ले जानुन
542,mafharchut prahari neta ko gu chatwa type haru lai pakdera 24 ta photo halera hero ya kun neta le murder gareko xaina ra khai ta police ko power dekhako  gu chatdai fursad xaina jhatu haru,माफर्चुत प्रहरी नेता को गु चटवा टाइप हरु लाई पकडेर २४ ता फोटो हालेर हीरो या कुन नेता ले मर्डर गरेको छैन र खै त पुलिस को पावर देखाएको गु चट्दै फुर्सद छैन झटु हरु
543,veda nepali lai chaiyeko gaadtantra yei hoo,वेद नेपाली लाई चाहिएको गाड्तन्त्र यही हो
544,teyo boom banayara kaa patkauni vaneko hola yastoh manxe desh ko lagi khatra ho jhan yo bahira aayo vani badla ko rish le jhan thulo ghatana dorina sakx,त्यो बूम बनाएर का पट्काउने भनिएको होला यस्तो मान्छे देशको लागि खतरा हो झन यो बाहिर आयो भने बदला को रिस ले झन ठूलो घटना डोरीन सक्छ
545,muslim ja hunxa tyo desh barbad hunxa yo mug pani tei kisim ko kulankar ho,मुस्लिम जा हुन्छ त्यो देश बरबाद हुन्छ यो मुग पनि तेै किसिम को कुलंकर हो
546,deuba le kina chutaunxu vaneko,देउबा ले किन छुताउँछु भनिएको
547,democracy sunda kati ramro bebastha,डेमोक्रेसी सुन्दा कति राम्रो व्यवस्था
548,muslim lai nepal bata vagau nu parxa mg india pakistan bangladesh tira vagau,मुस्लिम लाई नेपाल बाट भगाउनु पर्छ म्ग इंडिया पाकिस्तान बंगलादेश तिर भगाउनु
549,katuwa mulasaala iniharulai pani pakistan pathaunu parcha,कटुवा मुलासाला इनिहरुलाई पनि पाकिस्तान पठाउनु पर्छ
550,aujhai aamale mawobadi ani kongress vandai hidau ani vote pani enailai halau kaam garna lai tw khadi xadai xa ni,अझै आमाले माओवादी अनि कांग्रेस भन्दै हिडौं अनि भोट पनि एनैलाइ हालौं काम गर्न लाई त् खडी भइरहेको छ नि
551,aftab alam lae arrested garnu paryo kanun kaha xa,अफताब आलमलाई arrested गर्नु पर्यो कानुन कहाँ छ
552,hatyara lai mananiya bhannu parne nepali ko kasto situation chyaaaaaaa masu bhat ra kahi hajar ko lagi vote bechne janta prati k bhannu,हत्यारालाई माननीय भन्नु पर्ने नेपालीको कस्तो situation छ यत्रा मासु भात र कहीं हजारको लागि vote बेच्ने जनता प्रति के भन्नु
553,thukka muji desh ko abastha,थुक्का मुजी देशको अवस्था
554,aftab alam lai atankbadi ghosana garum,अफताब आलमलाई आतंकवादी घोषणा गरौं
555,police prashashan jasto khattam kohi xaina,पुलिस प्रशासन जस्तो खत्तम कोही छैन
556,teslai pani tesari nai polnu parne … narna maa polinxa majjale,त्यसलाई पनि त्यसरी नै पोल्नु पर्ने … नरना मा पोलिँदैन मज्जाले
557,chor kati khatam k nepali congress,चोर कति खत्तम क नेपाली कांग्रेस
558,chor kati khatam k nepali congress,चोर कति खत्तम क नेपाली कांग्रेस
559,tyo mahila ko goli hani hatya nabhayeko vaye fasauna khojiyeko huna sakthyo,त्यो महिलाको गोली हानी हत्या नभएको भए फसाउन खोजिएको हुन सक्थ्यो
560,nyaya huncha nyaya garnu parcha dhila nai vaye pani doshi haru ko kankal nikalera nyaya huncha garnu parcha,न्याय हुन्छ न्याय गर्नु पर्छ ढिला नै भए पनि दोषीहरूको कंकाल निकालेर न्याय हुन्छ गर्नु पर्छ
561,tyo chor lai jail halera k garnu k tesle garda ti jyan gumayeka nirdosh haru farkera aauxan k ti buba aama le naya pauxan ta yo aftab alam ek kuyeko aalu matra ho tyo jasta hajarau chor haru le pani teskai dekha sikhi gari raka xan ghatna barema pramad lukaune ra naya na dine yo ek matra case hoina nepal ma hajarau yesta case haru xan khas ma hami nai veda hau hamle nai vote na dine ho vane ko janxa satta ma kasle pauxa yetro power ra kasle garxa yesto ku karma masu vat ra paisa ko lov ma aayera vote dida yestai hunxa ramro bekti lai vote diyo vane k hunxa vanni example nepal ma dekhina lai sakeko xa ajai pani yesta chor haru lai vote dine ho vane hami vanda aarko pusta le nepal ko asthitwa ho barema nai tha na paune awastha aauna sakxa so aba samay aayo sahi bekti lai ni chunne ra apradh ko birudhha awaj uthaune natawad ra jati bad ko antya garne,त्यो चोरलाई जेल हालेर के गर्नु क तेसले गर्दा ती जीवन गुमाएका निर्दोषहरू फर्केर आउँछन् क ती बुबा आमा ले नयाँ पाउँछन् त यो आफ्ताब आलम एक कुँयेको आलु मात्र हो त्यो जस्ता हजारौं चोरहरूले पनि तेसकै देखी सिकि गरी राखेका छन् घटना बारेमा प्रमाद लुकाउने र नयाँ न दिने यो एक मात्र केस होइन नेपालमा हजारौं यस्ता केसहरू छन् खासमा हामी नै वेडा हौं हामीले नै वोट न दिने हो भने को जान्छ सत्ता मा कसले पाउँछ यत्रो पावर र कसले गर्छ यस्तो कु कर्म मासु वात र पैसा को लोभमा आएर वोट दिए यस्तै हुन्छ राम्रै व्यक्तिलाई वोट दिइयो भने के हुन्छ भन्नी उदाहरण नेपालमा देखिनलाई सकेको छ अझै पनि यस्ता चोरहरूलाई वोट दिने हो भने हामी भन्दा अर्को पुस्ताले नेपाल को अस्तित्व हो बारेमा नै थाहा न पाउने अवस्था आउन सक्छ सो अब समय आयो सही व्यक्तिलाई पनि छान्ने र अपराध को विरुद्ध आवाज उठाउने नतवाद र जाति बाडको अन्त्य गर्ने
562,ajhai pani nepali janata yestai kai pachadi laagchan,अझै पनि नेपाली जनता यस्तै कै पछाडि लाग्छन्
563,yesto mugi dhoti lai marera falda kei hudaena machikney,यस्तो मुठी धोतीलाई मारेरा फल्दा केही हुँदैन मछिक्ने
564,mardeu na ye yeslai kosai le,मर्देउ न ये यसलाई कोहीले
565,ma aftab alam ko gau bata ho aftab le manxe le jalay ko xa tara tyo manxe haru thulo criminal thiyo kunai nirdos thiye na uni haru bomb banaune atankbadi mansikta ko manxeharu thiyo,म आफ्ताब आलम को गाउँबाट हो आफ्ताब ले मान्छे ले जलाएको छ तर त्यो मान्छेहरू ठूलो क्रिमिनल थिए कुनै निर्दोष थिएन उनीहरू बम बनाउने आतंकवादी मानसिकता को मान्छेहरू थिए
566,rabi ko jhole le banayeko video,रबी को झोले ले बनाएको भिडियो
567,sorry hai brother uchcha adalad janakpur hainq birgunj le ho safai deko,सरी है ब्रदर उच्च अदालत जनकपुर हैन बिरगंज ले हो सफाई दिएको
568,katai barai mero deshaasu nai aairako xa,कतै बाराइ मेरो देशासु नै आइरहेको छ
569,same vibe like druv rathis videos,सेम वाइब लाइक द्रुव रथीको भिडियो
570,justiceforrautahat aftabalam nepal whereisjustice,जस्टिसफररौतहत आफ्ताबआलम नेपाल व्हेयरइजजस्टिस
571,thukkkkaaa saala sherre chor kaaangres kira parera mor muji aalaam,थुक्क्कaaa साला शेर्रे चोर काँग्रेस किरा परेर मोर मुजी आलाम
572,eh lwat bhai afno manxe harako xa,एह ल्वाट भइ आफ्नो मान्छे हरको छ
573,hoki hoina vanxan sabai afno manxe adalat ma boleko vanera,होकी होइना भन्छन सबै आफ्नो मान्छे अदालत मा बोलेको भनेर
574,nepal ko sabaii case haru ma oli deuba ra prachanda ko naam aaucha salaaaa chorr haruu,नेपाल को सबै केस हरु मा ओली देउबा र प्रचण्ड को नाम आउँछ साला चोर हरु
575,yslai pni marnu prxa,यसलाई पनि मार्नु पर्छ
576,j hunxa nepal mai hunxanyaye mareko desh,जे हुन्छ नेपाल मा हुन्छन्याय मरेको देश
577,bomb banaune yo sabai sikh mohammad rajputkhan maatra suninxa yo chikne dhoti haru ho nepali hainan yiniharu laae samaymai khedaiyena vane sakkauxa desh,बम बनाउने यो सबै सिख मोहम्मद राजपुतखान मात्र सुनिन्छ यो चिख्ने धोती हरु हो नेपाली होइन यीहरु लाई समयमा खेलेन भने सकिन्छ देश
578,bus accident bhayema sabhai public milera tyo bus lai dhunga n aago lagawcha… teshtai jashtai yellai ni public milera tellai nangai jalawnu parxa,बस एक्सिडेन्ट भएमा सबै पब्लिक मिलेर त्यो बस लाई ढुंगा न आगो लगाउँछ… तेशै जस्तै येल्लाई नि पब्लिक मिलेर टेल्लाई नाङ्गै जलाउनु पर्छ
579,hajur lai auta arko news thana vayeko ho ki tha vayera pani yo story ma mention na gareko ho tha vayena ssp laxman neupane joslai sabai ghatna bare tha thiyooo tehi ssp neupane 2072 bhadra 7 ma tikapur andolan ma marinchan abo k lagxa tikapur andolan ma ssp marinu vaneko k auta ghatna matra thiyo ki auta preplanned murder,हजुर लाई एउटा अर्को न्यूज थान भएको हो कि थाहा भएर पनि यो स्टोरी मा मेनशन न गरेको हो थाहा भएन सssp लक्ष्मण न्योपाने जोसलाई सबै घटना बारे थाहा थियो त्यही सssp न्योपाने २०७२ भद्र ७ मा टिकापुर आन्दोलन मा मरेका छन् अब के लाग्छ टिकापुर आन्दोलन मा ssp मार्नु भनेको के एउटा घटना मात्र थियो कि एउटा प्रीप्लान्ड मर्डर
580,noting muslima neta vanyra jannako,नटिङ मुसलिमा नेता भन्दै जान्नको
581,nirmala pant naniko aile samma naye napaune desh ho hamro,निर्मला पन्त ननिको अहिले सम्म नaye नपाउने देश हो हाम्रो
582,oli deuwa ya prachande le 24 lakh diyo bhane sab yi video hatau xa youtube ke hatayo bhanero,ओली देउवा या प्रचण्डले २४ लाख दियो भने सब यी भिडियो हटाउ छ युट्यूब के हटायो भनेर
583,yei vayera ids best xa,यही भएर ids बेस्ट छ
584,aba kun din wso le neta haruko support ma boldai ids le banako video galat xa vandai content banauna ber lagaudaina,अब कुन दिन wso ले नेता हरुको सपोर्टमा बोल्दै ids ले बनाएको भिडियो गलत छ भन्दै कन्टेन्ट बनाउन बेर लगाउँदैन
585,nepal xodne bahek kehi option chaina yo desh ma,नेपाल छोड्ने बाहेक केही अप्शन छैन यो देशमा
586,hami nepali haru nai vedaho,हामी नेपालीहरु नै वेदाहो
587,doshi li kaadaa vandaa kadaa sajaaye milosh,दोषीले काडा भन्दा कडा सजाए मिलोश
588,nepali congress le yasto manxe lai sansad ko card dinxa gu indiaan congressgu nepali police,नेपाली कांग्रेसले यस्तो मान्छे लाई संसदको कार्ड दिन्छ गु इन्डियन कांग्रेसगु नेपाली पुलिस
589,nepal ko neta matra haina court ka judge lai samet fasi dinu parne awastha bhaisakyo bhagwan xan ki xainan thabhayena rakxhyas bhanne dherai raixan,नेपालको नेता मात्र होइन कोर्टका जजलाई समेत फासी दिनु पर्ने अवस्था भैसकेको भगवान छन् कि छैनन् थाह छैन राक्षस भन्ने धेरै छन्
590,kasai sanga revenge linu xa ani kehi gari maryo vane aalam le jastai marera jalai kharani bagai dinudna trace hune kehi vaye metai dinu jalai dinu lass xaina praman xaina,कसैसँग रिवेन्ज लिनु छ अनि केही गरी मरेको भने आलमले जस्तै मरेर जलाइ खारानी बगाई दिनु न ट्रेस हुने केही भए मेटाई दिनु जलाइ दिनु लास छैन प्रमाण छैन
591,yo banda aagadi ko cmt ma pramad dinxu vane ko thiye tyo pramad k ho vane  tyo pramad aajhai pani ghar ghar ma xa tyo pramad k ho avha aafhai bujnu k bujnu hunxa,यो banda आगाडी को cmt मा प्रमाद दिन्छु भने को थिए त्यो प्रमाद के हो भने त्यो प्रमाद आजै पनि घर घर मा छ त्यो प्रमाद के हो अव्हा आफैं बुझ्नु के बुझ्नु हुन्छ
592,ids ko jyan lai nai khatra chha yesto ghatiya ko sarkar chha,ids को जीवनलाई नै खतरा छ यस्तो घटिया को सरकार छ
593,nepali congress maa vote dine janata sabai khusi xan yetti vasi,नेपाली कांग्रेस मा भोट दिने जनता सबै खुसी छन् यत्ति वासी
594,kp chor des xod,kp चोर देश छोड
595,mero nepal kastooooooo holaaaaaa mug sarkaaaar,मेरो नेपाल कस्तोooooooo होलaaaaaa मुग सरकार
596,chor chor haru lai mah tauke vayetaaaniiii,चोर चोर हरु लाई मह ताउके वैटानiiii
597,herdaaai choir jasari bolneee xa,हेर्दै चोइर जसरी बोल्नेee छ
598,baira ko chor haru yaha aayera chindhi diyeraaa,बाहिर को चोर हरु यहाँ आएर चिन्दी दिइरaaa
599,ani gundagardi gardai basexas chor haru,अनि गुंडागर्दी गर्दै बसेका चोर हरु
600,chhodnu hudaina ganatantra nalaek harulai,छोड्नु हुँदैन गणतन्त्र नालायक हरुलाई
601,andho kanun lai hardik sardhanjali,अन्धो कानुनलाई हार्दिक श्रद्धाञ्जली  
602,last k lagyo vannu hami nepali haru bunga hau vanne lagyo ani aba kun din rasan card bhadna thalxa ani nepali haun vanera vannu xodxateti ho,लास्ट क लाग्यो भन्नु हामी नेपालीहरू बुङ्गा hau भन्नु लाग्यो अनि अब कुन दिन रासन कार्ड भर्न थाल्छ अनि नेपाली हौं भनेर भन्नु सोध्दैछति हो  
603,ganatrantra bidhi ko sashan yehi honi raja falnu sama falyo aahiley bhutro vayexa doshi lai niyan nirdosh lai fasayera doshi wawawa kasto ramroo pragati gareyxa aahiley ko shree 4 maharaj haru ley desh lutna sama lutey garib janata ko ragat kati patak chusxas hau  yestai ho mero desh ley niyan mareyko,गणतन्त्र विधिको शासन यही होनी राजा फल्नु समा फल्यो अहिले भूतरो भएको दोषीलाई निर्दोषलाई फसाएर दोषी वावाबा कस्तो राम्रोगो प्रगति गरेका अहिलेको श्री ४ महाराजहरूले देश लुट्न समा लुट्दै गरिब जनताको रगत कति पटक चुस्छस hau यस्तै हो मेरो देशले निर्दय मरेको  
604,yaha sabai bikau chan katai bara mero desh lai sakayo yee rakchas haru le,यहाँ सबै बिकाउ छन् कतै बरा मेरो देशलाई सक्यो यी राक्षसहरूले  
605,ahile feri tithi haru judna thaleko cha,अहिले फेरि तिथि हरु जुद्न थालेको छ  
606,lumbini ko collapse kasari vako tesko barema pani video banaunus na,लुम्बिनीको कोलाप्स कसरी भएको त्यसको बारेमा पनि भिडियो बनाउनुहोस् न  
607,ma nepal mai basera kaam garne soch xa ma bidesh janna chahanna,म नेपालमा बसेर काम गर्ने सोच छ म विदेश जान्न चाहन्न  
608,nepal ma 2 pachi ke career options xa,नेपालमा २ पछि के करियर अप्सनहरू छन्  
609,ke ke job garna sakinxa,के के जागिर गर्न सकिन्छ  
610,2 padheko kun job garne kasari garne kaam kasari khojne kaam kasari pauna sakincha,२ पढेको कुन जागिर गर्ने कसरी गर्ने काम कसरी खोज्ने काम कसरी पाउन सकिन्छ
611,lichabi haru nepal kaile aaye tyo tapaile recharge nagari kina video jpt banaune haiit,लिचाबीहरू नेपाल कहिले आए त्यो तपाईले रिचार्ज नगरी किन भिडियो जिपिटी बनाउने हैट
612,month ko name chahi kasari k karan ley rakhiyo tyo pani khoji paam,मन्थको नाम चाही कसरी क कारणले राखियो त्यो पनि खोजी पाम
613,ko ho yo hawako gapod ko var ma bolne bikram sambat euta buddhist calendar ho jasko purano name malwa sambat thiyo tyo kunai nepali toriie laure harule banayeko calendar hoina gyan sahi dinu parxa hawako varma wikipedia facebook or whatsapp jasta ma haneko guff lai source banaune hoina,को हो यो हावाको गापोडको वर्षमा बोल्ने विक्रम संवत एउटा बुद्धिस्ट क्यालेन्डर हो जसको पुरानो नाम मालवा संवत थियो त्यो कुनै नेपाली तोरीले लौरहरूले बनाएको क्यालेन्डर होइन ज्ञान सही दिनु पर्छ हावाको वर्षमा विकिपीडिया फेसबुक वा व्हाट्सएप जस्ता मा भएको गफलाई स्रोत बनाउने होइन
614,hami nepali raaa hamro nepal mahan xaaaa,हामी नेपाली र हाम्रो नेपाल महान छ
615,bikram sambat hamro history ho nepalko pahichan pani so yeslai jagerna garnu parxa,विक्रम संवत हाम्रो इतिहास हो नेपालको पहिचान पनि सो यसलाई जागरूकता गर्नुपर्छ
616,nepal ko parmukha rajdhani kathmandu ho yo sabai lai abagat chha yo sahar newarjati sanga jodiyako chha kirat lichibi hos yo sabai newar samudaya sanga jodiya ko chha galat itihans lekhane kaàm rana haru le gare jasto lagchha jo satta ma chha itihans lekhiyo state kuro bujna lai newar haru sanga chha,नेपालको प्रमुख राजधानी काठमाडौं हो यो सबैलाई अवगत छ यो शहर नेवारजातिसँग जोडिएको छ किरात लिचाबी होस् यो सबै नेवार समुदायसँग जोडिएको छ गलत इतिहास लेख्ने काम राना हरूले गरे जस्तो लाग्छ जो सत्ता मा छ इतिहास लेखिएको राज्य कुरा बुझ्नलाई नेवारहरूसँग छ
617,dai tapai le contain banauna lageko dheri vayo tra azi pani,दाई तपाईले कन्टेन बनाउन लागेको धेरै भयो ट्रा आजी पनि
618,buddha sambat chai start garnu parxa,बुद्ध संवत चैं स्टार्ट गर्नुपर्छ
619,nepal sambat ko pani banauna paryo yauta video,नेपाल संवतको पनि बनाउनुपर्यो एउटा भिडियो
620,jaha ko guru bhartahari bartari what ever you say uha le afno raj path xodera afno bhai lai diyako ra afu sadhau bannu bhako ho uha kai bhai bikramdhiya bata bikram sambhat suru bhayako vanne manneta xa,जहाँको गुरु भार्तहरी बार्तारी व्हाट एभर यु से उहाले आफ्नो राजपथ छोडेर आफ्नो भाईलाई दिएको र आफु साधु बन्नु भएको हो उहाका भाई विक्रमधिया बाट विक्रम संवत सुरु भएको भन्ने मन्यता छ
621,baki ko k kaha kasare vanne chai reserch garnu bhaya ajha ramro huntheo details haru ko sath,बाकीको के कहाँ कसरी भन्नु भने रिसर्च गर्नु भयो अझ राम्रै हुन्छथ्यो डिटेल्सहरूको साथ
622,ma matra 57 barsa agadi hunu vanda development ma 57barsa agadi hunu ne 57barsa pachadi chai xa hamro desh,म मात्र ५७ वर्ष अगाडि हुनु भन्दा डेभलपमेन्टमा ५७ वर्ष अगाडि हुनु ने ५७ वर्ष पछाडि छ हाम्रो देश
623,vanda kheri yaha nepali harulai tito lagxa yaha hamro nepal ma aafnoi calendar xa taipani hamro nepali haru aadho vannuki sojho vannu aafno calendar xodera bideshi calendar prayog garnu thalisakeko xa ali ali janeko xu vandeima janne paltera yeti tarikh uti tarikhma vaneko sunxu ma kathai jatha haru,भन्दा केहि यहाँ नेपालीहरूलाई तितो लाग्छ यहाँ हाम्रो नेपालमा आफ्नै क्यालेन्डर छ तैपनि हाम्रो नेपालीहरू आधो भन्नुकी सोझो भन्नु आफ्नै क्यालेन्डर छोडेर विदेशी क्यालेन्डर प्रयोग गर्न थालिसकेका छन् अलि अलि जानेको छु भन्नेमा जान्ने पल्टेर यति तारिख उति तारिखमा भन्नेको सुनिन्छ म काठै जाताहरू
624,vikramaaditya agnivansi parmar danasty ka raja thea jun aile bhart ko ujjain thau ho,विक्रमादित्य अग्निवंशी परमार दानस्त्यका राजा थिए जुन अहिले भारतको उज्जैन थाउ हो
625,dhotiko date dhotile nai manna chhodeu,धोतिको डेट धोतीले नै मान्न छोडेउ
626,ajja euta kura vanna chahe pahila euta indian serial aauthiyo singhasan batishi tesma raja vikram aditya le 32 putali vayeko singhasan payeko kura garxan paxi nepali itihaskar le ho hamro aaile battisputali ko rammandir tira ki aspas singhsan lupt vayo vanne xa,आज एक कुरा भन्न चाहन्छु पहिले एक भारतीय सिरियल आउँथ्यो सिंहासनबाटिशी त्यसमा राजा विक्रमादित्यले ३२ पुतली भएको सिंहासन पाएको कुरा गर्छन् पछि नेपाली इतिहासकारले हो हाम्रो अहिले बत्तिसपुतलीको राममन्दिरतिर कि आसपास सिंहासन लुप्त भयो भन्ने छ
627,yestai content haru herna majja auxa,यस्तै कन्टेन्टहरू हेर्न मज्जा आउँछ
628,bikram mero sathi ho paila last tyape thyo aajkal sudhrera baseko chha paila tyape aile gauma manni bhaxa,बिक्रम मेरो साथी हो पहिले लास्ट त्यापे थियो आजकल सुधारेर बसेको छ पहिले त्यापे अहिले गाउँमा मान्नि भaxa
629,masdiya hunxa yeha kaslai matlab xara  yeslai masnai ta khojira ko xan daka haru le  yedi nationlism wala feel hunthiyo vane kasari hunxa bachauna ajha jod dinthiyo ni haina jhan smartphone aaya paxi masna jhan sailo vairaxa yo private company haru le jhan aago ma ghew thapne kam gardai xa a d lai priority diyara,मास्दिया हुन्छ यहाँ कसलाई मतलब छरा यसलाई मास्नै त खोजिराको छन् डाका हरूले यदि नेशनलिज्म वाला फील हुनथियो भने कसरी हुन्छ बचाउन अझ जोड दिन्थियो नि होइन झन् स्मार्टफोन आयपछि मास्ना झन् साइलो भइरहेको यो प्राइभेट कम्पनीहरूले झन् आगोमा घ्यू थप्ने काम गर्दै छन् ए डलाई प्राथमिकता दिइरहेका छन्
630,dhilo eayoo hoo vedio,ढिलो आयो हो भिडियो
631,jagarna garnii bro but 5887 year ma counting aagi huda ni k garnii bro kai hola tah ma ni since 6 years dekhi bahira mihanta gari raako xu mero desha le kai gari diyesa malai dherai salary chaiyena mero aama bau aani mero family ko sab exception pura bhaye tah ma bholi nai aautyeh,जागरण गर्नी ब्रो बट ५८८७ वर्षमा काउन्टिङ अगाडि हुँदा नि के गर्नी ब्रो काई होला त म नि सिँस ६ वर्षदेखि बाहिर मेहनत गर्दै आएको छु मेरो देशले काई गरिदिएको छैन मलाई धेरै स्यालरी चाहिएको छैन मेरो आमा बाउ अनि मेरो परिवारको सब एक्सेप्सन पूरा भए त म भोली नै आउँछु
632,hamro desh maa paile dekhi bs nai chaliraaxa,हाम्रो देशमा पहिलेदेखि बस नै चलिराछ
633,dai ko bdo kuri rathe bbl baglug dekhi,दाईको ठूलो कुरी रातको बब्ल बाग्लुगदेखि
634,tyo din beluka jure maa cow katera khayeko thiyo ani tyai katni bela tyaa naag sarpa aako thiyo re ani tyo naag ani tyasko 2 ota bachha pani mareko thhiyo re so this incident happened,त्यो दिन बेलुका जुरेमा काउ काटेर खाएको थियो अनि त्यै काट्ने बेला त्यहाँ नाग सर्प आएको थियो रे अनि त्यो नाग अनि उसको २ वटा बच्चा पनि मरेको थियो रे सो थिस इन्सिडेन्ट ह्यापेन्ड
635,mero ni ghar bara kilo derai dar lagxa tyo ghatana herda ghatna ghateko 5dinma teha pugeko thiya manxe haru ko tauko matra pani dekheko thiya,मेरो नि घरबाट किलो धेरै डर लाग्छ त्यो घटना हेर्दा घटना घटेको ५ दिनमा त्यहाँ पुगेको थिए मानिसहरूको टाउको मात्र पनि देखेको थिए
636,barabise ko jambu mhh xuu ailey pani ya ta pani ta pariko xiana aajha ta,बरबिसेको जाम्बु म हुँ अहिले पनि या त पनि त परिको छैन अझै त
637,mhh ni samachar mhh aula vanni pirxa sir,म पनि समाचार म आउला भन्नी पिरixa सर
638,wow dherai deep research garnu vayaxa dai ley hamleyni suneko thim tya red zone xa vanera nabasnu vanekoni thyo… mahni tei nakikai ko bazar ma they yo pahiro jada ani hami rati nai herna gako thim… still sindhupalchok ma tannai pairo gairako xaa,वाउ धेरै दीप रिसर्च गर्नु भएको दाईले हामीले पनि सुनेको थिम त्यहाँ रेड जोन छ भनेर नबास्नु भनेको थियो… महँनी तै नकीकैको बजारमा त्यही यो पहिरो जाँदा अनि हामी राति नै हेर्न गएको थिम… स्टिल सिन्धुपाल्चोकमा तन्नै पहिरो गइरहेको छ
639,mero afanta pariwar mareko thiyo,मेरो आफन्त परिवार मरेको थियो
640,dai le video nai haalnu vayena haamro interview walaa,दाईले भिडियो नै हाल्नु भएन हाम्रो इन्टरव्यू वाला
641,rasuwagadhi china border ma pni bkhr gako xa pahiro ani kerung npl jodne mitteri pul nai bagayo ysko barema banaunu,रसुवागढी चीन बोर्डरमा पनि भर्खर गएको छ पहिरो अनि केरुङ नपल जोड्ने मित्रता पुल नै बगाएको यसको बारेमा बनाउनु
642,k baal vayo vhanya marne marerakhun hamro oli ba bachnu paryo ni tw yar  pairo jhane lai help garne paisa le tw hamro ba kp kidney farnu parxa ni kasto bhujdaina yar tapai dai,के बाल भयो भन्या मर्ने मरेराख्नु हाम्रो ओली बा बच्नु पर्छ नि त् यार पाईरो झर्नेलाई हेल्प गर्ने पैसा ले त् हाम्रो बा केपी किड्नी फर्नु पर्छ नि कस्तो बुझ्दैन यार तपाई दाई
643,dai aditya tmg ko barey ma ne kei kura gardina paryo,दाई आदित्य तिम्रो बारेमा केही कुरा गर्नुपर्छ
644,brother vaisakeko kura vanda ni aja ni aru thau haru ma asto research vai rako hola tyo tjjokhim 759 thau haru ko chai list haru patta lagayera k gari ghatna hunu bata joginxa tyo patta lagauna paye hune ho,ब्रदर वैसकेको कुरा भन्दा पनि आज नि अरु ठाउँहरुमा अस्ति रिसर्च भइरहेको होला त्यो तजोकिम 759 ठाउँहरु को चैं लिस्टहरु पट्टा लगाएर के गरि घटना हुनुबाट जोडिन्छ त्यो पट्टा लगाउन पाए हुने हो
645,nepal ma purba tayari ki derai kami xa national lvl ma study vaye pani yo thau ma badi aauna sakxa yo thau ma pahiro jana sakxa vanera pahila nai alert gareko derai suniyeko xainw bipatti ko bela pani rescue garna derai time lagna ra kati awastha ma rescue nai gardaina  helicopter ma herna matra jane paxi rahat pani nadine haru pm xan rahat badne ma ni kati corruption hunxan hola,नेपालमा पूर्व तयारी की धेरै कमी छ नेशनल लेवलमा स्टडी भए पनि यो ठाउँमा बढी आउन सक्छ यो ठाउँमा पहिरो जान सक्छ भनेर पहिले नै अलर्ट गरेको धेरै सुनिएको छैन विपत्ति को बेला पनि रेस्क्यू गर्न धेरै टाइम लाग्न र कति अवस्थामा रेस्क्यू नै गर्दैन हेलिकोप्टरमा हेर्न मात्र जाने पछि राहत पनि नदिनेहरु पीएम छन् राहत बढ्नेमा नि कति करप्शन हुन्छन होला
646,m pni aafno practicall thesis assiment ko nimti 2 month darjeeling gyeko thhiye june july ko 12 weeks dar le rat vari suta nasakeko aaj pni jhal jhali yad aauchh,म पनि आफ्नो प्रैक्टिकल थेसिस असाइनमेन्टको निम्ति २ महिना दार्जिलिङ गएको थिएँ जुन जुलाईको १२ हप्ताको दरले रातभरि सुत्न नसकेको आज पनि झल झली याद आउँछ
647,satile sarapeko haina uneducated ra jhole le bhariyeko des ho,सतीले सारापेको होइन अनएडुकेटेड र झोलेले भरीएको देश हो
648,taplejung ko pani banaununa 45 gaon ma gako thiyo ekai choti,तप्लेझुङको पानी बनाउन ४५ गाउँमा गएको थियो एकै चोटी
649,muji patrukar 12 bhai muji murra muji,मुजी पत्रुकार १२ भाई मुजी मुर्रा मुजी
650,mero pani ghar tei pareyko thiyo mero ghar ko 3 jana pareyko thiyo,मेरो पनि घर त्यै परेको थियो मेरो घरको ३ जना परेको थियो
651,chovar ko galchii katney walama ni video banauna paryo ids,चोवरको गल्छी काट्ने वलामा नि भिडियो बनाउनु पर्यो ids
652,crusher haru la garda ho bro clear xa jati muni khano balwa mato giti dhunga jiko tyo thau bhorna l lai mathi bata aoune ho talakhali hudaii janxa so mathi bata bagne ho tyo thau bhorna lai its all about nature so sustainable development bhana la bikas garnu ho lamo samya lai huni gari tara bikas ko nam ma nature lai sakra binas aoune garda xa sabai brasta sarkar ko laparwai la hokhola bata nai teai ne pahad ko ja flood aoune dheraichance hunxa aafai khola khokro parneani flood la bagayo bhaniho hamro desh ko sarkar ra lobi janta ko karan la ho aoune samya ma dherai dukha samasya aoune wala xa nature is god which gives life to many creature but human being are destroying in tha name of development dukha ko kura yo kura sara janta lai tha xa jati chodo uti lutne bhaya hamro janta afno faida bayak kai herdainan aila afno galti la garda aoune pidi lai kati asar ra garo huni wala xa sab lai tha xa raine aan dekha garxan jaba desh ma kai kura ko birodh ra naya kura ko udaya hudaina nepalko bikas huni wala xaina dukha lagxa aouta raja hatauna sakne janta la 3 tauka raja haru lai halauna ne sakya xaina ra beurocesy ma ne sabai na ramro xaina bhani xaina tara ramrola ne political party ko pressure ma jati ramro kam garxu bhanda ne uapaya xaina ke chodnu paro ke sarwa garnu paro so dherai la badyata la garda ne pressure ma aaya ra ne suikrit dena badya bhairakoxan yedi imandar beuro aouni ho ra balan saha jasto pressure na leni ho bhai desh dherai bikas hunxa neta haru5 barsa lai hun karmachariharu 58 barsa sama hunxan 38 barsa sama power ma hunxan,क्रशरहरू ला गर्दा हो ब्रो क्लियर छ जतिमुनी खाने बलुवा माटो गिटी ढुंगा जिको त्यो ठाउँ भर्नालाई माथीबाट आउने हो तलखाली हुँदै जान्छ सो माथीबाट बग्ने हो त्यो ठाउँ भर्नालाई इट्स अल अबाउट नेचर सो सस्टेनेबल डेभलपमेन्ट भनालाई विकास गर्नु हो लामो समयलाई हुने गरी तर विकासको नाममा नेचरलाई सक्रा विनाश आउने गर्दा छ सबै भ्रष्ट सरकारको लापरवाहीला होखोलाबाट नै तेै ने पहाडको जा फ्लड आउने धेरै चान्स हुन्छ आफै खोलाखोक्रो पर्नेनी फ्लडला बगायो भने हो हाम्रो देशको सरकार र लोबी जनता को कारणला हो आउने समयमा धेरै दुखका समस्या आउने वाला छ नेचर इज गड विच गिभ्स लाइफ टु म्यानी क्रियचर बट ह्युमन बिइङ आर डेस्ट्रोइङ इन द नेम अफ डेभलपमेन्ट दुखको कुरा यो कुरा सारा जनता लाई थाहा छ जतिचोडु उति लुट्ने भयो हाम्रो जनता आफ्नो फाइदा ब्याककै हर्डैनन आइला आफ्नो गल्तीला गर्दा आउने पीडीलाइ कति असर र गरो हुने वाला छ सबैलाई थाहा छ रैने आन देख गरछन् जब देशमा कै कुरा को विरोध र नयाँ कुरा को उदय हुँदैन नेपालको विकास हुने वाला छैन दुख लाग्छ आउटा राजा हटाउन सक्ने जनता लाई ३ तौका राजा हरु लाई हलाउन ने सक्या छैन र ब्युरोक्रेसीमा ने सबै न राम्रो छैन भन छैन तर राम्रोला ने राजनीतिक पार्टीको प्रेसरमा जतिराम्रो काम गर्छु भन्दा ने उपाय छैन के छोड्नु पर्छ के सर्वागर्नु पर्छ सो धेरैलाई बाध्यता ला गर्दा ने प्रेसरमा आए र ने स्वीकृति दिन बाध्य भैरहेका छन् यदि इमानदार ब्युरो आउँनी हो र बलान साहाजस्तो प्रेसर नलेनी हो भने देश धेरै विकास हुन्छ नेता हरू ५ वर्षलाई हुन कर्मचारीहरू ५८ वर्षसम्म हुन्छन् ३८ वर्षसम्म पावरमा हुन्छन्
653,briana skyler pyrotechnics jach y ken dulo bnawnu,ब्रियाना स्काइलर पायरोटेक्निक्स जाच य केन दुलो बनाउनु
654,esto video haru banaunu hola nepal maa civil engineering ko esto video haru jaruri xa data bhaako research based video nepal maa dherai kaam xa,esto भिडियोहरू बनाउनु होला नेपालमा सिभिल इन्जिनियरिङको esto भिडियोहरू जरुरी छ डाटा भएको रिसर्च बेस्ड भिडियो नेपालमा धेरै काम छ
655,nepali nepali dropth rathi,नेपाली नेपाली ड्रपथ रथी
656,ai bata banayeko thamnail narakheko vaye hune yeti ramro program ko,ऐबाट बनाएको थाम्नैल नराखेको भए हुने यति राम्रो प्रोग्रामको
657,dolakha jilaa lapilang ma pani thulo pahiro gako cha sir euta vedio baidinu hola,दोलखा जिल्ला लापिलाङमा पनि ठूलो पहिरो गएको छ सर एउटा भिडियो बाइडिनु होला
658,durgeshsisangurasnani vdo herera yata hern aako saboi vdo herxu ids team ko,दुर्गेशसिसंगुरस्नानी भिडियो हेरेर यहाँ हेर्न आएको सबै भिडियो हेर्छु ids टीमको
659,oda palikako engineer haru nai thik xaina bhugol anusarko bikash hunuparne thauma afno bhudiko bikash garna tira lagyo yo partyko engineer harulai bisaya milayera karbahi hunu jaruri xa jasto kapanko kholaharu nalama parinat garejasto bikash thik hoina sivpuri nikunjako jaggama pani ghar banera jungle jamin binas tira lagdaixa,ओडा पलिकाको इन्जिनियरहरू नै ठीक छैन भूगोल अनुसारको विकास हुनुपर्ने थाउमा आफ्नो भूतिको विकास गर्नतिर लाग्यो यो पार्टीको इन्जिनियरहरूलाई विषय मिलाएर कारवाही हुनु जरुरी छ जस्तो कपानको खोलाहरू नालामा परिणत गरेजस्तो विकास ठीक होइन सिभपुरी निकुन्जको जग्गामा पनि घर बनाएर जंगल जमिन विनाशतिर लाग्दैछ
660,nam change garna niyam banaunu parxa mam,नाम चेंज गर्न नियम बनाउनु पर्छ म्याम
661,bhai sapari chai mukh bata nikalera bola na,भाई सपारी चैं मुखबाट निकालेर बोल न
662,dhat ek choti brastachar kanda ma faseko manxe lai feri vishwaas garu k sahi ho,धत एक चोटी भ्रष्टाचार काण्डमा फसेको मान्छे लाई फेरि विश्वास गरु के सही हो
663,rajnitini bata dhyan hatey po kam banthyo,राजनीति बाट ध्यान हटे पो काम बन्द भयो
664,ammammamaa achammai raichha ni mehanat nagari khana paune tannai khana paune peshaaa banyo nepal ma politics,अम्मामामा अचम्मै रहिछ नि मेहनत नगरी खाना पाउने तन्नै खाना पाउने पेशा बन्छ नेपालमा politics
665,oli baa wala baa chai gai ko baccha le garni baa jhai huna lageyo,ओली बाः वाला बाः चैं गाईको बच्चाले गर्नि बाः जस्तै हुन लागेको
666,randiko xoro oli machikne,राण्डिको झोरो ओली मचिक्ने
667,oli budo le mareko hola madan lai,ओली बुढो ले मरेको होला मदन लाई
668,84 ma khal hun xaa aaba,८४ मा खाल हुन छ आवा
669,kahile marni hola yo kp oli,कहिले मरनी होला यो केपी ओली
670,khate oli bahek chindainas muji,खते ओली बाहेक चिन्दैनस मुजी
671,dubai jana milera masti game kheldai chan 84 ko chunab jitna bheda janta vote nahala hai,दुबई जान मिलेर मस्ती गमे खेल्दै छन् ८४ को चुनाव जित्न भेडा जनता वोट नहाल है
672,kahile morxa yo jhapali kp chor uff,कहिले मोरचा यो झापाली केपी चोर उफ
673,hamlaiii ullo banaudaii xa gede oli ra yo bidhya le,हामीलाई उल्लो बनाउँदै छ गेडे ओली र यो विद्याले
674,tehe pani paxi lagna xordina tyo aama ba ko,तहे पनि पछि लाग्न छोड्दैन त्यो आमा बाको
675,bolne ko chamal bikcha vane jhai yo jhyakne le ni feri tei guffadi pusta jan maune vo,बोल्नेको चामल बिक्छ भने जस्तै यो झ्याक्नेले नि फेरि तेै गुफ्फाडी पुस्टा जान माउने हो
676,oli chor lai pani chorne chor ho,ओली चोरलाई पनि चोर्ने चोर हो
677,dhrub ratti le modi lai exposed gare jhai hjrle pani nepal ko harek bhrastchari neta tauke haruko barema birod garnu paryo awaj utaunu paryo exposed garnu paryo sir next video please,ध्रुब रात्तीले मोदीलाई एक्सपोज गरे जस्तै हजुरले पनि नेपालको हरेक भ्रष्टचारी नेता तौकेहरूको बारेमा विरोध गर्नुपर्यो आवाज उठाउनु पर्यो एक्सपोज गर्नुपर्यो सर नेक्स्ट भिडियो प्लीज
678,sabbai milyerw nepal bachauuu aaba,सबै मिलेर नेपाल बचाउँ अाबा
679,dai bal balika bidek passs vayo,दाई बल बालिका बिदेक पास भयो
680,janata ko ghaitoma ghaam nalage samma kei huni wala xaina veda haru ajhai pani masu vaat ko lagi paxadi lagne haru chhan thank you ids,जनता को घैतमा घाम नलागे सम्म केही हुने वाला छैन वेडा हरु अझै पनि मासु वातको लागि पछाडि लाग्नेहरु छन् थ्यांक यू आइडीएस
681,haina tyo bela oli ba le bidhya bayak aaru kt ko name nai lidainan theyaa tyae vara pratigyaa na vannu vako,होइन त्यो बेला ओली बाले विद्याब्याक अरु केटीको नाम नै लिदैनन् त्यहाँ त्यै वरिपरि प्रतिज्ञा न भन्नु भएको
682,yo pni oli kai plan huna sakxa hai tyai bhayera biswas manihalnu prne jaruri chhaina jo sukai pm jo sunai president bhayeni nepal jsta ko tstai rahanchha,यो पनि ओलीकै योजना हुन सक्छ है त्यै भएर विश्वास मानिहाल्नु पर्ने जरुरी छैन जो सुकै पीएम जो सुनाइ राष्ट्रपति भएनी नेपाल जस्तैको तस्तै रहन्छ
683,diwakar shah ma vayeko hastaxep ma vdeo banaunu,दिवाकर शाहमा भएको हस्ताक्षरमा भिडियो बनाउनु
684,gaping…banana democracy’s… afnu manxe xn tw banaunu parena tww… public vida kila theyana rww,ग्यापिङ…बनाउनु डेमोक्रेसीको… आफ्नो मान्छे एक्सन त बनाउनु पर्ने त… पब्लिक विदा किला थिएन र
685,oli ra bidhya devi 1 tai sikkako 2 pato hun,ओली र विद्यादेवी १ तै सिक्काको २ पातो हुन
686,desh ko sabai vanda ghin lagdo khatam kiro ho kp chor,देशको सबैभन्दा घिन लाग्दो खतम किरो हो केपी चोर
687,yesle purai nepali ko jindagi andhakar ma puryako xa khate muji,यसले पुरै नेपालीको जिन्दगी अन्धकारमा पुर्याएको छ खते मुजी
688,ba vanni mug haru sabai bidesh gairxan bistarai,बा भन्नी मुठीहरु सबै विदेश गइरहेका छन् बिस्तारै
689,ahile samaa kasle k khulkayo,अहिले सम्म कसले के खुल्कायो
690,2084 ma hamro haina ramro chunau,२०८४ मा हाम्रो होइन राम्रो चुनाव
691,how many know ki kp oli spain ma aauda 3 jana nepali manxea illegal vaiera baskeo xa jahaki kp oli sanga aaunea 3 jana lea 15 lakh tireara baseko xa yahai spain ma yesarai bechdai xa nepali haru,हाउ म्यानी नो की केपी ओली स्पेनमा आउँदा ३ जना नेपाली मान्छे illegal भइरा बसेको छ जहाँकी केपी ओलीसँग आउनु पर्ने ३ जना ले १५ लाख तिरेर बसेको छ यहाँ स्पेनमा यसैगरी बेच्दै छन् नेपालीहरू
692,whats bidhya devi cooking mero bichar ma mile samma ava kp oli ra bidhya devi milera kp rastapati ani bidhya devi pradhanmantri hune yojana hola tara sapath line belama kp oli le savai sapath lina launu hunexa bidhya devi lai just a opinion,व्हाट्स विद्यादेवी कुकिङ मेरो विचारमा मिलेसम्म आउँदा केपी ओली र विद्यादेवी मिलेर केपी राष्ट्रपति अनि विद्यादेवी प्रधानमन्त्री हुने योजना होला तर शपथ लिन बेलामा केपी ओलीले सबै शपथ लिनाल्नु हुनेछ विद्यादेवीलाई जस्ट अ ओपिनियन
693,oli lai desh bata hataideu ma jindagi var bidhya devi bhandari ko puja garchu,ओलीलाई देशबाट हटाइदेऊ म जीवनभर विद्यादेवी भण्डारीको पूजा गर्छु
694,baa lastai fataa vanera t shirt xapnu kera tantra sangai ids,बाआ लास्टै फाटा भनेर टी शर्ट छाप्नु केरा तन्त्रसँगै ids
695,mero najar feri te thumnail change moi xa,मेरो नजर फेरि ते थम्बनेल चेंज मोई छ
696,yo bahun haru nepal lutnalai nai janmeko rahexa,यो बाहुनहरू नेपाल लुट्नलाई नै जन्मेको रहेछ
697,yo video mahesh bartola jhole samma pugos,यो भिडियो महेश बरतोलाज holeसम्म पुगोस
698,be careful bidhya farkanuma oli kai chaal hunu sak6,बी क्यारेफुल विद्यादेवी फर्कनुमा ओलीकै चाल हुन सक्छ
699,yo video tiktok twitter facbook instagram maa ni haldinu hola aba tw ati vayo,यो भिडियो टिकटक ट्विटर फेसबुक इन्स्टाग्राममा नि हाल्दिनु होला अब ट्व एटी भयो
700,4 ota matra haina 10 ota kidney lagaya pani yini harulai nalagnu bhagwan juedai narga dekhnu baki xa yini harule,४ ओटा मात्र होइन १० ओटा किड्नी लगाएका पनि यीहरूलाई नलग्नु भगवान जुद्दै नरगा देख्नु बाँकी छ यीहरूले
701,chor mugi neta haru ko kahane k sunne,चोर मुगी नेता हरु को कहने क सुनने  
702,khadka prasad oli ko siddhanta,खड्का प्रसाद ओली को सिद्धान्त  
703,namarun jel aafai pm huney,नमरुन जेल आफैं पीएम हुने  
704,ani sojha sidhalai gaand hanney,अनि सोझा सिधलाई गाण्ड हान्ने  
705,ani bhrastchardalalfataha ani ulto ulto kaam garney,अनि भ्रष्टाचारदलालफताहा अनि उल्टो उल्टो काम गर्ने  
706,aba taw dharma ma lagney ani mokshya prapta garney kaam garney janakalyan kam garne tara yo manchey thyakkoi ulto,अब त धर्म मा लाग्ने अनि मोक्ष प्राप्‍त गर्ने काम गर्ने जनकल्याण काम गर्ने तर यो मान्छे त्यक्कै उल्टो  
707,yo oli le nepali janata agadi naakabandi modi lai gaali garera ra chuchhe naksa ko naatak garera pani public sentiment collect gareko thyo aile ko yo ghatanakram pani yo shyal ko arko natak huna sakcha tara aba kaam chaina janata dherai sachet bhaisake,यो ओली ले नेपाली जनता अगाडि नाकाबन्दी मोदी लाई गाली गरेर र चुँच्हे नक्सा को नाटक गरेर पनि पब्लिक सेंटिमेन्ट कलेकट गरेको थियो अहिले को यो घटनाक्रम पनि यो श्याल को अर्को नाटक हुन सक्छ तर अब काम छैन जनता धेरै सचेत भैसके  
708,ra yo kp oli jaile ki pm ki samsadh yo jaile pani huna pauney ho ki k ho,र यो केपी ओली जाइलै कि पीएम कि संसाध यो जाइलै पनि हुन पाउने हो कि के हो  
709,bhim rawal ko barema aauta video chahiyo,भीम रावल को बारेमा एउटा भिडियो चाहियो  
710,hawa analysis eekdam negative lagyo 902 9 20  jpt,हवा एनालिसिस एकदम नेगेटिभ लाग्यो 902 9 20 जिपिटी
711,hawa analysis eekdam negative lagyo 902 9 20  jpt,हवा एनालिसिस एकदम नेगेटिभ लाग्यो 902 9 20 जिपिटी
712,hawa analysis eekdam negative lagyo 902 9 20  jpt,हवा एनालिसिस एकदम नेगेटिभ लाग्यो 902 9 20 जिपिटी
713,hawa analysis eekdam negative lagyo 902 9 20  jpt,हवा एनालिसिस एकदम नेगेटिभ लाग्यो 902 9 20 जिपिटी
714,hawa analysis eekdam negative lagyo 902 9 20  jpt,हवा एनालिसिस एकदम नेगेटिभ लाग्यो 902 9 20 जिपिटी
715,hawa analysis eekdam negative lagyo 902 9 20  jpt,हवा एनालिसिस एकदम नेगेटिभ लाग्यो 902 9 20 जिपिटी
716,hawa analysis eekdam negative lagyo 902 9 20  jpt,हवा एनालिसिस एकदम नेगेटिभ लाग्यो 902 9 20 जिपिटी
717,hawa analysis eekdam negative lagyo 902 9 20  jpt,हवा एनालिसिस एकदम नेगेटिभ लाग्यो 902 9 20 जिपिटी
718,hawa analysis eekdam negative lagyo 902 9 20  jpt,हवा एनालिसिस एकदम नेगेटिभ लाग्यो 902 9 20 जिपिटी
719,yemale bachauna khojne daau ho oli ko fame ghatepaxi yemale lai jasari ni dhaalnu parchha 84 ma jo aayeni,येमाले बचाउन खोज्ने दाउ हो ओलीको फेम घटेपछी येमालेलाई जसरी नि ढाल्नु पर्छ 84 मा जो आएन
720,jyou sarakar aauna 14 din lagyo,जोयु सरकार आउन 14 दिन लाग्यो
721,khali negativity failauna bhaek kei aauna,खाली negativity फैलाउन भएके केहि आउन
722,oli ko against ali purabagrihi bayeko jasto lagyo malai chahibidhya devi bhandari ko name ma pura oli ko video banako xa,ओलीको अगेंस्ट अलि पुराबगृही भएको जस्तो लाग्यो मलाई चाहिबिध्या देवी भण्डारीको नाममा पूरा ओलीको भिडियो बनाएको छ
723,madan vandariko name bechera kp oli le des khayo,मदन वन्दारीको नाम बेचेर केपी ओलीले देश खायो
724,bidhya devi aayeni kp aayeni desh banune chai koi haina marne bela hariyo kakro bhaneko jastai jo pani tyei kursi ma basne ho twalla parne ho aani kaam garne genuine manche haru lai nikalne ho,विद्यादेवी आइनिन् केपी आइनिन् देश बनाउने चैं कोही होइन मर्ने बेला हरियो काक्रो भनिएको जस्तै जो पनि त्यै कुर्सीमा बस्ने हो ट्वल्ला पर्ने हो अनि काम गर्ने genuine मान्छेहरूलाई निकाल्ने हो
725,oli jasto manche kasari etti din samma pm banchha tyo pani achama chha,ओली जस्तो मान्छे कसरी एत्ति दिनसम्म पीएम बाँच्छ त्यो पनि अचम्म छ
726,oli chor desh chod,ओली चोर देश छोड
727,bidyaaa koo naam maa vote jamm gaeree arko pataak chunaab jiterr pm banni khel hoo oli ko,विद्याको नाममा भोट जम्मा गरेर अर्को पटक चुनाव जितेर पीएम बन्नी खेल हो ओलीको
728,josle yeslai 2 ta kidney diyo teslai khojnu parxa pailajoker pm of nepal,जसले यसलाई २ ता kidney दियो त्यसलाई खोज्नु पर्छ पाइलाजोकर पीएम अफ नेपाल
729,esko kp ko gungan lai expose garna paro,यसको केपीको गुनगानलाई expose गर्नुपर्छ
730,hamrai aama ko ghar ma basera phadeko bhidya devi le vhulke ma,हाम्रो आमा को घरमा बसेर फड्केको विद्यादेवीले भुल्केमा
731,dui dui patak rastrapati bhayera feri rajniti ma aauna thik haina bhandari lai pani shakti ra samman kai lobh bho haina sabai eutai hun,दुई दुई पटक राष्ट्रपति भएर फेरि राजनीति मा आउन ठीक होइन भण्डारीलाई पनि शक्ति र सम्मानकै लोभ भयो होइन सबै एउटै हुन
732,nєpαl mαα чѕtαí hσ αвα вurkínα fαѕσ mαα jαѕtαí hunu pαrхα nєpαl αrmч lє,नेपालमा चस्टाइ हो अब बर्किन फासोमा जस्ताइ हुनु पर्छ नेपाल आर्मच ले
733,sab ko ghar ma xirera katnu parxa machikney harulai,सबको घरमा सिरेर काट्नु पर्छ मछिन्द्रहरूलाई
734,raja auna parxa bidhya devi rajniti ma auna vanda,राजा आउन पर्छ विद्यादेवी राजनीति मा आउन भन्दा
735,abo vidhyadevi rajnitima aaia poni keii hune wala xina rastapati huda keii garna na sakne kina aunu paryo rw,अब विद्यादेवी राजनीतिमा आइन् भने केही हुने वाला छैन राष्ट्रपति हुँदा केही गर्न नसक्ने किन आउनु पर्छ र
736,84 ma dhobbi hareko herne maan xa,८४ मा धोबी हरेक हेर्ने मान छ
737,sab eutai ho eutai etro chup layera oli sanga kaam garne ani aaja achanak oli ko against jasto roopma aaunefuck samay samay estai garera janta ko mind divert garna kasle sakxa iniharile jastodont trustits all part of politics,सब एउटै हो एउटै यत्रो चुप लाएर ओली संग काम गर्ने अनि आज अचानक ओलीको अगेंस्ट जस्तो रूपमा आउनफक समय समय यस्तै गरेर जनता को माइन्ट डाइभर्ट गर्न कसैले सक्छ इनीहरूले जस्तो डन्ट ट्रस्टिट्स अल पार्ट अफ पोलिटिक्स
738,dai aru j vae thumbnail chai vayena hai tyo purba rastapathi ko photo halera tyasto kura leknu vaneko tyasle garda na ramro sandesh janxa dai tapai sanga better ko umeed hunxa,दाई अरु ज भए थम्बनेल छाइ छैन है त्यो पूर्व राष्ट्रपति को फोटो हालेर त्यस्तो कुरा लेख्नु भनेको त्यसले गर्दा न राम्रो सन्देश जान्छ दाई तपाई संग बेटर को उम्मेद हुन्छ
739,dui jana ma koi pani hunuhudaina,दुई जना मा कोही पनि हुनुहुदैन
740,veda janata haru ajhai yeni haru ko aash gardai basi pochi desh kaha bata agadi bardhxha ta,वेद जनता हरु अझै यिनी हरु को आश गर्दै बसे पोची देश कहाँ बाट अगाडि बढ्छ त
741,driver resham kaha gaye aaja voli khoji gardinu paro ids team,ड्राइभर रेशम कहाँ गए आज वोलि खोजी गर्नुपर्‍यो ids टिम
742,muji patrukar 12 bhai muji murra muji,मुझी पत्रुकार १२ भाई मुझी मुर्रा मुझी
743,kp oli vaneko dimag fuskeko chir chirey budo ho yestai ho marne bela rajniti garey paxi,केपी ओली भन्नेको दिमाग फुस्केको चिर चिरे बुढो हो यस्तै हो मर्ने बेला राजनीति गरेपछि
744,kale kale milera khaau valey sala bank balance sakiyo feri aunu vo ama des lutna,काले काले मिलेर खाऊ भाले साला बैंक बैलेंस सकियो फेरि आउनु भो आमा देश लुट्न
745,mahobadi jasto  hatti ko dekhaonai jasto ho milemato xa,महोबादी जस्तो हत्तिको देखाउने जस्तो हो मिलेमतो छ
746,oli randiko xoro machikne,ओली रन्डिको झोरो मचिक्ने
747,sabaii neta haru ko mukh ma mero lado hunxa aru kei haina kii tw raja ridendra chaio kii tw pratakxey nirbachan parnali,सबै नेताहरूको मुखमा मेरो लाडो हुन्छ अरु केही छैन कि त राजा रिदेन्द्र छ कि त प्रत्यक्ष निर्वाचन प्रणाली
748,politics ma farke ni napne kehi hoinapaila afno sriman ko hatyara patta lagaunus madam ki sadhai kp oli ko natho bhayera nai basne mann cha,राजनीति मा फर्के नि नपाउने केही होइनपहिला आफ्नो श्रीमानको हत्यारा पट्टा लगाउनुहोस् माडम कि सधैं केपी ओलीको नाथो भएर नै बस्ने मन छ
749,amale bachaunu cha vane oli lai laat hanu parcha,हामीले बचाउनु छ भने ओलीलाई लात हान्नु पर्छ
750,bhagwan sanga yahi binti xa ki yo mc xittai maros,भगवानसँग यही बिन्ती छ कि यो mc चित्तै मारोस
751,kp oli ra bidhya bhandari le nai madan lai mareko hunu parcha jai balen jai nepal,केपी ओली र विद्या भण्डारीले नै मदनलाई मारेको हुनु पर्छ जय बलेन जय नेपाल
752,kp chor ho kp chadai moros,केपी चोर हो केपी चाँडै मरोस
753,yinii haru laii chair kurshi maii jalauu nuu parxaa,यीनीहरूलाई Chair कुर्सीमा जलाउनु पर्छ
754,yo pali aaba duitai myachikne hatauna parcha,यो पलि अब दुईतै म्याचिक्ने हटाउन पर्छ
755,kei sandesh lukeko chaina  sab manipulation matrai ho  ijjat khera falera kei hune wala chaina sabai curruption ko arko manipulating khel ho,"केहि सन्देश लुकेको छैन, सब म्यानिपुलेशन मात्र हो, इज्जत खेर फलेर केहि हुने वाला छैन, सबै करप्शनको अर्को म्यानिपुलेटिङ खेल हो"
756,randi ko chora kp oli khate,रंडीको छोरा केपी ओली खाँडे
757,balen ley aaba thik parcha ba haru lai,बलेनले अब ठीक पर्छ बा हरूलाई
758,yo natak matrai ho kp oli ko popularity ghateko karan afu villan banera bidya lai agadi sareko matra ho bidhya jitema paxadi bata control garne oli nai hunxa nepali haru kina yesto simpleton,"यो नाटक मात्र हो केपी ओलीको पपुलारिटी घटेको कारण आफु भिलेन बनेर विद्या लाई अगाडि सारेको मात्र हो, विद्या जितेमा पछाडि बाट कन्ट्रोल गर्ने ओली नै हुन्छ नेपालीहरू किन यस्तो सिम्पल्टन"
759,buda balen banna khojya holan,बुढा बलेन बन्न खोज्या होला
760,geda kha jpayo tehi boleko xa baseko xa unsubscribe aaj bata,गेडा खा जिपायो तेही बोलेको छ बसेको छ अनसब्सक्राइब आजबाट
761,naya nataktah karah ko jasto gar moh gali khako jasto garxuvitra vitra mili mili khani ho nautankii,नयाँ नाटकता कराहको जस्तो गर मोह गली खाएको जस्तो गरक्सुवित्र भित्र मिलि मिलि खानी हो नाटकिंकी
762,bidhya bhanda oli thik,विद्याभन्दा ओली ठीक
763,desh dubxa duboss mero prathna xa ki desh dhuwasta hos tes paxi nai jhole ra jhole supporters lai dimag aauxa,देश डुब्छ डुबोस मेरो प्रार्थना छ कि देश ध्वस्त होस् त्यसपछि नै झोले र झोले सपोर्टर्सलाई दिमाग आउँछ
764,machakhanee kp vannn bahek k garn sakiyo rw,मछाखानी केपी भन्न बाहेक के गर्न सकियो र
765,aruu saaii thik xaa tara anjana siwakoti name xa tara photo vanee aaratii bhaatraii ko xaa sachaunaa parryo,अरू साई ठीक छ तर अञ्जना सिवाकोटी नाम छ तर फोटो पनि आरती भित्रको छ साचाउनु पर्छ
766,rajniti chatak jholey ho ava ta bujhooo guuu khaney nai hou jholey ho timaru ava bujhna jarurixa chora chori nati natna ley sarap laan,राजनीति चटक झोले हो अब त बुझो गू गहने नै हो झोले हो तिमारु अब बुझ्न जरुरी छ छोरा छोरी नाति नातिनीले सराप लान
767,madan cpn uml killed by compromises  and kp aayera sakayos bhandari ko legacy,मदन सीपीएन UML किल्ड बाइ कम्प्रोमाइजेस् र केपी आएर सकियो भण्डारीको लेगसी
768,budeskal ma ni breakup hunxa manxeharu ko aafno maya kata xin ajhai patto xaina,बुडेस्कलमा नि ब्रेकअप हुन्छ मान्छेहरू को आफ्नो माया कता छिन् अझै पट्टो छैन
769,kta kti ho ek bottle raksi ra kei paisa ko lagi desh mathi aajhau loan na thapum hola,केटा केटी हो एक बोतल रक्सी र केही पैसा को लागि देश माथि आजhau लोन न थपुं होला
770,lootna na pugera feri farkeki maharani namarey sama power chair chodni vayana,लुट्न न पुगेर फेरि फर्केकी महारानी नामरे सम पावर चेयर छोड्नि भइन्
771,k 17th janma jayanti thiyo ra 2082,क १७th जन्म जयन्ती थियो र २०८२  
772,yo chor ko jati birodh garey pani jhapa kaa jholey jantaa haru le aakhir uslaai nai vote diyera jitaauney hun tesailey yo marnu bahek kehi option nai xaina,यो चोरको जति विरोध गरे पनि झापा का झोले जनता हरूले आखिर उसलाई नै भोट दिएर जिताउने हुन तेसैले यो मर्नु बाहेक केहि अप्शन नै छैन  
773,lut ajai lut nepal lai kangal bana timi matyasni haru buda haru thu,लुट अझै लुट नेपाललाई कंगाल बना तिमी मात्यस्नी हरू बुढा हरू थु  
774,mah tw ek fera parna garna chahnxu bidhya devi lai  uha madan bhandari ko shremati hunu bahek aru khashai testo kam garni bhako xaina  uha tw ek fera desh ko mukhye padh ma pugnu bhako manxe  ek naitik aru rup le herda uha rajniti bata tada nai bhako ramro ki  abhiwak banera sabhai ko,मह त एक फेरामा पढ्न गर्न चाहन्छु विद्यादेवीलाई उहा मदन भण्डारीको श्रीमती हुनु बाहेक अरू खासै त्यस्तो काम गर्नि भएको छैन उहा त एक फेरामा देशको मुख्यमन्त्रीमा पुग्नु भएको मान्छे एक नीतिक रूपमा हेर्दा उहा राजनीति बाट तदा नै भएको राम्रो कि अभिवाक बनेरा सबैको  
775,haina yo party manxe haru pani kasto hoo,हैन यो पार्टी मान्छे हरू पनि कस्तो हो  
776,kei tw budhi ayo hola kp ka jhole haru,केहि त बुढी आयो होला केपी का झोले हरू  
777,hahahaha balen le vane jasto xa  alikai bias navaikana banam,हाहाहा बलेन ले भने जस्तो छ अलिकै बायस नबाइकाना बनाम  
778,vidio man paryo dhanyabad teem laai,भिडियो मन पर्यो धन्यवाद टिमलाई  
779,840 herera trigger huni manxe haru eta hajir garam ta,८४० हेरेर ट्रिगर हुने मान्छे हरू एता हाजिर गरौं त  
780,choor haru saab jana,चोर हरू साब जना
781,daai aastai halnu haii dally,दाई आस्तै हाल्नु है दली
782,sab sala chor homugi rahu,सब साल चोर होमुगि रहु
783,bidhya bhandari bhaneko kp oli barabar nai ho,विद्य भण्डारी भनिएको केपी ओली बराबर नै हो
784,sunya chyamata bhayeko byakti,सुन्या च्यामता भएको व्यक्ति
785,jun jogi aaye ni kaan chireka,जुन योगी आए नि कान चिरेका
786,thuikka yemale ka jhole hari masu ra bhat khayera tali ra shiti bajauna kati laj nalageko hola,थुइक्का येमाले का झोले हरि मासु र भात खाएर ताली र शिती बजाउन कति लाज नलागेको होला
787,kp gunda murdabad all team members,केपी गुंडा मुर्दाबाद आल टीम मेम्बर्स
788,sab chor haru hun desh ko maya vanda pani kurshi ko maya rahexa,सब चोरहरू हुन देशको माया भन्दा पनि कुर्सीको माया रहेक्सा
789,jho jasto vayepani dubai testai hun jasto lagxa na ta bikash na ta assh xa ailey nepal bikash garna ko lagi balen jasto sir chahinxa navaye mero aash xaina vanda naramro lagla tara satya bolda naramro nai lagxa mero desh lai bacahunu bhagwan tei vayera dherai jasto youth haru le ailey nepal xodeka xan nepal lai sati le sarapeko desh vaninxq,झो जस्तो भएको पनि दुबई टेस्टै हुन जस्तो लाग्छ न त विकास न त आश छ अहिले नेपाल विकास गर्नको लागि बलेन जस्तो सिर चाहिन्छ नबाए मेरो आश छैन भन्दा नराम्रो लाग्ला तर सत्य बोल्दा नराम्रो नै लाग्छ मेरो देशलाई बचाउनु भगवान तै भएर धेरै जस्तो युवा हरूले अहिले नेपाल छोडेका छन् नेपाललाई साथीले सरापेको देश भनिन्छ
790,jun jogi aaye pani kanai chereko,जुन योगी आए पनि कानै चिरेको
791,sudhurpaschim province bata ko ko herdai hunuhunx vannus hoii,सुदूरपश्चिम प्रदेशबाट को को हेरदै हुनुहुन्छ भन्नुहोस् होईन
792,randikoxoro kp oli prachande deuwa  tmhru ko 7 pusta le dukha paos machikne,रन्दिकोषोरो केपी ओली प्रचण्ड देउवा तिम्रो ७ पुस्ताले दुःख पाओस् मचिक्ने
793,yo sankhya barseni dherai badhiraxa,यो संख्या वर्षेनी धेरै बढिरहन्छ
794,yo kp chor prachanda hatyara,यो केपी चोर प्रचण्ड हत्यारा
795,bhai mey pakistan sey dekh raha hu,भाई म पाकिस्तान से देख रहा हूँ
796,nepal banauna pahile sachha nepali bana,नेपाल बनाउन पहिले साँचो नेपाली बन
797,28500000000000000 toit katam parey muji harley desh ta,२८५००००००००००० तोित कटाम परे मुजी हार्ले देश त
798,desh lai yo garxu tho garxu vanu vanda ni paila aafnu rin aafai tirum 91753 vote magnu aauda yai dekhau nu parxa aabo neta haru lai,देशलाई यो गर्छु थो गर्छु भन्नु भन्दा पनि पहिले आफ्नो ऋण आफैं तिर्न ९१७५३ भोट माग्नु आउँदा यै देखाउनु पर्छ अब नेताहरूलाई
799,american ko tauko ma kati chha lata halden,अमेरिकनको टाउकोमा कति छ लता हाल्देन
800,ma yo rin tirna chahanxu khata number pauna sakinxa,म यो ऋण तिर्न चाहन्छु खाता नम्बर पाउन सकिन्छ
801,sab le tirdiya rin nai sakinx guys sab milera nepal banaunu x bhane at first rin tirum hai ta,सब ले तिर्दिया रिन नै सकिनx गाइज सब मिलेर नेपाल बनाउनु x भने एट फर्स्ट रिन तिरुम है त
802,tehi vyera ho pradesh sabe kharej grnu parxa hamro paisa bikash xodera neta mtra ganta ko palnukera,तेही व्येरा हो प्रदेश सबे खारेज गर्नु पर्छ हाम्रो पैसा विकास खोदेर नेता मात्र गन्ता को पालनुकेरा
803,bhojpur hatya kand full detail saaid lyaunu paryo,भोजपुर हत्या काण्ड फुल डिटेल साइड ल्याउनु पर्छ
804,hamiley ganatantra lyaayeko hoina neta haruley chai loottantra lyaayeko ho hoi,हामीले गणतन्त्र ल्याएको होina नेता हरुले चैं लुटतन्त्र ल्याएको हो होई
805,k ma karcha huncha politicians haru ko kidney ferna maah bheda janta haru chan yo chaudhary haru machikne haru tah jhan lovi  1000 mah afno gaand bechna ni tayar  vote tah kina nadinu,के म कर्चा हुन्छ politicians हरु को kidney फेर्न मह बहेडा जनता हरु चान यो चौधरी हरु मचिक्ने हरु ताह झन लोभी 1000 मह आफ्नो गाण्ड बेचना नि तयार vote ताह किन नदिनु
806,yesto harek desh ko khanai ho so whiyat topic ma video banaera kehi kaam xaina bro timilai ni thahah malai ni thahah xa timro subscribers lai ni thahah xa jati j video banau timi nepal sarkar le kehi bikas garne xaina so yo content na hala k jun chhez duniya ma xa jasle farak pardai xa tyo hala kinaki desh tah yo prachanda oli deuba bich mai hune ho balen ya raja aaune hoinan ki desh change hunxa hola jun timi expect gardai xau,यस्तो हरेक देश को खानै हो सो व्हाइट topic मा भिडियो बनाइर केहि काम xaina bro तिमिलाई नि थाहा मलाइ नि थाहा xa तिम्रो subscribers लाई नि थाहा xa जति ज भिडियो बनाउ तिमी नेपाल सरकार ले केहि विकास गर्ने xaina सो यो content न हला क जुन चीज दुनियाँ मा xa जसले फरक पर्दै xa त्यो हला किनकि देश त यो प्रचण्ड ओली देउबा बीच मा हुने हो बलेन या राजा आउने होइनन कि देश चेंज हुन्छ होला जुन तिमी expect गर्दै xau
807,pagal kam navaka content banaxa…,पागल काम नवाका content बनaxa…
808,yo mu le janata lai khali tarsayera mental rogi banauna matra janeko xa,यो म ले जनता लाई खाली तर्साएर mental रोगी बनाउनु मात्र जानेको xa
809,abaa nepal ko population satais kharba banda besi banaunu paryo ani thik hune raixa bhane paxi,अब नेपाल को population सत्ताइस खरबा banda बढी बनाउनु पर्छ अनि ठीक हुने राइxa भने पछि
810,ma taw tirdina rin boru aaarko desh ma gayera basxu,म तव तिर्दिना रिन बोरु अर्को देश मा गएर बसxu
811,tei muji kidney bigreko baulaha morepaxi tesko organ bechera tirne,तेई मुजी किड्नी बिग्रेको बाउलाहा मोरेपछी तेसको अर्गन बेचेर तिर्ने
812,muji manxe lai tension din kholeko hoss chennel  kaile ta ramro bol sabai kharan dekhaxas,मुजी मान्छे लाई टेन्सन दिन खोलेको होस् च्यानल काइले ता राम्रो बोल सबै खारान देख्छस्
813,malai arule tirnu baki xa tyo rinle nai yo rin tirnu pugxa,मलाई अरुले तिर्नु बाँकी छ त्यो रिनले नै यो रिन तिर्नु पुग्छ
814,mero satta kp oli le tirxa,मेरो सत्ता केपी ओली ले तिर्छ
815,sabaile afno afno loan ternu parxa xito xito,सबैले आफ्नो आफ्नो लोन तिर्नु पर्छ छिटो छिटो
816,tero bau le tircha,तेरो बाउ ले तिर्छ
817,ganatrantra lerayesii netatrantra paldai rin lutdai 27 kharba aamma kati luteyra haru jamma garyo nepali bheda haru ley prachanda ko gula chuseyra hola ki kp oli ko ki shere ko kati bhageymani,गणतन्त्र लरायसी नेतातन्त्र पाल्दै रिन लुट्दै 27 खरब अम्मा कति लुटेर हरु जम्मा गर्यो नेपाली भेडा हरु ले प्रचण्ड को गुला चुसेर होला कि केपी ओली को कि शेर को कति भाग्यमानी
818,ganatantra bachaunu parxa vanne murkha harulai loan badhe paxi tax ni badxa vanne kura nai thaxina hola k nepal ma ganatantra xa,गणतन्त्र बचाउनु पर्छ भन्ने मूर्खा हरुलाई लोन बढे पछि ट्याक्स नि बढ्छ भन्ने कुरा नै थाहा छैन होला कि नेपाल मा गणतन्त्र छ
819,nepal vs uzb football httpsyoutube comshorts0dxtzbahdkysifxdljlvbbu9txp,नेपाल vs उजबेक फुटबल httpsyoutube comshorts0dxtzbahdkysifxdljlvbbu9txp
820,yo muji randi ko ban haru bahun haru morako bhaya pani huna thiyo ni sala randi ko ban muji khatra,यो मुजी रंडी को बन हरु बाहुन हरु मोराको भयो पनि हुन थ्यो नि साला रंडी को बन मुजी खतरा
821,garo xa nepal ma basnu,गारो छ नेपालमा बस्नु
822,aba ko vote ma kera party ra neta lai boycott garau vote alik different tarika le garau desh bachauraja pani right choice chai haina justo lagxa democracy is the best system tara leader vane euta ramro vision vako ra jantako najar bata desh lai herna sakne leaer chunauani yi ba haru lai bidai gari euta naya system lai chai welcome garaumalai yo politics bare vane kura thaha xaina tara desh ko vane maya xa asha xa america australia justo na vayeta pani nepal vanda bideshi le mukh bigarera na herun teti vayeni aile lai dherai nai hochayo vane most poorest and vulnerable vanine country singapore le 60 barsa ma most develoved ko tag paisakyosouth korea war le kharlyang khurlung vako country 35 barsa ko time frame ma aile most developed vaisakyo teti matrai haina asian tiger vaninxa s korea laihamro vane sadhai tei kuchi kasari khosne bare strategy banayo 10 pass navaka lai neta ko tag dera chaine na chaine subida diyochapal padkaudai chireka aile arab pati vayera baideshik lagani samma halisake tin lai support garne janta vane sadhai vokmariajhai pani so called party sadhasya yetra khate jhole haru katina kk gareko jusari gau gau mamic ufardai yo neta yesto hamro neta yesto vandai chya pasal ma ghurki lagauxanhimat kaa bata ayo ta vanda tinkai chora chori so called developed country ma gayera vada haneko paisa le ghar chalayera ayeko himmatlast ris uthiraxa mukh pani xadim,"अबको भोटमा केरा पार्टी र नेता लाई बायकट गरौं, भोट अलिक डिफरेंट तरिकाले गरौं, देश बचाउनु राजा पनि राइट च्वाइस छाइँ हैन त, जस्तो लाग्छ डेमोक्रेसी इज द बेस्ट सिस्टम तर नेता भने एउटा राम्रो भिजन भएको र जनताको नजरबाट देशलाई हेर्न सक्ने लिडर चुनौनी यी बाहिरलाई बिदाई गरी एउटा नयाँ सिस्टमलाई चैं वेलकम गरौं। मलाई यो पोलिटिक्स बारे भने कुरा थाहा छैन तर देशको भने माया छ, आशा छ अमेरिका, अस्ट्रेलिया जस्तो न भएता पनि नेपाल भन्दा विदेशीले मुख बिगारेका न हेरून्, त्यति भएनी अहिलेलाई धेरै नै भएको छ भने मोस्ट पूरिस्ट एण्ड भल्नरेबल भन्ने देश सिंगापुरले ६० वर्षमा मोस्ट डेभलप्डको ट्याग पाइसकेको छ। साउथ कोरिया वारले खर्ल्याङ खुरलुङ भएको देश ३५ वर्षको टाइम फ्रेममा अहिले मोस्ट डेभलप्ड भएको छ। त्यति मात्र होइन एशियन टाइगर भनिन्छ स कोरिया लाई, हाम्रो भने सधैं त्यै कुचि कसरी खोस्ने बारे स्ट्राटेजी बनायो। १० पास नभएका लाई नेता को ट्याग देरा चाइन न चाइन सुबिदा दिएको छ। चापाल पढ्काउदै चिरेका अहिले अरब पति भएर बाह्य लगानीसम्म हालिसकेका छन्। तिनलाई सपोर्ट गर्ने जनता भने सधैं वोकमारियाजस्तै पनि सो कोल्ड पार्टी सदस्य यत्रा खाँटे झोलेहरू काट्नका के गरेको जस्तोरी गाउँ गाउँमा ममीच उफर्दै यो नेता यस्तो हाम्रो नेता यस्तो भन्दै छ। पसलमा घुर्की लगाउँछन्। हिम्मत काका बाट आयो त भन्दा तिनकै छोरा छोरी सो कोल्ड डेभलप्ड देशमा गएर वादा हानेको पैसा ले घर चलाएर आएको हिम्मत। लास्ट रिस उठिराख्छ मुख पनि सादिम।"
823,nepali haru lai juice bhanya thaxa ki xaina,नेपालीहरूलाई जुस भन्या थाहा छ कि छैन
824,muji patrukar 12 bhai muji murra muji,मुजी पत्रुकार १२ भाई मुजी मुर्रा मुजी
825,13539000npr ta usa ko pani loan xa murkha youtuber loan bikash garna lai nikalnai parchha tara sadupayog hunu paryo,"१३५३९००० एनपीआर त अमेरिका को पनि लोन छ, मुर्ख युट्यूबर लोन विकास गर्नलाई निकाल्नै पर्छ तर सदुपयोग हुनु पर्छ।"
826,rabi dai hastaxar aviyan ko video banaunu dai tqs,"रबी दाई हस्ताक्षर अभियानको भिडियो बनाउनू दाई, टीक्यूएस।"
827,sushaashan xaina but bikaas vaxaina vanna chahi sakdina,सुशासन छैन तर विकास भइरहेको छ भन्न चाही सक्दिन।
828,ids daii k garnu desh ko maya dherai lagxa desh ko euta nagarik euta yuba vaisake paxi desh ko maya lagnu swobhabik nai ho tyei kura le garda desh mai kei garam ki vanne lagxa tara khai desh ko yesto taal herda tw kei hola jasto lagdaina pheri,"आइडीएस दाई के गर्नु देशको माया धेरै लाग्छ, देशको एउटा नागरिक एउटा युवा भइसकेपछि देशको माया लाग्नु स्वाभाविक नै हो। त्यै कुरा ले गर्दा देशमा केही गरम कि भन्न लाग्छ तर खै देशको यस्तो ताल हेर्दा त केहि होला जस्तो लाग्दैन फेरि।"
829,neta haru sab aafnai chakkar ma lageka xan kasailai desh ko future students ko ta matlab nai xaina aahile bachelor first year ko exam aaudai xa mangsir ko last ma start vako course kahile jado bida ta kahile barkha bida ta kahile soviyu ko chunab le garda muskil le 4 mahina padhai vako xa ra yo 4 mahina ma tu le student bata 1 year ko course sakera exam dine aash rakheko xa dai help gardina paryo jasari vaye pani,"नेता हरू सबै आफैंको चक्करमा लागेका छन्, कसैलाई देशको भविष्य, स्टुडेन्ट्सको त मतलब नै छैन। अहिले बाचेलर फर्स्ट इयरको परीक्षा आउँदै छ, मङ्सिरको अन्त्यमा स्टार्ट भएको कोर्स कहिले जाडो बिदा त कहिले वर्षा बिदा त कहिले सोभियुको चुनाव ले गर्दा मुस्किल ले ४ महिना पढाइ भएको छ र यो ४ महिना मा तु ले स्टुडेन्टबाट १ वर्षको कोर्स सकेर परीक्षा दिने आश राखेको छ। दाई हेल्प गर्नुपर्यो जसरी भए पनि।"
830,chor haru lai hami le palnu parney,चोरहरूलाई हामीले पाल्नु पर्छ।
831,2054 tira samma lagvhag 14 hajar thiyo 2082 91756 65 guna le badhechawah parjatantra ra loktantra ko upalabdhi,२०५४ तिरसम्म लगभग १४ हजार थियो २०८२ ९१७५६ ६५ गुणाले बढेको छ भने पर्यटन र लोकतन्त्रको उपलब्धि
832,nepal xodera jani ho arunai desh ma sarnarthi banne baru hait,नेपाल छोडेर जानी हो अरू कुनै देशमा शरणार्थी बन्ने बरु हैट
833,8 class fail haru le banako budget plan kasto hola ta pade lekheka haru lai ta aaunai dedainan ye dalal haru le,८ कक्षा फेलहरूले बनाएको बजेट योजना कस्तो होला त पढे लेखेका हरूलाई त आउनै दिँदैन यी दलालहरूले
834,dai khai koslai tirney ho rin ma tirna taiyar chu rin bokyera ta hidna maan xaina,दाइ खै कसलाई तिर्ने हो रिनमा तिर्न तयार छु रिन बोकेर त हिड्न मान छैन
835,koi sanga jun xa vanai vana mo tho chor lay sakai dinxau chor khatay kp chor ra tesko chala haru,कोहीसँग जुन छ भने भन्नु म त चोरलाई सकै दिन्छु चोर खाता केपी चोर र त्यसको चालहरू
836,dhuka hunu daju vai didibaini haru ma tirxuu,धोका हुनु दाजु भाई दिदीबहिनीहरूमा तिर्छु
837,muji haru ajhai masu bhat ko lagi vote dey sudo sudi haru le des dubayo ani aba ko yuba haru le bachaunu parne re abroad janu thale huncha yo des bachayera kam chaina,मुजीहरू अझै मासु भातको लागि भोट दिन्छु सुदो सुदीहरूले देश डुबायो अनि अबको युवाहरूले बचाउनु पर्ने रे abroad जान थाले हुन्छ यो देश बचाएर काम छैन
838,tero raja le tirxa vai raja ko nokar,तेरो राजा ले तिर्छा भाई राजा को नोकर
839,randi ko bann kp oli ley tirxa,रंडीको बन्न केपी ओलीले तिर्छा
840,ma school badhbey bela hisaab garda 18000 jaasto rin thyo,म स्कूल बढ्दै बेला हिसाब गर्दा १८००० जस्तो रिन थियो
841,chutiya sarkarmatokne haru le dela,चुतिया सरकारमातोक्ने हरु ले देला
842,kpsere prachande vaye samma des kahile bikasit hudaina,केपीसरे प्रचण्डे भए सम्म देश कहिले विकसित हुँदैन
843,yemale congress rw maobadi lai fyaknu parxa sabai problem haru solve hudai jane wala xa,येमाले कांग्रेस र माओवादी लाई फ्याक्नु पर्छ सबै प्राब्लम हरु सोल्भ हुँदै जाने वाला छ
844,dai aaja maile rabi lai vote deyera aaye idk real motive 1st ma chai maile buje sappai thok so there a hope mali tha xa ma 4 5 barsa ma desh xod xu hope fully teti bela samma naya neta le jitera pocket haina aafno desh lai mathi lanxa ke vanera deko xu aajhai ne hope chai xaina tetro guff sunda tw santa xam aaba purano gara yuba neta aayera desh lutne ko ke k ho kehi ne tha xaina but maile sakne kura aaja vote haldey sayad aaba naya neta aayera loan line haina desh lai loan mukta parne xan ke loan ko var 200000 pugau xan tha xiana but dai tapai jasto manxe haar na mannus,दाई आज मैले रबि लाई भोट दिएर आए आइडीके रियल मोटिभ १स्ट मा चैं मैले बुझे सबै थोक सो थेर अ होप माली थाहा छ म ४ ५ वर्षमा देश छोड्छु होप फुल्ली तेतिबेला सम्म नयाँ नेता ले जितेर पोकेट होइन आफ्नो देश लाई माथि लान्छ के भनेर देखेको छु आजै नै होप चैं छैन तेत्रो गफ सुन्दा त सान्ता छाम अब पुरानो गर युबा नेता आएर देश लुट्ने को के क हो केही नै थाहा छैन तर मैले सक्ने कुरा आज भोट हाल्दे सायद अब नयाँ नेता आएर लोन लाइन होइन देश लाई लोन मुक्त पार्ने छन् के लोन को वर २००००० पुगाउछन् थाहा छैन तर दाई तपाई जस्तो मान्छे हार न मान्नुहोस्
845,randi ko ban mantri haru aafo poisa khàyàrw hami mathi halne muji vslu haru,रंडी को बन मन्त्री हरु आफैं पोइसा खायार्ह हामि माथि हाल्ने मुजी वस्लु हरु
846,paisa liyeni ni manage gardna sakdaina jun belaw ni corruption garyo basyo janta lai dukha diyo thulo thulo guff hanyo in 2084 youth chai politics mha uthnu paryo yesari tw hudaina masu bhaat vaneyraw desh chaldaina,पैसा लिएका नि म्यानेज गर्न सक्दैन जुन बेला नि करप्शन गर्यो बस्यो जनता लाई दुखा दियो ठूलो ठूलो गफ हान्यो इन २०८४ युथ चैं politics मा उठ्नु पर्यो यसरी त हुँदैन मासु भात भनेयार देश चल्दैन
847,euta nabujeko kura ni nepal pradhanantri neta ra aru haru le loan linxan tara tirdainan ani yo international loan lida pani liney matrai garxan ki tirxan pani uhile dekhi ahile sama latai suneko xaina yeti loan tiriyo vaneko k desh mai becheka vaye kistabandi ma paisa li raheko hoki tiraxn ki tirdainan loan vandinu paryo liyeko matra vanxan yeti uti loan pareko chha matra suniyeko chha khas kura k hota,एउटा नबुजेको कुरा नि नेपाल प्रधानमन्त्री नेता र अरु हरु ले लोन लिन्छन् तर तिर्दैनन् अनि यो इन्टरनेशनल लोन लिदा पनि लिनै मात्र गर्छन् कि तिर्दैनन् उनीहरूले देखी अहिलेसम्म लातै सुनेको छैन यति लोन तिरियो भनेको के देशमा बेचेका भए किस्ताबन्दी मा पैसा लि रहेका हुन् तिर्न कि तिर्दैनन् लोन भन्नु पर्यो लिएको मात्र भन्छन् यति उति लोन परेको छ मात्र सुनेको छ खास कुरा के हुन्छ
848,1ta iq 43 of nepal bhanera video banauna pareyo tyai iq le tirne ho rin,१टा आइक्यू ४३ अफ नेपाल भनेर भिडियो बनाउनु पर्छ त्यै आइक्यू ले तिर्ने हो रिन
849,nepal ma crisis janu nai parxa ani nepali janta haru lai taha hunxa bhokmari  jun hami le vote didaa wrong manxe le kasari dubauxa desh bhanera,नेपाल मा क्राइसिस जानु नै पर्छ अनि नेपाली जनता हरु लाई थाहा हुन्छ भोकमारी जुन हामी ले भोट दिएर गलत मान्छे ले कसरी डुबाउँछ देश भनेर
850,sir neta chorr harko video nai na banaunu mula haru trending ma hunai hunna  baru balen  mahabir pun jasta harka sampang haru jasta ka ramra video matra heram,सिर नेता चोर हरको भिडियो नै न बनाउनु मुला हरु ट्रेन्डिङ मा हुनै हुँदैन बरु बलेन महाबीर पुन जस्ता हरका सम्पाङ्ग हरु जस्ता का राम्रा भिडियो मात्र हेर्नु
851,english dherai vayo jasto xaina aani aawaj pani clear xaina,इंग्लिश धेरै भयो जस्तो छैन अनि आवाज पनि क्लियर छैन
852,vdo editing leve poore,भिडियो एडिटिङ लेव पोरे
853,til ganga eye hospital maa exam diye niselect garne afno afno manxe lae hopahila dekhi nai afno manxe 4rakhne fix hunxa black side dr riut,तिल गंगा आई अस्पताल मा परीक्षा दिए निस्केल्ट गर्ने आफ्नो आफ्नो मान्छे लाई होपाहिला देखि नै आफ्नो मान्छे ४ राख्ने फिक्स हुन्छ ब्ल्याक साइड डि आर रुइट
854,real hero nepal dr ruit sanduk,रियल हीरो नेपाल डि आर रुइट सन्दुक
855,euta bahun le gareko vaye bhagawan manera karodau lootne thiyo sojho janajati parera usko name kasaile lidaina,एउटा बाहुन ले गरेको भए भगवान मनेरा करोडौं लुट्ने थियो सोझो जनजाति पारेर उसको नाम कसैले लिदैन
856,mero ordered tshirt aajai aako xaina,मेरो अर्डर गरिएको टीशर्ट आजै आएको छैन
857,brain wash haina vai aafno desh ko lagi ramro garnelai sabaile manxa hamro desh ko jasto leader hora,ब्रेन वाश होइन भाई आफ्नो देशको लागि राम्रो गर्नेलाई सबैले मान्छा हाम्रो देशको जस्तो लिडर होरा
858,sanduk ruhit lai sarkar le nobel prize ko lagi sifaris pahal kina nagareko hola,सन्दुक रुहित लाई सरकार ले नोबेल प्राइजको लागि सिफारिस पहल किन नगरेको होला
859,daju korea ko story k vo tw pura vayana,दाजु कोरिया को स्टोरी के हो त पूरा वयन
860,1209 sir sanduk ruit looks like bt kancha,१२०९ सsir सन्दुक रुइट लुक्स लाइक बट कञ्चा
861,doctor ahily chettri bahun vayeko vaye ahily xuttai thau naam paisakeko hune thiye  tara yo bhrastrachar deshma yo dharma ma hami ra mapaia matra garera bechera xodni vaye,डोक्टर अहिल्य चेट्री बाहुन भएको भए अहिल्य छुट्टै थाउ नाम पाइसकेको हुने थिए तर यो भ्रष्टाचार देशमा यो धर्ममा हामी र मापैया मात्र गरेर बेचेरा खोज्नि भए
862,nepal ma aakha dekhna ko lagi ki dhani hunu paryo ki ta bikat thau ma janmanu paryo hami jasto janta ko lagi ko cha,नेपालमा आँखा देख्नको लागि कि धनि हुनु पर्छ कि त बिकट थाउमा जान्नु पर्छ हामी जस्तो जनता को लागि को छ
863,sanduk ruit ko thauu kunaii bahun bhako bhaya tyasmaa nii faidaanaii her thiyo yo certain ho,सन्दुक रुइटको थाउ कुनाई बाहुन भएको भए त्यसमाँ नी फाइदैनै हेर्न थियो यो सर्टेन हो
864,sabai video nepali mai garnu paryo english bujhiyena,सबै भिडियो नेपालीमा गर्नुपर्यो अंग्रेजी बुझिएन
865,kasto aadi adhuro lago aja ko video,कस्तो आधी अधुरो लाग्यो आजको भिडियो
866,ho malai ni lagxa baru sarkarle tyo murti raw photo tatha teti awashek nahune chij ma vanda baru durgam thaouka manislai sewa raw subidha pradam garna paye dherai nai khusiko kura hami nepali lai hunthyo,हो मलाई नि लाग्छ बरु सरकारले त्यो मुर्ति र फोटो तथा त्यति आवश्यक नहुनु पर्ने चिजमा भन्दा बरु दुर्गम थाउका मानिसलाई सेवा र सुविधा प्रदान गर्न पाए धेरै नै खुसीको कुरा हामी नेपालीलाई हुन्थ्यो
867,caption ma dr chootayera ali kati tarkarima noon napuge jasto bhayo yaar,क्याप्शनमा डोक्टर चुटाएर अलि कति तर्करिमा नुन नपुगे जस्तो भयो यार
868,ek choti marnu vanda aggi leaving legend lai vetnu mannsangai photo khichnu mann xa,एक चोटी मर्नु भन्दा अगाडि लिभिङ लिजेन्डलाई भेट्नु मनसंगै फोटो खिच्नु मन छ
869,mah praye saboi ids ko video herxu but yo mero first cmt hosaboi le ravan naramro vanxa ho panitarah saboi ko lagi vaye ni aafnu janta ko lagi ravan namro thiyo vanera chai kasle vanxa yo mero prasna ho ids laihamro nepal ma ni black day xatarah thiyo vaisako yediyai hissabma korea ni ta oile samma ma ta janta haru sadak ma orlera arkai hissab huntho holadherai pusta aai sakomero mann kura vanekohamro herai ko hoyedi sansar ko lagi koi naramro hola tarah aafnu manxe ko lagi tho manxe thik xa vane kun dristi le herne6 ki 9may be mah completely right xoina holatarah ids vaneko maile saboi vanda gyan dine source ho vani manxutarah aaja vane mero animal instinct gajo so sorry to ids teammah chai ajja suntusta xoina as your regular viewer,म प्रायः सबै आईडीको भिडियो हेर्छु तर यो मेरो पहिलो कमेन्ट होसाबोईले रावण नराम्रो भन्छ हो पनीतरह सबैको लागि भए नि आफ्नो जनता को लागि रावण नम्रो थियो भनेर चैं कसले भन्छ यो मेरो प्रश्न हो आईडीलाई हाम्रो नेपालमा नि ब्ल्याक डे जातरह थियो वैसको यदियाई हिसाबमा कोरिया नि त ओइले सम्म म त जनता हरु सडकमा ओरलेर अर्कै हिसाब हुनथो होला धेरै पुस्टा आइ सकेमरो मन कुरा भनेको हाम्रो हेरेको होयेडी संसारको लागि कोइ नराम्रो होला तर आफ्नो मान्छेको लागि त मान्छे ठीक छ भने कुन दृष्टिले हेर्ने6 कि 9मय बे म कम्प्लीट्ली राइट छैन होला तर आईडी भनेको मैले सबैभन्दा ज्ञान दिने स्रोत हो भने मान्छेतरह आज भने मेरो एनिमल इन्स्टिंक्ट गाजो सो सरी त आईडीको टिममा चैं आज सुन्तुष्ट छैन as your regular viewer
870,dr ruit from taplejung vanera tisrt pani sell garnu paryo ids team,डोक्टर रुइट फ्रम तप्लेजुङ भनेर तिस्र्ट पनि सेल गर्नुपर्यो आईडीको टिम
871,dr sanduk ruit deserve nobel prize,डा. सन्दुक रुइत deserve नोबेल प्राइज
872,thank you you indepth story team hajur haru lae donation ko madhyam ko bare ma pane vanu va ko vaye aagha ramro hunthyo hamro sano sahayog lae aaghai dherai help hunthyo hola dherailaii,"धन्यवाद, तपाईंको इनडेप्थ स्टोरी टिम हजुरहरूलाई डोनेशनको माध्यमको बारेमा पनि भन्नु भएको भए अगाडि राम्रो हुन्थ्यो हाम्रो सानो सहयोगलाई अगाडि धेरै हेल्प हुन्थ्यो होला धेरैलाई"
873,alik chhoto vayo bistrit ougena,अलिक छोटो भयो विस्तृत आउँदैन
874,malai lagxa dr sanduk ruit ko biopic movie bannu parxa ra yesma mukhya kalakar chai dayahang rai hunuparxa,मलाई लाग्छ डा. सन्दुक रुइतको बायोपिक मूवी बन्नु पर्छ र यसमा मुख्य कलाकार चैं दयाहाङ राई हुनुपर्छ
875,nepals and nepali gods dr shundik for details video ida nepal,नेपालका र नेपाली देवता डा. शुन्दिकका लागि डिटेल्स भिडियो इडा नेपाल
876,ajai details maa chaayeooo,अझै डिटेल्समा छायो
877,sano sano yutuber haru le eak arka lai supoort garau subsribe gardinu,सानो सानो युट्यूबरहरूले एक अर्कालाई सपोर्ट गरौं सब्सक्राइब गरिदिनु
878,class 10 nepali subject sanduk ruit jiwani,कक्षा १० नेपाली विषय सन्दुक रुइत जीवनी
879,vedio chaiyoo balen 2084 ma prime minister hunnu huncha ya hunu hunna bhanna ko full vedio chaiyoo,भिडियो चाइयो बलेन २०८४ मा प्राइम मिनिस्टर हुनुहुन्छ या हुनुहुन्न भन्नको फुल भिडियो चाइयो
880,story dhari aayo tara adhuro kura dhari rayo korea ma k k vayo birbadurko parewar le kasari upachar paye,स्टोरी धारी आयो तर अधुरो कुरा धारी रह्यो कोरिया मा के के भयो बिरबादुरको परिवारले कसरी उपचार पाए
881,maile khojeko viedo aja balla paye,मैले खोजेको भिडियो आज बल्ल पाए
882,randikoban rana haru khate muji haru anuhar na danuwarko muji radikoban rana haru,रन्दिकoban राणा हरु खते मुजी हरु अनुहार न दानुवर्को मुजी रादिकoban राणा हरु
883,pahadi samudaye haina gorkhali samudaye vannu,पहाडी समुदाय होइन गोरखाली समुदाय भन्नु
884,rajabadi haru lai vanxu ek patak toni hagen ko video hernu ek patak tya sundar nepal mtra hoin manxe haru dekhinxa kasta thiye vhner tha hunxa lutter euta lagaune kapda thiyean,राजाबादी हरु लाई भन्छु एक पटक टोनी हागेन को भिडियो हेर्नु एक पटक त्याँ सुन्दर नेपाल मित्र होइन मान्छे हरु देखिन्छ कस्ता थिए भन्छ थाहुँछ लुटेर एउटा लगाउने कपडा थिएन
885,ali paisa ra power aaye paxi dherai jana changed hunxa,अलि पैसा र पावर आए पछि धेरै जना चेंज्ड हुन्छन्
886,ani sabai uslai tha hos vanera sochxan,अनि सबै उसलाई थाहा होस भनेर सोच्छन्
887,nepal ma still yesto soch vako manxe haru xan hai,नेपाल मा स्टिल यस्तो सोच भएको मान्छे हरु छन् है
888,maile yo 1 years ma nepal ko dherai places haru travel grda dekheko satya ghatana ho,मैले यो १ वर्ष मा नेपाल को धेरै प्लेस हरु ट्राभल गर्दै देखेको सत्य घटना हो
889,sir kailash parbat mansrbar sambadhi pani yak video garnu paro,सर कैलाश पर्वत मन्सरबर सम्बन्धी पनि यक भिडियो गर्नु पर्छ
890,kera rajtantra vako tshirt chaiyo bro malai 10 piece,केरा राजतन्त्र भएको टि-शर्ट चाहियो ब्रो मलाई १० पीस
891,khai mero tshirt ayena taa paisaa phirtaa aba,खै मेरो tshirt आएन ता पैसा फर्की अब
892,muji patrukar 12 bhai muji murra muji,मुजी पत्रुकार १२ भाई मुजी मुर्रा मुजी
893,rana kehne ka tarika thoda kezual hai,राणा भन्ने का तरिका थोडा केजुअल छ
894,255 ma lamier brothers hoina lumiere brothers chai ho,२५५ मा लामियर brothers होइन लुमियरे brothers चैं हो
895,first video herera aauda tw kati pargati vayax tha vayo,फर्स्ट भिडियो हेरेर आउँदा तु कति परगति भएको थाहा भयो
896,baera bata samosa polish xa vitra aalu xaena yo video teti chaldaena,बेरा बाटा समोसा पोलिस छ भित्र आलु छैन यो भिडियो त्यति चल्दैन
897,desh raja harule hoina rana ra neta harule khattam gareko ho,देश राजा हरुले होइन राणा र नेता हरुले खत्तम गरेको हो
898,story sunnda wahh poila ko jiwan aapan kati ramailo herda herdai sansaar ka pugyo ajhai kati dekhna chha,स्टोरी सुन्दै वाह पोइला को जीवन आपन कति रमाइलो हेर्दा हेर्दै संसार का पुग्यो अझै कति देख्न छ
899,tapaiharuko saath xah ratw hamilai aat xa was epic kera ganatantra,तपाईहरुको साथ सह रात्व हामीलाई आत छ वास एपिक केरा गणतन्त्र
900,253 lumiere brothers hola lamier hoina hola,२५३ लुमियरे brothers होला लामियर होइन होला
901,writing poor huncha writers ko izzat chaina screenplay tori huncha film shoot huda hudai dialogues lekhicha ani kata bata movie ramro huncha,लेखन poor हुन्छ writers को इज्जत छैन screenplay तोरी हुन्छ film shoot हुँदा हुँदै dialogues लेखिन्छ अनि कता बाट movie राम्रो हुन्छ
902,tehi ho ramrai banauna khojeko movies pani formulaic hunchan naramra ko ta ke kura garne,तेही हो राम्रै बनाउन खोजेको movies पनि formulaic हुन्छन् नराम्राको त के कुरा गर्ने
903,vai le nepalko awastha lai criticize garnu huncha ani aafai american institute haru ko prachar prasar,भाइले नेपालको अवस्था लाई criticize गर्नु हुन्छ अनि आफैं american institute हरूको प्रचार प्रसार
904,manche haru hajur ko video bata inspire hunchan ani aafai yesto bidesh jana pronote garnuhuncha,मान्छेहरू हजुरको video बाट inspire हुन्छन् अनि आफैं यस्तो विदेश जान promote गर्नुहुन्छ
905,yei sabai yuwa bidesh gaekale nepal bikash bhako chaina aajha yesailai promote garne,यही सबै युवा विदेश गएकाले नेपाल विकास भएको छैन अझै यसलाई promote गर्ने
906,vai ta ramrai manche jasto lageko thiyo,भाइ त राम्रै मान्छे जस्तो लागेको थियो
907,aba ali yuwa lai desh mai basna baru ujagar garne ho ki videomarfat,अब अलि युवा लाई देशमा बस्न बरु उजागर गर्ने हो कि video मार्फत
908,sana sana creator milara yak arkalai support garam,साना साना creator मिलेर एक अर्कालाई support गरौं
909,sana sana youtuber ko ko hunuhunxa yata hajir vyar yakle arakalai support garm haii tw,साना साना youtuber को को हुनुहुन्छ यहाँ हाजिर व्यार एकले अर्कालाई support गरौं है टि डब्ल्यू
910,ke ho kollywood bhaneko bhannu paryo dai please,के हो kollywood भन्नेको भन्नु पर्यो दाइ please
911,nepal ma india ma jasto hitman haru chaina bhanya,नेपालमा भारतमा जस्तो हिटम्यानहरू छैनन् भन्या
912,yo sab thulo kanda feri daam khana lai ho yo comment lekhera rakhanu k hi vayaxa vane pokhara airport kanda jasto ho yoo garya jasto garne layamma parne,यो सब ठूलो काण्ड फेरि दाम खानाका लागि हो यो कमेन्ट लेखेर राख्नु केहि भएको छ भने पोखरा एयरपोर्ट काण्ड जस्तो हो यो गर्या जस्तो गर्नेलाईमा पर्ने
913,petrol aayo petro aayo fusssa,पेट्रोल आयो पेट्रो आयो फुस्स
914,american lai dinu parxa nepal lai security gaurntee ma every war conditions ma desh 100 years lai duka hunxa nepal bachxa vana ra yaspaxi,अमेरिकनलाई दिनु पर्छ नेपाललाई सुरक्षा गारंटीमा हरेक युद्धको अवस्थामा देश १०० वर्षलाई दुःख हुन्छ नेपाल बच्छ भन र यसपछि
915,oli randiko xora le samatla hai pheri,ओली राण्डिको छोरा ले समात्ला है फेरि
916,hamro dailekh ramro dailekh,हाम्रो दैलेख राम्रो दैलेख
917,ganatantra and partytantra le hamro 3000 barsa bhanda purano desh sabhyata sanskar ra samaj 20 barsa mai sakauna lagi sakyo aba kura desh ko bikash huncha ta bata ke aune 50 barsa ma nepal bhanne desh rahancha ta bhako cha aba esto bahumulya kura haru hamro dharti ma pauna thale pachi ke yo ganatantra ra partytantra le desh lai ahchanak madat garna thalcha ta raja au desh bachau bahek aru kei bikalpa chaina,गणतन्त्र र पार्टीतन्त्रले हाम्रो ३००० वर्षभन्दा पुरानो देश सभ्यता संस्कार र समाज २० वर्षमै सकाउनका लागि सकेको अब कुरा देशको विकास हुन्छ त बताओ के आउने ५० वर्षमा नेपाल भन्ने देश रहन्छ त भएको छ अब यस्तो बहुमूल्य कुरा हाम्रो धरतीमा पाउन थालेपछि के यो गणतन्त्र र पार्टीतन्त्रले देशलाई अचानक मदत गर्न थाल्छ त राजा र देश बचाउ बाहेक अरू केही विकल्प छैन
918,pheri madarchot chor harule lutne bhaye,फेरि मदर्चोद चोरहरूले लुट्ने भए
919,kina nepal ajhai samma poni aru desh ma nirvhar hunu parey ko cha,किन नेपाल अझैसम्म पोनी अरू देशमा निर्भर हुनु परेको छ
920,yaa testo hoo gawach,यहाँ तेस्रो हो गवाच
921,kp shera ra prachanda na mare samma desh bikash hudaina na loan ghatxa,केपी शेरा र प्रचण्ड न मरेसम्म देश विकास हुँदैन न लोन घट्छ
922,neoal ma savai kura ko khaani haru xan prakriti le diyeko tara desh chalaune gatilo navayera vayera pani kei navako jasto xa,नेपालमा सबै कुरा को खानीहरू छन् प्रकृतिले दिएको तर देश चलाउने गतिलो नबाएरै भएर पनि केही नभएको जस्तो छ
923,chor lae ky sekh banako,चोरलाई के सिक बनाएको
924,nepali government le afno methan gas free mai diyearw india sanga nai kinni ho kyre hami khushi hunu matra ho kahi pani hudaena,नेपाली सरकारले आफ्नो मेथान ग्यास फ्रीमा दिइएको भारतसँग नै किन्ने हो कि हामी खुसी हुनु मात्र हो कहीं पनि हुँदैन
925,j nai bhete ne tai 3 ta neta haru le milera khane hoo hamilai k,ज नाइ भेटे ने तै ३ ता नेता हरूले मिलेर खाने हो हामिलाई के
926,diamond minerals le bharpur sampanna africa ko halat heram,डायमन्ड मिनरल्सले भरपूर सम्पन्न अफ्रिका को हालत हेर्न
927,venuzuela iraq yemen ko halat heram oil bhayera pani desh ko halat,वेनेजुएला इराक येमेन को हालत हेर्न तेल भएर पनि देश को हालत
928,mero kura sabai sahamat hunu hunxa vanne,मेरो कुरा सबै सहमत हुनुहुन्छ भन्ने
929,ho chor haru le luteko lute janta haru hereko heray,हो चोरहरू ले लुटेको लुटे जनता हरू हेरेको हेरे
930,sammaanit pradhanmantri oli jyu ko mahattwakankshi pariyojana safal hudai pipe line baat ghar ghar gas,सम्मानित प्रधानमन्त्री ओली ज्यु को महत्त्वाकांक्षी परियोजना सफल हुँदै पाइप लाइनबाट घर घर ग्यास
931,nepal  sudip bhai subedi,नेपाल सुदीप भाई सुभेदी
932,karnali maa pani khi naa khi taa xaa,Karnali मा पनि खि न खि ता छ
933,machikney neta muji haru,मचिक्ने नेता मुजी हरु
934,machikney neta muji haru,मचिक्ने नेता मुजी हरु
935,sheikh oli sheikh deuba and sheikh prachanda,शेख ओली शेख देउबा र शेख प्रचण्ड
936,dai mcc pass vhayo tah aba hunxa k mero prashna hjr lai jhapa bata,दाई MCC पास भयो त अब हुन्छ कि मेरो प्रश्न हजुरलाई झापा बाट
937,guys mero ghar jaljale dekhi mathira xa lagbag 12km jati tada cha,गाइज मेरो घर जलजले देखि माथिरा छ लगभग १२km जति ताड छ
938,thumbnail rocks hai sudip bhai,थम्बनेल रक्स है सुदीप भाई
939,neta le america lai bechera khi halxan nepali hereko herai raza leo na yarr,नेता ले अमेरिका लाई बेचेर खि हाल्छन नेपाली हेरेको हेरी रजा ले न यार
940,mohamed oli sheikh ko a gullo jhan thullo hune vo hami janta here ko herai,मोहम्मद ओली शेख को एक गुल्लो झन ठूलो हुने हो हामी जनता हेरेको हेरी
941,aruta testai ho sir india lai dhani garaunu parenra,अरुता टेस्टै हो सर इंडिया लाई धनी गराउनु पर्नेरा
942,3 baau na marda samma kehi hune wala chhaina,३ बाउ न मर्दा सम्म केहि हुने वाला छैन
943,tei vanya yo news sunne bitikai nepal ko authority haru samjhe ani kaam xaina opportunities dherai kuraharuma dherai choti aakai ho paxi gayerw badar ko haat ma nariwol nai vako dekhinxa,तेै भन्या यो न्यूज सुनने बितिकै नेपाल को अथोरिटी हरु सम्झे अनि काम छैन अपर्चुनिटिज धेरै कुराहरुमा धेरै चोटी आकाश हो पछि गएर बादर को हात मा नारीवल नै भएको देखिन्छ
944,yo youtube haru aaja voli k saro negetive vako yar khali janata maa nirasa maatra failauna khojxan sala dalaal haru,यो युट्यूब हरु आज भोली के सारो नेगेटिभ भएको यार खाली जनता मा निराशा मात्र फैलाउन खोज्छन साला दलाल हरु
945,yesma pani nirasa failauna vyaiskyo chutiya genz lekei ma t khusi huna siko genz,यसमा पनि निराशा फैलाउन व्यास्क्यो चुतिया जेनज लेकेई म त खुसी हुन सिको जेनज
946,dailekh bata gas nikalda katai hamro paramparata haraune haina jun hamro dailekh jwalako lagi parichit xa,दैलेख बाट ग्यास निकाल्दा कतै हाम्रो परम्परता हराउने होइन जुन हाम्रो दैलेख ज्वालाको लागि परिचित छ
947,perfect thumbnail ab mula neta haru next 50 barsa eutai project dekhi corruption garna dakxan,परफेक्ट थम्बनेल अब मुला नेता हरु नेक्स्ट ५० वर्ष एउटै प्रोजेक्ट देखि करप्शन गर्न डाक्छन
948,khanan garera chinya le loot linchha hami lai,खानान गरेर चिन्या ले लुट लिन्छ हामि लाई
949,muji patrukar 12 bhai muji murra muji,मुजी पत्रुकार १२ भाई मुजी मुर्रा मुजी
950,china lai dhoka dinu hudaina anusandhan china sanga free ma garauney ani extraction india sanga garayera sasto ma india lai sarlakkai bechera paxi india bata teshailai purify garea mahango kinera nepali murkha hun vanne arko prichaye nadeu china lai jimma diyepaxi china ley nepal mai refinery banauxa,चीन लाई धोका दिनु हुँदैन अनुसन्धान चीन संग फ्री मा गराउने अनि एक्स्ट्रैक्शन इंडिया संग गरेर सस्तो मा इंडिया लाई सरलक्कै बेचेर पछि इंडिया बाट तेशैलाई प्युरिफाई गरेर महंगो किनेर नेपाली मुर्खा हुन भन्ने अर्को परिचय नदिउ चीन लाई जिम्मा दिएपछि चीन ले नेपाल मा रिफाइनरी बनाउँछ
951,nepal ko quatar vanera kun thau lai chininxa,नेपाल को कतर भनेर कुन थाउलाई चिन्छिनxa
952,nepal yesto desh hoki china ko 2 arba vanda badi kharcha garayera anusandhan garayo aaba gas nikalney bela chai bharat ko company yaa american company lai dina ber lagaudaina feri bhrat ko company ley contract vayepaxi prject ko halat kasto hunxa tyo india ko gmr company ley liyeko upper karnali ko project lai herau teshailey yo kaam turuntai china lai deu india ley contract liney vaneyko kaam kaam adkayera rakhxa ko lagi ho yeti petroleum ley india lai khasai kehi hudaina tara nepal 50 barsha samma ko lagi aatma nirvar banxa india ko nakabandi ley pani khasai farak pardaina india ley nepal lai tharkauna hepna paudaina nepal ko rajniti ma hastaxep garna paudaina pailako jastai yo kaam hamiley china lai dinuparxa,नेपाल यesto देश होकी चिना को २ अरब भन्दा बढी खर्चा गराएर अनुसन्धान गर्यो अब ग्यास निकाल्ने बेला चाइ भारत को कम्पनी या अमेरिकन कम्पनी लाई दिन बेर लगाउदैन फेरि भारत को कम्पनी ले कन्क्र्याट भएकोपछि प्रोजेक्ट को हालत कस्तो हुन्छ त यो इन्डिया को जीएमआर कम्पनी ले लिएको अपर कर्णाली को प्रोजेक्ट लाई हेरौं तेसैले यो काम तुरुन्तै चिना लाई देऊ इन्डिया ले कन्क्र्याट लिनै भनेको काम काम अड्काएर राख्छ को लागि हो यति पेट्रोलियम ले इन्डिया लाई खासै केहि हुँदैन तर नेपाल ५० वर्षसम्म को लागि आत्म निर्भर बनछ इन्डिया को नाकाबन्दी ले पनि खासै फरक पर्दैन इन्डिया ले नेपाल लाई थर्काउन हेप्न पाउँदैन नेपाल को राजनीति मा हस्तक्षेप गर्न पाउँदैन पाइलाको जस्तै यो काम हामीले चिना लाई दिनुपर्छ
953,yeso trick pakistan ko neta haru le janta lai pagal banauna dasakau dekhi gari rako xa petrol vetyo vety vanxa ek thopa vet daina yadi gas vetye kai ho vane yo 3 tauke sarkar nikal natra aamdani ta ui ho bhaye bhar ko paisa corruption mai siddhinxa jaba samma corrupt politician xan taba samma kei hune wala xaina,येसो ट्रिक पाकिस्तान को नेता हरू ले जनता लाई पागल बनाउन दसकौ देखि गरि रहेको छ पेट्रोल वेट्यो वेटी भनxa एक थोपाको वेट दैन यदी ग्यास वेट्ये कै हो भने यो ३ ताउके सरकार निकाल नत्र आम्दानी त उइ हो भए भारत को पैसा भ्रष्टाचार मा सिद्धिन्छ जबसम्म भ्रष्ट राजनीतिज्ञ छन् तबसम्म केहि हुने वाला छैन
954,hya esto chor sasak harulai nakate samma kei hune wala chaina,ह्याँ यस्तो चोर सासक हरुलाई नकटे सम्म केहि हुने वाला छैन
955,yesto khatey indian kukur harulai desh chalauna deko thukka jhole ho dhikkar cha,यesto खतेy भारतीय कुकुर हरुलाई देश चलाउन दिएको थुक्का झोले हो धिक्कार छ
956,china ko anudaan india ra vrasta dalal haru le pachaune vo yo yojana pani abo banda hunxa china ko anudaan swaha,चाइना को अनुदान इन्डिया र ब्रोस्टा दलाल हरू ले पछाउने हो यो योजना पनि अब बन्द हुनेछ चाइना को अनुदान स्वाहा
957,007 thulo parinaam ma hoina thulo parimaan ma ho,००७ ठूलो परिणाम मा होइन ठूलो परिमाण मा हो
958,please esta kura haru ma dhyaan dinu hola,प्लीज यस्ता कुरा हरु मा ध्यान दिनु होला
959,aru pani dherai videos ma esto galti paiyeko cha,अरु पनि धेरै भिडियो मा यस्तो गल्ती पाइएको छ
960,kharcha ra mihinet chin le garne tara aba 3 dalka vasta netale indian bujaunera melematoma nikale ko tel milo mato gari suha parxan desh ra janata nangai ho,खर्चा र मेहनत चिन् ले गर्ने तर अब ३ दलका वास्ता नेटाले भारतीय बुझाउनेर मेलेमाटोमा निकालेको तेल मिलो माटो गरी सुहा पार्छन देश र जनता नाङ्गै हो
961,kharcha ra mihinet chin le garne tara aba 3 dalka vasta netale indian bujaunera melematoma nikale ko tel milo mato gari suha parxan desh ra janata nangai ho,खर्चा र मेहनत चिन ले गर्ने तर अब ३ दलका वास्ता नेटाले भारतीय बुझाउनेर मेलेमतमा निकालेको तेल मिलो माटो गरी सुहा पार्छन् देश र जनता नाङ्गै हो
962,mala mal haina 2084 paxi pani yini haru lai pad diyiyo vane nepali mug janta le gu khara hide hunxa vaat na khara,मलाई मल हaina २०८४ पछि पनि यीनीहरूलाई पढ दिइयो भने नेपाली मुग जनता ले गु खारा हिडे हुन्छा वात न खारा
963,mala mal haina 2084 paxi pani yini haru lai pad diyiyo vane nepali mug janta le gu khara hide hunxa vaat na khara,मलाई मल हaina २०८४ पछि पनि यीनीहरूलाई पढ दिइयो भने नेपाली मुग जनता ले गु खारा हिडे हुन्छा वात न खारा
964,j jati vatya ni nepali janta lai kai faida huni wala chaina yo 3 huni jel smma eta uta garera gammma aafai khani soach banai sake holaa,ज जति वत्य नि नेपाली जनता लाई कै फाइदा हुने वाला छैन यो ३ हुने जेल सम्म एता उता गरेर गम्मा आफैं खानी सोच बनाइ सके होला
965,kp ko tauko katne lai 5 lakh dine rey resham driver le,केपी को टाउको काट्ने लाई ५ लाख दिने रे रेशम ड्राइभर ले
966,systematic structure navayeko le hamro desh ma yesto thulo project garne haisayet chaina nepal iran jasto resource victim jasto nabanos,सिस्टमेटिक स्ट्रक्चर नभएको ले हाम्रो देश मा यesto ठूलो प्रोजेक्ट गर्ने हैसियत छैन नेपाल इरान जस्तो रिसोर्स भिक्टिम जस्तो नबनोस्
967,coutnry ko lagi faida kei hune haina chor haru lai nai ho so kei excitement or khusi lageko thena news suni,काउन्ट्री को लागि फाइदा केहि हुने छैन चोरहरू लाई नै हो सो केहि एक्साइटमेन्ट ओर खुसी लागेको थिना न्युज सुनी
968,hamro ma para purbakal ma hamro baje haru le kaso nikaleko aahile pani thau dekhna sakinxha thulo chattan aahile herna sakinxha tara teha chanda sakinna tesma adhyan garna paya aru pani miltheyo ki  not a joke really ho,हाम्रो मा परा पुराकाल मा हाम्रो बaje हरू ले कसो निकालेको अहिले पनि थाउ देख्न सकिन्छ थुलो चट्टान अहिले हेर्न सकिन्छ तर त्यहाँ चन्दा सकिन्न त्यसमा अध्ययन गर्न पाया अरू पनि मिल्थेयो कि नट अ जोक रियली हो
969,india aba naka banda garda hunxa haita,भारत अब नाका बन्द गर्दा हुन्छ हैटा
970,netaharu malamal janta hanahan ho yo deshmamata dukhi chu,नेताहरू मलमल जनता हनाहन हो यो देशमा मता दुखी छु
971,yesto jhole desh maa chor neta haru lay aafno khalti vardai maa thik hunxa kei hudaina yataa nepal maa,यस्तो झोले देशमा चोर नेता हरूले आफ्नो खाल्ती वर्दैमा ठीक हुन्छ केहि हुँदैन यहाँ नेपालमा
972,046 dai nepal ko dhurv ratheee ho,०४६ दाइ नेपालको धुर्व रथेई हो
973,tara hos garnus hai feri kp le thaha paayapaxi chennal jala,तर होस गर्नुहोस् है फेरि केपी ले थाहा पाएपछि च्यानल जला
974,kei aash xaina nepal government bata,केहि आश छैन नेपाल सरकारबाट
975,sana sana youtuber ko ko hunuhunxa yata hajir vyar yakle arakalai support garm haii tw,साना साना युट्यबर को को हुनुहुन्छ यहाँ हाजिर व्यार याकले अरकलाइ सपोर्ट गरम है टि डब्ल्यू
976,nepali janta khusi hunu prdaina lutera vrastachari oli  prachande shere ko vagya khulne vaye,नेपाली जनता खुसी हुनु पर्दैन लुटेरा भ्रष्टाचारी ओली प्रचण्ड शेरको वाग्य खुल्ने भए
977,gyas becher neta dhani hunae bhaye,ग्यास बेचेर नेता धनी हुने भए
978,yo gas sab chor neta haru le khayera sakincha,यो ग्यास सबै चोर नेता हरूले खाएर सकिन्छ
979,hami sabai janta le milera protest garnu paryo if neta haru le kehi glt kadam uthaye vane chai jo jo ma kura ma sahamati hunhunxa like diyera support dekham,हामी सबै जनता ले मिलेर प्रोटेस्ट गर्नु पर्छ यदि नेता हरूले केहि गलत कदम उठाए भने चैं जो जो मा कुरा मा सहमति हुनुहुन्छ लाइक दिएर सपोर्ट देखाम
980,antim ma hati ayo hati ayo fussa,अन्तिममा हाटी आयो हाटी आयो फुस्सा
981,jai nepal hindu rastra kayam rahos,जय नेपाल हिन्दू राष्ट्र कायम रहोस्
982,yaha yudha huna thalexa aba nepal ko tel bechne plan buayo 3 tauke ko bich ma,यहाँ युद्ध हुन थालेका अब नेपालको तेल बेच्ने प्लान बुउयो ३ ताउकेको बीचमा
983,brastachar garna lai kada sajaya vayo bana nepal bancha navaya garo xa nepal banna,भ्रष्टाचार गर्नलाई कडा सजाय भयो बन नेपाल बन्छ नवाया गरो छ नेपाल बन्न
984,100 bras lai pugne xa vane ghar kinne sarkarle ani nikalne ni,१०० ब्रसलाई पुग्ने छ भने घर किन्ने सरकारले अनि निकाल्ने नि
985,sab randi ko chora haru hun kp shere anih tyo arko radaban nih desh xoddinu nai best option,सब रंडीको छोरा हरु हुन केपी शेर अनि त्यो अर्को रडाबान निह देश छोड्दिनु नै बेस्ट अप्सन
986,yo 3 ota machikney neta lai kukuri la chap chap hanu parxa abo tw,यो ३ ओटा मचिक्ने नेता लाई कुकुरलाई चाप चाप हानु पर्छ अब त
987,xito hunu paro guf nai besi hunxa kam xai zero,छिटो हुनु पर्छ गुफ नै बढी हुन्छ काम छै जीरो
988,jati nai bhrasta char garyeni name bhulne xina kasto mittho vanyeu yrr,जतिनै भ्रष्टाचार गर्येनि नामे भुल्ने छैन कस्तो मिठो भनेयु यार
989,nepalma petrol gas bhetaunu bhaneko netaharu lai khusiko khabar bhartachar garnalai,नेपालमा पेट्रोल ग्यास भेटाउनु भनको नेताहरुलाई खुसीको खबर भ्रष्टाचार गर्नलाई
990,rati rati vdo vayo 3 am video types,राति राति भिडियो भयो ३ अम भिडियो टाइप्स
991,hjr ko video heri rahanthe aru panitara etiko babal video aauxa socheko ni thina aaja subscribe garna baday vay tq,हजुरको भिडियो हेरी रहन्थे अरु पनितरा यतिको बबाल भिडियो आउँछ सोचेको नि थिन आज सब्सक्राइब गर्ना बढाइ वय tq
992,jati nai gas vetiye pani hamro sashak gatilo na vaye samma yestai ho gatilo sashak parey ko vaye pani matrai bechera pani dherai mathi gai sakethyo,जति नै ग्यास वेतीये पनि हाम्रो सशक्त गतिलो न भए सम्म यस्तै हो गतिलो सशक्त परे को भए पनि मात्र बेचेर पनि धेरै माथि गइ सकेथ्यो
993,tapai haru le afno 10 pusta lai pugni dhan jamma gari saknu vacha yspali chai aam janta ko lagi kai chodidinu hola hai,तपाई हरू ले आफ्नो १० पुस्ता लाई पुग्नि धन जम्मा गरी सक्नु वाचा यसपाली चैं आम जनताको लागि कै छोडिदिनु होला है
994,kp prachanda deuba namarde sama desh ma kei hudaina,केपी प्रचण्ड देउबा नामर्दे समा देश मा केहि हुंदैन
995,yo muj baje haru kaile marxan yrr dikka lagi sakeyo vaneya,यो मुझ बaje हरू कहिले मर्छन यार दिक्का लागि सकेयो भनेया
996,thumbnail herer video hernu aaune koko hunu hunxah,थम्बनेल हेरेर भिडियो हेर्नु आउने कोको हुनु हुन्छ
997,aba nepal qatar jasto khelma pugaune bata hoodonda pugaune,अब नेपाल कतर जस्तो खेलमा पुगाउने बाटा हुडन्दा पुगाउने
998,jasle je bhane pani oli ko aat le nai ho yo huna sakeko natra aru ta sabai bharat ko permission ma matrai kaam garchan oli matrai ho bharat sanga najhukne,जसले जे भने पनि ओलीको आत्मले नै हो यो हुन सकेको नत्र अरु त सबै भारतको permission मा मात्र काम गर्छन ओली मात्र हो भारत संग नझुक्ने
999,hajurko video khoji khoji herxu sadhai big fan,हजुरको भिडियो खोजी खोजी हेर्छु सधैँ बिग फ्यान
1000,bechdinu ni desh nai boru 1 tira ko laiii k ko samvabanah hau feri already research vaisakeyko kura mah chayi feri science nai fail khako ho 21st century mah,बेच्दिनु नि देश नै बोरु १ तिरको लागि क को सम्भावना hau फेरि अल्रेडी रिसर्च भैसकेको कुरा मह चैं फेरि साइन्स नै फेल खाको हो २१st सेन्टुरी मह
1001,etra ko asa garaujaba samma chuchey nakh cha taba sama khulit muji,एत्रा को आशा गराउँजाबा सम्म चूच्य नख छ ताबा समा खुलित मुजी
1002,tara business chahi ati noi badi bho jasto lagyo,तर बिजनेस चाही अति नाइ बढी भो जस्तो लाग्यो
1003,nepal nepal nepal nepal nepal nepal nepal nepal nepal nepal nepal nepal nepal nepal nepal nepal nepal nepal nepal nepal nepal nepal nepal nepal nepal nepal nepal nepal nepal nepal nepal nepal nepal nepal nepal nepal nepal nepal nepal nepal nepal nepal nepal nepal nepal nepal nepal nepal nepal nepal nepal nepal nepal nepal nepal nepal nepal nepal nepal nepal nepal nepal nepal nepal nepal nepal nepal nepal nepal nepal nepal nepal nepal nepal nepal nepal nepal nepal nepal nepal nepal nepal nepal nepal nepal nepal nepal nepal nepal nepal nepal nepal nepal nepal nepal nepal nepal nepal nepal nepal nepal nepal nepal nepal nepal nepal nepal nepal nepal nepal nepal nepal nepal nepal nepal nepal nepal nepal nepal nepal nepal nepal nepal nepal nepal nepal nepal nepal nepal nepal nepal nepal nepal nepal nepal nepal nepal nepal nepal nepal nepal nepal nepal nepal nepal nepal nepal nepal nepal nepal nepal nepal nepal nepal nepal nepal nepal nepal nepal nepal nepal nepal nepal nepal nepal nepal nepal nepal nepal nepal nepal nepal nepal nepal nepal nepal nepal nepal nepal nepal nepal nepal nepal nepal nepal nepal nepal nepal nepal nepal nepal nepal nepal nepal nepal nepal nepal nepal nepal nepal nepal nepal nepal nepal nepal nepal nepal nepal nepal nepal nepal nepal nepal nepal nepal nepal nepal nepal nepal nepal nepal nepal nepal nepal nepal nepal nepal nepal nepal nepal nepal nepal nepal nepal nepal nepal nepal nepal nepal nepal nepal nepal nepal nepal nepal nepal nepal nepal nepal nepal nepal nepal nepal nepal nepal nepal nepal nepal nepal nepal nepal nepal nepal nepal nepal nepal nepal nepal nepal nepal nepal nepal nepal nepal nepal nepal nepal nepal nepal nepal nepal nepal nepal nepal nepal nepal nepal nepal nepal nepal nepal nepal nepal nepal nepal nepal nepal nepal nepal nepal nepal nepal nepal nepal nepal nepal nepal nepal nepal nepal nepal nepal nepal nepal nepal nepal nepal nepal nepal nepal nepal nepal nepal nepal nepal nepal nepal nepal nepal nepal nepal nepal nepal nepal nepal nepal nepal nepal nepal nepal nepal nepal nepal nepal nepal nepal nepal nepal nepal nepal nepal nepal nepal nepal nepal nepal nepal nepal nepal nepal nepal nepal nepal nepal nepal nepal nepal nepal nepal nepal nepal nepal nepal nepal nepal nepal nepal nepal nepal nepal nepal nepal nepal nepal nepal nepal nepal nepal nepal nepal nepal nepal nepal nepal nepal nepal nepal nepal nepal nepal nepal nepal nepal nepal nepal nepal nepal nepal nepal nepal nepal nepal nepal nepal nepal nepal nepal nepal nepal nepal nepal nepal nepal nepal nepal nepal nepal nepal nepal nepal nepal nepal nepal nepal nepal nepal nepal nepal nepal nepal nepal nepal nepal nepal nepal nepal nepal nepal nepal nepal nepal nepal nepal nepal nepal nepal nepal nepal nepal nepal nepal nepal nepal nepal nepal nepal nepal nepal nepal nepal nepal nepal nepal nepal nepal nepal nepal nepal nepal nepal nepal nepal nepal nepal nepal nepal nepal nepal nepal nepal nepal nepal nepal nepal nepal nepal nepal nepal nepal nepal nepal nepal nepal nepal nepal nepal nepal nepal nepal nepal nepal nepal nepal nepal nepal nepal nepal nepal nepal nepal nepal nepal nepal nepal nepal nepal nepal nepal nepal nepal nepal nepal nepal nepal nepal nepal nepal nepal nepal nepal nepal nepal nepal nepal nepal nepal nepal nepal nepal nepal nepal nepal nepal nepal nepal nepal nepal nepal nepal nepal nepal nepal nepal nepal nepal nepal nepal nepal nepal nepal nepal nepal nepal nepal nepal nepal nepal nepal nepal nepal nepal nepal nepal nepal nepal nepal nepal nepal nepal nepal nepal nepal nepal nepal nepal nepal nepal nepal nepal nepal nepal nepal nepal nepal nepal nepal nepal nepal nepal nepal nepal nepal nepal nepal nepal nepal nepal nepal nepal nepal nepal nepal nepal nepal nepal nepal nepal nepal nepal nepal nepal nepal nepal nepal nepal nepal nepal nepal nepal nepal nepal nepal nepal nepal nepal nepal nepal nepal nepal nepal nepal nepal nepal nepal nepal nepal nepal nepal nepal nepal,नेपाल नेपाल नेपाल नेपाल नेपाल नेपाल नेपाल नेपाल नेपाल नेपाल नेपाल नेपाल नेपाल नेपाल नेपाल नेपाल नेपाल नेपाल नेपाल नेपाल नेपाल नेपाल नेपाल नेपाल नेपाल नेपाल नेपाल नेपाल नेपाल नेपाल नेपाल नेपाल नेपाल नेपाल नेपाल नेपाल नेपाल नेपाल नेपाल नेपाल नेपाल नेपाल नेपाल नेपाल नेपाल नेपाल नेपाल नेपाल नेपाल नेपाल नेपाल नेपाल नेपाल नेपाल नेपाल नेपाल नेपाल नेपाल नेपाल नेपाल नेपाल नेपाल नेपाल नेपाल नेपाल नेपाल नेपाल नेपाल नेपाल नेपाल नेपाल नेपाल नेपाल नेपाल नेपाल नेपाल नेपाल नेपाल नेपाल नेपाल नेपाल नेपाल नेपाल नेपाल नेपाल नेपाल नेपाल नेपाल नेपाल नेपाल नेपाल नेपाल नेपाल नेपाल नेपाल नेपाल नेपाल नेपाल नेपाल नेपाल नेपाल नेपाल नेपाल नेपाल नेपाल नेपाल नेपाल नेपाल नेपाल नेपाल नेपाल नेपाल नेपाल नेपाल नेपाल नेपाल नेपाल नेपाल नेपाल नेपाल नेपाल नेपाल नेपाल नेपाल नेपाल नेपाल नेपाल नेपाल नेपाल नेपाल नेपाल नेपाल नेपाल नेपाल नेपाल नेपाल नेपाल नेपाल नेपाल नेपाल नेपाल नेपाल नेपाल नेपाल नेपाल नेपाल नेपाल नेपाल नेपाल नेपाल नेपाल नेपाल नेपाल नेपाल नेपाल नेपाल नेपाल नेपाल नेपाल नेपाल नेपाल नेपाल नेपाल नेपाल नेपाल नेपाल नेपाल नेपाल नेपाल नेपाल नेपाल नेपाल नेपाल नेपाल नेपाल नेपाल नेपाल नेपाल नेपाल नेपाल नेपाल नेपाल नेपाल नेपाल नेपाल नेपाल नेपाल नेपाल नेपाल नेपाल नेपाल नेपाल नेपाल नेपाल नेपाल नेपाल नेपाल नेपाल नेपाल नेपाल नेपाल नेपाल नेपाल नेपाल नेपाल नेपाल नेपाल नेपाल नेपाल नेपाल नेपाल नेपाल नेपाल नेपाल नेपाल नेपाल नेपाल नेपाल नेपाल नेपाल नेपाल नेपाल नेपाल नेपाल नेपाल नेपाल नेपाल नेपाल नेपाल नेपाल नेपाल नेपाल नेपाल नेपाल नेपाल नेपाल नेपाल नेपाल नेपाल नेपाल नेपाल नेपाल नेपाल नेपाल नेपाल नेपाल नेपाल नेपाल नेपाल नेपाल नेपाल नेपाल नेपाल नेपाल नेपाल नेपाल नेपाल नेपाल नेपाल नेपाल नेपाल नेपाल नेपाल नेपाल नेपाल नेपाल नेपाल नेपाल नेपाल नेपाल नेपाल नेपाल नेपाल नेपाल नेपाल नेपाल नेपाल नेपाल नेपाल नेपाल नेपाल नेपाल नेपाल नेपाल नेपाल नेपाल नेपाल नेपाल नेपाल नेपाल नेपाल नेपाल नेपाल नेपाल नेपाल नेपाल नेपाल नेपाल नेपाल नेपाल नेपाल नेपाल नेपाल नेपाल नेपाल नेपाल नेपाल नेपाल नेपाल नेपाल नेपाल नेपाल नेपाल नेपाल नेपाल नेपाल नेपाल नेपाल नेपाल नेपाल नेपाल नेपाल नेपाल नेपाल नेपाल नेपाल नेपाल नेपाल नेपाल नेपाल नेपाल नेपाल नेपाल नेपाल नेपाल नेपाल नेपाल नेपाल नेपाल नेपाल नेपाल नेपाल नेपाल नेपाल नेपाल नेपाल नेपाल नेपाल नेपाल नेपाल नेपाल नेपाल नेपाल नेपाल नेपाल नेपाल नेपाल नेपाल नेपाल नेपाल नेपाल नेपाल नेपाल नेपाल नेपाल नेपाल नेपाल नेपाल नेपाल नेपाल नेपाल नेपाल नेपाल नेपाल नेपाल नेपाल नेपाल नेपाल नेपाल नेपाल नेपाल नेपाल नेपाल नेपाल नेपाल नेपाल नेपाल नेपाल नेपाल नेपाल नेपाल नेपाल नेपाल नेपाल नेपाल नेपाल नेपाल नेपाल नेपाल नेपाल नेपाल नेपाल नेपाल नेपाल नेपाल नेपाल नेपाल नेपाल नेपाल नेपाल नेपाल नेपाल नेपाल नेपाल नेपाल नेपाल नेपाल नेपाल नेपाल नेपाल नेपाल नेपाल नेपाल नेपाल नेपाल नेपाल नेपाल नेपाल नेपाल नेपाल नेपाल नेपाल नेपाल नेपाल नेपाल नेपाल नेपाल नेपाल नेपाल नेपाल नेपाल नेपाल नेपाल नेपाल नेपाल नेपाल नेपाल नेपाल नेपाल नेपाल नेपाल नेपाल नेपाल नेपाल नेपाल नेपाल नेपाल नेपाल नेपाल नेपाल नेपाल नेपाल नेपाल नेपाल नेपाल नेपाल नेपाल नेपाल नेपाल नेपाल नेपाल नेपाल नेपाल नेपाल नेपाल नेपाल नेपाल नेपाल नेपाल नेपाल नेपाल नेपाल नेपाल नेपाल नेपाल नेपाल नेपाल नेपाल नेपाल नेपाल नेपाल नेपाल नेपाल नेपाल नेपाल नेपाल नेपाल नेपाल नेपाल नेपाल नेपाल नेपाल नेपाल नेपाल नेपाल नेपाल नेपाल नेपाल नेपाल नेपाल नेपाल नेपाल नेपाल नेपाल नेपाल नेपाल नेपाल नेपाल नेपाल नेपाल नेपाल नेपाल नेपाल नेपाल नेपाल नेपाल नेपाल नेपाल नेपाल नेपाल नेपाल नेपाल नेपाल नेपाल नेपाल नेपाल नेपाल नेपाल नेपाल नेपाल नेपाल नेपाल नेपाल नेपाल नेपाल नेपाल नेपाल नेपाल नेपाल नेपाल नेपाल नेपाल नेपाल नेपाल नेपाल नेपाल नेपाल नेपाल नेपाल नेपाल नेपाल नेपाल नेपाल नेपाल नेपाल नेपाल नेपाल नेपाल नेपाल नेपाल नेपाल नेपाल नेपाल नेपाल नेपाल नेपाल नेपाल नेपाल नेपाल नेपाल नेपाल नेपाल नेपाल नेपाल नेपाल नेपाल नेपाल नेपाल नेपाल नेपाल नेपाल नेपाल नेपाल नेपाल नेपाल नेपाल नेपाल नेपाल नेपाल नेपाल नेपाल नेपाल नेपाल नेपाल नेपाल नेपाल नेपाल नेपाल नेपाल नेपाल नेपाल नेपाल नेपाल नेपाल नेपाल नेपाल नेपाल नेपाल नेपाल नेपाल नेपाल नेपाल नेपाल नेपाल नेपाल नेपाल नेपाल नेपाल नेपाल नेपाल नेपाल नेपाल नेपाल नेपाल नेपाल नेपाल नेपाल नेपाल नेपाल नेपाल नेपाल नेपाल नेपाल नेपाल नेपाल नेपाल नेपाल नेपाल नेपाल नेपाल नेपाल नेपाल नेपाल नेपाल नेपाल नेपाल नेपाल नेपाल नेपाल नेपाल नेपाल नेपाल नेपाल नेपाल नेपाल नेपाल नेपाल नेपाल नेपाल नेपाल नेपाल नेपाल नेपाल नेपाल नेपाल नेपाल नेपाल नेपाल नेपाल नेपाल नेपाल नेपाल नेपाल नेपाल नेपाल नेपाल नेपाल नेपाल नेपाल नेपाल नेपाल नेपाल नेपाल नेपाल नेपाल नेपाल नेपाल नेपाल नेपाल नेपाल नेपाल नेपाल नेपाल नेपाल नेपाल नेपाल नेपाल नेपाल नेपाल नेपाल नेपाल नेपाल नेपाल नेपाल नेपाल नेपाल नेपाल नेपाल नेपाल नेपाल नेपाल नेपाल नेपाल नेपाल नेपाल नेपाल नेपाल नेपाल नेपाल नेपाल नेपाल नेपाल नेपाल नेपाल नेपाल नेपाल नेपाल नेपाल नेपाल नेपाल नेपाल नेपाल नेपाल नेपाल नेपाल नेपाल नेपाल नेपाल नेपाल नेपाल नेपाल नेपाल नेपाल नेपाल नेपाल नेपाल नेपाल नेपाल नेपाल नेपाल नेपाल नेपाल नेपाल नेपाल नेपाल नेपाल नेपाल नेपाल नेपाल नेपाल नेपाल नेपाल नेपाल नेपाल नेपाल नेपाल नेपाल नेपाल नेपाल नेपाल नेपाल नेपाल नेपाल नेपाल नेपाल नेपाल नेपाल नेपाल नेपाल नेपाल नेपाल नेपाल नेपाल नेपाल नेपाल नेपाल नेपाल नेपाल नेपाल नेपाल नेपाल नेपाल नेपाल नेपाल नेपाल नेपाल नेपाल नेपाल नेपाल नेपाल नेपाल नेपाल नेपाल नेपाल नेपाल नेपाल नेपाल नेपाल नेपाल नेपाल नेपाल नेपाल नेपाल नेपाल नेपाल नेपाल नेपाल नेपाल नेपाल नेपाल नेपाल नेपाल नेपाल नेपाल नेपाल नेपाल नेपाल नेपाल नेपाल नेपाल नेपाल नेपाल नेपाल नेपाल नेपाल नेपाल नेपाल नेपाल नेपाल नेपाल नेपाल नेपाल नेपाल नेपाल नेपाल नेपाल नेपाल नेपाल नेपाल नेपाल नेपाल नेपाल नेपाल नेपाल नेपाल नेपाल नेपाल नेपाल नेपाल नेपाल नेपाल नेपाल नेपाल नेपाल नेपाल नेपाल नेपाल नेपाल नेपाल नेपाल नेपाल नेपाल नेपाल नेपाल नेपाल नेपाल नेपाल नेपाल नेपाल नेपाल नेपाल नेपाल नेपाल नेपाल नेपाल नेपाल नेपाल नेपाल नेपाल नेपाल नेपाल नेपाल नेपाल नेपाल नेपाल नेपाल नेपाल नेपाल नेपाल नेपाल नेपाल नेपाल नेपाल नेपाल नेपाल नेपाल नेपाल नेपाल नेपाल नेपाल नेपाल नेपाल नेपाल नेपाल नेपाल नेपाल नेपाल नेपाल नेपाल नेपाल नेपाल नेपाल नेपाल नेपाल नेपाल नेपाल नेपाल नेपाल नेपाल नेपाल नेपाल नेपाल नेपाल नेपाल नेपाल नेपाल नेपाल नेपाल नेपाल नेपाल नेपाल नेपाल नेपाल नेपाल नेपाल नेपाल नेपाल नेपाल नेपाल नेपाल नेपाल नेपाल नेपाल नेपाल नेपाल नेपाल नेपाल नेपाल नेपाल नेपाल नेपाल नेपाल नेपाल नेपाल नेपाल नेपाल नेपाल नेपाल नेपाल नेपाल नेपाल नेपाल नेपाल नेपाल नेपाल नेपाल नेपाल नेपाल नेपाल नेपाल नेपाल नेपाल नेपाल नेपाल नेपाल नेपाल नेपाल नेपाल नेपाल नेपाल नेपाल नेपाल नेपाल नेपाल नेपाल नेपाल नेपाल नेपाल नेपाल नेपाल नेपाल नेपाल नेपाल नेपाल नेपाल नेपाल नेपाल नेपाल नेपाल नेपाल नेपाल नेपाल नेपाल नेपाल नेपाल नेपाल नेपाल नेपाल नेपाल नेपाल नेपाल नेपाल नेपाल नेपाल नेपाल नेपाल नेपाल नेपाल नेपाल नेपाल नेपाल नेपाल नेपाल नेपाल नेपाल नेपाल नेपाल नेपाल नेपाल नेपाल नेपाल नेपाल नेपाल नेपाल नेपाल नेपाल नेपाल नेपाल नेपाल नेपाल नेपाल नेपाल नेपाल नेपाल नेपाल नेपाल नेपाल नेपाल नेपाल नेपाल नेपाल नेपाल नेपाल नेपाल नेपाल नेपाल नेपाल नेपाल नेपाल नेपाल नेपाल नेपाल नेपाल नेपाल नेपाल नेपाल नेपाल नेपाल नेपाल नेपाल नेपाल नेपाल नेपाल नेपाल नेपाल नेपाल नेपाल नेपाल नेपाल नेपाल नेपाल नेपाल नेपाल नेपाल नेपाल नेपाल नेपाल नेपाल नेपाल नेपाल नेपाल नेपाल नेपाल नेपाल नेपाल नेपाल नेपाल नेपाल नेपाल नेपाल नेपाल नेपाल नेपाल नेपाल नेपाल नेपाल नेपाल नेपाल नेपाल नेपाल नेपाल नेपाल नेपाल नेपाल नेपाल नेपाल नेपाल नेपाल नेपाल नेपाल नेपाल नेपाल नेपाल नेपाल नेपाल नेपाल नेपाल नेपाल नेपाल नेपाल नेपाल नेपाल नेपाल नेपाल नेपाल नेपाल नेपाल नेपाल नेपाल नेपाल नेपाल नेपाल नेपाल नेपाल नेपाल नेपाल नेपाल नेपाल नेपाल नेपाल नेपाल नेपाल नेपाल नेपाल नेपाल नेपाल नेपाल नेपाल नेपाल नेपाल नेपाल नेपाल नेपाल नेपाल नेपाल नेपाल नेपाल नेपाल नेपाल नेपाल नेपाल नेपाल नेपाल नेपाल नेपाल नेपाल नेपाल नेपाल नेपाल नेपाल नेपाल नेपाल नेपाल नेपाल नेपाल नेपाल नेपाल नेपाल नेपाल नेपाल नेपाल नेपाल नेपाल नेपाल नेपाल नेपाल नेपाल नेपाल नेपाल नेपाल नेपाल नेपाल नेपाल नेपाल नेपाल नेपाल नेपाल नेपाल नेपाल नेपाल नेपाल नेपाल नेपाल नेपाल नेपाल नेपाल नेपाल नेपाल नेपाल नेपाल नेपाल नेपाल नेपाल नेपाल नेपाल नेपाल नेपाल नेपाल नेपाल नेपाल नेपाल नेपाल नेपाल नेपाल नेपाल नेपाल नेपाल नेपाल नेपाल नेपाल नेपाल नेपाल नेपाल नेपाल नेपाल नेपाल नेपाल नेपाल नेपाल नेपाल नेपाल नेपाल नेपाल नेपाल नेपाल नेपाल नेपाल नेपाल नेपाल नेपाल नेपाल नेपाल नेपाल नेपाल नेपाल नेपाल नेपाल नेपाल नेपाल नेपाल नेपाल नेपाल नेपाल नेपाल नेपाल नेपाल नेपाल नेपाल नेपाल नेपाल नेपाल नेपाल नेपाल नेपाल नेपाल नेपाल नेपाल नेपाल नेपाल नेपाल नेपाल नेपाल नेपाल नेपाल नेपाल नेपाल नेपाल नेपाल नेपाल नेपाल नेपाल नेपाल नेपाल नेपाल नेपाल नेपाल नेपाल नेपाल नेपाल नेपाल नेपाल नेपाल नेपाल नेपाल नेपाल नेपाल नेपाल नेपाल नेपाल नेपाल नेपाल नेपाल नेपाल नेपाल नेपाल नेपाल नेपाल नेपाल नेपाल नेपाल नेपाल नेपाल नेपाल नेपाल नेपाल नेपाल नेपाल नेपाल नेपाल नेपाल नेपाल नेपाल नेपाल नेपाल नेपाल नेपाल नेपाल नेपाल नेपाल नेपाल नेपाल नेपाल नेपाल नेपाल नेपाल नेपाल नेपाल नेपाल नेपाल नेपाल नेपाल नेपाल नेपाल नेपाल नेपाल नेपाल नेपाल नेपाल नेपाल नेपाल नेपाल नेपाल नेपाल नेपाल नेपाल नेपाल नेपाल नेपाल नेपाल नेपाल नेपाल नेपाल नेपाल नेपाल नेपाल नेपाल नेपाल नेपाल नेपाल नेपाल नेपाल नेपाल नेपाल नेपाल नेपाल नेपाल नेपाल नेपाल नेपाल नेपाल नेपाल नेपाल नेपाल नेपाल नेपाल नेपाल नेपाल नेपाल नेपाल नेपाल नेपाल नेपाल नेपाल नेपाल नेपाल नेपाल नेपाल नेपाल नेपाल नेपाल नेपाल नेपाल नेपाल नेपाल नेपाल नेपाल नेपाल नेपाल नेपाल नेपाल नेपाल नेपाल नेपाल नेपाल नेपाल नेपाल नेपाल नेपाल नेपाल नेपाल नेपाल नेपाल नेपाल नेपाल नेपाल नेपाल नेपाल नेपाल नेपाल नेपाल नेपाल नेपाल नेपाल नेपाल नेपाल नेपाल नेपाल नेपाल नेपाल नेपाल नेपाल नेपाल नेपाल नेपाल नेपाल नेपाल नेपाल नेपाल नेपाल नेपाल नेपाल नेपाल नेपाल नेपाल नेपाल नेपाल नेपाल नेपाल नेपाल नेपाल नेपाल नेपाल नेपाल नेपाल नेपाल नेपाल नेपाल नेपाल नेपाल नेपाल नेपाल नेपाल नेपाल नेपाल नेपाल नेपाल नेपाल नेपाल नेपाल नेपाल नेपाल नेपाल नेपाल नेपाल नेपाल नेपाल नेपाल नेपाल नेपाल नेपाल नेपाल नेपाल नेपाल नेपाल नेपाल नेपाल नेपाल नेपाल नेपाल नेपाल नेपाल नेपाल नेपाल नेपाल नेपाल नेपाल नेपाल नेपाल नेपाल नेपाल नेपाल नेपाल नेपाल नेपाल नेपाल नेपाल नेपाल नेपाल नेपाल नेपाल नेपाल नेपाल नेपाल नेपाल नेपाल नेपाल नेपाल नेपाल नेपाल नेपाल नेपाल नेपाल नेपाल नेपाल नेपाल नेपाल नेपाल नेपाल नेपाल नेपाल नेपाल नेपाल नेपाल नेपाल नेपाल नेपाल नेपाल नेपाल नेपाल नेपाल नेपाल नेपाल नेपाल नेपाल नेपाल नेपाल नेपाल नेपाल नेपाल नेपाल नेपाल नेपाल नेपाल नेपाल नेपाल नेपाल नेपाल नेपाल नेपाल नेपाल नेपाल नेपाल नेपाल नेपाल नेपाल नेपाल नेपाल नेपाल नेपाल नेपाल नेपाल नेपाल नेपाल नेपाल नेपाल नेपाल नेपाल नेपाल नेपाल नेपाल नेपाल नेपाल नेपाल नेपाल नेपाल नेपाल नेपाल नेपाल नेपाल नेपाल नेपाल नेपाल नेपाल नेपाल नेपाल नेपाल नेपाल नेपाल नेपाल नेपाल नेपाल नेपाल नेपाल नेपाल नेपाल नेपाल नेपाल नेपाल नेपाल नेपाल नेपाल नेपाल नेपाल नेपाल नेपाल नेपाल नेपाल नेपाल नेपाल नेपाल नेपाल नेपाल नेपाल नेपाल नेपाल नेपाल नेपाल नेपाल नेपाल नेपाल नेपाल नेपाल नेपाल नेपाल नेपाल नेपाल नेपाल नेपाल नेपाल नेपाल नेपाल नेपाल नेपाल नेपाल नेपाल नेपाल नेपाल नेपाल नेपाल नेपाल नेपाल नेपाल नेपाल नेपाल नेपाल नेपाल नेपाल नेपाल नेपाल नेपाल नेपाल नेपाल नेपाल नेपाल नेपाल नेपाल नेपाल नेपाल नेपाल नेपाल नेपाल नेपाल नेपाल नेपाल नेपाल नेपाल नेपाल नेपाल नेपाल नेपाल नेपाल नेपाल नेपाल नेपाल नेपाल नेपाल नेपाल नेपाल नेपाल नेपाल नेपाल नेपाल नेपाल नेपाल नेपाल नेपाल नेपाल नेपाल नेपाल नेपाल नेपाल नेपाल नेपाल नेपाल नेपाल नेपाल नेपाल नेपाल नेपाल नेपाल नेपाल नेपाल नेपाल नेपाल नेपाल नेपाल नेपाल नेपाल नेपाल नेपाल नेपाल नेपाल नेपाल नेपाल नेपाल नेपाल नेपाल नेपाल नेपाल नेपाल नेपाल नेपाल नेपाल नेपाल नेपाल नेपाल नेपाल नेपाल नेपाल नेपाल नेपाल नेपाल नेपाल नेपाल नेपाल नेपाल नेपाल नेपाल नेपाल नेपाल नेपाल नेपाल नेपाल नेपाल नेपाल नेपाल नेपाल नेपाल नेपाल नेपाल नेपाल नेपाल नेपाल नेपाल नेपाल नेपाल नेपाल नेपाल नेपाल नेपाल नेपाल नेपाल नेपाल नेपाल नेपाल नेपाल नेपाल नेपाल नेपाल नेपाल नेपाल नेपाल नेपाल नेपाल नेपाल नेपाल नेपाल नेपाल नेपाल नेपाल नेपाल नेपाल नेपाल नेपाल नेपाल नेपाल नेपाल नेपाल नेपाल नेपाल नेपाल नेपाल नेपाल नेपाल नेपाल नेपाल नेपाल नेपाल नेपाल नेपाल नेपाल नेपाल नेपाल नेपाल नेपाल नेपाल नेपाल नेपाल नेपाल नेपाल नेपाल नेपाल नेपाल नेपाल नेपाल नेपाल नेपाल नेपाल नेपाल नेपाल नेपाल नेपाल नेपाल नेपाल नेपाल नेपाल नेपाल नेपाल नेपाल नेपाल नेपाल नेपाल नेपाल नेपाल नेपाल नेपाल नेपाल नेपाल नेपाल नेपाल नेपाल नेपाल नेपाल नेपाल नेपाल नेपाल नेपाल नेपाल नेपाल नेपाल नेपाल नेपाल नेपाल नेपाल नेपाल नेपाल नेपाल नेपाल नेपाल नेपाल नेपाल नेपाल नेपाल नेपाल नेपाल नेपाल नेपाल नेपाल नेपाल नेपाल नेपाल नेपाल नेपाल नेपाल नेपाल नेपाल नेपाल नेपाल नेपाल नेपाल नेपाल नेपाल नेपाल नेपाल नेपाल नेपाल नेपाल नेपाल नेपाल नेपाल नेपाल नेपाल नेपाल नेपाल नेपाल नेपाल नेपाल नेपाल नेपाल नेपाल नेपाल नेपाल नेपाल नेपाल नेपाल नेपाल नेपाल नेपाल नेपाल नेपाल नेपाल नेपाल नेपाल नेपाल नेपाल नेपाल नेपाल नेपाल नेपाल नेपाल नेपाल नेपाल नेपाल नेपाल नेपाल नेपाल नेपाल नेपाल नेपाल नेपाल नेपाल नेपाल नेपाल नेपाल नेपाल नेपाल नेपाल नेपाल नेपाल नेपाल नेपाल नेपाल नेपाल नेपाल नेपाल नेपाल नेपाल नेपाल नेपाल नेपाल नेपाल नेपाल नेपाल नेपाल नेपाल नेपाल नेपाल नेपाल नेपाल नेपाल नेपाल नेपाल नेपाल नेपाल नेपाल नेपाल नेपाल नेपाल नेपाल नेपाल नेपाल नेपाल नेपाल नेपाल नेपाल नेपाल नेपाल नेपाल नेपाल नेपाल नेपाल नेपाल नेपाल नेपाल नेपाल नेपाल नेपाल नेपाल नेपाल नेपाल नेपाल नेपाल नेपाल नेपाल नेपाल नेपाल नेपाल नेपाल नेपाल नेपाल नेपाल नेपाल नेपाल नेपाल नेपाल नेपाल नेपाल नेपाल नेपाल नेपाल नेपाल नेपाल नेपाल नेपाल नेपाल नेपाल नेपाल नेपाल नेपाल नेपाल नेपाल नेपाल नेपाल नेपाल नेपाल नेपाल नेपाल नेपाल नेपाल नेपाल नेपाल नेपाल नेपाल नेपाल नेपाल नेपाल नेपाल नेपाल नेपाल नेपाल नेपाल नेपाल नेपाल नेपाल नेपाल नेपाल नेपाल नेपाल नेपाल नेपाल नेपाल नेपाल नेपाल नेपाल नेपाल नेपाल नेपाल नेपाल नेपाल नेपाल नेपाल नेपाल नेपाल नेपाल नेपाल नेपाल नेपाल नेपाल नेपाल नेपाल नेपाल नेपाल नेपाल नेपाल नेपाल नेपाल नेपाल नेपाल नेपाल नेपाल नेपाल नेपाल नेपाल नेपाल नेपाल नेपाल नेपाल नेपाल नेपाल नेपाल नेपाल नेपाल नेपाल नेपाल नेपाल नेपाल नेपाल नेपाल नेपाल नेपाल नेपाल नेपाल नेपाल नेपाल नेपाल नेपाल नेपाल नेपाल नेपाल नेपाल नेपाल नेपाल नेपाल नेपाल नेपाल नेपाल नेपाल नेपाल नेपाल नेपाल नेपाल नेपाल नेपाल नेपाल नेपाल नेपाल नेपाल नेपाल नेपाल नेपाल नेपाल नेपाल नेपाल नेपाल नेपाल नेपाल नेपाल नेपाल नेपाल नेपाल नेपाल नेपाल नेपाल नेपाल नेपाल नेपाल नेपाल नेपाल नेपाल नेपाल नेपाल नेपाल नेपाल नेपाल नेपाल नेपाल नेपाल नेपाल नेपाल नेपाल नेपाल नेपाल नेपाल नेपाल नेपाल नेपाल नेपाल नेपाल नेपाल नेपाल नेपाल नेपाल नेपाल नेपाल नेपाल नेपाल नेपाल नेपाल नेपाल नेपाल नेपाल नेपाल नेपाल नेपाल नेपाल नेपाल नेपाल नेपाल नेपाल नेपाल नेपाल नेपाल नेपाल नेपाल नेपाल नेपाल नेपाल नेपाल नेपाल नेपाल नेपाल नेपाल नेपाल नेपाल नेपाल नेपाल नेपाल नेपाल नेपाल नेपाल नेपाल नेपाल नेपाल नेपाल नेपाल नेपाल नेपाल नेपाल नेपाल नेपाल नेपाल नेपाल नेपाल नेपाल नेपाल नेपाल नेपाल नेपाल नेपाल नेपाल नेपाल नेपाल नेपाल नेपाल नेपाल नेपाल नेपाल नेपाल नेपाल नेपाल नेपाल नेपाल नेपाल नेपाल नेपाल नेपाल नेपाल नेपाल नेपाल नेपाल नेपाल नेपाल नेपाल नेपाल नेपाल नेपाल नेपाल नेपाल नेपाल नेपाल नेपाल नेपाल नेपाल नेपाल नेपाल नेपाल नेपाल नेपाल नेपाल नेपाल नेपाल नेपाल नेपाल नेपाल नेपाल नेपाल नेपाल नेपाल नेपाल नेपाल नेपाल नेपाल नेपाल नेपाल नेपाल नेपाल नेपाल नेपाल नेपाल नेपाल नेपाल नेपाल नेपाल नेपाल नेपाल नेपाल नेपाल नेपाल नेपाल नेपाल नेपाल नेपाल नेपाल नेपाल नेपाल नेपाल नेपाल नेपाल नेपाल नेपाल नेपाल नेपाल नेपाल नेपाल नेपाल नेपाल नेपाल नेपाल नेपाल नेपाल नेपाल नेपाल नेपाल नेपाल नेपाल नेपाल नेपाल नेपाल नेपाल नेपाल नेपाल नेपाल नेपाल नेपाल नेपाल नेपाल नेपाल नेपाल नेपाल नेपाल नेपाल नेपाल नेपाल नेपाल नेपाल नेपाल नेपाल नेपाल नेपाल नेपाल नेपाल नेपाल नेपाल नेपाल नेपाल नेपाल नेपाल नेपाल नेपाल नेपाल नेपाल नेपाल नेपाल नेपाल नेपाल नेपाल नेपाल नेपाल नेपाल नेपाल नेपाल नेपाल नेपाल नेपाल नेपाल नेपाल नेपाल नेपाल नेपाल नेपाल नेपाल नेपाल नेपाल नेपाल नेपाल नेपाल नेपाल नेपाल नेपाल नेपाल नेपाल नेपाल नेपाल नेपाल नेपाल नेपाल नेपाल नेपाल नेपाल नेपाल नेपाल नेपाल नेपाल नेपाल नेपाल नेपाल नेपाल नेपाल नेपाल नेपाल नेपाल नेपाल नेपाल नेपाल नेपाल नेपाल नेपाल नेपाल नेपाल नेपाल नेपाल नेपाल नेपाल नेपाल नेपाल नेपाल नेपाल नेपाल नेपाल नेपाल नेपाल नेपाल नेपाल नेपाल नेपाल नेपाल नेपाल नेपाल नेपाल नेपाल नेपाल नेपाल नेपाल नेपाल नेपाल नेपाल नेपाल नेपाल नेपाल नेपाल नेपाल नेपाल नेपाल नेपाल नेपाल नेपाल नेपाल नेपाल नेपाल नेपाल नेपाल नेपाल नेपाल नेपाल नेपाल नेपाल नेपाल नेपाल नेपाल नेपाल नेपाल नेपाल नेपाल नेपाल नेपाल नेपाल नेपाल नेपाल नेपाल नेपाल नेपाल नेपाल नेपाल नेपाल नेपाल नेपाल नेपाल नेपाल नेपाल नेपाल नेपाल नेपाल नेपाल नेपाल नेपाल नेपाल नेपाल नेपाल नेपाल नेपाल नेपाल नेपाल नेपाल नेपाल नेपाल नेपाल नेपाल नेपाल नेपाल नेपाल नेपाल नेपाल नेपाल नेपाल नेपाल नेपाल नेपाल नेपाल नेपाल नेपाल नेपाल नेपाल नेपाल नेपाल नेपाल नेपाल नेपाल नेपाल नेपाल नेपाल नेपाल नेपाल नेपाल नेपाल नेपाल नेपाल नेपाल नेपाल नेपाल नेपाल नेपाल नेपाल नेपाल नेपाल नेपाल नेपाल नेपाल नेपाल नेपाल नेपाल नेपाल नेपाल नेपाल नेपाल नेपाल नेपाल नेपाल नेपाल नेपाल नेपाल नेपाल नेपाल नेपाल नेपाल नेपाल नेपाल नेपाल नेपाल नेपाल नेपाल नेपाल नेपाल नेपाल नेपाल नेपाल नेपाल नेपाल नेपाल नेपाल नेपाल नेपाल नेपाल नेपाल नेपाल नेपाल नेपाल नेपाल नेपाल नेपाल नेपाल नेपाल नेपाल नेपाल नेपाल नेपाल नेपाल नेपाल नेपाल नेपाल नेपाल नेपाल नेपाल नेपाल नेपाल नेपाल नेपाल नेपाल नेपाल नेपाल नेपाल नेपाल नेपाल नेपाल नेपाल नेपाल नेपाल नेपाल नेपाल नेपाल नेपाल नेपाल नेपाल नेपाल नेपाल नेपाल नेपाल नेपाल नेपाल नेपाल नेपाल नेपाल नेपाल नेपाल नेपाल नेपाल नेपाल नेपाल नेपाल नेपाल नेपाल नेपाल नेपाल नेपाल नेपाल नेपाल नेपाल नेपाल नेपाल नेपाल नेपाल नेपाल नेपाल नेपाल नेपाल नेपाल नेपाल नेपाल नेपाल नेपाल नेपाल नेपाल नेपाल नेपाल नेपाल नेपाल नेपाल नेपाल नेपाल नेपाल नेपाल नेपाल नेपाल नेपाल नेपाल नेपाल नेपाल नेपाल नेपाल नेपाल नेपाल नेपाल नेपाल नेपाल नेपाल नेपाल नेपाल नेपाल नेपाल नेपाल नेपाल नेपाल नेपाल नेपाल नेपाल नेपाल नेपाल नेपाल नेपाल नेपाल नेपाल नेपाल नेपाल नेपाल नेपाल नेपाल नेपाल नेपाल नेपाल नेपाल नेपाल नेपाल नेपाल नेपाल नेपाल नेपाल नेपाल नेपाल नेपाल नेपाल नेपाल नेपाल नेपाल नेपाल नेपाल नेपाल नेपाल नेपाल नेपाल नेपाल नेपाल नेपाल नेपाल नेपाल नेपाल नेपाल नेपाल नेपाल नेपाल नेपाल नेपाल नेपाल नेपाल नेपाल नेपाल नेपाल नेपाल नेपाल नेपाल नेपाल नेपाल नेपाल नेपाल नेपाल नेपाल नेपाल नेपाल नेपाल नेपाल नेपाल नेपाल नेपाल नेपाल नेपाल नेपाल नेपाल नेपाल नेपाल नेपाल नेपाल नेपाल नेपाल नेपाल नेपाल नेपाल नेपाल नेपाल नेपाल नेपाल नेपाल नेपाल नेपाल नेपाल नेपाल नेपाल नेपाल नेपाल नेपाल नेपाल नेपाल नेपाल नेपाल नेपाल नेपाल नेपाल नेपाल नेपाल नेपाल नेपाल नेपाल नेपाल नेपाल नेपाल नेपाल नेपाल नेपाल नेपाल नेपाल नेपाल नेपाल नेपाल नेपाल नेपाल नेपाल नेपाल नेपाल नेपाल नेपाल नेपाल नेपाल नेपाल नेपाल नेपाल नेपाल नेपाल नेपाल नेपाल नेपाल नेपाल नेपाल नेपाल नेपाल नेपाल नेपाल नेपाल नेपाल नेपाल नेपाल नेपाल नेपाल नेपाल नेपाल नेपाल नेपाल नेपाल नेपाल नेपाल नेपाल नेपाल नेपाल नेपाल नेपाल नेपाल नेपाल नेपाल नेपाल नेपाल नेपाल नेपाल नेपाल नेपाल नेपाल नेपाल नेपाल नेपाल नेपाल नेपाल नेपाल नेपाल नेपाल नेपाल नेपाल नेपाल नेपाल नेपाल नेपाल नेपाल नेपाल नेपाल नेपाल नेपाल नेपाल नेपाल नेपाल नेपाल नेपाल नेपाल नेपाल नेपाल नेपाल नेपाल नेपाल नेपाल नेपाल नेपाल नेपाल नेपाल नेपाल नेपाल नेपाल नेपाल नेपाल नेपाल नेपाल नेपाल नेपाल नेपाल नेपाल नेपाल नेपाल नेपाल नेपाल नेपाल नेपाल नेपाल नेपाल नेपाल नेपाल नेपाल नेपाल नेपाल नेपाल नेपाल नेपाल नेपाल नेपाल नेपाल नेपाल नेपाल नेपाल नेपाल नेपाल नेपाल नेपाल नेपाल नेपाल नेपाल नेपाल नेपाल नेपाल नेपाल नेपाल नेपाल नेपाल नेपाल नेपाल नेपाल नेपाल नेपाल नेपाल नेपाल नेपाल नेपाल नेपाल नेपाल नेपाल नेपाल नेपाल नेपाल नेपाल नेपाल नेपाल नेपाल नेपाल नेपाल नेपाल नेपाल नेपाल नेपाल नेपाल नेपाल नेपाल नेपाल नेपाल नेपाल नेपाल नेपाल नेपाल नेपाल नेपाल नेपाल नेपाल नेपाल नेपाल नेपाल नेपाल नेपाल नेपाल नेपाल नेपाल नेपाल नेपाल नेपाल नेपाल नेपाल नेपाल नेपाल नेपाल नेपाल नेपाल नेपाल नेपाल नेपाल नेपाल नेपाल नेपाल नेपाल नेपाल नेपाल नेपाल नेपाल नेपाल नेपाल नेपाल नेपाल नेपाल नेपाल नेपाल नेपाल नेपाल नेपाल नेपाल नेपाल नेपाल नेपाल नेपाल नेपाल नेपाल नेपाल नेपाल नेपाल नेपाल नेपाल नेपाल नेपाल नेपाल नेपाल नेपाल नेपाल नेपाल नेपाल नेपाल नेपाल नेपाल नेपाल नेपाल नेपाल नेपाल नेपाल नेपाल नेपाल नेपाल नेपाल नेपाल नेपाल नेपाल नेपाल नेपाल नेपाल नेपाल नेपाल नेपाल नेपाल नेपाल नेपाल नेपाल नेपाल नेपाल नेपाल नेपाल नेपाल नेपाल नेपाल नेपाल नेपाल नेपाल नेपाल नेपाल नेपाल नेपाल नेपाल नेपाल नेपाल नेपाल नेपाल नेपाल नेपाल नेपाल नेपाल नेपाल नेपाल नेपाल नेपाल नेपाल नेपाल नेपाल नेपाल नेपाल नेपाल नेपाल नेपाल नेपाल नेपाल नेपाल नेपाल नेपाल नेपाल नेपाल नेपाल नेपाल नेपाल नेपाल नेपाल नेपाल नेपाल नेपाल नेपाल नेपाल नेपाल नेपाल नेपाल नेपाल नेपाल नेपाल नेपाल नेपाल नेपाल नेपाल नेपाल नेपाल नेपाल नेपाल नेपाल नेपाल नेपाल नेपाल नेपाल नेपाल नेपाल नेपाल नेपाल नेपाल नेपाल नेपाल नेपाल नेपाल नेपाल नेपाल नेपाल नेपाल नेपाल नेपाल नेपाल नेपाल नेपाल नेपाल नेपाल नेपाल नेपाल नेपाल नेपाल नेपाल नेपाल नेपाल नेपाल नेपाल नेपाल नेपाल नेपाल नेपाल नेपाल नेपाल नेपाल नेपाल नेपाल नेपाल नेपाल नेपाल नेपाल नेपाल नेपाल नेपाल नेपाल नेपाल नेपाल नेपाल नेपाल नेपाल नेपाल नेपाल नेपाल नेपाल नेपाल नेपाल नेपाल नेपाल नेपाल नेपाल नेपाल नेपाल नेपाल नेपाल नेपाल नेपाल नेपाल नेपाल नेपाल नेपाल नेपाल नेपाल नेपाल नेपाल नेपाल नेपाल नेपाल नेपाल नेपाल नेपाल नेपाल नेपाल नेपाल नेपाल नेपाल नेपाल नेपाल नेपाल नेपाल नेपाल नेपाल नेपाल नेपाल नेपाल नेपाल नेपाल नेपाल नेपाल नेपाल नेपाल नेपाल नेपाल नेपाल नेपाल नेपाल नेपाल नेपाल नेपाल नेपाल नेपाल नेपाल नेपाल नेपाल नेपाल नेपाल नेपाल नेपाल नेपाल नेपाल नेपाल नेपाल नेपाल नेपाल नेपाल नेपाल नेपाल नेपाल नेपाल नेपाल नेपाल नेपाल नेपाल नेपाल नेपाल नेपाल नेपाल नेपाल नेपाल नेपाल नेपाल नेपाल नेपाल नेपाल नेपाल नेपाल नेपाल नेपाल नेपाल नेपाल नेपाल नेपाल नेपाल नेपाल नेपाल नेपाल नेपाल नेपाल नेपाल नेपाल नेपाल नेपाल नेपाल नेपाल नेपाल नेपाल नेपाल नेपाल नेपाल नेपाल नेपाल नेपाल नेपाल नेपाल नेपाल नेपाल नेपाल नेपाल नेपाल नेपाल नेपाल नेपाल नेपाल नेपाल नेपाल नेपाल नेपाल नेपाल नेपाल नेपाल नेपाल नेपाल नेपाल नेपाल नेपाल नेपाल नेपाल नेपाल नेपाल नेपाल नेपाल नेपाल नेपाल नेपाल नेपाल नेपाल नेपाल नेपाल नेपाल नेपाल नेपाल नेपाल नेपाल नेपाल नेपाल नेपाल नेपाल नेपाल नेपाल नेपाल नेपाल नेपाल नेपाल नेपाल नेपाल नेपाल नेपाल नेपाल नेपाल नेपाल नेपाल नेपाल नेपाल नेपाल नेपाल नेपाल नेपाल नेपाल नेपाल नेपाल नेपाल नेपाल नेपाल नेपाल नेपाल नेपाल नेपाल नेपाल नेपाल नेपाल नेपाल नेपाल नेपाल नेपाल नेपाल नेपाल नेपाल नेपाल नेपाल नेपाल नेपाल नेपाल नेपाल नेपाल नेपाल नेपाल नेपाल नेपाल नेपाल नेपाल नेपाल नेपाल नेपाल नेपाल नेपाल नेपाल नेपाल नेपाल नेपाल नेपाल नेपाल नेपाल नेपाल नेपाल नेपाल नेपाल नेपाल नेपाल नेपाल नेपाल नेपाल नेपाल नेपाल नेपाल नेपाल नेपाल नेपाल नेपाल नेपाल नेपाल नेपाल नेपाल नेपाल नेपाल नेपाल नेपाल नेपाल नेपाल नेपाल नेपाल नेपाल नेपाल नेपाल नेपाल नेपाल नेपाल नेपाल नेपाल नेपाल नेपाल नेपाल नेपाल नेपाल नेपाल नेपाल नेपाल नेपाल नेपाल नेपाल नेपाल नेपाल नेपाल नेपाल नेपाल नेपाल नेपाल नेपाल नेपाल नेपाल नेपाल नेपाल नेपाल नेपाल नेपाल नेपाल नेपाल नेपाल नेपाल नेपाल नेपाल नेपाल नेपाल नेपाल नेपाल नेपाल नेपाल नेपाल नेपाल नेपाल नेपाल नेपाल नेपाल नेपाल नेपाल नेपाल नेपाल नेपाल नेपाल नेपाल नेपाल नेपाल नेपाल नेपाल नेपाल नेपाल नेपाल नेपाल नेपाल नेपाल नेपाल नेपाल नेपाल नेपाल नेपाल नेपाल नेपाल नेपाल नेपाल नेपाल नेपाल नेपाल नेपाल नेपाल नेपाल नेपाल नेपाल नेपाल नेपाल नेपाल नेपाल नेपाल नेपाल नेपाल नेपाल नेपाल नेपाल नेपाल नेपाल नेपाल नेपाल नेपाल नेपाल नेपाल नेपाल नेपाल नेपाल नेपाल नेपाल नेपाल नेपाल नेपाल नेपाल नेपाल नेपाल नेपाल नेपाल नेपाल नेपाल नेपाल नेपाल नेपाल नेपाल नेपाल नेपाल नेपाल नेपाल नेपाल नेपाल नेपाल नेपाल नेपाल नेपाल नेपाल नेपाल नेपाल नेपाल नेपाल नेपाल नेपाल नेपाल नेपाल नेपाल नेपाल नेपाल नेपाल नेपाल नेपाल नेपाल नेपाल नेपाल नेपाल नेपाल नेपाल नेपाल नेपाल नेपाल नेपाल नेपाल नेपाल नेपाल नेपाल नेपाल नेपाल नेपाल नेपाल नेपाल नेपाल नेपाल नेपाल नेपाल नेपाल नेपाल नेपाल नेपाल नेपाल नेपाल नेपाल नेपाल नेपाल नेपाल नेपाल नेपाल नेपाल नेपाल नेपाल नेपाल नेपाल नेपाल नेपाल नेपाल नेपाल नेपाल नेपाल नेपाल नेपाल नेपाल नेपाल नेपाल नेपाल नेपाल नेपाल नेपाल नेपाल नेपाल नेपाल नेपाल नेपाल नेपाल नेपाल नेपाल नेपाल नेपाल नेपाल नेपाल नेपाल नेपाल नेपाल नेपाल नेपाल नेपाल नेपाल नेपाल नेपाल नेपाल नेपाल नेपाल नेपाल नेपाल नेपाल नेपाल नेपाल नेपाल नेपाल नेपाल नेपाल नेपाल नेपाल नेपाल नेपाल नेपाल नेपाल नेपाल नेपाल नेपाल नेपाल नेपाल नेपाल नेपाल नेपाल नेपाल नेपाल नेपाल नेपाल नेपाल नेपाल नेपाल नेपाल नेपाल नेपाल नेपाल नेपाल नेपाल नेपाल नेपाल नेपाल नेपाल नेपाल नेपाल नेपाल नेपाल नेपाल नेपाल नेपाल नेपाल नेपाल नेपाल नेपाल नेपाल नेपाल नेपाल नेपाल नेपाल नेपाल नेपाल नेपाल नेपाल नेपाल नेपाल नेपाल नेपाल नेपाल नेपाल नेपाल नेपाल नेपाल नेपाल नेपाल नेपाल नेपाल नेपाल नेपाल नेपाल नेपाल नेपाल नेपाल नेपाल नेपाल नेपाल नेपाल नेपाल नेपाल नेपाल नेपाल नेपाल नेपाल नेपाल नेपाल नेपाल नेपाल नेपाल नेपाल नेपाल नेपाल नेपाल नेपाल नेपाल नेपाल नेपाल नेपाल नेपाल नेपाल नेपाल नेपाल नेपाल नेपाल नेपाल नेपाल नेपाल नेपाल नेपाल नेपाल नेपाल नेपाल नेपाल नेपाल नेपाल नेपाल नेपाल नेपाल नेपाल नेपाल नेपाल नेपाल नेपाल नेपाल नेपाल नेपाल नेपाल नेपाल नेपाल नेपाल नेपाल नेपाल नेपाल नेपाल नेपाल नेपाल नेपाल नेपाल नेपाल नेपाल नेपाल नेपाल नेपाल नेपाल नेपाल नेपाल नेपाल नेपाल नेपाल नेपाल नेपाल नेपाल नेपाल नेपाल नेपाल नेपाल नेपाल नेपाल नेपाल नेपाल नेपाल नेपाल नेपाल नेपाल नेपाल नेपाल नेपाल नेपाल नेपाल नेपाल नेपाल नेपाल नेपाल नेपाल नेपाल नेपाल नेपाल नेपाल नेपाल नेपाल नेपाल नेपाल नेपाल नेपाल नेपाल नेपाल नेपाल नेपाल नेपाल नेपाल नेपाल नेपाल नेपाल नेपाल नेपाल नेपाल नेपाल नेपाल नेपाल नेपाल नेपाल नेपाल नेपाल नेपाल नेपाल नेपाल नेपाल नेपाल नेपाल नेपाल नेपाल नेपाल नेपाल नेपाल नेपाल नेपाल नेपाल नेपाल नेपाल नेपाल नेपाल नेपाल नेपाल नेपाल नेपाल नेपाल नेपाल नेपाल नेपाल नेपाल नेपाल नेपाल नेपाल नेपाल नेपाल नेपाल नेपाल नेपाल नेपाल नेपाल नेपाल नेपाल नेपाल नेपाल नेपाल नेपाल नेपाल नेपाल नेपाल नेपाल नेपाल नेपाल नेपाल नेपाल नेपाल नेपाल नेपाल नेपाल नेपाल नेपाल नेपाल नेपाल नेपाल नेपाल नेपाल नेपाल नेपाल नेपाल नेपाल नेपाल नेपाल नेपाल नेपाल नेपाल नेपाल नेपाल नेपाल नेपाल नेपाल नेपाल नेपाल नेपाल नेपाल नेपाल नेपाल नेपाल नेपाल नेपाल नेपाल नेपाल नेपाल नेपाल नेपाल नेपाल नेपाल नेपाल नेपाल नेपाल नेपाल नेपाल नेपाल नेपाल नेपाल नेपाल नेपाल नेपाल नेपाल नेपाल नेपाल नेपाल नेपाल नेपाल नेपाल नेपाल नेपाल नेपाल नेपाल नेपाल नेपाल नेपाल नेपाल नेपाल नेपाल नेपाल नेपाल नेपाल नेपाल नेपाल नेपाल नेपाल नेपाल नेपाल नेपाल नेपाल नेपाल नेपाल नेपाल नेपाल नेपाल नेपाल नेपाल नेपाल नेपाल नेपाल नेपाल नेपाल नेपाल नेपाल नेपाल नेपाल नेपाल नेपाल नेपाल नेपाल नेपाल नेपाल नेपाल नेपाल नेपाल नेपाल नेपाल नेपाल नेपाल नेपाल नेपाल नेपाल नेपाल नेपाल नेपाल नेपाल नेपाल नेपाल नेपाल नेपाल नेपाल नेपाल नेपाल नेपाल नेपाल नेपाल नेपाल नेपाल नेपाल नेपाल नेपाल नेपाल नेपाल नेपाल नेपाल नेपाल नेपाल नेपाल नेपाल नेपाल नेपाल नेपाल नेपाल नेपाल नेपाल नेपाल नेपाल नेपाल नेपाल नेपाल नेपाल नेपाल नेपाल नेपाल नेपाल नेपाल नेपाल नेपाल नेपाल नेपाल नेपाल नेपाल नेपाल नेपाल नेपाल नेपाल नेपाल नेपाल नेपाल नेपाल नेपाल नेपाल नेपाल नेपाल नेपाल नेपाल नेपाल नेपाल नेपाल नेपाल नेपाल नेपाल नेपाल नेपाल नेपाल नेपाल नेपाल नेपाल नेपाल नेपाल नेपाल नेपाल नेपाल नेपाल नेपाल नेपाल नेपाल नेपाल नेपाल नेपाल नेपाल नेपाल नेपाल नेपाल नेपाल नेपाल नेपाल नेपाल नेपाल नेपाल नेपाल नेपाल नेपाल नेपाल नेपाल नेपाल नेपाल नेपाल नेपाल नेपाल नेपाल नेपाल नेपाल नेपाल नेपाल नेपाल नेपाल नेपाल नेपाल नेपाल नेपाल नेपाल नेपाल नेपाल नेपाल नेपाल नेपाल नेपाल नेपाल नेपाल नेपाल नेपाल नेपाल नेपाल नेपाल नेपाल नेपाल नेपाल नेपाल नेपाल नेपाल नेपाल नेपाल नेपाल नेपाल नेपाल नेपाल नेपाल नेपाल नेपाल नेपाल नेपाल नेपाल नेपाल नेपाल नेपाल नेपाल नेपाल नेपाल नेपाल नेपाल नेपाल नेपाल नेपाल नेपाल नेपाल नेपाल नेपाल नेपाल नेपाल नेपाल नेपाल नेपाल नेपाल नेपाल नेपाल नेपाल नेपाल नेपाल नेपाल नेपाल नेपाल नेपाल नेपाल नेपाल नेपाल नेपाल नेपाल नेपाल नेपाल नेपाल नेपाल नेपाल नेपाल नेपाल नेपाल नेपाल नेपाल नेपाल नेपाल नेपाल नेपाल नेपाल नेपाल नेपाल नेपाल नेपाल नेपाल नेपाल नेपाल नेपाल नेपाल नेपाल नेपाल नेपाल नेपाल नेपाल नेपाल नेपाल नेपाल नेपाल नेपाल नेपाल नेपाल नेपाल नेपाल नेपाल नेपाल नेपाल नेपाल नेपाल नेपाल नेपाल नेपाल नेपाल नेपाल नेपाल नेपाल नेपाल नेपाल नेपाल नेपाल नेपाल नेपाल नेपाल नेपाल नेपाल नेपाल नेपाल नेपाल नेपाल नेपाल नेपाल नेपाल नेपाल नेपाल नेपाल नेपाल नेपाल नेपाल नेपाल नेपाल नेपाल नेपाल नेपाल नेपाल नेपाल नेपाल नेपाल नेपाल नेपाल नेपाल नेपाल नेपाल नेपाल नेपाल नेपाल नेपाल नेपाल नेपाल नेपाल नेपाल नेपाल नेपाल नेपाल नेपाल नेपाल नेपाल नेपाल नेपाल नेपाल नेपाल नेपाल नेपाल नेपाल नेपाल नेपाल नेपाल नेपाल नेपाल नेपाल नेपाल नेपाल नेपाल नेपाल नेपाल नेपाल नेपाल नेपाल नेपाल नेपाल नेपाल नेपाल नेपाल नेपाल नेपाल नेपाल नेपाल नेपाल नेपाल नेपाल नेपाल नेपाल नेपाल नेपाल नेपाल नेपाल नेपाल नेपाल नेपाल नेपाल नेपाल नेपाल नेपाल नेपाल नेपाल नेपाल नेपाल नेपाल नेपाल नेपाल नेपाल नेपाल नेपाल नेपाल नेपाल नेपाल नेपाल नेपाल नेपाल नेपाल नेपाल नेपाल नेपाल नेपाल नेपाल नेपाल नेपाल नेपाल नेपाल नेपाल नेपाल नेपाल नेपाल नेपाल नेपाल नेपाल नेपाल नेपाल नेपाल नेपाल नेपाल नेपाल नेपाल नेपाल नेपाल नेपाल नेपाल नेपाल नेपाल नेपाल नेपाल नेपाल नेपाल नेपाल नेपाल नेपाल नेपाल नेपाल नेपाल नेपाल नेपाल नेपाल नेपाल नेपाल नेपाल नेपाल नेपाल नेपाल नेपाल नेपाल नेपाल नेपाल नेपाल नेपाल नेपाल नेपाल नेपाल नेपाल नेपाल नेपाल नेपाल नेपाल नेपाल नेपाल नेपाल नेपाल नेपाल नेपाल नेपाल नेपाल नेपाल नेपाल नेपाल नेपाल नेपाल नेपाल नेपाल नेपाल नेपाल नेपाल नेपाल नेपाल नेपाल नेपाल नेपाल नेपाल नेपाल नेपाल नेपाल नेपाल नेपाल नेपाल नेपाल नेपाल नेपाल नेपाल नेपाल नेपाल नेपाल नेपाल नेपाल नेपाल नेपाल नेपाल नेपाल नेपाल नेपाल नेपाल नेपाल नेपाल नेपाल नेपाल नेपाल नेपाल नेपाल नेपाल नेपाल नेपाल नेपाल नेपाल नेपाल नेपाल नेपाल नेपाल नेपाल नेपाल नेपाल नेपाल नेपाल नेपाल नेपाल नेपाल नेपाल नेपाल नेपाल नेपाल नेपाल नेपाल नेपाल नेपाल नेपाल नेपाल नेपाल नेपाल नेपाल नेपाल नेपाल नेपाल नेपाल नेपाल नेपाल नेपाल नेपाल नेपाल नेपाल नेपाल नेपाल नेपाल नेपाल नेपाल नेपाल नेपाल नेपाल नेपाल नेपाल नेपाल नेपाल नेपाल नेपाल नेपाल नेपाल नेपाल नेपाल नेपाल नेपाल नेपाल नेपाल नेपाल नेपाल नेपाल नेपाल नेपाल नेपाल नेपाल नेपाल नेपाल नेपाल नेपाल नेपाल नेपाल नेपाल नेपाल नेपाल नेपाल नेपाल नेपाल नेपाल नेपाल नेपाल नेपाल नेपाल नेपाल नेपाल नेपाल नेपाल नेपाल नेपाल नेपाल नेपाल नेपाल नेपाल नेपाल नेपाल नेपाल नेपाल नेपाल नेपाल नेपाल नेपाल नेपाल नेपाल नेपाल नेपाल नेपाल नेपाल नेपाल नेपाल नेपाल नेपाल नेपाल नेपाल नेपाल नेपाल नेपाल नेपाल नेपाल नेपाल नेपाल नेपाल नेपाल नेपाल नेपाल नेपाल नेपाल नेपाल नेपाल नेपाल नेपाल नेपाल नेपाल नेपाल नेपाल नेपाल नेपाल नेपाल नेपाल नेपाल नेपाल नेपाल नेपाल नेपाल नेपाल नेपाल नेपाल नेपाल नेपाल नेपाल नेपाल नेपाल नेपाल नेपाल नेपाल नेपाल नेपाल नेपाल नेपाल नेपाल नेपाल नेपाल नेपाल नेपाल नेपाल नेपाल नेपाल नेपाल नेपाल नेपाल नेपाल नेपाल नेपाल नेपाल नेपाल नेपाल नेपाल नेपाल नेपाल नेपाल नेपाल नेपाल नेपाल नेपाल नेपाल नेपाल नेपाल नेपाल नेपाल नेपाल नेपाल नेपाल नेपाल नेपाल नेपाल नेपाल नेपाल नेपाल नेपाल नेपाल नेपाल नेपाल नेपाल नेपाल नेपाल नेपाल नेपाल नेपाल नेपाल नेपाल नेपाल नेपाल नेपाल नेपाल नेपाल नेपाल नेपाल नेपाल नेपाल नेपाल नेपाल नेपाल नेपाल नेपाल नेपाल नेपाल नेपाल नेपाल नेपाल नेपाल नेपाल नेपाल नेपाल नेपाल नेपाल नेपाल नेपाल नेपाल नेपाल नेपाल नेपाल नेपाल नेपाल नेपाल नेपाल नेपाल नेपाल नेपाल नेपाल नेपाल नेपाल नेपाल नेपाल नेपाल नेपाल नेपाल नेपाल नेपाल नेपाल नेपाल नेपाल नेपाल नेपाल नेपाल नेपाल नेपाल नेपाल नेपाल नेपाल नेपाल नेपाल नेपाल नेपाल नेपाल नेपाल नेपाल नेपाल नेपाल नेपाल नेपाल नेपाल नेपाल नेपाल नेपाल नेपाल नेपाल नेपाल नेपाल नेपाल नेपाल नेपाल नेपाल नेपाल नेपाल नेपाल नेपाल नेपाल नेपाल नेपाल नेपाल नेपाल नेपाल नेपाल नेपाल नेपाल नेपाल नेपाल नेपाल नेपाल नेपाल नेपाल नेपाल नेपाल नेपाल नेपाल नेपाल नेपाल नेपाल नेपाल नेपाल नेपाल नेपाल नेपाल नेपाल नेपाल नेपाल नेपाल नेपाल नेपाल नेपाल नेपाल नेपाल नेपाल नेपाल नेपाल नेपाल नेपाल नेपाल नेपाल नेपाल नेपाल नेपाल नेपाल नेपाल नेपाल नेपाल नेपाल नेपाल नेपाल नेपाल नेपाल नेपाल नेपाल नेपाल नेपाल नेपाल नेपाल नेपाल नेपाल नेपाल नेपाल नेपाल नेपाल नेपाल नेपाल नेपाल नेपाल नेपाल नेपाल नेपाल नेपाल नेपाल नेपाल नेपाल नेपाल नेपाल नेपाल नेपाल नेपाल नेपाल नेपाल नेपाल नेपाल नेपाल नेपाल नेपाल नेपाल नेपाल नेपाल नेपाल नेपाल नेपाल नेपाल नेपाल नेपाल नेपाल नेपाल नेपाल नेपाल नेपाल नेपाल नेपाल नेपाल नेपाल नेपाल नेपाल नेपाल नेपाल नेपाल नेपाल नेपाल नेपाल नेपाल नेपाल नेपाल नेपाल नेपाल नेपाल नेपाल नेपाल नेपाल नेपाल नेपाल नेपाल नेपाल नेपाल नेपाल नेपाल नेपाल नेपाल नेपाल नेपाल नेपाल नेपाल नेपाल नेपाल नेपाल नेपाल नेपाल नेपाल नेपाल नेपाल नेपाल नेपाल नेपाल नेपाल नेपाल नेपाल नेपाल नेपाल नेपाल नेपाल नेपाल नेपाल नेपाल नेपाल नेपाल नेपाल नेपाल नेपाल नेपाल नेपाल नेपाल नेपाल नेपाल नेपाल नेपाल नेपाल नेपाल नेपाल नेपाल नेपाल नेपाल नेपाल नेपाल नेपाल नेपाल नेपाल नेपाल नेपाल नेपाल नेपाल नेपाल नेपाल नेपाल नेपाल नेपाल नेपाल नेपाल नेपाल नेपाल नेपाल नेपाल नेपाल नेपाल नेपाल नेपाल नेपाल नेपाल नेपाल नेपाल नेपाल नेपाल नेपाल नेपाल नेपाल नेपाल नेपाल नेपाल नेपाल नेपाल नेपाल नेपाल नेपाल नेपाल नेपाल नेपाल नेपाल नेपाल नेपाल नेपाल नेपाल नेपाल नेपाल नेपाल नेपाल नेपाल नेपाल नेपाल नेपाल नेपाल नेपाल नेपाल नेपाल नेपाल नेपाल नेपाल नेपाल नेपाल नेपाल नेपाल नेपाल नेपाल नेपाल नेपाल नेपाल नेपाल नेपाल नेपाल नेपाल नेपाल नेपाल नेपाल नेपाल नेपाल नेपाल नेपाल नेपाल नेपाल नेपाल नेपाल नेपाल नेपाल नेपाल नेपाल नेपाल नेपाल नेपाल नेपाल नेपाल नेपाल नेपाल नेपाल नेपाल नेपाल नेपाल नेपाल नेपाल नेपाल नेपाल नेपाल नेपाल नेपाल नेपाल नेपाल नेपाल नेपाल नेपाल नेपाल नेपाल नेपाल नेपाल नेपाल नेपाल नेपाल नेपाल नेपाल नेपाल नेपाल नेपाल नेपाल नेपाल नेपाल नेपाल नेपाल नेपाल नेपाल नेपाल नेपाल नेपाल नेपाल नेपाल नेपाल नेपाल नेपाल नेपाल नेपाल नेपाल नेपाल नेपाल नेपाल नेपाल नेपाल नेपाल नेपाल नेपाल नेपाल नेपाल नेपाल नेपाल नेपाल नेपाल नेपाल नेपाल नेपाल नेपाल नेपाल नेपाल नेपाल नेपाल नेपाल नेपाल नेपाल नेपाल नेपाल नेपाल नेपाल नेपाल नेपाल नेपाल नेपाल नेपाल नेपाल नेपाल नेपाल नेपाल नेपाल नेपाल नेपाल नेपाल नेपाल नेपाल नेपाल नेपाल नेपाल नेपाल नेपाल नेपाल नेपाल नेपाल नेपाल नेपाल नेपाल नेपाल नेपाल नेपाल नेपाल नेपाल नेपाल नेपाल नेपाल नेपाल नेपाल नेपाल नेपाल नेपाल नेपाल नेपाल नेपाल नेपाल नेपाल नेपाल नेपाल नेपाल नेपाल नेपाल नेपाल नेपाल नेपाल नेपाल नेपाल नेपाल नेपाल नेपाल नेपाल नेपाल नेपाल नेपाल नेपाल नेपाल नेपाल नेपाल नेपाल नेपाल नेपाल नेपाल नेपाल नेपाल नेपाल नेपाल नेपाल नेपाल नेपाल नेपाल नेपाल नेपाल नेपाल नेपाल नेपाल नेपाल नेपाल नेपाल नेपाल नेपाल नेपाल नेपाल नेपाल नेपाल नेपाल नेपाल नेपाल नेपाल नेपाल नेपाल नेपाल नेपाल नेपाल नेपाल नेपाल नेपाल नेपाल नेपाल नेपाल नेपाल नेपाल नेपाल नेपाल नेपाल नेपाल नेपाल नेपाल नेपाल नेपाल नेपाल नेपाल नेपाल नेपाल नेपाल नेपाल नेपाल नेपाल नेपाल नेपाल नेपाल नेपाल नेपाल नेपाल नेपाल नेपाल नेपाल नेपाल नेपाल नेपाल नेपाल नेपाल नेपाल नेपाल नेपाल नेपाल नेपाल नेपाल नेपाल नेपाल नेपाल नेपाल नेपाल नेपाल नेपाल नेपाल नेपाल नेपाल नेपाल नेपाल नेपाल नेपाल नेपाल नेपाल नेपाल नेपाल नेपाल नेपाल नेपाल नेपाल नेपाल नेपाल नेपाल नेपाल नेपाल नेपाल नेपाल नेपाल नेपाल नेपाल नेपाल नेपाल नेपाल नेपाल नेपाल नेपाल नेपाल नेपाल नेपाल नेपाल नेपाल नेपाल नेपाल नेपाल नेपाल नेपाल नेपाल नेपाल नेपाल नेपाल नेपाल नेपाल नेपाल नेपाल नेपाल नेपाल नेपाल नेपाल नेपाल नेपाल नेपाल नेपाल नेपाल नेपाल नेपाल नेपाल नेपाल नेपाल नेपाल नेपाल नेपाल नेपाल नेपाल नेपाल नेपाल नेपाल नेपाल नेपाल नेपाल नेपाल नेपाल नेपाल नेपाल नेपाल नेपाल नेपाल नेपाल नेपाल नेपाल नेपाल नेपाल नेपाल नेपाल नेपाल नेपाल नेपाल नेपाल नेपाल नेपाल नेपाल नेपाल नेपाल नेपाल नेपाल नेपाल नेपाल नेपाल नेपाल नेपाल नेपाल नेपाल नेपाल नेपाल नेपाल नेपाल नेपाल नेपाल नेपाल नेपाल नेपाल नेपाल नेपाल नेपाल नेपाल नेपाल नेपाल नेपाल नेपाल नेपाल नेपाल नेपाल नेपाल नेपाल नेपाल नेपाल नेपाल नेपाल नेपाल नेपाल नेपाल नेपाल नेपाल नेपाल नेपाल नेपाल नेपाल नेपाल नेपाल नेपाल नेपाल नेपाल नेपाल नेपाल नेपाल नेपाल नेपाल नेपाल नेपाल नेपाल नेपाल नेपाल नेपाल नेपाल नेपाल नेपाल नेपाल नेपाल नेपाल नेपाल नेपाल नेपाल नेपाल नेपाल नेपाल नेपाल नेपाल नेपाल नेपाल नेपाल नेपाल नेपाल नेपाल नेपाल नेपाल नेपाल नेपाल नेपाल नेपाल नेपाल नेपाल नेपाल नेपाल नेपाल नेपाल नेपाल नेपाल नेपाल नेपाल नेपाल नेपाल नेपाल नेपाल नेपाल नेपाल नेपाल नेपाल नेपाल नेपाल नेपाल नेपाल नेपाल नेपाल नेपाल नेपाल नेपाल नेपाल नेपाल नेपाल नेपाल नेपाल नेपाल नेपाल नेपाल नेपाल नेपाल नेपाल नेपाल नेपाल नेपाल नेपाल नेपाल नेपाल नेपाल नेपाल नेपाल नेपाल नेपाल नेपाल नेपाल नेपाल नेपाल नेपाल नेपाल नेपाल नेपाल नेपाल नेपाल नेपाल नेपाल नेपाल नेपाल नेपाल नेपाल नेपाल नेपाल नेपाल नेपाल नेपाल नेपाल नेपाल नेपाल नेपाल नेपाल नेपाल नेपाल नेपाल नेपाल नेपाल नेपाल नेपाल नेपाल नेपाल नेपाल नेपाल नेपाल नेपाल नेपाल नेपाल नेपाल नेपाल नेपाल नेपाल नेपाल नेपाल नेपाल नेपाल नेपाल नेपाल नेपाल नेपाल नेपाल नेपाल नेपाल नेपाल नेपाल नेपाल नेपाल नेपाल नेपाल नेपाल नेपाल नेपाल नेपाल नेपाल नेपाल नेपाल नेपाल नेपाल नेपाल नेपाल नेपाल नेपाल नेपाल नेपाल नेपाल नेपाल नेपाल नेपाल नेपाल नेपाल नेपाल नेपाल नेपाल नेपाल नेपाल नेपाल नेपाल नेपाल नेपाल नेपाल नेपाल नेपाल नेपाल नेपाल नेपाल नेपाल नेपाल नेपाल नेपाल नेपाल नेपाल नेपाल नेपाल नेपाल नेपाल नेपाल नेपाल नेपाल नेपाल नेपाल नेपाल नेपाल नेपाल नेपाल नेपाल नेपाल नेपाल नेपाल नेपाल नेपाल नेपाल नेपाल नेपाल नेपाल नेपाल नेपाल नेपाल नेपाल नेपाल नेपाल नेपाल नेपाल नेपाल नेपाल नेपाल नेपाल नेपाल नेपाल नेपाल नेपाल नेपाल नेपाल नेपाल नेपाल नेपाल नेपाल नेपाल नेपाल नेपाल नेपाल नेपाल नेपाल नेपाल नेपाल नेपाल नेपाल नेपाल नेपाल नेपाल नेपाल नेपाल नेपाल नेपाल नेपाल नेपाल नेपाल नेपाल नेपाल नेपाल नेपाल नेपाल नेपाल नेपाल नेपाल नेपाल नेपाल नेपाल नेपाल नेपाल नेपाल नेपाल नेपाल नेपाल नेपाल नेपाल नेपाल नेपाल नेपाल नेपाल नेपाल नेपाल नेपाल नेपाल नेपाल नेपाल नेपाल नेपाल नेपाल नेपाल नेपाल नेपाल नेपाल नेपाल नेपाल नेपाल नेपाल नेपाल नेपाल नेपाल नेपाल नेपाल नेपाल नेपाल नेपाल नेपाल नेपाल नेपाल नेपाल नेपाल नेपाल नेपाल नेपाल नेपाल नेपाल नेपाल नेपाल नेपाल नेपाल नेपाल नेपाल नेपाल नेपाल नेपाल नेपाल नेपाल नेपाल नेपाल नेपाल नेपाल नेपाल नेपाल नेपाल नेपाल नेपाल नेपाल नेपाल नेपाल नेपाल नेपाल नेपाल नेपाल नेपाल नेपाल नेपाल नेपाल नेपाल नेपाल नेपाल नेपाल नेपाल नेपाल नेपाल नेपाल नेपाल नेपाल नेपाल नेपाल नेपाल नेपाल नेपाल नेपाल नेपाल नेपाल नेपाल नेपाल नेपाल नेपाल नेपाल नेपाल नेपाल नेपाल नेपाल नेपाल नेपाल नेपाल नेपाल नेपाल नेपाल नेपाल नेपाल नेपाल नेपाल नेपाल नेपाल नेपाल नेपाल नेपाल नेपाल नेपाल नेपाल नेपाल नेपाल नेपाल नेपाल नेपाल नेपाल नेपाल नेपाल नेपाल नेपाल नेपाल नेपाल नेपाल नेपाल नेपाल नेपाल नेपाल नेपाल नेपाल नेपाल नेपाल नेपाल नेपाल नेपाल नेपाल नेपाल नेपाल नेपाल नेपाल नेपाल नेपाल नेपाल नेपाल नेपाल नेपाल नेपाल नेपाल नेपाल नेपाल नेपाल नेपाल नेपाल नेपाल नेपाल नेपाल नेपाल नेपाल नेपाल नेपाल नेपाल नेपाल नेपाल नेपाल नेपाल नेपाल नेपाल नेपाल नेपाल नेपाल नेपाल नेपाल नेपाल नेपाल नेपाल नेपाल नेपाल नेपाल नेपाल नेपाल नेपाल नेपाल नेपाल नेपाल नेपाल नेपाल नेपाल नेपाल नेपाल नेपाल नेपाल नेपाल नेपाल नेपाल नेपाल नेपाल नेपाल नेपाल नेपाल नेपाल नेपाल नेपाल नेपाल नेपाल नेपाल नेपाल नेपाल नेपाल नेपाल नेपाल नेपाल नेपाल नेपाल नेपाल नेपाल नेपाल नेपाल नेपाल नेपाल नेपाल नेपाल नेपाल नेपाल नेपाल नेपाल नेपाल नेपाल नेपाल नेपाल नेपाल नेपाल नेपाल नेपाल नेपाल नेपाल नेपाल नेपाल नेपाल नेपाल नेपाल नेपाल नेपाल नेपाल नेपाल नेपाल नेपाल नेपाल नेपाल नेपाल नेपाल नेपाल नेपाल नेपाल नेपाल नेपाल नेपाल नेपाल नेपाल नेपाल नेपाल नेपाल नेपाल नेपाल नेपाल नेपाल नेपाल नेपाल नेपाल नेपाल नेपाल नेपाल नेपाल नेपाल नेपाल नेपाल नेपाल नेपाल नेपाल नेपाल नेपाल नेपाल नेपाल नेपाल नेपाल नेपाल नेपाल नेपाल नेपाल नेपाल नेपाल नेपाल नेपाल नेपाल नेपाल नेपाल नेपाल नेपाल नेपाल नेपाल नेपाल नेपाल नेपाल नेपाल नेपाल नेपाल नेपाल नेपाल नेपाल नेपाल नेपाल नेपाल नेपाल नेपाल नेपाल नेपाल नेपाल नेपाल नेपाल नेपाल नेपाल नेपाल नेपाल नेपाल नेपाल नेपाल नेपाल नेपाल नेपाल नेपाल नेपाल नेपाल नेपाल नेपाल नेपाल नेपाल नेपाल नेपाल नेपाल नेपाल नेपाल नेपाल नेपाल नेपाल नेपाल नेपाल नेपाल नेपाल नेपाल नेपाल नेपाल नेपाल नेपाल नेपाल नेपाल नेपाल नेपाल नेपाल नेपाल नेपाल नेपाल नेपाल नेपाल नेपाल नेपाल नेपाल नेपाल नेपाल नेपाल नेपाल नेपाल नेपाल नेपाल नेपाल नेपाल नेपाल नेपाल नेपाल नेपाल नेपाल नेपाल नेपाल नेपाल नेपाल नेपाल नेपाल नेपाल नेपाल नेपाल नेपाल नेपाल नेपाल नेपाल नेपाल नेपाल नेपाल नेपाल नेपाल नेपाल नेपाल नेपाल नेपाल नेपाल नेपाल नेपाल नेपाल नेपाल नेपाल नेपाल नेपाल नेपाल नेपाल नेपाल नेपाल नेपाल नेपाल नेपाल नेपाल नेपाल नेपाल नेपाल नेपाल नेपाल नेपाल नेपाल नेपाल नेपाल नेपाल नेपाल नेपाल नेपाल नेपाल नेपाल नेपाल नेपाल नेपाल नेपाल नेपाल नेपाल नेपाल नेपाल नेपाल नेपाल नेपाल नेपाल नेपाल नेपाल नेपाल नेपाल नेपाल नेपाल नेपाल नेपाल नेपाल नेपाल नेपाल नेपाल नेपाल नेपाल नेपाल नेपाल नेपाल नेपाल नेपाल नेपाल नेपाल नेपाल नेपाल नेपाल नेपाल नेपाल नेपाल नेपाल नेपाल नेपाल नेपाल नेपाल नेपाल नेपाल नेपाल नेपाल नेपाल नेपाल नेपाल नेपाल नेपाल नेपाल नेपाल नेपाल नेपाल नेपाल नेपाल नेपाल नेपाल नेपाल नेपाल नेपाल नेपाल नेपाल नेपाल नेपाल नेपाल नेपाल नेपाल नेपाल नेपाल नेपाल नेपाल नेपाल नेपाल नेपाल नेपाल नेपाल नेपाल नेपाल नेपाल नेपाल नेपाल नेपाल नेपाल नेपाल नेपाल नेपाल नेपाल नेपाल नेपाल नेपाल नेपाल नेपाल नेपाल नेपाल नेपाल नेपाल नेपाल नेपाल नेपाल नेपाल नेपाल नेपाल नेपाल नेपाल नेपाल नेपाल नेपाल नेपाल नेपाल नेपाल नेपाल नेपाल नेपाल नेपाल नेपाल नेपाल नेपाल नेपाल नेपाल नेपाल नेपाल नेपाल नेपाल नेपाल नेपाल नेपाल नेपाल नेपाल नेपाल नेपाल नेपाल नेपाल नेपाल नेपाल नेपाल नेपाल नेपाल नेपाल नेपाल नेपाल नेपाल नेपाल नेपाल नेपाल नेपाल नेपाल नेपाल नेपाल नेपाल नेपाल नेपाल नेपाल नेपाल नेपाल नेपाल नेपाल नेपाल नेपाल नेपाल नेपाल नेपाल नेपाल नेपाल नेपाल नेपाल नेपाल नेपाल नेपाल नेपाल नेपाल नेपाल नेपाल नेपाल नेपाल नेपाल नेपाल नेपाल नेपाल नेपाल नेपाल नेपाल नेपाल नेपाल नेपाल नेपाल नेपाल नेपाल नेपाल नेपाल नेपाल नेपाल नेपाल नेपाल नेपाल नेपाल नेपाल नेपाल नेपाल नेपाल नेपाल नेपाल नेपाल नेपाल नेपाल नेपाल नेपाल नेपाल नेपाल नेपाल नेपाल नेपाल नेपाल नेपाल नेपाल नेपाल नेपाल नेपाल नेपाल नेपाल नेपाल नेपाल नेपाल नेपाल नेपाल नेपाल नेपाल नेपाल नेपाल नेपाल नेपाल नेपाल नेपाल नेपाल नेपाल नेपाल नेपाल नेपाल नेपाल नेपाल नेपाल नेपाल नेपाल नेपाल नेपाल नेपाल नेपाल नेपाल नेपाल नेपाल नेपाल नेपाल नेपाल नेपाल नेपाल नेपाल नेपाल नेपाल नेपाल नेपाल नेपाल नेपाल नेपाल नेपाल नेपाल नेपाल नेपाल नेपाल नेपाल नेपाल नेपाल नेपाल नेपाल नेपाल नेपाल नेपाल नेपाल नेपाल नेपाल नेपाल नेपाल नेपाल नेपाल नेपाल नेपाल नेपाल नेपाल नेपाल नेपाल नेपाल नेपाल नेपाल नेपाल नेपाल नेपाल नेपाल नेपाल नेपाल नेपाल नेपाल नेपाल नेपाल नेपाल नेपाल नेपाल नेपाल नेपाल नेपाल नेपाल नेपाल नेपाल नेपाल नेपाल नेपाल नेपाल नेपाल नेपाल नेपाल नेपाल नेपाल नेपाल नेपाल नेपाल नेपाल नेपाल नेपाल नेपाल नेपाल नेपाल नेपाल नेपाल नेपाल नेपाल नेपाल नेपाल नेपाल नेपाल नेपाल नेपाल नेपाल नेपाल नेपाल नेपाल नेपाल नेपाल नेपाल नेपाल नेपाल नेपाल नेपाल नेपाल नेपाल नेपाल नेपाल नेपाल नेपाल नेपाल नेपाल नेपाल नेपाल नेपाल नेपाल नेपाल नेपाल नेपाल नेपाल नेपाल नेपाल नेपाल नेपाल नेपाल नेपाल नेपाल नेपाल नेपाल नेपाल नेपाल नेपाल नेपाल नेपाल नेपाल नेपाल नेपाल नेपाल नेपाल नेपाल नेपाल नेपाल नेपाल नेपाल नेपाल नेपाल नेपाल नेपाल नेपाल नेपाल नेपाल नेपाल नेपाल नेपाल नेपाल नेपाल नेपाल नेपाल नेपाल नेपाल नेपाल नेपाल नेपाल नेपाल नेपाल नेपाल नेपाल नेपाल नेपाल नेपाल नेपाल नेपाल नेपाल नेपाल नेपाल नेपाल नेपाल नेपाल नेपाल नेपाल नेपाल नेपाल नेपाल नेपाल नेपाल नेपाल नेपाल नेपाल नेपाल नेपाल नेपाल नेपाल नेपाल नेपाल नेपाल नेपाल नेपाल नेपाल नेपाल नेपाल नेपाल नेपाल नेपाल नेपाल नेपाल नेपाल नेपाल नेपाल नेपाल नेपाल नेपाल नेपाल नेपाल नेपाल नेपाल नेपाल नेपाल नेपाल नेपाल नेपाल नेपाल नेपाल नेपाल नेपाल नेपाल नेपाल नेपाल नेपाल नेपाल नेपाल नेपाल नेपाल नेपाल नेपाल नेपाल नेपाल नेपाल नेपाल नेपाल नेपाल नेपाल नेपाल नेपाल नेपाल नेपाल नेपाल नेपाल नेपाल नेपाल नेपाल नेपाल नेपाल नेपाल नेपाल नेपाल नेपाल नेपाल नेपाल नेपाल नेपाल नेपाल नेपाल नेपाल नेपाल नेपाल नेपाल नेपाल नेपाल नेपाल नेपाल नेपाल नेपाल नेपाल नेपाल नेपाल नेपाल नेपाल नेपाल नेपाल नेपाल नेपाल नेपाल नेपाल नेपाल नेपाल नेपाल नेपाल नेपाल नेपाल नेपाल नेपाल नेपाल नेपाल नेपाल नेपाल नेपाल नेपाल नेपाल नेपाल नेपाल नेपाल नेपाल नेपाल नेपाल नेपाल नेपाल नेपाल नेपाल नेपाल नेपाल नेपाल नेपाल नेपाल नेपाल नेपाल नेपाल नेपाल नेपाल नेपाल नेपाल नेपाल नेपाल नेपाल नेपाल नेपाल नेपाल नेपाल नेपाल नेपाल नेपाल नेपाल नेपाल नेपाल नेपाल नेपाल नेपाल नेपाल नेपाल नेपाल नेपाल नेपाल नेपाल नेपाल नेपाल नेपाल नेपाल नेपाल नेपाल नेपाल नेपाल नेपाल नेपाल नेपाल नेपाल नेपाल नेपाल नेपाल नेपाल नेपाल नेपाल नेपाल नेपाल नेपाल नेपाल नेपाल नेपाल नेपाल नेपाल नेपाल नेपाल नेपाल नेपाल नेपाल नेपाल नेपाल नेपाल नेपाल नेपाल नेपाल नेपाल नेपाल नेपाल नेपाल नेपाल नेपाल नेपाल नेपाल नेपाल नेपाल नेपाल नेपाल नेपाल नेपाल नेपाल नेपाल नेपाल नेपाल नेपाल नेपाल नेपाल नेपाल नेपाल नेपाल नेपाल नेपाल नेपाल नेपाल नेपाल नेपाल नेपाल नेपाल नेपाल नेपाल नेपाल नेपाल नेपाल नेपाल नेपाल नेपाल नेपाल नेपाल नेपाल नेपाल नेपाल नेपाल नेपाल नेपाल नेपाल नेपाल नेपाल नेपाल नेपाल नेपाल नेपाल नेपाल नेपाल नेपाल नेपाल नेपाल नेपाल नेपाल नेपाल नेपाल नेपाल नेपाल नेपाल नेपाल नेपाल नेपाल नेपाल नेपाल नेपाल नेपाल नेपाल नेपाल नेपाल नेपाल नेपाल नेपाल नेपाल नेपाल नेपाल नेपाल नेपाल नेपाल नेपाल नेपाल नेपाल नेपाल नेपाल नेपाल नेपाल नेपाल नेपाल नेपाल नेपाल नेपाल नेपाल नेपाल नेपाल नेपाल नेपाल नेपाल नेपाल नेपाल नेपाल नेपाल नेपाल नेपाल नेपाल नेपाल नेपाल नेपाल नेपाल नेपाल नेपाल नेपाल नेपाल नेपाल नेपाल नेपाल नेपाल नेपाल नेपाल नेपाल नेपाल नेपाल नेपाल नेपाल नेपाल नेपाल नेपाल नेपाल नेपाल नेपाल नेपाल नेपाल नेपाल नेपाल नेपाल नेपाल नेपाल नेपाल नेपाल नेपाल नेपाल नेपाल नेपाल नेपाल नेपाल नेपाल नेपाल नेपाल नेपाल नेपाल नेपाल नेपाल नेपाल नेपाल नेपाल नेपाल नेपाल नेपाल नेपाल नेपाल नेपाल नेपाल नेपाल नेपाल नेपाल नेपाल नेपाल नेपाल नेपाल नेपाल नेपाल नेपाल नेपाल नेपाल नेपाल नेपाल नेपाल नेपाल नेपाल नेपाल नेपाल नेपाल नेपाल नेपाल नेपाल नेपाल नेपाल नेपाल नेपाल नेपाल नेपाल नेपाल नेपाल नेपाल नेपाल नेपाल नेपाल नेपाल नेपाल नेपाल नेपाल नेपाल नेपाल नेपाल नेपाल नेपाल नेपाल नेपाल नेपाल नेपाल नेपाल नेपाल नेपाल नेपाल नेपाल नेपाल नेपाल नेपाल नेपाल नेपाल नेपाल नेपाल नेपाल नेपाल नेपाल नेपाल नेपाल नेपाल नेपाल नेपाल नेपाल नेपाल नेपाल नेपाल नेपाल नेपाल नेपाल नेपाल नेपाल नेपाल नेपाल नेपाल नेपाल नेपाल नेपाल नेपाल नेपाल नेपाल नेपाल नेपाल नेपाल नेपाल नेपाल नेपाल नेपाल नेपाल नेपाल नेपाल नेपाल नेपाल नेपाल नेपाल नेपाल नेपाल नेपाल नेपाल नेपाल नेपाल नेपाल नेपाल नेपाल नेपाल नेपाल नेपाल नेपाल नेपाल नेपाल नेपाल नेपाल नेपाल नेपाल नेपाल नेपाल नेपाल नेपाल नेपाल नेपाल नेपाल नेपाल नेपाल नेपाल नेपाल नेपाल नेपाल नेपाल नेपाल नेपाल नेपाल नेपाल नेपाल नेपाल नेपाल नेपाल नेपाल नेपाल नेपाल नेपाल नेपाल नेपाल नेपाल नेपाल नेपाल नेपाल नेपाल नेपाल नेपाल नेपाल नेपाल नेपाल नेपाल नेपाल नेपाल नेपाल नेपाल नेपाल नेपाल नेपाल नेपाल नेपाल नेपाल नेपाल नेपाल नेपाल नेपाल नेपाल नेपाल नेपाल नेपाल नेपाल नेपाल नेपाल नेपाल नेपाल नेपाल नेपाल नेपाल नेपाल नेपाल नेपाल नेपाल नेपाल नेपाल नेपाल नेपाल नेपाल नेपाल नेपाल नेपाल नेपाल नेपाल नेपाल नेपाल नेपाल नेपाल नेपाल नेपाल नेपाल नेपाल नेपाल नेपाल नेपाल नेपाल नेपाल नेपाल नेपाल नेपाल नेपाल नेपाल नेपाल नेपाल नेपाल नेपाल नेपाल नेपाल नेपाल नेपाल नेपाल नेपाल नेपाल नेपाल नेपाल नेपाल नेपाल नेपाल नेपाल नेपाल नेपाल नेपाल नेपाल नेपाल नेपाल नेपाल नेपाल नेपाल नेपाल नेपाल नेपाल नेपाल नेपाल नेपाल नेपाल नेपाल नेपाल नेपाल नेपाल नेपाल नेपाल नेपाल नेपाल नेपाल नेपाल नेपाल नेपाल नेपाल नेपाल नेपाल नेपाल नेपाल नेपाल नेपाल नेपाल नेपाल नेपाल नेपाल नेपाल नेपाल नेपाल नेपाल नेपाल नेपाल नेपाल नेपाल नेपाल नेपाल नेपाल नेपाल नेपाल नेपाल नेपाल नेपाल नेपाल नेपाल नेपाल नेपाल नेपाल नेपाल नेपाल नेपाल नेपाल नेपाल नेपाल नेपाल नेपाल नेपाल नेपाल नेपाल नेपाल नेपाल नेपाल नेपाल नेपाल नेपाल नेपाल नेपाल नेपाल नेपाल नेपाल नेपाल नेपाल नेपाल नेपाल नेपाल नेपाल नेपाल नेपाल नेपाल नेपाल नेपाल नेपाल नेपाल नेपाल नेपाल नेपाल नेपाल नेपाल नेपाल नेपाल नेपाल नेपाल नेपाल नेपाल नेपाल नेपाल नेपाल नेपाल नेपाल नेपाल नेपाल नेपाल नेपाल नेपाल नेपाल नेपाल नेपाल नेपाल नेपाल नेपाल नेपाल नेपाल नेपाल नेपाल नेपाल नेपाल नेपाल नेपाल नेपाल नेपाल नेपाल नेपाल नेपाल नेपाल नेपाल नेपाल नेपाल नेपाल नेपाल नेपाल नेपाल नेपाल नेपाल नेपाल नेपाल नेपाल नेपाल नेपाल नेपाल नेपाल नेपाल नेपाल नेपाल नेपाल नेपाल नेपाल नेपाल नेपाल नेपाल नेपाल नेपाल नेपाल नेपाल नेपाल नेपाल नेपाल नेपाल नेपाल नेपाल नेपाल नेपाल नेपाल नेपाल नेपाल नेपाल नेपाल नेपाल नेपाल नेपाल नेपाल नेपाल नेपाल नेपाल नेपाल नेपाल नेपाल नेपाल नेपाल नेपाल नेपाल नेपाल नेपाल नेपाल नेपाल नेपाल नेपाल नेपाल नेपाल नेपाल नेपाल नेपाल नेपाल नेपाल नेपाल नेपाल नेपाल नेपाल नेपाल नेपाल नेपाल नेपाल नेपाल नेपाल नेपाल नेपाल नेपाल नेपाल नेपाल नेपाल नेपाल नेपाल नेपाल नेपाल नेपाल नेपाल नेपाल नेपाल नेपाल नेपाल नेपाल नेपाल नेपाल नेपाल नेपाल नेपाल नेपाल नेपाल नेपाल नेपाल नेपाल नेपाल नेपाल नेपाल नेपाल नेपाल नेपाल नेपाल नेपाल नेपाल नेपाल नेपाल नेपाल नेपाल नेपाल नेपाल नेपाल नेपाल नेपाल नेपाल नेपाल नेपाल नेपाल नेपाल नेपाल नेपाल नेपाल नेपाल नेपाल नेपाल नेपाल नेपाल नेपाल नेपाल नेपाल नेपाल नेपाल नेपाल नेपाल नेपाल नेपाल नेपाल नेपाल नेपाल नेपाल नेपाल नेपाल नेपाल नेपाल नेपाल नेपाल नेपाल नेपाल नेपाल नेपाल नेपाल नेपाल नेपाल नेपाल नेपाल नेपाल नेपाल नेपाल नेपाल नेपाल नेपाल नेपाल नेपाल नेपाल नेपाल नेपाल नेपाल नेपाल नेपाल नेपाल नेपाल नेपाल नेपाल नेपाल नेपाल नेपाल नेपाल नेपाल नेपाल नेपाल नेपाल नेपाल नेपाल नेपाल नेपाल नेपाल नेपाल नेपाल नेपाल नेपाल नेपाल नेपाल नेपाल नेपाल नेपाल नेपाल नेपाल नेपाल नेपाल नेपाल नेपाल नेपाल नेपाल नेपाल नेपाल नेपाल नेपाल नेपाल नेपाल नेपाल नेपाल नेपाल नेपाल नेपाल नेपाल नेपाल नेपाल नेपाल नेपाल नेपाल नेपाल नेपाल नेपाल नेपाल नेपाल नेपाल नेपाल नेपाल नेपाल नेपाल नेपाल नेपाल नेपाल नेपाल नेपाल नेपाल नेपाल नेपाल नेपाल नेपाल नेपाल नेपाल नेपाल नेपाल नेपाल नेपाल नेपाल नेपाल नेपाल नेपाल नेपाल नेपाल नेपाल नेपाल नेपाल नेपाल नेपाल नेपाल नेपाल नेपाल नेपाल नेपाल नेपाल नेपाल नेपाल नेपाल नेपाल नेपाल नेपाल नेपाल नेपाल नेपाल नेपाल नेपाल नेपाल नेपाल नेपाल नेपाल नेपाल नेपाल नेपाल नेपाल नेपाल नेपाल नेपाल नेपाल नेपाल नेपाल नेपाल नेपाल नेपाल नेपाल नेपाल नेपाल नेपाल नेपाल नेपाल नेपाल नेपाल नेपाल नेपाल नेपाल नेपाल नेपाल नेपाल नेपाल नेपाल नेपाल नेपाल नेपाल नेपाल नेपाल नेपाल नेपाल नेपाल नेपाल नेपाल नेपाल नेपाल नेपाल नेपाल नेपाल नेपाल नेपाल नेपाल नेपाल नेपाल नेपाल नेपाल नेपाल नेपाल नेपाल नेपाल नेपाल नेपाल नेपाल नेपाल नेपाल नेपाल नेपाल नेपाल नेपाल नेपाल नेपाल नेपाल नेपाल नेपाल नेपाल नेपाल नेपाल नेपाल नेपाल नेपाल नेपाल नेपाल नेपाल नेपाल नेपाल नेपाल नेपाल नेपाल नेपाल नेपाल नेपाल नेपाल नेपाल नेपाल नेपाल नेपाल नेपाल नेपाल नेपाल नेपाल नेपाल नेपाल नेपाल नेपाल नेपाल नेपाल नेपाल नेपाल नेपाल नेपाल नेपाल नेपाल नेपाल नेपाल नेपाल नेपाल नेपाल नेपाल नेपाल नेपाल नेपाल नेपाल नेपाल नेपाल नेपाल नेपाल नेपाल नेपाल नेपाल नेपाल नेपाल नेपाल नेपाल नेपाल नेपाल नेपाल नेपाल नेपाल नेपाल नेपाल नेपाल नेपाल नेपाल नेपाल नेपाल नेपाल नेपाल नेपाल नेपाल नेपाल नेपाल नेपाल नेपाल नेपाल नेपाल नेपाल नेपाल नेपाल नेपाल नेपाल नेपाल नेपाल नेपाल नेपाल नेपाल नेपाल नेपाल नेपाल नेपाल नेपाल नेपाल नेपाल नेपाल नेपाल नेपाल नेपाल नेपाल नेपाल नेपाल नेपाल नेपाल नेपाल नेपाल नेपाल नेपाल नेपाल नेपाल नेपाल नेपाल नेपाल नेपाल नेपाल नेपाल नेपाल नेपाल नेपाल नेपाल नेपाल नेपाल नेपाल नेपाल नेपाल नेपाल नेपाल नेपाल नेपाल नेपाल नेपाल नेपाल नेपाल नेपाल नेपाल नेपाल नेपाल नेपाल नेपाल नेपाल नेपाल नेपाल नेपाल नेपाल नेपाल नेपाल नेपाल नेपाल नेपाल नेपाल नेपाल नेपाल नेपाल नेपाल नेपाल नेपाल नेपाल नेपाल नेपाल नेपाल नेपाल नेपाल नेपाल नेपाल नेपाल नेपाल नेपाल नेपाल नेपाल नेपाल नेपाल नेपाल नेपाल नेपाल नेपाल नेपाल नेपाल नेपाल नेपाल नेपाल नेपाल नेपाल नेपाल नेपाल नेपाल नेपाल नेपाल नेपाल नेपाल नेपाल नेपाल नेपाल नेपाल नेपाल नेपाल नेपाल नेपाल नेपाल नेपाल नेपाल नेपाल नेपाल नेपाल नेपाल नेपाल नेपाल नेपाल नेपाल नेपाल नेपाल नेपाल नेपाल नेपाल नेपाल नेपाल नेपाल नेपाल नेपाल नेपाल नेपाल नेपाल नेपाल नेपाल नेपाल नेपाल नेपाल नेपाल नेपाल नेपाल नेपाल नेपाल नेपाल नेपाल नेपाल नेपाल नेपाल नेपाल नेपाल नेपाल नेपाल नेपाल नेपाल नेपाल नेपाल नेपाल नेपाल नेपाल नेपाल नेपाल नेपाल नेपाल नेपाल नेपाल नेपाल नेपाल नेपाल नेपाल नेपाल नेपाल नेपाल नेपाल नेपाल नेपाल नेपाल नेपाल नेपाल नेपाल नेपाल नेपाल नेपाल नेपाल नेपाल नेपाल नेपाल नेपाल नेपाल नेपाल नेपाल नेपाल नेपाल नेपाल नेपाल नेपाल नेपाल नेपाल नेपाल नेपाल नेपाल नेपाल नेपाल नेपाल नेपाल नेपाल नेपाल नेपाल नेपाल नेपाल नेपाल नेपाल नेपाल नेपाल नेपाल नेपाल नेपाल नेपाल नेपाल नेपाल नेपाल नेपाल नेपाल नेपाल नेपाल नेपाल नेपाल नेपाल नेपाल नेपाल नेपाल नेपाल नेपाल नेपाल नेपाल नेपाल नेपाल नेपाल नेपाल नेपाल नेपाल नेपाल नेपाल नेपाल नेपाल नेपाल नेपाल नेपाल नेपाल नेपाल नेपाल नेपाल नेपाल नेपाल नेपाल नेपाल नेपाल नेपाल नेपाल नेपाल नेपाल नेपाल नेपाल नेपाल नेपाल नेपाल नेपाल नेपाल नेपाल नेपाल नेपाल नेपाल नेपाल नेपाल नेपाल नेपाल नेपाल नेपाल नेपाल नेपाल नेपाल नेपाल नेपाल नेपाल नेपाल नेपाल नेपाल नेपाल नेपाल नेपाल नेपाल नेपाल नेपाल नेपाल नेपाल नेपाल नेपाल नेपाल नेपाल नेपाल नेपाल नेपाल नेपाल नेपाल नेपाल नेपाल नेपाल नेपाल नेपाल नेपाल नेपाल नेपाल नेपाल नेपाल नेपाल नेपाल नेपाल नेपाल नेपाल नेपाल नेपाल नेपाल नेपाल नेपाल नेपाल नेपाल नेपाल नेपाल नेपाल नेपाल नेपाल नेपाल नेपाल नेपाल नेपाल नेपाल नेपाल नेपाल नेपाल नेपाल नेपाल नेपाल नेपाल नेपाल नेपाल नेपाल नेपाल नेपाल नेपाल नेपाल नेपाल नेपाल नेपाल नेपाल नेपाल नेपाल नेपाल नेपाल नेपाल नेपाल नेपाल नेपाल नेपाल नेपाल नेपाल नेपाल नेपाल नेपाल नेपाल नेपाल नेपाल नेपाल नेपाल नेपाल नेपाल नेपाल नेपाल नेपाल नेपाल नेपाल नेपाल नेपाल नेपाल नेपाल नेपाल नेपाल नेपाल नेपाल नेपाल नेपाल नेपाल नेपाल नेपाल नेपाल नेपाल नेपाल नेपाल नेपाल नेपाल नेपाल नेपाल नेपाल नेपाल नेपाल नेपाल नेपाल नेपाल नेपाल नेपाल नेपाल नेपाल नेपाल नेपाल नेपाल नेपाल नेपाल नेपाल नेपाल नेपाल नेपाल नेपाल नेपाल नेपाल नेपाल नेपाल नेपाल नेपाल नेपाल नेपाल नेपाल नेपाल नेपाल नेपाल नेपाल नेपाल नेपाल नेपाल नेपाल नेपाल नेपाल नेपाल नेपाल नेपाल नेपाल नेपाल नेपाल नेपाल नेपाल नेपाल नेपाल नेपाल नेपाल नेपाल नेपाल नेपाल नेपाल नेपाल नेपाल नेपाल नेपाल नेपाल नेपाल नेपाल नेपाल नेपाल नेपाल नेपाल नेपाल नेपाल नेपाल नेपाल नेपाल नेपाल नेपाल नेपाल नेपाल नेपाल नेपाल नेपाल नेपाल नेपाल नेपाल नेपाल नेपाल नेपाल नेपाल नेपाल नेपाल नेपाल नेपाल नेपाल नेपाल नेपाल नेपाल नेपाल नेपाल नेपाल नेपाल नेपाल नेपाल नेपाल नेपाल नेपाल नेपाल नेपाल नेपाल नेपाल नेपाल नेपाल नेपाल नेपाल नेपाल नेपाल नेपाल नेपाल नेपाल नेपाल नेपाल नेपाल नेपाल नेपाल नेपाल नेपाल नेपाल नेपाल नेपाल नेपाल नेपाल नेपाल नेपाल नेपाल नेपाल नेपाल नेपाल नेपाल नेपाल नेपाल नेपाल नेपाल नेपाल नेपाल नेपाल नेपाल नेपाल नेपाल नेपाल नेपाल नेपाल नेपाल नेपाल नेपाल नेपाल नेपाल नेपाल नेपाल नेपाल नेपाल नेपाल नेपाल नेपाल नेपाल नेपाल नेपाल नेपाल नेपाल नेपाल नेपाल नेपाल नेपाल नेपाल नेपाल नेपाल नेपाल नेपाल नेपाल नेपाल नेपाल नेपाल नेपाल नेपाल नेपाल नेपाल नेपाल नेपाल नेपाल नेपाल नेपाल नेपाल नेपाल नेपाल नेपाल नेपाल नेपाल नेपाल नेपाल नेपाल नेपाल नेपाल नेपाल नेपाल नेपाल नेपाल नेपाल नेपाल नेपाल नेपाल नेपाल नेपाल नेपाल नेपाल नेपाल नेपाल नेपाल नेपाल नेपाल नेपाल नेपाल नेपाल नेपाल नेपाल नेपाल नेपाल नेपाल नेपाल नेपाल नेपाल नेपाल नेपाल नेपाल नेपाल नेपाल नेपाल नेपाल नेपाल नेपाल नेपाल नेपाल नेपाल नेपाल नेपाल नेपाल नेपाल नेपाल नेपाल नेपाल नेपाल नेपाल नेपाल नेपाल नेपाल नेपाल नेपाल नेपाल नेपाल नेपाल नेपाल नेपाल नेपाल नेपाल नेपाल नेपाल नेपाल नेपाल नेपाल नेपाल नेपाल नेपाल नेपाल नेपाल नेपाल नेपाल नेपाल नेपाल नेपाल नेपाल नेपाल नेपाल नेपाल नेपाल नेपाल नेपाल नेपाल नेपाल नेपाल नेपाल नेपाल नेपाल नेपाल नेपाल नेपाल नेपाल नेपाल नेपाल नेपाल नेपाल नेपाल नेपाल नेपाल नेपाल नेपाल नेपाल नेपाल नेपाल नेपाल नेपाल नेपाल नेपाल नेपाल नेपाल नेपाल नेपाल नेपाल नेपाल नेपाल नेपाल नेपाल नेपाल नेपाल नेपाल नेपाल नेपाल नेपाल नेपाल नेपाल नेपाल नेपाल नेपाल नेपाल नेपाल नेपाल नेपाल नेपाल नेपाल नेपाल नेपाल नेपाल नेपाल नेपाल नेपाल नेपाल नेपाल नेपाल नेपाल नेपाल नेपाल नेपाल नेपाल नेपाल नेपाल नेपाल नेपाल नेपाल नेपाल नेपाल नेपाल नेपाल नेपाल नेपाल नेपाल नेपाल नेपाल नेपाल नेपाल नेपाल नेपाल नेपाल नेपाल नेपाल नेपाल नेपाल नेपाल नेपाल नेपाल नेपाल नेपाल नेपाल नेपाल नेपाल नेपाल नेपाल नेपाल नेपाल नेपाल नेपाल नेपाल नेपाल नेपाल नेपाल नेपाल नेपाल नेपाल नेपाल नेपाल नेपाल नेपाल नेपाल नेपाल नेपाल नेपाल नेपाल नेपाल नेपाल नेपाल नेपाल नेपाल नेपाल नेपाल नेपाल नेपाल नेपाल नेपाल नेपाल नेपाल नेपाल नेपाल नेपाल नेपाल नेपाल नेपाल नेपाल नेपाल नेपाल नेपाल नेपाल नेपाल नेपाल नेपाल नेपाल नेपाल नेपाल नेपाल नेपाल नेपाल नेपाल नेपाल नेपाल नेपाल नेपाल नेपाल नेपाल नेपाल नेपाल नेपाल नेपाल नेपाल नेपाल नेपाल नेपाल नेपाल नेपाल नेपाल नेपाल नेपाल नेपाल नेपाल नेपाल नेपाल नेपाल नेपाल नेपाल नेपाल नेपाल नेपाल नेपाल नेपाल नेपाल नेपाल नेपाल नेपाल नेपाल नेपाल नेपाल नेपाल नेपाल नेपाल नेपाल नेपाल नेपाल नेपाल नेपाल नेपाल नेपाल नेपाल नेपाल नेपाल नेपाल नेपाल नेपाल नेपाल नेपाल नेपाल नेपाल नेपाल नेपाल नेपाल नेपाल नेपाल नेपाल नेपाल नेपाल नेपाल नेपाल नेपाल नेपाल नेपाल नेपाल नेपाल नेपाल नेपाल नेपाल नेपाल नेपाल नेपाल नेपाल नेपाल नेपाल नेपाल नेपाल नेपाल नेपाल नेपाल नेपाल नेपाल नेपाल नेपाल नेपाल नेपाल नेपाल नेपाल नेपाल नेपाल नेपाल नेपाल नेपाल नेपाल नेपाल नेपाल नेपाल नेपाल नेपाल नेपाल नेपाल नेपाल नेपाल नेपाल नेपाल नेपाल नेपाल नेपाल नेपाल नेपाल नेपाल नेपाल नेपाल नेपाल नेपाल नेपाल नेपाल नेपाल नेपाल नेपाल नेपाल नेपाल नेपाल नेपाल नेपाल नेपाल नेपाल नेपाल नेपाल नेपाल नेपाल नेपाल नेपाल नेपाल नेपाल नेपाल नेपाल नेपाल नेपाल नेपाल नेपाल नेपाल नेपाल नेपाल नेपाल नेपाल नेपाल नेपाल नेपाल नेपाल नेपाल नेपाल नेपाल नेपाल नेपाल नेपाल नेपाल नेपाल नेपाल नेपाल नेपाल नेपाल नेपाल नेपाल नेपाल नेपाल नेपाल नेपाल नेपाल नेपाल नेपाल नेपाल नेपाल नेपाल नेपाल नेपाल नेपाल नेपाल नेपाल नेपाल नेपाल नेपाल नेपाल नेपाल नेपाल नेपाल नेपाल नेपाल नेपाल नेपाल नेपाल नेपाल नेपाल नेपाल नेपाल नेपाल नेपाल नेपाल नेपाल नेपाल नेपाल नेपाल नेपाल नेपाल नेपाल नेपाल नेपाल नेपाल नेपाल नेपाल नेपाल नेपाल नेपाल नेपाल नेपाल नेपाल नेपाल नेपाल नेपाल नेपाल नेपाल नेपाल नेपाल नेपाल नेपाल नेपाल नेपाल नेपाल नेपाल नेपाल नेपाल नेपाल नेपाल नेपाल नेपाल नेपाल नेपाल नेपाल नेपाल नेपाल नेपाल नेपाल नेपाल नेपाल नेपाल नेपाल नेपाल नेपाल नेपाल नेपाल नेपाल नेपाल नेपाल नेपाल नेपाल नेपाल नेपाल नेपाल नेपाल नेपाल नेपाल नेपाल नेपाल नेपाल नेपाल नेपाल नेपाल नेपाल नेपाल नेपाल नेपाल नेपाल नेपाल नेपाल नेपाल नेपाल नेपाल नेपाल नेपाल नेपाल नेपाल नेपाल नेपाल नेपाल नेपाल नेपाल नेपाल नेपाल नेपाल नेपाल नेपाल नेपाल नेपाल नेपाल नेपाल नेपाल नेपाल नेपाल नेपाल नेपाल नेपाल नेपाल नेपाल नेपाल नेपाल नेपाल नेपाल नेपाल नेपाल नेपाल नेपाल नेपाल नेपाल नेपाल नेपाल नेपाल नेपाल नेपाल नेपाल नेपाल नेपाल नेपाल नेपाल नेपाल नेपाल नेपाल नेपाल नेपाल नेपाल नेपाल नेपाल नेपाल नेपाल नेपाल नेपाल नेपाल नेपाल नेपाल नेपाल नेपाल नेपाल नेपाल नेपाल नेपाल नेपाल नेपाल नेपाल नेपाल नेपाल नेपाल नेपाल नेपाल नेपाल नेपाल नेपाल नेपाल नेपाल नेपाल नेपाल नेपाल नेपाल नेपाल नेपाल नेपाल नेपाल नेपाल नेपाल नेपाल नेपाल नेपाल नेपाल नेपाल नेपाल नेपाल नेपाल नेपाल नेपाल नेपाल नेपाल नेपाल नेपाल नेपाल नेपाल नेपाल नेपाल नेपाल नेपाल नेपाल नेपाल नेपाल नेपाल नेपाल नेपाल नेपाल नेपाल नेपाल नेपाल नेपाल नेपाल नेपाल नेपाल नेपाल नेपाल नेपाल नेपाल नेपाल नेपाल नेपाल नेपाल नेपाल नेपाल नेपाल नेपाल नेपाल नेपाल नेपाल नेपाल नेपाल नेपाल नेपाल नेपाल नेपाल नेपाल नेपाल नेपाल नेपाल नेपाल नेपाल नेपाल नेपाल नेपाल नेपाल नेपाल नेपाल नेपाल नेपाल नेपाल नेपाल नेपाल नेपाल नेपाल नेपाल नेपाल नेपाल नेपाल नेपाल नेपाल नेपाल नेपाल नेपाल नेपाल नेपाल नेपाल नेपाल नेपाल नेपाल नेपाल नेपाल नेपाल नेपाल नेपाल नेपाल नेपाल नेपाल नेपाल नेपाल नेपाल नेपाल नेपाल नेपाल नेपाल नेपाल नेपाल नेपाल नेपाल नेपाल नेपाल नेपाल नेपाल नेपाल नेपाल नेपाल नेपाल नेपाल नेपाल नेपाल नेपाल नेपाल नेपाल नेपाल नेपाल नेपाल नेपाल नेपाल नेपाल नेपाल नेपाल नेपाल नेपाल नेपाल नेपाल नेपाल नेपाल नेपाल नेपाल नेपाल नेपाल नेपाल नेपाल नेपाल नेपाल नेपाल नेपाल नेपाल नेपाल नेपाल नेपाल नेपाल नेपाल नेपाल नेपाल नेपाल नेपाल नेपाल नेपाल नेपाल नेपाल नेपाल नेपाल नेपाल नेपाल नेपाल नेपाल नेपाल नेपाल नेपाल नेपाल नेपाल नेपाल नेपाल नेपाल नेपाल नेपाल नेपाल नेपाल नेपाल नेपाल नेपाल नेपाल नेपाल नेपाल नेपाल नेपाल नेपाल नेपाल नेपाल नेपाल नेपाल नेपाल नेपाल नेपाल नेपाल नेपाल नेपाल नेपाल नेपाल नेपाल नेपाल नेपाल नेपाल नेपाल नेपाल नेपाल नेपाल नेपाल नेपाल नेपाल नेपाल नेपाल नेपाल नेपाल नेपाल नेपाल नेपाल नेपाल नेपाल नेपाल नेपाल नेपाल नेपाल नेपाल नेपाल नेपाल नेपाल नेपाल नेपाल नेपाल नेपाल नेपाल नेपाल नेपाल नेपाल नेपाल नेपाल नेपाल नेपाल नेपाल नेपाल नेपाल नेपाल नेपाल नेपाल नेपाल नेपाल नेपाल नेपाल नेपाल नेपाल नेपाल नेपाल नेपाल नेपाल नेपाल नेपाल नेपाल नेपाल नेपाल नेपाल नेपाल नेपाल नेपाल नेपाल नेपाल नेपाल नेपाल नेपाल नेपाल नेपाल नेपाल नेपाल नेपाल नेपाल नेपाल नेपाल नेपाल नेपाल नेपाल नेपाल नेपाल नेपाल नेपाल नेपाल नेपाल नेपाल नेपाल नेपाल नेपाल नेपाल नेपाल नेपाल नेपाल नेपाल नेपाल नेपाल नेपाल नेपाल नेपाल नेपाल नेपाल नेपाल नेपाल नेपाल नेपाल नेपाल नेपाल नेपाल नेपाल नेपाल नेपाल नेपाल नेपाल नेपाल नेपाल नेपाल नेपाल नेपाल नेपाल नेपाल नेपाल नेपाल नेपाल नेपाल नेपाल नेपाल नेपाल नेपाल नेपाल नेपाल नेपाल नेपाल नेपाल नेपाल नेपाल नेपाल नेपाल नेपाल नेपाल नेपाल नेपाल नेपाल नेपाल नेपाल नेपाल नेपाल नेपाल नेपाल नेपाल नेपाल नेपाल नेपाल नेपाल नेपाल नेपाल नेपाल नेपाल नेपाल नेपाल नेपाल नेपाल नेपाल नेपाल नेपाल नेपाल नेपाल नेपाल नेपाल नेपाल नेपाल नेपाल नेपाल नेपाल नेपाल नेपाल नेपाल नेपाल नेपाल नेपाल नेपाल नेपाल नेपाल नेपाल नेपाल नेपाल नेपाल नेपाल नेपाल नेपाल नेपाल नेपाल नेपाल नेपाल नेपाल नेपाल नेपाल नेपाल नेपाल नेपाल नेपाल नेपाल नेपाल नेपाल नेपाल नेपाल नेपाल नेपाल नेपाल नेपाल नेपाल नेपाल नेपाल नेपाल नेपाल नेपाल नेपाल नेपाल नेपाल नेपाल नेपाल नेपाल नेपाल नेपाल नेपाल नेपाल नेपाल नेपाल नेपाल नेपाल नेपाल नेपाल नेपाल नेपाल नेपाल नेपाल नेपाल नेपाल नेपाल नेपाल नेपाल नेपाल नेपाल नेपाल नेपाल नेपाल नेपाल नेपाल नेपाल नेपाल नेपाल नेपाल नेपाल नेपाल नेपाल नेपाल नेपाल नेपाल नेपाल नेपाल नेपाल नेपाल नेपाल नेपाल नेपाल नेपाल नेपाल नेपाल नेपाल नेपाल नेपाल नेपाल नेपाल नेपाल नेपाल नेपाल नेपाल नेपाल नेपाल नेपाल नेपाल नेपाल नेपाल नेपाल नेपाल नेपाल नेपाल नेपाल नेपाल नेपाल नेपाल नेपाल नेपाल नेपाल नेपाल नेपाल नेपाल नेपाल नेपाल नेपाल नेपाल नेपाल नेपाल नेपाल नेपाल नेपाल नेपाल नेपाल नेपाल नेपाल नेपाल नेपाल नेपाल नेपाल नेपाल नेपाल नेपाल नेपाल नेपाल नेपाल नेपाल नेपाल नेपाल नेपाल नेपाल नेपाल नेपाल नेपाल नेपाल नेपाल नेपाल नेपाल नेपाल नेपाल नेपाल नेपाल नेपाल नेपाल नेपाल नेपाल नेपाल नेपाल नेपाल नेपाल नेपाल नेपाल नेपाल नेपाल नेपाल नेपाल नेपाल नेपाल नेपाल नेपाल नेपाल नेपाल नेपाल नेपाल नेपाल नेपाल नेपाल नेपाल नेपाल नेपाल नेपाल नेपाल नेपाल नेपाल नेपाल नेपाल नेपाल नेपाल नेपाल नेपाल नेपाल नेपाल नेपाल नेपाल नेपाल नेपाल नेपाल नेपाल नेपाल नेपाल नेपाल नेपाल नेपाल नेपाल नेपाल नेपाल नेपाल नेपाल नेपाल नेपाल नेपाल नेपाल नेपाल नेपाल नेपाल नेपाल नेपाल नेपाल नेपाल नेपाल नेपाल नेपाल नेपाल नेपाल नेपाल नेपाल नेपाल नेपाल नेपाल नेपाल नेपाल नेपाल नेपाल नेपाल नेपाल नेपाल नेपाल नेपाल नेपाल नेपाल नेपाल नेपाल नेपाल नेपाल नेपाल नेपाल नेपाल नेपाल नेपाल नेपाल नेपाल नेपाल नेपाल नेपाल नेपाल नेपाल नेपाल नेपाल नेपाल नेपाल नेपाल नेपाल नेपाल नेपाल नेपाल नेपाल नेपाल नेपाल नेपाल नेपाल नेपाल नेपाल नेपाल नेपाल नेपाल नेपाल नेपाल नेपाल नेपाल नेपाल नेपाल नेपाल नेपाल नेपाल नेपाल नेपाल नेपाल नेपाल नेपाल नेपाल नेपाल नेपाल नेपाल नेपाल नेपाल नेपाल नेपाल नेपाल नेपाल नेपाल नेपाल नेपाल नेपाल नेपाल नेपाल नेपाल नेपाल नेपाल नेपाल नेपाल नेपाल नेपाल नेपाल नेपाल नेपाल नेपाल नेपाल नेपाल नेपाल नेपाल नेपाल नेपाल नेपाल नेपाल नेपाल नेपाल नेपाल नेपाल नेपाल नेपाल नेपाल नेपाल नेपाल नेपाल नेपाल नेपाल नेपाल नेपाल नेपाल नेपाल नेपाल नेपाल नेपाल नेपाल नेपाल नेपाल नेपाल नेपाल नेपाल नेपाल नेपाल नेपाल नेपाल नेपाल नेपाल नेपाल नेपाल नेपाल नेपाल नेपाल नेपाल नेपाल नेपाल नेपाल नेपाल नेपाल नेपाल नेपाल नेपाल नेपाल नेपाल नेपाल नेपाल नेपाल नेपाल नेपाल नेपाल नेपाल नेपाल नेपाल नेपाल नेपाल नेपाल नेपाल नेपाल नेपाल नेपाल नेपाल नेपाल नेपाल नेपाल नेपाल नेपाल नेपाल नेपाल नेपाल नेपाल नेपाल नेपाल नेपाल नेपाल नेपाल नेपाल नेपाल नेपाल नेपाल नेपाल नेपाल नेपाल नेपाल नेपाल नेपाल नेपाल नेपाल नेपाल नेपाल नेपाल नेपाल नेपाल नेपाल नेपाल नेपाल नेपाल नेपाल नेपाल नेपाल नेपाल नेपाल नेपाल नेपाल नेपाल नेपाल नेपाल नेपाल नेपाल नेपाल नेपाल नेपाल नेपाल नेपाल नेपाल नेपाल नेपाल नेपाल नेपाल नेपाल नेपाल नेपाल नेपाल नेपाल नेपाल नेपाल नेपाल नेपाल नेपाल नेपाल नेपाल नेपाल नेपाल नेपाल नेपाल नेपाल नेपाल नेपाल नेपाल नेपाल नेपाल नेपाल नेपाल नेपाल नेपाल नेपाल नेपाल नेपाल नेपाल नेपाल नेपाल नेपाल नेपाल नेपाल नेपाल नेपाल नेपाल नेपाल नेपाल नेपाल नेपाल नेपाल नेपाल नेपाल नेपाल नेपाल नेपाल नेपाल नेपाल नेपाल नेपाल नेपाल नेपाल नेपाल नेपाल नेपाल नेपाल नेपाल नेपाल नेपाल नेपाल नेपाल नेपाल नेपाल नेपाल नेपाल नेपाल नेपाल नेपाल नेपाल नेपाल नेपाल नेपाल नेपाल नेपाल नेपाल नेपाल नेपाल नेपाल नेपाल नेपाल नेपाल नेपाल नेपाल नेपाल नेपाल नेपाल नेपाल नेपाल नेपाल नेपाल नेपाल नेपाल नेपाल नेपाल नेपाल नेपाल नेपाल नेपाल नेपाल नेपाल नेपाल नेपाल नेपाल नेपाल नेपाल नेपाल नेपाल नेपाल नेपाल नेपाल नेपाल नेपाल नेपाल नेपाल नेपाल नेपाल नेपाल नेपाल नेपाल नेपाल नेपाल नेपाल नेपाल नेपाल नेपाल नेपाल नेपाल नेपाल नेपाल नेपाल नेपाल नेपाल नेपाल नेपाल नेपाल नेपाल नेपाल नेपाल नेपाल नेपाल नेपाल नेपाल नेपाल नेपाल नेपाल नेपाल नेपाल नेपाल नेपाल नेपाल नेपाल नेपाल नेपाल नेपाल नेपाल नेपाल नेपाल नेपाल नेपाल नेपाल नेपाल नेपाल नेपाल नेपाल नेपाल नेपाल नेपाल नेपाल नेपाल नेपाल नेपाल नेपाल नेपाल नेपाल नेपाल नेपाल नेपाल नेपाल नेपाल नेपाल नेपाल नेपाल नेपाल नेपाल नेपाल नेपाल नेपाल नेपाल नेपाल नेपाल नेपाल नेपाल नेपाल नेपाल नेपाल नेपाल नेपाल नेपाल नेपाल नेपाल नेपाल नेपाल नेपाल नेपाल नेपाल नेपाल नेपाल नेपाल नेपाल नेपाल नेपाल नेपाल नेपाल नेपाल नेपाल नेपाल नेपाल नेपाल नेपाल नेपाल नेपाल नेपाल नेपाल नेपाल नेपाल नेपाल नेपाल नेपाल नेपाल नेपाल नेपाल नेपाल नेपाल नेपाल नेपाल नेपाल नेपाल नेपाल नेपाल नेपाल नेपाल नेपाल नेपाल नेपाल नेपाल नेपाल नेपाल नेपाल नेपाल नेपाल नेपाल नेपाल नेपाल नेपाल नेपाल नेपाल नेपाल नेपाल नेपाल नेपाल नेपाल नेपाल नेपाल नेपाल नेपाल नेपाल नेपाल नेपाल नेपाल नेपाल नेपाल नेपाल नेपाल नेपाल नेपाल नेपाल नेपाल नेपाल नेपाल नेपाल नेपाल नेपाल नेपाल नेपाल नेपाल नेपाल नेपाल नेपाल नेपाल नेपाल नेपाल नेपाल नेपाल नेपाल नेपाल नेपाल नेपाल नेपाल नेपाल नेपाल नेपाल नेपाल नेपाल नेपाल नेपाल नेपाल नेपाल नेपाल नेपाल नेपाल नेपाल नेपाल नेपाल नेपाल नेपाल नेपाल नेपाल नेपाल नेपाल नेपाल नेपाल नेपाल नेपाल नेपाल नेपाल नेपाल नेपाल नेपाल नेपाल नेपाल नेपाल नेपाल नेपाल नेपाल नेपाल नेपाल नेपाल नेपाल नेपाल नेपाल नेपाल नेपाल नेपाल नेपाल नेपाल नेपाल नेपाल नेपाल नेपाल नेपाल नेपाल नेपाल नेपाल नेपाल नेपाल नेपाल नेपाल नेपाल नेपाल नेपाल नेपाल नेपाल नेपाल नेपाल नेपाल नेपाल नेपाल नेपाल नेपाल नेपाल नेपाल नेपाल नेपाल नेपाल नेपाल नेपाल नेपाल नेपाल नेपाल नेपाल नेपाल नेपाल नेपाल नेपाल नेपाल नेपाल नेपाल नेपाल नेपाल नेपाल नेपाल नेपाल नेपाल नेपाल नेपाल नेपाल नेपाल नेपाल नेपाल नेपाल नेपाल नेपाल नेपाल नेपाल नेपाल नेपाल नेपाल नेपाल नेपाल नेपाल नेपाल नेपाल नेपाल नेपाल नेपाल नेपाल नेपाल नेपाल नेपाल नेपाल नेपाल नेपाल नेपाल नेपाल नेपाल नेपाल नेपाल नेपाल नेपाल नेपाल नेपाल नेपाल नेपाल नेपाल नेपाल नेपाल नेपाल नेपाल नेपाल नेपाल नेपाल नेपाल नेपाल नेपाल नेपाल नेपाल नेपाल नेपाल नेपाल नेपाल नेपाल नेपाल नेपाल नेपाल नेपाल नेपाल नेपाल नेपाल नेपाल नेपाल नेपाल नेपाल नेपाल नेपाल नेपाल नेपाल नेपाल नेपाल नेपाल नेपाल नेपाल नेपाल नेपाल नेपाल नेपाल नेपाल नेपाल नेपाल नेपाल नेपाल नेपाल नेपाल नेपाल नेपाल नेपाल नेपाल नेपाल नेपाल नेपाल नेपाल नेपाल नेपाल नेपाल नेपाल नेपाल नेपाल नेपाल नेपाल नेपाल नेपाल नेपाल नेपाल नेपाल नेपाल नेपाल नेपाल नेपाल नेपाल नेपाल नेपाल नेपाल नेपाल नेपाल नेपाल नेपाल नेपाल नेपाल नेपाल नेपाल नेपाल नेपाल नेपाल नेपाल नेपाल नेपाल नेपाल नेपाल नेपाल नेपाल नेपाल नेपाल नेपाल नेपाल नेपाल नेपाल नेपाल नेपाल नेपाल नेपाल नेपाल नेपाल नेपाल नेपाल नेपाल नेपाल नेपाल नेपाल नेपाल नेपाल नेपाल नेपाल नेपाल नेपाल नेपाल नेपाल नेपाल नेपाल नेपाल नेपाल नेपाल नेपाल नेपाल नेपाल नेपाल नेपाल नेपाल नेपाल नेपाल नेपाल नेपाल नेपाल नेपाल नेपाल नेपाल नेपाल नेपाल नेपाल नेपाल नेपाल नेपाल नेपाल नेपाल नेपाल नेपाल नेपाल नेपाल नेपाल नेपाल नेपाल नेपाल नेपाल नेपाल नेपाल नेपाल नेपाल नेपाल नेपाल नेपाल नेपाल नेपाल नेपाल नेपाल नेपाल नेपाल नेपाल नेपाल नेपाल नेपाल नेपाल नेपाल नेपाल नेपाल नेपाल नेपाल नेपाल नेपाल नेपाल नेपाल नेपाल नेपाल नेपाल नेपाल नेपाल नेपाल नेपाल नेपाल नेपाल नेपाल नेपाल नेपाल नेपाल नेपाल नेपाल नेपाल नेपाल नेपाल नेपाल नेपाल नेपाल नेपाल नेपाल नेपाल नेपाल नेपाल नेपाल नेपाल नेपाल नेपाल नेपाल नेपाल नेपाल नेपाल नेपाल नेपाल नेपाल नेपाल नेपाल नेपाल नेपाल नेपाल नेपाल नेपाल नेपाल नेपाल नेपाल नेपाल नेपाल नेपाल नेपाल नेपाल नेपाल नेपाल नेपाल नेपाल नेपाल नेपाल नेपाल नेपाल नेपाल नेपाल नेपाल नेपाल नेपाल नेपाल नेपाल नेपाल नेपाल नेपाल नेपाल नेपाल नेपाल नेपाल नेपाल नेपाल नेपाल नेपाल नेपाल नेपाल नेपाल नेपाल नेपाल नेपाल नेपाल नेपाल नेपाल नेपाल नेपाल नेपाल नेपाल नेपाल नेपाल नेपाल नेपाल नेपाल नेपाल नेपाल नेपाल नेपाल नेपाल नेपाल नेपाल नेपाल नेपाल नेपाल नेपाल नेपाल नेपाल नेपाल नेपाल नेपाल नेपाल नेपाल नेपाल नेपाल नेपाल नेपाल नेपाल नेपाल नेपाल नेपाल नेपाल नेपाल नेपाल नेपाल नेपाल नेपाल नेपाल नेपाल नेपाल नेपाल नेपाल नेपाल नेपाल नेपाल नेपाल नेपाल नेपाल नेपाल नेपाल नेपाल नेपाल नेपाल नेपाल नेपाल नेपाल नेपाल नेपाल नेपाल नेपाल नेपाल नेपाल नेपाल नेपाल नेपाल नेपाल नेपाल नेपाल नेपाल नेपाल नेपाल नेपाल नेपाल नेपाल नेपाल नेपाल नेपाल नेपाल नेपाल नेपाल नेपाल नेपाल नेपाल नेपाल नेपाल नेपाल नेपाल नेपाल नेपाल नेपाल नेपाल नेपाल नेपाल नेपाल नेपाल नेपाल नेपाल नेपाल नेपाल नेपाल नेपाल नेपाल नेपाल नेपाल नेपाल नेपाल नेपाल नेपाल नेपाल नेपाल नेपाल नेपाल नेपाल नेपाल नेपाल नेपाल नेपाल नेपाल नेपाल नेपाल नेपाल नेपाल नेपाल नेपाल नेपाल नेपाल नेपाल नेपाल नेपाल नेपाल नेपाल नेपाल नेपाल नेपाल नेपाल नेपाल नेपाल नेपाल नेपाल नेपाल नेपाल नेपाल नेपाल नेपाल नेपाल नेपाल नेपाल नेपाल नेपाल नेपाल नेपाल नेपाल नेपाल नेपाल नेपाल नेपाल नेपाल नेपाल नेपाल नेपाल नेपाल नेपाल नेपाल नेपाल नेपाल नेपाल नेपाल नेपाल नेपाल नेपाल नेपाल नेपाल नेपाल नेपाल नेपाल नेपाल नेपाल नेपाल नेपाल नेपाल नेपाल नेपाल नेपाल नेपाल नेपाल नेपाल नेपाल नेपाल नेपाल नेपाल नेपाल नेपाल नेपाल नेपाल नेपाल नेपाल नेपाल नेपाल नेपाल नेपाल नेपाल नेपाल नेपाल नेपाल नेपाल नेपाल नेपाल नेपाल नेपाल नेपाल नेपाल नेपाल नेपाल नेपाल नेपाल नेपाल नेपाल नेपाल नेपाल नेपाल नेपाल नेपाल नेपाल नेपाल नेपाल नेपाल नेपाल नेपाल नेपाल नेपाल नेपाल नेपाल नेपाल नेपाल नेपाल नेपाल नेपाल नेपाल नेपाल नेपाल नेपाल नेपाल नेपाल नेपाल नेपाल नेपाल नेपाल नेपाल नेपाल नेपाल नेपाल नेपाल नेपाल नेपाल नेपाल नेपाल नेपाल नेपाल नेपाल नेपाल नेपाल नेपाल नेपाल नेपाल नेपाल नेपाल नेपाल नेपाल नेपाल नेपाल नेपाल नेपाल नेपाल नेपाल नेपाल नेपाल नेपाल नेपाल नेपाल नेपाल नेपाल नेपाल नेपाल नेपाल नेपाल नेपाल नेपाल नेपाल नेपाल नेपाल नेपाल नेपाल नेपाल नेपाल नेपाल नेपाल नेपाल नेपाल नेपाल नेपाल नेपाल नेपाल नेपाल नेपाल नेपाल नेपाल नेपाल नेपाल नेपाल नेपाल नेपाल नेपाल नेपाल नेपाल नेपाल नेपाल नेपाल नेपाल नेपाल नेपाल नेपाल नेपाल नेपाल नेपाल नेपाल नेपाल नेपाल नेपाल नेपाल नेपाल नेपाल नेपाल नेपाल नेपाल नेपाल नेपाल नेपाल नेपाल नेपाल नेपाल नेपाल नेपाल नेपाल नेपाल नेपाल नेपाल नेपाल नेपाल नेपाल नेपाल नेपाल नेपाल नेपाल नेपाल नेपाल नेपाल नेपाल नेपाल नेपाल नेपाल नेपाल नेपाल नेपाल नेपाल नेपाल नेपाल नेपाल नेपाल नेपाल नेपाल नेपाल नेपाल नेपाल नेपाल नेपाल नेपाल नेपाल नेपाल नेपाल नेपाल नेपाल नेपाल नेपाल नेपाल नेपाल नेपाल नेपाल नेपाल नेपाल नेपाल नेपाल नेपाल नेपाल नेपाल नेपाल नेपाल नेपाल नेपाल नेपाल नेपाल नेपाल नेपाल नेपाल नेपाल नेपाल नेपाल नेपाल नेपाल नेपाल नेपाल नेपाल नेपाल नेपाल नेपाल नेपाल नेपाल नेपाल नेपाल नेपाल नेपाल नेपाल नेपाल नेपाल नेपाल नेपाल नेपाल नेपाल नेपाल नेपाल नेपाल नेपाल नेपाल नेपाल नेपाल नेपाल नेपाल नेपाल नेपाल नेपाल नेपाल नेपाल नेपाल नेपाल नेपाल नेपाल नेपाल नेपाल नेपाल नेपाल नेपाल नेपाल नेपाल नेपाल नेपाल नेपाल नेपाल नेपाल नेपाल नेपाल नेपाल नेपाल नेपाल नेपाल नेपाल नेपाल नेपाल नेपाल नेपाल नेपाल नेपाल नेपाल नेपाल नेपाल नेपाल नेपाल नेपाल नेपाल नेपाल नेपाल नेपाल नेपाल नेपाल नेपाल नेपाल नेपाल नेपाल नेपाल नेपाल नेपाल नेपाल नेपाल नेपाल नेपाल नेपाल नेपाल नेपाल नेपाल नेपाल नेपाल नेपाल नेपाल नेपाल नेपाल नेपाल नेपाल नेपाल नेपाल नेपाल नेपाल नेपाल नेपाल नेपाल नेपाल नेपाल नेपाल नेपाल नेपाल नेपाल नेपाल नेपाल नेपाल नेपाल नेपाल नेपाल नेपाल नेपाल नेपाल नेपाल नेपाल नेपाल नेपाल नेपाल नेपाल नेपाल नेपाल नेपाल नेपाल नेपाल नेपाल नेपाल नेपाल नेपाल नेपाल नेपाल नेपाल नेपाल नेपाल नेपाल नेपाल नेपाल नेपाल नेपाल नेपाल नेपाल नेपाल नेपाल नेपाल नेपाल नेपाल नेपाल नेपाल नेपाल नेपाल नेपाल नेपाल नेपाल नेपाल नेपाल नेपाल नेपाल नेपाल नेपाल नेपाल नेपाल नेपाल नेपाल नेपाल नेपाल नेपाल नेपाल नेपाल नेपाल नेपाल नेपाल नेपाल नेपाल नेपाल नेपाल नेपाल नेपाल नेपाल नेपाल नेपाल नेपाल नेपाल नेपाल नेपाल नेपाल नेपाल नेपाल नेपाल नेपाल नेपाल नेपाल नेपाल नेपाल नेपाल नेपाल नेपाल नेपाल नेपाल नेपाल नेपाल नेपाल नेपाल नेपाल नेपाल नेपाल नेपाल नेपाल नेपाल नेपाल नेपाल नेपाल नेपाल नेपाल नेपाल नेपाल नेपाल नेपाल नेपाल नेपाल नेपाल नेपाल नेपाल नेपाल नेपाल नेपाल नेपाल नेपाल नेपाल नेपाल नेपाल नेपाल नेपाल नेपाल नेपाल नेपाल नेपाल नेपाल नेपाल नेपाल नेपाल नेपाल नेपाल नेपाल नेपाल नेपाल नेपाल नेपाल नेपाल नेपाल नेपाल नेपाल नेपाल नेपाल नेपाल नेपाल नेपाल नेपाल नेपाल नेपाल नेपाल नेपाल नेपाल नेपाल नेपाल नेपाल नेपाल नेपाल नेपाल नेपाल नेपाल नेपाल नेपाल नेपाल नेपाल नेपाल नेपाल नेपाल नेपाल नेपाल नेपाल नेपाल नेपाल नेपाल नेपाल नेपाल नेपाल नेपाल नेपाल नेपाल नेपाल नेपाल नेपाल नेपाल नेपाल नेपाल नेपाल नेपाल नेपाल नेपाल नेपाल नेपाल नेपाल नेपाल नेपाल नेपाल नेपाल नेपाल नेपाल नेपाल नेपाल नेपाल नेपाल नेपाल नेपाल नेपाल नेपाल नेपाल नेपाल नेपाल नेपाल नेपाल नेपाल नेपाल नेपाल नेपाल नेपाल नेपाल नेपाल नेपाल नेपाल नेपाल नेपाल नेपाल नेपाल नेपाल नेपाल नेपाल नेपाल नेपाल नेपाल नेपाल नेपाल नेपाल नेपाल नेपाल नेपाल नेपाल नेपाल नेपाल नेपाल नेपाल नेपाल नेपाल नेपाल नेपाल नेपाल नेपाल नेपाल नेपाल नेपाल नेपाल नेपाल नेपाल नेपाल नेपाल नेपाल नेपाल नेपाल नेपाल नेपाल नेपाल नेपाल नेपाल नेपाल नेपाल नेपाल नेपाल नेपाल नेपाल नेपाल नेपाल नेपाल नेपाल नेपाल नेपाल नेपाल नेपाल नेपाल नेपाल नेपाल नेपाल नेपाल नेपाल नेपाल नेपाल नेपाल नेपाल नेपाल नेपाल नेपाल नेपाल नेपाल नेपाल नेपाल नेपाल नेपाल नेपाल नेपाल नेपाल नेपाल नेपाल नेपाल नेपाल नेपाल नेपाल नेपाल नेपाल नेपाल नेपाल नेपाल नेपाल नेपाल नेपाल नेपाल नेपाल नेपाल नेपाल नेपाल नेपाल नेपाल नेपाल नेपाल नेपाल नेपाल नेपाल नेपाल नेपाल नेपाल नेपाल नेपाल नेपाल नेपाल नेपाल नेपाल नेपाल नेपाल नेपाल नेपाल नेपाल नेपाल नेपाल नेपाल नेपाल नेपाल नेपाल नेपाल नेपाल नेपाल नेपाल नेपाल नेपाल नेपाल नेपाल नेपाल नेपाल नेपाल नेपाल नेपाल नेपाल नेपाल नेपाल नेपाल नेपाल नेपाल नेपाल नेपाल नेपाल नेपाल नेपाल नेपाल नेपाल नेपाल नेपाल नेपाल नेपाल नेपाल नेपाल नेपाल नेपाल नेपाल नेपाल नेपाल नेपाल नेपाल नेपाल नेपाल नेपाल नेपाल नेपाल नेपाल नेपाल नेपाल नेपाल नेपाल नेपाल नेपाल नेपाल नेपाल नेपाल नेपाल नेपाल नेपाल नेपाल नेपाल नेपाल नेपाल नेपाल नेपाल नेपाल नेपाल नेपाल नेपाल नेपाल नेपाल नेपाल नेपाल नेपाल नेपाल नेपाल नेपाल नेपाल नेपाल नेपाल नेपाल नेपाल नेपाल नेपाल नेपाल नेपाल नेपाल नेपाल नेपाल नेपाल नेपाल नेपाल नेपाल नेपाल नेपाल नेपाल नेपाल नेपाल नेपाल नेपाल नेपाल नेपाल नेपाल नेपाल नेपाल नेपाल नेपाल नेपाल नेपाल नेपाल नेपाल नेपाल नेपाल नेपाल नेपाल नेपाल नेपाल नेपाल नेपाल नेपाल नेपाल नेपाल नेपाल नेपाल नेपाल नेपाल नेपाल नेपाल नेपाल नेपाल नेपाल नेपाल नेपाल नेपाल नेपाल नेपाल नेपाल नेपाल नेपाल नेपाल नेपाल नेपाल नेपाल नेपाल नेपाल नेपाल नेपाल नेपाल नेपाल नेपाल नेपाल नेपाल नेपाल नेपाल नेपाल नेपाल नेपाल नेपाल नेपाल नेपाल नेपाल नेपाल नेपाल नेपाल नेपाल नेपाल नेपाल नेपाल नेपाल नेपाल नेपाल नेपाल नेपाल नेपाल नेपाल नेपाल नेपाल नेपाल नेपाल नेपाल नेपाल नेपाल नेपाल नेपाल नेपाल नेपाल नेपाल नेपाल नेपाल नेपाल नेपाल नेपाल नेपाल नेपाल नेपाल नेपाल नेपाल नेपाल नेपाल नेपाल नेपाल नेपाल नेपाल नेपाल नेपाल नेपाल नेपाल नेपाल नेपाल नेपाल नेपाल नेपाल नेपाल नेपाल नेपाल नेपाल नेपाल नेपाल नेपाल नेपाल नेपाल नेपाल नेपाल नेपाल नेपाल नेपाल नेपाल नेपाल नेपाल नेपाल नेपाल नेपाल नेपाल नेपाल नेपाल नेपाल नेपाल नेपाल नेपाल नेपाल नेपाल नेपाल नेपाल नेपाल नेपाल नेपाल नेपाल नेपाल नेपाल नेपाल नेपाल नेपाल नेपाल नेपाल नेपाल नेपाल नेपाल नेपाल नेपाल नेपाल नेपाल नेपाल नेपाल नेपाल नेपाल नेपाल नेपाल नेपाल नेपाल नेपाल नेपाल नेपाल नेपाल नेपाल नेपाल नेपाल नेपाल नेपाल नेपाल नेपाल नेपाल नेपाल नेपाल नेपाल नेपाल नेपाल नेपाल नेपाल नेपाल नेपाल नेपाल नेपाल नेपाल नेपाल नेपाल नेपाल नेपाल नेपाल नेपाल नेपाल नेपाल नेपाल नेपाल नेपाल नेपाल नेपाल नेपाल नेपाल नेपाल नेपाल नेपाल नेपाल नेपाल नेपाल नेपाल नेपाल नेपाल नेपाल नेपाल नेपाल नेपाल नेपाल नेपाल नेपाल नेपाल नेपाल नेपाल नेपाल नेपाल नेपाल नेपाल नेपाल नेपाल नेपाल नेपाल नेपाल नेपाल नेपाल नेपाल नेपाल नेपाल नेपाल नेपाल नेपाल नेपाल नेपाल नेपाल नेपाल नेपाल नेपाल नेपाल नेपाल नेपाल नेपाल नेपाल नेपाल नेपाल नेपाल नेपाल नेपाल नेपाल नेपाल नेपाल नेपाल नेपाल नेपाल नेपाल नेपाल नेपाल नेपाल नेपाल नेपाल नेपाल नेपाल नेपाल नेपाल नेपाल नेपाल नेपाल नेपाल नेपाल नेपाल नेपाल नेपाल नेपाल नेपाल नेपाल नेपाल नेपाल नेपाल नेपाल नेपाल नेपाल नेपाल नेपाल नेपाल नेपाल नेपाल नेपाल नेपाल नेपाल नेपाल नेपाल नेपाल नेपाल नेपाल नेपाल नेपाल नेपाल नेपाल नेपाल नेपाल नेपाल नेपाल नेपाल नेपाल नेपाल नेपाल नेपाल नेपाल नेपाल नेपाल नेपाल नेपाल नेपाल नेपाल नेपाल नेपाल नेपाल नेपाल नेपाल नेपाल नेपाल नेपाल नेपाल नेपाल नेपाल नेपाल नेपाल नेपाल नेपाल नेपाल नेपाल नेपाल नेपाल नेपाल नेपाल नेपाल नेपाल नेपाल नेपाल नेपाल नेपाल नेपाल नेपाल नेपाल नेपाल नेपाल नेपाल नेपाल नेपाल नेपाल नेपाल नेपाल नेपाल नेपाल नेपाल नेपाल नेपाल नेपाल नेपाल नेपाल नेपाल नेपाल नेपाल नेपाल नेपाल नेपाल नेपाल नेपाल नेपाल नेपाल नेपाल नेपाल नेपाल नेपाल नेपाल नेपाल नेपाल नेपाल नेपाल नेपाल नेपाल नेपाल नेपाल नेपाल नेपाल नेपाल नेपाल नेपाल नेपाल नेपाल नेपाल नेपाल नेपाल नेपाल नेपाल नेपाल नेपाल नेपाल नेपाल नेपाल नेपाल नेपाल नेपाल नेपाल नेपाल नेपाल नेपाल नेपाल नेपाल नेपाल नेपाल नेपाल नेपाल नेपाल नेपाल नेपाल नेपाल नेपाल नेपाल नेपाल नेपाल नेपाल नेपाल नेपाल नेपाल नेपाल नेपाल नेपाल नेपाल नेपाल नेपाल नेपाल नेपाल नेपाल नेपाल नेपाल नेपाल नेपाल नेपाल नेपाल नेपाल नेपाल नेपाल नेपाल नेपाल नेपाल नेपाल नेपाल नेपाल नेपाल नेपाल नेपाल नेपाल नेपाल नेपाल नेपाल नेपाल नेपाल नेपाल नेपाल नेपाल नेपाल नेपाल नेपाल नेपाल नेपाल नेपाल नेपाल नेपाल नेपाल नेपाल नेपाल नेपाल नेपाल नेपाल नेपाल नेपाल नेपाल नेपाल नेपाल नेपाल नेपाल नेपाल नेपाल नेपाल नेपाल नेपाल नेपाल नेपाल नेपाल नेपाल नेपाल नेपाल नेपाल नेपाल नेपाल नेपाल नेपाल नेपाल नेपाल नेपाल नेपाल नेपाल नेपाल नेपाल नेपाल नेपाल नेपाल नेपाल नेपाल नेपाल नेपाल नेपाल नेपाल नेपाल नेपाल नेपाल नेपाल नेपाल नेपाल नेपाल नेपाल नेपाल नेपाल नेपाल नेपाल नेपाल नेपाल नेपाल नेपाल नेपाल नेपाल नेपाल नेपाल नेपाल नेपाल नेपाल नेपाल नेपाल नेपाल नेपाल नेपाल नेपाल नेपाल नेपाल नेपाल नेपाल नेपाल नेपाल नेपाल नेपाल नेपाल नेपाल नेपाल नेपाल नेपाल नेपाल नेपाल नेपाल नेपाल नेपाल नेपाल नेपाल नेपाल नेपाल नेपाल नेपाल नेपाल नेपाल नेपाल नेपाल नेपाल नेपाल नेपाल नेपाल नेपाल नेपाल नेपाल नेपाल नेपाल नेपाल नेपाल नेपाल नेपाल नेपाल नेपाल नेपाल नेपाल नेपाल नेपाल नेपाल नेपाल नेपाल नेपाल नेपाल नेपाल नेपाल नेपाल नेपाल नेपाल नेपाल नेपाल नेपाल नेपाल नेपाल नेपाल नेपाल नेपाल नेपाल नेपाल नेपाल नेपाल नेपाल नेपाल नेपाल नेपाल नेपाल नेपाल नेपाल नेपाल नेपाल नेपाल नेपाल नेपाल नेपाल नेपाल नेपाल नेपाल नेपाल नेपाल नेपाल नेपाल नेपाल नेपाल नेपाल नेपाल नेपाल नेपाल नेपाल नेपाल नेपाल नेपाल नेपाल नेपाल नेपाल नेपाल नेपाल नेपाल नेपाल नेपाल नेपाल नेपाल नेपाल नेपाल नेपाल नेपाल नेपाल नेपाल नेपाल नेपाल नेपाल नेपाल नेपाल नेपाल नेपाल नेपाल नेपाल नेपाल नेपाल नेपाल नेपाल नेपाल नेपाल नेपाल नेपाल नेपाल नेपाल नेपाल नेपाल नेपाल नेपाल नेपाल नेपाल नेपाल नेपाल नेपाल नेपाल नेपाल नेपाल नेपाल नेपाल नेपाल नेपाल नेपाल नेपाल नेपाल नेपाल नेपाल नेपाल नेपाल नेपाल नेपाल नेपाल नेपाल नेपाल नेपाल नेपाल नेपाल नेपाल नेपाल नेपाल नेपाल नेपाल नेपाल नेपाल नेपाल नेपाल नेपाल नेपाल नेपाल नेपाल नेपाल नेपाल नेपाल नेपाल नेपाल नेपाल नेपाल नेपाल नेपाल नेपाल नेपाल नेपाल नेपाल नेपाल नेपाल नेपाल नेपाल नेपाल नेपाल नेपाल नेपाल नेपाल नेपाल नेपाल नेपाल नेपाल नेपाल नेपाल नेपाल नेपाल नेपाल नेपाल नेपाल नेपाल नेपाल नेपाल नेपाल नेपाल नेपाल नेपाल नेपाल नेपाल नेपाल नेपाल नेपाल नेपाल नेपाल नेपाल नेपाल नेपाल नेपाल नेपाल नेपाल नेपाल नेपाल नेपाल नेपाल नेपाल नेपाल नेपाल नेपाल नेपाल नेपाल नेपाल नेपाल नेपाल नेपाल नेपाल नेपाल नेपाल नेपाल नेपाल नेपाल नेपाल नेपाल नेपाल नेपाल नेपाल नेपाल नेपाल नेपाल नेपाल नेपाल नेपाल नेपाल नेपाल नेपाल नेपाल नेपाल नेपाल नेपाल नेपाल नेपाल नेपाल नेपाल नेपाल नेपाल नेपाल नेपाल नेपाल नेपाल नेपाल नेपाल नेपाल नेपाल नेपाल नेपाल नेपाल नेपाल नेपाल नेपाल नेपाल नेपाल नेपाल नेपाल नेपाल नेपाल नेपाल नेपाल नेपाल नेपाल नेपाल नेपाल नेपाल नेपाल नेपाल नेपाल नेपाल नेपाल नेपाल नेपाल नेपाल नेपाल नेपाल नेपाल नेपाल नेपाल नेपाल नेपाल नेपाल नेपाल नेपाल नेपाल नेपाल नेपाल नेपाल नेपाल नेपाल नेपाल नेपाल नेपाल नेपाल नेपाल नेपाल नेपाल नेपाल नेपाल नेपाल नेपाल नेपाल नेपाल नेपाल नेपाल नेपाल नेपाल नेपाल नेपाल नेपाल नेपाल नेपाल नेपाल नेपाल नेपाल नेपाल नेपाल नेपाल नेपाल नेपाल नेपाल नेपाल नेपाल नेपाल नेपाल नेपाल नेपाल नेपाल नेपाल नेपाल नेपाल नेपाल नेपाल नेपाल नेपाल नेपाल नेपाल नेपाल नेपाल नेपाल नेपाल नेपाल नेपाल नेपाल नेपाल नेपाल नेपाल नेपाल नेपाल नेपाल नेपाल नेपाल नेपाल नेपाल नेपाल नेपाल नेपाल नेपाल नेपाल नेपाल नेपाल नेपाल नेपाल नेपाल नेपाल नेपाल नेपाल नेपाल नेपाल नेपाल नेपाल नेपाल नेपाल नेपाल नेपाल नेपाल नेपाल नेपाल नेपाल नेपाल नेपाल नेपाल नेपाल नेपाल नेपाल नेपाल नेपाल नेपाल नेपाल नेपाल नेपाल नेपाल नेपाल नेपाल नेपाल नेपाल नेपाल नेपाल नेपाल नेपाल नेपाल नेपाल नेपाल नेपाल नेपाल नेपाल नेपाल नेपाल नेपाल नेपाल नेपाल नेपाल नेपाल नेपाल नेपाल नेपाल नेपाल नेपाल नेपाल नेपाल नेपाल नेपाल नेपाल नेपाल नेपाल नेपाल नेपाल नेपाल नेपाल नेपाल नेपाल नेपाल नेपाल नेपाल नेपाल नेपाल नेपाल नेपाल नेपाल नेपाल नेपाल नेपाल नेपाल नेपाल नेपाल नेपाल नेपाल नेपाल नेपाल नेपाल नेपाल नेपाल नेपाल नेपाल नेपाल नेपाल नेपाल नेपाल नेपाल नेपाल नेपाल नेपाल नेपाल नेपाल नेपाल नेपाल नेपाल नेपाल नेपाल नेपाल नेपाल नेपाल नेपाल नेपाल नेपाल नेपाल नेपाल नेपाल नेपाल नेपाल नेपाल नेपाल नेपाल नेपाल नेपाल नेपाल नेपाल नेपाल नेपाल नेपाल नेपाल नेपाल नेपाल नेपाल नेपाल नेपाल नेपाल नेपाल नेपाल नेपाल नेपाल नेपाल नेपाल नेपाल नेपाल नेपाल नेपाल नेपाल नेपाल नेपाल नेपाल नेपाल नेपाल नेपाल नेपाल नेपाल नेपाल नेपाल नेपाल नेपाल नेपाल नेपाल नेपाल नेपाल नेपाल नेपाल नेपाल नेपाल नेपाल नेपाल नेपाल नेपाल नेपाल नेपाल नेपाल नेपाल नेपाल नेपाल नेपाल नेपाल नेपाल नेपाल नेपाल नेपाल नेपाल नेपाल नेपाल नेपाल नेपाल नेपाल नेपाल नेपाल नेपाल नेपाल नेपाल नेपाल नेपाल नेपाल नेपाल नेपाल नेपाल नेपाल नेपाल नेपाल नेपाल नेपाल नेपाल नेपाल नेपाल नेपाल नेपाल नेपाल नेपाल नेपाल नेपाल नेपाल नेपाल नेपाल नेपाल नेपाल नेपाल नेपाल नेपाल नेपाल नेपाल नेपाल नेपाल नेपाल नेपाल नेपाल नेपाल नेपाल नेपाल नेपाल नेपाल नेपाल नेपाल नेपाल नेपाल नेपाल नेपाल नेपाल नेपाल नेपाल नेपाल नेपाल नेपाल नेपाल नेपाल नेपाल नेपाल नेपाल नेपाल नेपाल नेपाल नेपाल नेपाल नेपाल नेपाल नेपाल नेपाल नेपाल नेपाल नेपाल नेपाल नेपाल नेपाल नेपाल नेपाल नेपाल नेपाल नेपाल नेपाल नेपाल नेपाल नेपाल नेपाल नेपाल नेपाल नेपाल नेपाल नेपाल नेपाल नेपाल नेपाल नेपाल नेपाल नेपाल नेपाल नेपाल नेपाल नेपाल नेपाल नेपाल नेपाल नेपाल नेपाल नेपाल नेपाल नेपाल नेपाल नेपाल नेपाल नेपाल नेपाल नेपाल नेपाल नेपाल नेपाल नेपाल नेपाल नेपाल नेपाल नेपाल नेपाल नेपाल नेपाल नेपाल नेपाल नेपाल नेपाल नेपाल नेपाल नेपाल नेपाल नेपाल नेपाल नेपाल नेपाल नेपाल नेपाल नेपाल नेपाल नेपाल नेपाल नेपाल नेपाल नेपाल नेपाल नेपाल नेपाल नेपाल नेपाल नेपाल नेपाल नेपाल नेपाल नेपाल नेपाल नेपाल नेपाल नेपाल नेपाल नेपाल नेपाल नेपाल नेपाल नेपाल नेपाल नेपाल नेपाल नेपाल नेपाल नेपाल नेपाल नेपाल नेपाल नेपाल नेपाल नेपाल नेपाल नेपाल नेपाल नेपाल नेपाल नेपाल नेपाल नेपाल नेपाल नेपाल नेपाल नेपाल नेपाल नेपाल नेपाल नेपाल नेपाल नेपाल नेपाल नेपाल नेपाल नेपाल नेपाल नेपाल नेपाल नेपाल नेपाल नेपाल नेपाल नेपाल नेपाल नेपाल नेपाल नेपाल नेपाल नेपाल नेपाल नेपाल नेपाल नेपाल नेपाल नेपाल नेपाल नेपाल नेपाल नेपाल नेपाल नेपाल नेपाल नेपाल नेपाल नेपाल नेपाल नेपाल नेपाल नेपाल नेपाल नेपाल नेपाल नेपाल नेपाल नेपाल नेपाल नेपाल नेपाल नेपाल नेपाल नेपाल नेपाल नेपाल नेपाल नेपाल नेपाल नेपाल नेपाल नेपाल नेपाल नेपाल नेपाल नेपाल नेपाल नेपाल नेपाल नेपाल नेपाल नेपाल नेपाल नेपाल नेपाल नेपाल नेपाल नेपाल नेपाल नेपाल नेपाल नेपाल नेपाल नेपाल नेपाल नेपाल नेपाल नेपाल नेपाल नेपाल नेपाल नेपाल नेपाल नेपाल नेपाल नेपाल नेपाल नेपाल नेपाल नेपाल नेपाल नेपाल नेपाल नेपाल नेपाल नेपाल नेपाल नेपाल नेपाल नेपाल नेपाल नेपाल नेपाल नेपाल नेपाल नेपाल नेपाल नेपाल नेपाल नेपाल नेपाल नेपाल नेपाल नेपाल नेपाल नेपाल नेपाल नेपाल नेपाल नेपाल नेपाल नेपाल नेपाल नेपाल नेपाल नेपाल नेपाल नेपाल नेपाल नेपाल नेपाल नेपाल नेपाल नेपाल नेपाल नेपाल नेपाल नेपाल नेपाल नेपाल नेपाल नेपाल नेपाल नेपाल नेपाल नेपाल नेपाल नेपाल नेपाल नेपाल नेपाल नेपाल नेपाल नेपाल नेपाल नेपाल नेपाल नेपाल नेपाल नेपाल नेपाल नेपाल नेपाल नेपाल नेपाल नेपाल नेपाल नेपाल नेपाल नेपाल नेपाल नेपाल नेपाल नेपाल नेपाल नेपाल नेपाल नेपाल नेपाल नेपाल नेपाल नेपाल नेपाल नेपाल नेपाल नेपाल नेपाल नेपाल नेपाल नेपाल नेपाल नेपाल नेपाल नेपाल नेपाल नेपाल नेपाल नेपाल नेपाल नेपाल नेपाल नेपाल नेपाल नेपाल नेपाल नेपाल नेपाल नेपाल नेपाल नेपाल नेपाल नेपाल नेपाल नेपाल नेपाल नेपाल नेपाल नेपाल नेपाल नेपाल नेपाल नेपाल नेपाल नेपाल नेपाल नेपाल नेपाल नेपाल नेपाल नेपाल नेपाल नेपाल नेपाल नेपाल नेपाल नेपाल नेपाल नेपाल नेपाल नेपाल नेपाल नेपाल नेपाल नेपाल नेपाल नेपाल नेपाल नेपाल नेपाल नेपाल नेपाल नेपाल नेपाल नेपाल नेपाल नेपाल नेपाल नेपाल नेपाल नेपाल नेपाल नेपाल नेपाल नेपाल नेपाल नेपाल नेपाल नेपाल नेपाल नेपाल नेपाल नेपाल नेपाल नेपाल नेपाल नेपाल नेपाल नेपाल नेपाल नेपाल नेपाल नेपाल नेपाल नेपाल नेपाल नेपाल नेपाल नेपाल नेपाल नेपाल नेपाल नेपाल नेपाल नेपाल नेपाल नेपाल नेपाल नेपाल नेपाल नेपाल नेपाल नेपाल नेपाल नेपाल नेपाल नेपाल नेपाल नेपाल नेपाल नेपाल नेपाल नेपाल नेपाल नेपाल नेपाल नेपाल नेपाल नेपाल नेपाल नेपाल नेपाल नेपाल नेपाल नेपाल नेपाल नेपाल नेपाल नेपाल नेपाल नेपाल नेपाल नेपाल नेपाल नेपाल नेपाल नेपाल नेपाल नेपाल नेपाल नेपाल नेपाल नेपाल नेपाल नेपाल नेपाल नेपाल नेपाल नेपाल नेपाल नेपाल नेपाल नेपाल नेपाल नेपाल नेपाल नेपाल नेपाल नेपाल नेपाल नेपाल नेपाल नेपाल नेपाल नेपाल नेपाल नेपाल नेपाल नेपाल नेपाल नेपाल नेपाल नेपाल नेपाल नेपाल नेपाल नेपाल नेपाल नेपाल नेपाल नेपाल नेपाल नेपाल नेपाल नेपाल नेपाल नेपाल नेपाल नेपाल नेपाल नेपाल नेपाल नेपाल नेपाल नेपाल नेपाल नेपाल नेपाल नेपाल नेपाल नेपाल नेपाल नेपाल नेपाल नेपाल नेपाल नेपाल नेपाल नेपाल नेपाल नेपाल नेपाल नेपाल नेपाल नेपाल नेपाल नेपाल नेपाल नेपाल नेपाल नेपाल नेपाल नेपाल नेपाल नेपाल नेपाल नेपाल नेपाल नेपाल नेपाल नेपाल नेपाल नेपाल नेपाल नेपाल नेपाल नेपाल नेपाल नेपाल नेपाल नेपाल नेपाल नेपाल नेपाल नेपाल नेपाल नेपाल नेपाल नेपाल नेपाल नेपाल नेपाल नेपाल नेपाल नेपाल नेपाल नेपाल नेपाल नेपाल नेपाल नेपाल नेपाल नेपाल नेपाल नेपाल नेपाल नेपाल नेपाल नेपाल नेपाल नेपाल नेपाल नेपाल नेपाल नेपाल नेपाल नेपाल नेपाल नेपाल नेपाल नेपाल नेपाल नेपाल नेपाल नेपाल नेपाल नेपाल नेपाल नेपाल नेपाल नेपाल नेपाल नेपाल नेपाल नेपाल नेपाल नेपाल नेपाल नेपाल नेपाल नेपाल नेपाल नेपाल नेपाल नेपाल नेपाल नेपाल नेपाल नेपाल नेपाल नेपाल नेपाल नेपाल नेपाल नेपाल नेपाल नेपाल नेपाल नेपाल नेपाल नेपाल नेपाल नेपाल नेपाल नेपाल नेपाल नेपाल नेपाल नेपाल नेपाल नेपाल नेपाल नेपाल नेपाल नेपाल नेपाल नेपाल नेपाल नेपाल नेपाल नेपाल नेपाल नेपाल नेपाल नेपाल नेपाल नेपाल नेपाल नेपाल नेपाल नेपाल नेपाल नेपाल नेपाल नेपाल नेपाल नेपाल नेपाल नेपाल नेपाल नेपाल नेपाल नेपाल नेपाल नेपाल नेपाल नेपाल नेपाल नेपाल नेपाल नेपाल नेपाल नेपाल नेपाल नेपाल नेपाल नेपाल नेपाल नेपाल नेपाल नेपाल नेपाल नेपाल नेपाल नेपाल नेपाल नेपाल नेपाल नेपाल नेपाल नेपाल नेपाल नेपाल नेपाल नेपाल नेपाल नेपाल नेपाल नेपाल नेपाल नेपाल नेपाल नेपाल नेपाल नेपाल नेपाल नेपाल नेपाल नेपाल नेपाल नेपाल नेपाल नेपाल नेपाल नेपाल नेपाल नेपाल नेपाल नेपाल नेपाल नेपाल नेपाल नेपाल नेपाल नेपाल नेपाल नेपाल नेपाल नेपाल नेपाल नेपाल नेपाल नेपाल नेपाल नेपाल नेपाल नेपाल नेपाल नेपाल नेपाल नेपाल नेपाल नेपाल नेपाल नेपाल नेपाल नेपाल नेपाल नेपाल नेपाल नेपाल नेपाल नेपाल नेपाल नेपाल नेपाल नेपाल नेपाल नेपाल नेपाल नेपाल नेपाल नेपाल नेपाल नेपाल नेपाल नेपाल नेपाल नेपाल नेपाल नेपाल नेपाल नेपाल नेपाल नेपाल नेपाल नेपाल नेपाल नेपाल नेपाल नेपाल नेपाल नेपाल नेपाल नेपाल नेपाल नेपाल नेपाल नेपाल नेपाल नेपाल नेपाल नेपाल नेपाल नेपाल नेपाल नेपाल नेपाल नेपाल नेपाल नेपाल नेपाल नेपाल नेपाल नेपाल नेपाल नेपाल नेपाल नेपाल नेपाल नेपाल नेपाल नेपाल नेपाल नेपाल नेपाल नेपाल नेपाल नेपाल नेपाल नेपाल नेपाल नेपाल नेपाल नेपाल नेपाल नेपाल नेपाल नेपाल नेपाल नेपाल नेपाल नेपाल नेपाल नेपाल नेपाल नेपाल नेपाल नेपाल नेपाल नेपाल नेपाल नेपाल नेपाल नेपाल नेपाल नेपाल नेपाल नेपाल नेपाल नेपाल नेपाल नेपाल नेपाल नेपाल नेपाल नेपाल नेपाल नेपाल नेपाल नेपाल नेपाल नेपाल नेपाल नेपाल नेपाल नेपाल नेपाल नेपाल नेपाल नेपाल नेपाल नेपाल नेपाल नेपाल नेपाल नेपाल नेपाल नेपाल नेपाल नेपाल नेपाल नेपाल नेपाल नेपाल नेपाल नेपाल नेपाल नेपाल नेपाल नेपाल नेपाल नेपाल नेपाल नेपाल नेपाल नेपाल नेपाल नेपाल नेपाल नेपाल नेपाल नेपाल नेपाल नेपाल नेपाल नेपाल नेपाल नेपाल नेपाल नेपाल नेपाल नेपाल नेपाल नेपाल नेपाल नेपाल नेपाल नेपाल नेपाल नेपाल नेपाल नेपाल नेपाल नेपाल नेपाल नेपाल नेपाल नेपाल नेपाल नेपाल नेपाल नेपाल नेपाल नेपाल नेपाल नेपाल नेपाल नेपाल नेपाल नेपाल नेपाल नेपाल नेपाल नेपाल नेपाल नेपाल नेपाल नेपाल नेपाल नेपाल नेपाल नेपाल नेपाल नेपाल नेपाल नेपाल नेपाल नेपाल नेपाल नेपाल नेपाल नेपाल नेपाल नेपाल नेपाल नेपाल नेपाल नेपाल नेपाल नेपाल नेपाल नेपाल नेपाल नेपाल नेपाल नेपाल नेपाल नेपाल नेपाल नेपाल नेपाल नेपाल नेपाल नेपाल नेपाल नेपाल नेपाल नेपाल नेपाल नेपाल नेपाल नेपाल नेपाल नेपाल नेपाल नेपाल नेपाल नेपाल नेपाल नेपाल नेपाल नेपाल नेपाल नेपाल नेपाल नेपाल नेपाल नेपाल नेपाल नेपाल नेपाल नेपाल नेपाल नेपाल नेपाल नेपाल नेपाल नेपाल नेपाल नेपाल नेपाल नेपाल नेपाल नेपाल नेपाल नेपाल नेपाल नेपाल नेपाल नेपाल नेपाल नेपाल नेपाल नेपाल नेपाल नेपाल नेपाल नेपाल नेपाल नेपाल नेपाल नेपाल नेपाल नेपाल नेपाल नेपाल नेपाल नेपाल नेपाल नेपाल नेपाल नेपाल नेपाल नेपाल नेपाल नेपाल नेपाल नेपाल नेपाल नेपाल नेपाल नेपाल नेपाल नेपाल नेपाल नेपाल नेपाल नेपाल नेपाल नेपाल नेपाल नेपाल नेपाल नेपाल नेपाल नेपाल नेपाल नेपाल नेपाल नेपाल नेपाल नेपाल नेपाल नेपाल नेपाल नेपाल नेपाल नेपाल नेपाल नेपाल नेपाल नेपाल नेपाल नेपाल नेपाल नेपाल नेपाल नेपाल नेपाल नेपाल नेपाल नेपाल नेपाल नेपाल नेपाल नेपाल नेपाल नेपाल नेपाल नेपाल नेपाल नेपाल नेपाल नेपाल नेपाल नेपाल नेपाल नेपाल नेपाल नेपाल नेपाल नेपाल नेपाल नेपाल नेपाल नेपाल नेपाल नेपाल नेपाल नेपाल नेपाल नेपाल नेपाल नेपाल नेपाल नेपाल नेपाल नेपाल नेपाल नेपाल नेपाल नेपाल नेपाल नेपाल नेपाल नेपाल नेपाल नेपाल नेपाल नेपाल नेपाल नेपाल नेपाल नेपाल नेपाल नेपाल नेपाल नेपाल नेपाल नेपाल नेपाल नेपाल नेपाल नेपाल नेपाल नेपाल नेपाल नेपाल नेपाल नेपाल नेपाल नेपाल नेपाल नेपाल नेपाल नेपाल नेपाल नेपाल नेपाल नेपाल नेपाल नेपाल नेपाल नेपाल नेपाल नेपाल नेपाल नेपाल नेपाल नेपाल नेपाल नेपाल नेपाल नेपाल नेपाल नेपाल नेपाल नेपाल नेपाल नेपाल नेपाल नेपाल नेपाल नेपाल नेपाल नेपाल नेपाल नेपाल नेपाल नेपाल नेपाल नेपाल नेपाल नेपाल नेपाल नेपाल नेपाल नेपाल नेपाल नेपाल नेपाल नेपाल नेपाल नेपाल नेपाल नेपाल नेपाल नेपाल नेपाल नेपाल नेपाल नेपाल नेपाल नेपाल नेपाल नेपाल नेपाल नेपाल नेपाल नेपाल नेपाल नेपाल नेपाल नेपाल नेपाल नेपाल नेपाल नेपाल नेपाल नेपाल नेपाल नेपाल नेपाल नेपाल नेपाल नेपाल नेपाल नेपाल नेपाल नेपाल नेपाल नेपाल नेपाल नेपाल नेपाल नेपाल नेपाल नेपाल नेपाल नेपाल नेपाल नेपाल नेपाल नेपाल नेपाल नेपाल नेपाल नेपाल नेपाल नेपाल नेपाल नेपाल नेपाल नेपाल नेपाल नेपाल नेपाल नेपाल नेपाल नेपाल नेपाल नेपाल नेपाल नेपाल नेपाल नेपाल नेपाल नेपाल नेपाल नेपाल नेपाल नेपाल नेपाल नेपाल नेपाल नेपाल नेपाल नेपाल नेपाल नेपाल नेपाल नेपाल नेपाल नेपाल नेपाल नेपाल नेपाल नेपाल नेपाल नेपाल नेपाल नेपाल नेपाल नेपाल नेपाल नेपाल नेपाल नेपाल नेपाल नेपाल नेपाल नेपाल नेपाल नेपाल नेपाल नेपाल नेपाल नेपाल नेपाल नेपाल नेपाल नेपाल नेपाल नेपाल नेपाल नेपाल नेपाल नेपाल नेपाल नेपाल नेपाल नेपाल नेपाल नेपाल नेपाल नेपाल नेपाल नेपाल नेपाल नेपाल नेपाल नेपाल नेपाल नेपाल नेपाल नेपाल नेपाल नेपाल नेपाल नेपाल नेपाल नेपाल नेपाल नेपाल नेपाल नेपाल नेपाल नेपाल नेपाल नेपाल नेपाल नेपाल नेपाल नेपाल नेपाल नेपाल नेपाल नेपाल नेपाल नेपाल नेपाल नेपाल नेपाल नेपाल नेपाल नेपाल नेपाल नेपाल नेपाल नेपाल नेपाल नेपाल नेपाल नेपाल नेपाल नेपाल नेपाल नेपाल नेपाल नेपाल नेपाल नेपाल नेपाल नेपाल नेपाल नेपाल नेपाल नेपाल नेपाल नेपाल नेपाल नेपाल नेपाल नेपाल नेपाल नेपाल नेपाल नेपाल नेपाल नेपाल नेपाल नेपाल नेपाल नेपाल नेपाल नेपाल नेपाल नेपाल नेपाल नेपाल नेपाल नेपाल नेपाल नेपाल नेपाल नेपाल नेपाल नेपाल नेपाल नेपाल नेपाल नेपाल नेपाल नेपाल नेपाल नेपाल नेपाल नेपाल नेपाल नेपाल नेपाल नेपाल नेपाल नेपाल नेपाल नेपाल नेपाल नेपाल नेपाल नेपाल नेपाल नेपाल नेपाल नेपाल नेपाल नेपाल नेपाल नेपाल नेपाल नेपाल नेपाल नेपाल नेपाल नेपाल नेपाल नेपाल नेपाल नेपाल नेपाल नेपाल नेपाल नेपाल नेपाल नेपाल नेपाल नेपाल नेपाल नेपाल नेपाल नेपाल नेपाल नेपाल नेपाल नेपाल नेपाल नेपाल नेपाल नेपाल नेपाल नेपाल नेपाल नेपाल नेपाल नेपाल नेपाल नेपाल नेपाल नेपाल नेपाल नेपाल नेपाल नेपाल नेपाल नेपाल नेपाल नेपाल नेपाल नेपाल नेपाल नेपाल नेपाल नेपाल नेपाल नेपाल नेपाल नेपाल नेपाल नेपाल नेपाल नेपाल नेपाल नेपाल नेपाल नेपाल नेपाल नेपाल नेपाल नेपाल नेपाल नेपाल नेपाल नेपाल नेपाल नेपाल नेपाल नेपाल नेपाल नेपाल नेपाल नेपाल नेपाल नेपाल नेपाल नेपाल नेपाल नेपाल नेपाल नेपाल नेपाल नेपाल नेपाल नेपाल नेपाल नेपाल नेपाल नेपाल नेपाल नेपाल नेपाल नेपाल नेपाल नेपाल नेपाल नेपाल नेपाल नेपाल नेपाल नेपाल नेपाल नेपाल नेपाल नेपाल नेपाल नेपाल नेपाल नेपाल नेपाल नेपाल नेपाल नेपाल नेपाल नेपाल नेपाल नेपाल नेपाल नेपाल नेपाल नेपाल नेपाल नेपाल नेपाल नेपाल नेपाल नेपाल नेपाल नेपाल नेपाल नेपाल नेपाल नेपाल नेपाल नेपाल नेपाल नेपाल नेपाल नेपाल नेपाल नेपाल नेपाल नेपाल नेपाल नेपाल नेपाल नेपाल नेपाल नेपाल नेपाल नेपाल नेपाल नेपाल नेपाल नेपाल नेपाल नेपाल नेपाल नेपाल नेपाल नेपाल नेपाल नेपाल नेपाल नेपाल नेपाल नेपाल नेपाल नेपाल नेपाल नेपाल नेपाल नेपाल नेपाल नेपाल नेपाल नेपाल नेपाल नेपाल नेपाल नेपाल नेपाल नेपाल नेपाल नेपाल नेपाल नेपाल नेपाल नेपाल नेपाल नेपाल नेपाल नेपाल नेपाल नेपाल नेपाल नेपाल नेपाल नेपाल नेपाल नेपाल नेपाल नेपाल नेपाल नेपाल नेपाल नेपाल नेपाल नेपाल नेपाल नेपाल नेपाल नेपाल नेपाल नेपाल नेपाल नेपाल नेपाल नेपाल नेपाल नेपाल नेपाल नेपाल नेपाल नेपाल नेपाल नेपाल नेपाल नेपाल नेपाल नेपाल नेपाल नेपाल नेपाल नेपाल नेपाल नेपाल नेपाल नेपाल नेपाल नेपाल नेपाल नेपाल नेपाल नेपाल नेपाल नेपाल नेपाल नेपाल नेपाल नेपाल नेपाल नेपाल नेपाल नेपाल नेपाल नेपाल नेपाल नेपाल नेपाल नेपाल नेपाल नेपाल नेपाल नेपाल नेपाल नेपाल नेपाल नेपाल नेपाल नेपाल नेपाल नेपाल नेपाल नेपाल नेपाल नेपाल नेपाल नेपाल नेपाल नेपाल नेपाल नेपाल नेपाल नेपाल नेपाल नेपाल नेपाल नेपाल नेपाल नेपाल नेपाल नेपाल नेपाल नेपाल नेपाल नेपाल नेपाल नेपाल नेपाल नेपाल नेपाल नेपाल नेपाल नेपाल नेपाल नेपाल नेपाल नेपाल नेपाल नेपाल नेपाल नेपाल नेपाल नेपाल नेपाल नेपाल नेपाल नेपाल नेपाल नेपाल नेपाल नेपाल नेपाल नेपाल नेपाल नेपाल नेपाल नेपाल नेपाल नेपाल नेपाल नेपाल नेपाल नेपाल नेपाल नेपाल नेपाल नेपाल नेपाल नेपाल नेपाल नेपाल नेपाल नेपाल नेपाल नेपाल नेपाल नेपाल नेपाल नेपाल नेपाल नेपाल नेपाल नेपाल नेपाल नेपाल नेपाल नेपाल नेपाल नेपाल नेपाल नेपाल नेपाल नेपाल नेपाल नेपाल नेपाल नेपाल नेपाल नेपाल नेपाल नेपाल नेपाल नेपाल नेपाल नेपाल नेपाल नेपाल नेपाल नेपाल नेपाल नेपाल नेपाल नेपाल नेपाल नेपाल नेपाल नेपाल नेपाल नेपाल नेपाल नेपाल नेपाल नेपाल नेपाल नेपाल नेपाल नेपाल नेपाल नेपाल नेपाल नेपाल नेपाल नेपाल नेपाल नेपाल नेपाल नेपाल नेपाल नेपाल नेपाल नेपाल नेपाल नेपाल नेपाल नेपाल नेपाल नेपाल नेपाल नेपाल नेपाल नेपाल नेपाल नेपाल नेपाल नेपाल नेपाल नेपाल नेपाल नेपाल नेपाल नेपाल नेपाल नेपाल नेपाल नेपाल नेपाल नेपाल नेपाल नेपाल नेपाल नेपाल नेपाल नेपाल नेपाल नेपाल नेपाल नेपाल नेपाल नेपाल नेपाल नेपाल नेपाल नेपाल नेपाल नेपाल नेपाल नेपाल नेपाल नेपाल नेपाल नेपाल नेपाल नेपाल नेपाल नेपाल नेपाल नेपाल नेपाल नेपाल नेपाल नेपाल नेपाल नेपाल नेपाल नेपाल नेपाल नेपाल नेपाल नेपाल नेपाल नेपाल नेपाल नेपाल नेपाल नेपाल नेपाल नेपाल नेपाल नेपाल नेपाल नेपाल नेपाल नेपाल नेपाल नेपाल नेपाल नेपाल नेपाल नेपाल नेपाल नेपाल नेपाल नेपाल नेपाल नेपाल नेपाल नेपाल नेपाल नेपाल नेपाल नेपाल नेपाल नेपाल नेपाल नेपाल नेपाल नेपाल नेपाल नेपाल नेपाल नेपाल नेपाल नेपाल नेपाल नेपाल नेपाल नेपाल नेपाल नेपाल नेपाल नेपाल नेपाल नेपाल नेपाल नेपाल नेपाल नेपाल नेपाल नेपाल नेपाल नेपाल नेपाल नेपाल नेपाल नेपाल नेपाल नेपाल नेपाल नेपाल नेपाल नेपाल नेपाल नेपाल नेपाल नेपाल नेपाल नेपाल नेपाल नेपाल नेपाल नेपाल नेपाल नेपाल नेपाल नेपाल नेपाल नेपाल नेपाल नेपाल नेपाल नेपाल नेपाल नेपाल नेपाल नेपाल नेपाल नेपाल नेपाल नेपाल नेपाल नेपाल नेपाल नेपाल नेपाल नेपाल नेपाल नेपाल नेपाल नेपाल नेपाल नेपाल नेपाल नेपाल नेपाल नेपाल नेपाल नेपाल नेपाल नेपाल नेपाल नेपाल नेपाल नेपाल नेपाल नेपाल नेपाल नेपाल नेपाल नेपाल नेपाल नेपाल नेपाल नेपाल नेपाल नेपाल नेपाल नेपाल नेपाल नेपाल नेपाल नेपाल नेपाल नेपाल नेपाल नेपाल नेपाल नेपाल नेपाल नेपाल नेपाल नेपाल नेपाल नेपाल नेपाल नेपाल नेपाल नेपाल नेपाल नेपाल नेपाल नेपाल नेपाल नेपाल नेपाल नेपाल नेपाल नेपाल नेपाल नेपाल नेपाल नेपाल नेपाल नेपाल नेपाल नेपाल नेपाल नेपाल नेपाल नेपाल नेपाल नेपाल नेपाल नेपाल नेपाल नेपाल नेपाल नेपाल नेपाल नेपाल नेपाल नेपाल नेपाल नेपाल नेपाल नेपाल नेपाल नेपाल नेपाल नेपाल नेपाल नेपाल नेपाल नेपाल नेपाल नेपाल नेपाल नेपाल नेपाल नेपाल नेपाल नेपाल नेपाल नेपाल नेपाल नेपाल नेपाल नेपाल नेपाल नेपाल नेपाल नेपाल नेपाल नेपाल नेपाल नेपाल नेपाल नेपाल नेपाल नेपाल नेपाल नेपाल नेपाल नेपाल नेपाल नेपाल नेपाल नेपाल नेपाल नेपाल नेपाल नेपाल नेपाल नेपाल नेपाल नेपाल नेपाल नेपाल नेपाल नेपाल नेपाल नेपाल नेपाल नेपाल नेपाल नेपाल नेपाल नेपाल नेपाल नेपाल नेपाल नेपाल नेपाल नेपाल नेपाल नेपाल नेपाल नेपाल नेपाल नेपाल नेपाल नेपाल नेपाल नेपाल नेपाल नेपाल नेपाल नेपाल नेपाल नेपाल नेपाल नेपाल नेपाल नेपाल नेपाल नेपाल नेपाल नेपाल नेपाल नेपाल नेपाल नेपाल नेपाल नेपाल नेपाल नेपाल नेपाल नेपाल नेपाल नेपाल नेपाल नेपाल नेपाल नेपाल नेपाल नेपाल नेपाल नेपाल नेपाल नेपाल नेपाल नेपाल नेपाल नेपाल नेपाल नेपाल नेपाल नेपाल नेपाल नेपाल नेपाल नेपाल नेपाल नेपाल नेपाल नेपाल नेपाल नेपाल नेपाल नेपाल नेपाल नेपाल नेपाल नेपाल नेपाल नेपाल नेपाल नेपाल नेपाल नेपाल नेपाल नेपाल नेपाल नेपाल नेपाल नेपाल नेपाल नेपाल नेपाल नेपाल नेपाल नेपाल नेपाल नेपाल नेपाल नेपाल नेपाल नेपाल नेपाल नेपाल नेपाल नेपाल नेपाल नेपाल नेपाल नेपाल नेपाल नेपाल नेपाल नेपाल नेपाल नेपाल नेपाल नेपाल नेपाल नेपाल नेपाल नेपाल नेपाल नेपाल नेपाल नेपाल नेपाल नेपाल नेपाल नेपाल नेपाल नेपाल नेपाल नेपाल नेपाल नेपाल नेपाल नेपाल नेपाल नेपाल नेपाल नेपाल नेपाल नेपाल नेपाल नेपाल नेपाल नेपाल नेपाल नेपाल नेपाल नेपाल नेपाल नेपाल नेपाल नेपाल नेपाल नेपाल नेपाल नेपाल नेपाल नेपाल नेपाल नेपाल नेपाल नेपाल नेपाल नेपाल नेपाल नेपाल नेपाल नेपाल नेपाल नेपाल नेपाल नेपाल नेपाल नेपाल नेपाल नेपाल नेपाल नेपाल नेपाल नेपाल नेपाल नेपाल नेपाल नेपाल नेपाल नेपाल नेपाल नेपाल नेपाल नेपाल नेपाल नेपाल नेपाल नेपाल नेपाल नेपाल नेपाल नेपाल नेपाल नेपाल नेपाल नेपाल नेपाल नेपाल नेपाल नेपाल नेपाल नेपाल नेपाल नेपाल नेपाल नेपाल नेपाल नेपाल नेपाल नेपाल नेपाल नेपाल नेपाल नेपाल नेपाल नेपाल नेपाल नेपाल नेपाल नेपाल नेपाल नेपाल नेपाल नेपाल नेपाल नेपाल नेपाल नेपाल नेपाल नेपाल नेपाल नेपाल नेपाल नेपाल नेपाल नेपाल नेपाल नेपाल नेपाल नेपाल नेपाल नेपाल नेपाल नेपाल नेपाल नेपाल नेपाल नेपाल नेपाल नेपाल नेपाल नेपाल नेपाल नेपाल नेपाल नेपाल नेपाल नेपाल नेपाल नेपाल नेपाल नेपाल नेपाल नेपाल नेपाल नेपाल नेपाल नेपाल नेपाल नेपाल नेपाल नेपाल नेपाल नेपाल नेपाल नेपाल नेपाल नेपाल नेपाल नेपाल नेपाल नेपाल नेपाल नेपाल नेपाल नेपाल नेपाल नेपाल नेपाल नेपाल नेपाल नेपाल नेपाल नेपाल नेपाल नेपाल नेपाल नेपाल नेपाल नेपाल नेपाल नेपाल नेपाल नेपाल नेपाल नेपाल नेपाल नेपाल नेपाल नेपाल नेपाल नेपाल नेपाल नेपाल नेपाल नेपाल नेपाल नेपाल नेपाल नेपाल नेपाल नेपाल नेपाल नेपाल नेपाल नेपाल नेपाल नेपाल नेपाल नेपाल नेपाल नेपाल नेपाल नेपाल नेपाल नेपाल नेपाल नेपाल नेपाल नेपाल नेपाल नेपाल नेपाल नेपाल नेपाल नेपाल नेपाल नेपाल नेपाल नेपाल नेपाल नेपाल नेपाल नेपाल नेपाल नेपाल नेपाल नेपाल नेपाल नेपाल नेपाल नेपाल नेपाल नेपाल नेपाल नेपाल नेपाल नेपाल नेपाल नेपाल नेपाल नेपाल नेपाल नेपाल नेपाल नेपाल नेपाल नेपाल नेपाल नेपाल नेपाल नेपाल नेपाल नेपाल नेपाल नेपाल नेपाल नेपाल नेपाल नेपाल नेपाल नेपाल नेपाल नेपाल नेपाल नेपाल नेपाल नेपाल नेपाल नेपाल नेपाल नेपाल नेपाल नेपाल नेपाल नेपाल नेपाल नेपाल नेपाल नेपाल नेपाल नेपाल नेपाल नेपाल नेपाल नेपाल नेपाल नेपाल नेपाल नेपाल नेपाल नेपाल नेपाल नेपाल नेपाल नेपाल नेपाल नेपाल नेपाल नेपाल नेपाल नेपाल नेपाल नेपाल नेपाल नेपाल नेपाल नेपाल नेपाल नेपाल नेपाल नेपाल नेपाल नेपाल नेपाल नेपाल नेपाल नेपाल नेपाल नेपाल नेपाल नेपाल नेपाल नेपाल नेपाल नेपाल नेपाल नेपाल नेपाल नेपाल नेपाल नेपाल नेपाल नेपाल नेपाल नेपाल नेपाल नेपाल नेपाल नेपाल नेपाल नेपाल नेपाल नेपाल नेपाल नेपाल नेपाल नेपाल नेपाल नेपाल नेपाल नेपाल नेपाल नेपाल नेपाल नेपाल नेपाल नेपाल नेपाल नेपाल नेपाल नेपाल नेपाल नेपाल नेपाल नेपाल नेपाल नेपाल नेपाल नेपाल नेपाल नेपाल नेपाल नेपाल नेपाल नेपाल नेपाल नेपाल नेपाल नेपाल नेपाल नेपाल नेपाल नेपाल नेपाल नेपाल नेपाल नेपाल नेपाल नेपाल नेपाल नेपाल नेपाल नेपाल नेपाल नेपाल नेपाल नेपाल नेपाल नेपाल नेपाल नेपाल नेपाल नेपाल नेपाल नेपाल नेपाल नेपाल नेपाल नेपाल नेपाल नेपाल नेपाल नेपाल नेपाल नेपाल नेपाल नेपाल नेपाल नेपाल नेपाल नेपाल नेपाल नेपाल नेपाल नेपाल नेपाल नेपाल नेपाल नेपाल नेपाल नेपाल नेपाल नेपाल नेपाल नेपाल नेपाल नेपाल नेपाल नेपाल नेपाल नेपाल नेपाल नेपाल नेपाल नेपाल नेपाल नेपाल नेपाल नेपाल नेपाल नेपाल नेपाल नेपाल नेपाल नेपाल नेपाल नेपाल नेपाल नेपाल नेपाल नेपाल नेपाल नेपाल नेपाल नेपाल नेपाल नेपाल नेपाल नेपाल नेपाल नेपाल नेपाल नेपाल नेपाल नेपाल नेपाल नेपाल नेपाल नेपाल नेपाल नेपाल नेपाल नेपाल नेपाल नेपाल नेपाल नेपाल नेपाल नेपाल नेपाल नेपाल नेपाल नेपाल नेपाल नेपाल नेपाल नेपाल नेपाल नेपाल नेपाल नेपाल नेपाल नेपाल नेपाल नेपाल नेपाल नेपाल नेपाल नेपाल नेपाल नेपाल नेपाल नेपाल नेपाल नेपाल नेपाल नेपाल नेपाल नेपाल नेपाल नेपाल नेपाल नेपाल नेपाल नेपाल नेपाल नेपाल नेपाल नेपाल नेपाल नेपाल नेपाल नेपाल नेपाल नेपाल नेपाल नेपाल नेपाल नेपाल नेपाल नेपाल नेपाल नेपाल नेपाल नेपाल नेपाल नेपाल नेपाल नेपाल नेपाल नेपाल नेपाल नेपाल नेपाल नेपाल नेपाल नेपाल नेपाल नेपाल नेपाल नेपाल नेपाल नेपाल नेपाल नेपाल नेपाल नेपाल नेपाल नेपाल नेपाल नेपाल नेपाल नेपाल नेपाल नेपाल नेपाल नेपाल नेपाल नेपाल नेपाल नेपाल नेपाल नेपाल नेपाल नेपाल नेपाल नेपाल नेपाल नेपाल नेपाल नेपाल नेपाल नेपाल नेपाल नेपाल नेपाल नेपाल नेपाल नेपाल नेपाल नेपाल नेपाल नेपाल नेपाल नेपाल नेपाल नेपाल नेपाल नेपाल नेपाल नेपाल नेपाल नेपाल नेपाल नेपाल नेपाल नेपाल नेपाल नेपाल नेपाल नेपाल नेपाल नेपाल नेपाल नेपाल नेपाल नेपाल नेपाल नेपाल नेपाल नेपाल नेपाल नेपाल नेपाल नेपाल नेपाल नेपाल नेपाल नेपाल नेपाल नेपाल नेपाल नेपाल नेपाल नेपाल नेपाल नेपाल नेपाल नेपाल नेपाल नेपाल नेपाल नेपाल नेपाल नेपाल नेपाल नेपाल नेपाल नेपाल नेपाल नेपाल नेपाल नेपाल नेपाल नेपाल नेपाल नेपाल नेपाल नेपाल नेपाल नेपाल नेपाल नेपाल नेपाल नेपाल नेपाल नेपाल नेपाल नेपाल नेपाल नेपाल नेपाल नेपाल नेपाल नेपाल नेपाल नेपाल नेपाल नेपाल नेपाल नेपाल नेपाल नेपाल नेपाल नेपाल नेपाल नेपाल नेपाल नेपाल नेपाल नेपाल नेपाल नेपाल नेपाल नेपाल नेपाल नेपाल नेपाल नेपाल नेपाल नेपाल नेपाल नेपाल नेपाल नेपाल नेपाल नेपाल नेपाल नेपाल नेपाल नेपाल नेपाल नेपाल नेपाल नेपाल नेपाल नेपाल नेपाल नेपाल नेपाल नेपाल नेपाल नेपाल नेपाल नेपाल नेपाल नेपाल नेपाल नेपाल नेपाल नेपाल नेपाल नेपाल नेपाल नेपाल नेपाल नेपाल नेपाल नेपाल नेपाल नेपाल नेपाल नेपाल नेपाल नेपाल नेपाल नेपाल नेपाल नेपाल नेपाल नेपाल नेपाल नेपाल नेपाल नेपाल नेपाल नेपाल नेपाल नेपाल नेपाल नेपाल नेपाल नेपाल नेपाल नेपाल नेपाल नेपाल नेपाल नेपाल नेपाल नेपाल नेपाल नेपाल नेपाल नेपाल नेपाल नेपाल नेपाल नेपाल नेपाल नेपाल नेपाल नेपाल नेपाल नेपाल नेपाल नेपाल नेपाल नेपाल नेपाल नेपाल नेपाल नेपाल नेपाल नेपाल नेपाल नेपाल नेपाल नेपाल नेपाल नेपाल नेपाल नेपाल नेपाल नेपाल नेपाल नेपाल नेपाल नेपाल नेपाल नेपाल नेपाल नेपाल नेपाल नेपाल नेपाल नेपाल नेपाल नेपाल नेपाल नेपाल नेपाल नेपाल नेपाल नेपाल नेपाल नेपाल नेपाल नेपाल नेपाल नेपाल नेपाल नेपाल नेपाल नेपाल नेपाल नेपाल नेपाल नेपाल नेपाल नेपाल नेपाल नेपाल नेपाल नेपाल नेपाल नेपाल नेपाल नेपाल नेपाल नेपाल नेपाल नेपाल नेपाल नेपाल नेपाल नेपाल नेपाल नेपाल नेपाल नेपाल नेपाल नेपाल नेपाल नेपाल नेपाल नेपाल नेपाल नेपाल नेपाल नेपाल नेपाल नेपाल नेपाल नेपाल नेपाल नेपाल नेपाल नेपाल नेपाल नेपाल नेपाल नेपाल नेपाल नेपाल नेपाल नेपाल नेपाल नेपाल नेपाल नेपाल नेपाल नेपाल नेपाल नेपाल नेपाल नेपाल नेपाल नेपाल नेपाल नेपाल नेपाल नेपाल नेपाल नेपाल नेपाल नेपाल नेपाल नेपाल नेपाल नेपाल नेपाल नेपाल नेपाल नेपाल नेपाल नेपाल नेपाल नेपाल नेपाल नेपाल नेपाल नेपाल नेपाल नेपाल नेपाल नेपाल नेपाल नेपाल नेपाल नेपाल नेपाल नेपाल नेपाल नेपाल नेपाल नेपाल नेपाल नेपाल नेपाल नेपाल नेपाल नेपाल नेपाल नेपाल नेपाल नेपाल नेपाल नेपाल नेपाल नेपाल नेपाल नेपाल नेपाल नेपाल नेपाल नेपाल नेपाल नेपाल नेपाल नेपाल नेपाल नेपाल नेपाल नेपाल नेपाल नेपाल नेपाल नेपाल नेपाल नेपाल नेपाल नेपाल नेपाल नेपाल नेपाल नेपाल नेपाल नेपाल नेपाल नेपाल नेपाल नेपाल नेपाल नेपाल नेपाल नेपाल नेपाल नेपाल नेपाल नेपाल नेपाल नेपाल नेपाल नेपाल नेपाल नेपाल नेपाल नेपाल नेपाल नेपाल नेपाल नेपाल नेपाल नेपाल नेपाल नेपाल नेपाल नेपाल नेपाल नेपाल नेपाल नेपाल नेपाल नेपाल नेपाल नेपाल नेपाल नेपाल नेपाल नेपाल नेपाल नेपाल नेपाल नेपाल नेपाल नेपाल नेपाल नेपाल नेपाल नेपाल नेपाल नेपाल नेपाल नेपाल नेपाल नेपाल नेपाल नेपाल नेपाल नेपाल नेपाल नेपाल नेपाल नेपाल नेपाल नेपाल नेपाल नेपाल नेपाल नेपाल नेपाल नेपाल नेपाल नेपाल नेपाल नेपाल नेपाल नेपाल नेपाल नेपाल नेपाल नेपाल नेपाल नेपाल नेपाल नेपाल नेपाल नेपाल नेपाल नेपाल नेपाल नेपाल नेपाल नेपाल नेपाल नेपाल नेपाल नेपाल नेपाल नेपाल नेपाल नेपाल नेपाल नेपाल नेपाल नेपाल नेपाल नेपाल नेपाल नेपाल नेपाल नेपाल नेपाल नेपाल नेपाल नेपाल नेपाल नेपाल नेपाल नेपाल नेपाल नेपाल नेपाल नेपाल नेपाल नेपाल नेपाल नेपाल नेपाल नेपाल नेपाल नेपाल नेपाल नेपाल नेपाल नेपाल नेपाल नेपाल नेपाल नेपाल नेपाल नेपाल नेपाल नेपाल नेपाल नेपाल नेपाल नेपाल नेपाल नेपाल नेपाल नेपाल नेपाल नेपाल नेपाल नेपाल नेपाल नेपाल नेपाल नेपाल नेपाल नेपाल नेपाल नेपाल नेपाल नेपाल नेपाल नेपाल नेपाल नेपाल नेपाल नेपाल नेपाल नेपाल नेपाल नेपाल नेपाल नेपाल नेपाल नेपाल नेपाल नेपाल नेपाल
1011,oli  deuba  rw prachanda lai dashain lagne vo janta lai tw khulitai ho,ओली देउबा र प्रचण्डलाई दशैं लाग्ने हो जनतालाई त्‍व खुलितै हो
1012,dhruv raatthe ko video copy garchas vai mukh vari thuk rakhera nabol jimu thukke,ध्रुव रात्तेको भिडियो कपी गर्छस् वाई मुख वरि थुक राखेर नबोल जिमु थुक्के
1013,yogi naraharinath guru jii kailash yatra jada guru jii le yeti dekhnu vayeko ho uha le yo yeti bhanne pustak ma sabai lekhnu vayeko xa,योगी नरहरिनाथ गुरु जी कैलाश यात्रा जाँदा गुरु जीले यति देख्नु भएको हो उहाँले यो यति भन्नेको पुस्तकमा सबै लेख्नु भएको छ
1014,yeti sachii hunxa hola hamro gau tera nii bhajay harulay dekiyou vanxa it real,यति साँचो हुन्छ होला हाम्रो गाउँ तेरा नी भजाय हरुले देखीएको भनिन्छ इट रियल
1015,malai ta lagxa yeti hanuman vagwan ho,मलाई त लाग्छ यति हनुमान भगवान हो
1016,ma sarad neupane from hetauda makawanpur chaughada near hetauda makawanpur chaughada near sub metro politan city,म सरद न्यौपाने फ्रम हेटौंडा मकवानपुर चौघडा नियर हेटौंडा मकवानपुर चौघडा नियर सब मेट्रो पोलिटन सिटी
1017,copied hunxa sabai tara thikai xa,कपीड हुन्छ सबै तर ठीक छ
1018,himalma yeti vayera pani tyoo lop vaisakyoo ava 8500m vanda mathi kasaile khanera research garna sakdaina so garo chh otherwise yeti hiu mai marisakyo lop vaisakyo jasto lagchh,हिमालमा यति भएर पनि त्यो लोप भएको अव ८५००m भन्दा माथि कसैले खानेर रिसर्च गर्न सक्दैन सो गारो छ अन्यथा यति हिउँमा मरीसकेको लोप भएको जस्तो लाग्छ
1019,baan manxe chai hunxa hai,बान मान्छे चैं हुन्छ है
1020,mero sathi thyakkai yeti jastai xa,मेरो साथी त्यक्कै यति जस्तै छ
1091,mula paisa lootnai aayeko hou ta nepali tshirt 140rs maa aauxa,मुला पैसा लुट्नै आएको हो त नेपाली टिशर्ट १४०rs मा आउँछ
1092,muji patrukar 12 bhai muji murra muji,मुजी पत्रुकार १२ भाई मुजी मुर्रा मुजी
1093,abaa maile panii fewa tall katera basti baslna parla,अब मले पनि फेवा टल काटेर बस्ती बस्ना पार्ला
1094,kera ganatantra vandai tshirt banauda danga failako vandai thunlan haitop3 party ka bidwan neta harule,केरा गणतन्त्र भन्दै टिशर्ट बनाउँदा दंगा फैलाएको भन्दै थुनलान हाइटोप3 पार्टीका विद्वान् नेता हरुले
1095,naagdaha vanxa ani feri taudaahaa rey lamo jasto,नागदाहा भन्छ अनि फेरि तौदाहा रे लामो जस्तो
1096,je gare akdum ghatiya kaam gare ati ramro taal lai katera,जे गरे एकदम घटिया काम गरे अत्यन्त राम्रो ताललाई काटेरा
1097,vegyanil yug ma faltu ko hawa kura,वेग्यानिल युगमा फालतु को हवा कुरा
1098,siddhartha gautam yani ki gautam buddha 28th buddha hunuhunxa 7th buddha haian hola,सिद्धार्थ गौतम यानि कि गौतम बुद्ध २८th बुद्ध हुनुहुन्छ ७th बुद्ध हैन होला
1099,hinduism and buddhism taal chai thiyo valley ma tesai le aaja samma kathmandu ko mato malilofertile xa,हिन्दूism र बुद्धism ताल छाइ थियो valley मा तेसैले आजसम्म काठमाडौँको माटो मलिलोfertile छ
1100,video thik xa tarw ads kati haleko kam garnu paryo ads ko kaaran video hernai man lagdaina ids ko,भिडियो ठीक छ तरव् ads कति हालेको काम गर्नु पर्यो ads को कारण भिडियो हेर्नै मन लाग्दैन ids को
1111,halka pronunciation ma dhyan dinu parne dekhiyo bro naksal naksaal taudaha taudaha  many more,हल्का pronunciation मा ध्यान दिनु पर्ने देखियो bro नक्सल नक्साल तौदाहा तौदाहा many more
1112,mailey asti nepali naya movie khel herera thapayeko yo info  tio movie ni dammi thiyo mytho,मैले अस्ति नेपाली नया movie खेल हेरेर थापेको यो info त्यो movie नि दम्मी थियो मिथो
1113,ho ho maile dekheko thye manjushree le dharti chyateko bajra hanera,हो हो मैले देखेको थ्ये मञ्जुश्री ले धरती च्याटेको बज्र हानेर
1114,tyo muji thumbnail hataa bhai natra consequences aren’t gonna be nice,त्यो मुजी thumbnail हट्दा भइ नत्र consequences aren’t gonna be nice
1115,moh tarai region ma basxu rw mero muslim sathi haru ko group ma suneko kura anushar muslim haru ley hindus haru lain manparaudainw,मोह तराई region मा बस्छु र मेरो मुस्लिम साथी हरू को group मा सुनेको कुरा अनुसार मुस्लिम हरू ले हिन्दू हरू लाई मनपराउँदैन
1116,dubidha ko kheti ropera chhodyo keta le,दुबिधा को खेती रोपेर छोड्यो केटा ले
1117,tara manjushree le kateko thau ko prove vako vaye ajhai maja aaunthyo bro,तर मञ्जुश्री ले काटेको ठाउँ को prove भएको भए अझै मजा आउँथ्यो bro
1118,katha hoina hajur mundhum history vannu parla,कथा होइना हजुर मुण्डुम history भन्नु पर्दा
1119,kathmandu ma balen vanda ni dherai kura famous xa culture tradition art building etc tyo ji rakhna sakintheyo,काठमाडौं मा बालेन भन्दा नि धेरै कुरा famous छ culture tradition art building आदि त्यो जी राख्न सकिन्थ्यो
1120,thumbnail tw maal xa tw,thumbnail ति माल छ ति
1121,research pugena hajur taudaha bhanna pani kati garo bhako ho,रिसर्च पुगेन हजुर ताउदा भन्न पनि कति गारो भएको हो  
1122,jasko jot usko pota seema lodge baden6 satheho comnest congres ko dokan 2048 to 2082 kalo den thuka comnest congres gadha max leanen mao ko dokan chalayka dalal desdhroe varstchare geader ko jhund,जसको jot उसको pota सीमा lodge Baden6 साथीहो comnest congres को dokan 2048 to 2082 कालो देन थुका comnest congres गधा max leanen mao को dokan चलाएको दलाल देशध्रोे वर्षचर गेader को झुन्ड  
1123,yjmi haru ko expertise k ho kya jpt,yjmi हरु को expertise क हो क्या jpt  
1124,hawa ghati sukne gari karayeko xa,हावा घाटी sukne gari गरेको छ  
1125,aafule padhera video banaune gara bhai,आफुले पढेर video बनाउने गर भई  
1126,communism indepth ma tw thaha chainw video thikai lagyo sibaye euta,communism in-depth मा tw थाहा छैनव video ठीकै लाग्यो सिबाये एउटा  
1127,communism ley eti number ko manchey marey vanda capitalism ley eti jana marey vanney kura chai kinw aaudainw  tyo chai alik badi nai one sided jasto lagyo malai,communism लेeti number को मान्छे मरे वन्दा capitalism लेeti जना मरे भन्ने कुरा चै किनव आउदैनव त्यो चै अलिक बढी नै one sided जस्तो लाग्यो मलाई  
1128,tmro pani kura bujna sakiyena bro k vanna khojdaixau channel marfat jantalai,tmro पनि कुरा बुझ्न सकिएन bro क भन्न खोज्दैछौ channel मार्फत जन्तलाई  
1129,jhuto prachar garera aafno byapar garirako xa yo mula,झुटो प्रचार गरेर आफ्नो व्यापार गरिरको छ यो mula  
1130,jasle amale congres ani maobadi lai vote dinxan tyo gu khane haru nai hun,जसले अमाले congress अनि maoवादी लाई vote दिन्छन त्यो गु खाने हरा नै हुन
1131,indoooooo europian mcc palttu kukur haru,इनडूउउ यूरोपियन मक्क पल्लतु कुकुर हरु  
1132,ai le rro kaam gareko xa content creater lai,ऐ ले र्रो काम गरेको छ कन्टेन्ट क्रिएटर लाई  
1133,yo kp oli kaile samma ho hamilai dukha dine,यो केपी ओली कहिले सम्म हो हामीलाई दुखा दिने  
1134,commiest ko mtlb kp oli horaa kp oli ko photo rakherr communist bichardara bejjat nagaar yrrrr,कम्यिस्ट को मtlb केपी ओली होरा केपी ओली को फोटो राखेर कम्युनिस्ट बिचारडारा बेज्जत नगार यररर  
1135,nepal ko kamaunist haru sanga tw ek xeu pani mildeina ta yo communist bichar,नेपाल को कम्युनिस्ट हरु संग त् एक छेउ पनि मिल्दैन ता यो कम्युनिस्ट बिचार  
1136,yini haru madarchod muji haru lai goli haanu parx mg haru lai ko ko samati x goli haane maa ma haanxu ini muji haru lao goli,यिनी हरु मादरचोद मुजी हरु लाई गोली हानु पर्ने माघ हरु लाई को को समती एक्स गोली हाने मा मा हान्छु इनि मुजी हरु लाओ गोली  
1137,tali bajaune ra siti bajaune muji masu bhaate haru lai koraaa nahani nepal bandaina bro,तालि बजाउने र सिति बजाउने मुजी माछु भाते हरु लाई कोरा नाहनी नेपाल बन्दैन bro  
1138,chor muji neta haru,चोर मुजी नेता हरु  
1139,kp sere prachande xittai maros nepal ma ani kei hola ki,केपी सेरे प्रचण्ड एक्सिटै मारोस नेपाल मा अनि केहि होला कि  
1140,lichhavikaal ra malla kaal ko baad chaiyo naam thaha vayena,लिचहविकाल र मल्ल काल को बाद चाहियो नाम थाहा भएन
1141,ramro neta chunum ramro visions hos,राम्रो नेता चुन्नु राम्रो भिजनस होस्  
1142,nepal ma maos kam xaina,नेपाल मा माउस कम छैन  
1143,ids ko vdo herda nepal ma k hii garne joss aauxa,IDs को भिडियो हेर्दा नेपाल मा केहि गर्ने जुस्स आउँछ  
1144,yo muji le ta chutiya nai banauchhayo parichaalit chha report haan,यो मुजी ले त चुतिया नै बनाएको छ परिछालित छ रिपोर्ट हान  
1145,galti hamro janata ko naiho kinw ki neta sapana dekhaunw xod dainan ra hami janata sapana dekhnw xod dainau,गल्ती हाम्रो जनता को नै हो किनभने नेता सपना देखाउन वोल्दैनन् र हामी जनता सपना देख्न वोल्दैनौं  
1146,yesto video insta fb ra youtube tira audai garxan manxe comment ma ris pokhdai garxan tara desh banne wala xaina kina bhane janta le kei garera khanewala xaina,यस्तो भिडियो इनस्टाग्राम फेसबुक र यूट्यूब तिर आउदै गर्छ मान्छे कमेन्ट मा रिस पोख्दै गर्छन् तर देश बन्ने वाला छैन किनभने जनता ले केही गरेर खानेलै छैन  
1147,socalism ko pani kun prakar ko bichar theyo yusko tyo ni van,सोशलिज्म को पनि कुन प्रकार को विचार थियो यसको त्यो नै भन  
1148,karl gareb theyo randi ko ban,करल गरेब थियो रंडी को बन  
1149,aauta communist des van nepal vanda garib,एउटा कम्युनिस्ट देश भन नेपाल भन्दा गरिब  
1150,tero yho mis information ko khelaf kuni din kehi garna ni sakxu aaila nai sudre,तेरो यो मिस इनफर्मेशन को खिलाफ कुनै दिन केही गर्न पनि सक्छु अहिले नै सुद्र
1151,beginning nai thik vayena yr sathi,beginning nai thik vayena yr sathi  
1152,chor sala sabai kp dauba parchand anya raja badi vanda ramro ta balen lai mouka dau sabai jana,chor sala sabai kp dauba parchand anya raja badi vanda ramro ta balen lai mouka dau sabai jana  
1153,daju promo code change grnu hos man parena kp10 sudoo ko name ayo,daju promo code change grnu hos man parena kp10 sudoo ko name ayo  
1154,deforestation carbon animal agriculture plastic sabai le nepal lai bistarai binas ko dishama laijadai chha solutions bare kura garnu parchha aba tapai jasto manchhele bolda thulo asar parchha,deforestation carbon animal agriculture plastic sabai le nepal lai bistarai binas ko dishama laijadai chha solutions bare kura garnu parchha aba tapai jasto manchhele bolda thulo asar parchha  
1155,african desh burkino faso ko vibrahim taure  ko barema pani yauta vedio bannai parcha jasto chaaile ko bela nepal le dherai sikne kura cha jasto lagcha,african desh burkino faso ko vibrahim taure ko barema pani yauta vedio bannai parcha jasto chaaile ko bela nepal le dherai sikne kura cha jasto lagcha  
1156,rahat ma aako tent sudha liyera jane haru lai communist bhanne kisan ko choro hu badlao lyauxu bhanera andolan garne chori ko pajero chadne lai communist bhanne,rahat ma aako tent sudha liyera jane haru lai communist bhanne kisan ko choro hu badlao lyauxu bhanera andolan garne chori ko pajero chadne lai communist bhanne  
1157,kati ramro kura garnu vayo without fear,kati ramro kura garnu vayo without fear  
1158,tapai sanga sabai bisyama bolne k gyan xa testo plz manxe lai miss leading garne kam nagarnus  tapailai jun bisaya aauxa tyo bisaya ma mayra video banaunus,tapai sanga sabai bisyama bolne k gyan xa testo plz manxe lai miss leading garne kam nagarnus tapailai jun bisaya aauxa tyo bisaya ma mayra video banaunus  
1159,kp oli desh xord here,kp oli desh xord here  
1160,dai vedas grantha ko barema video banaununa,dai vedas grantha ko barema video banaununa
1161,kp oli gu ho bhane like garam hai,केपी ओली गउ हो भने लाइक गरम है  
1162,muji chor haru brastachar haru paisa khayera morr sabaii jana,मुजी चोर हरु भ्रष्टाचार हरु पैसा खाएर मर्छ सबै जना  
1163,kati paisa paais neta bata uniharu ko tarif garna yo channel pani paisa maa bikyo aja bata unsubscribe gardiye aba herdina yo channel,कितै पैसा पाएको नेताबाट उनीहरु को तारिफ गर्न यो च्यानल पनि पैसा मा बिक्यो आज बाट अनसबसक्राइब गरिदिए अब हेरिदिन यो च्यानल  
1164,sarkar bata poisa aauxhu feri school  hospital  office sabai jana le loot hani halxa,सरकार बाट पैसा आउँछ फेरि स्कूल अस्पताल अफिस सबै जाना ले लुट हानि हुन्छ  
1165,tei vyerw sab jana parxha bidesh tera,तेई वियर सबै जना पढ विदेश टेरा  
1166,didaii dinea hoina birda vatta sab bhanda thulo weakness ho nepal ko yo,दिदै डिनै होइन बिरदा बाटा सबै भन्दा ठूलो कमजोरी हो नेपाल को यो  
1167,bros editing is better than dhruv rathis editing,ब्रोज एडिटिङ इस बेटर देन ध्रुव रथीको एडिटिङ  
1168,nijgadh international airport ab banne vaye  50 yrs vitr ma,निजगढ इन्टरनेशनल एयरपोर्ट अब बन्ने भए ५० बर्ष भित्र मा  
1169,india bata siknu parne ho budget kasari karyanan huncha bhanera,भारत बाट सिक्न पर्ने हो बजेट कसरी कार्यान्वयन हुन्छ भनेर  
1170,photos use chye dami xa,फोटोस् यूज छे दमि छ
1171,saab khani tei chor haru hun,साब खानी तेइ चोर हरु हुन  
1172,jhola ji sidha bujhne gari van nu sabai lai paat ids,झोला जी सिधा बुझ्ने गरी भन्नु सबैलाई पाट इड्स  
1173,1022 kaa garni ho rw kaam feriii,१०२२ का गर्ने हो र्व काम फेरिी  
1174,aru chai hoin hamro thauko lagi ramro bato rw pani lyaide hunthyo barseuni khanxa matra ani barkha ma khola pani le tesai mato tw ho bagaii halx hamro pni gunaso sunde hunthyo buss chadna jani ni 130 hr nai lagx ani ali ramro pul pni banaide hunthyo,अरु चै होइन हाम्रो ठाउँको लागि राम्रो बाटो र्व पनि ल्याइदे हुन्थ्यो बर्षेनी खान्सा मात्र अनि बर्षा मा खोल पानी ले तेस्तै मोटो ट्व हो बगै हल्छ हाम्रो पनि गुनासो सुन्दै हुन्थ्यो बुस चड्न जानी नि १३० hr नै लाग्छ अनि अलि राम्रो पुल पनि बनाइदे हुन्थ्यो  
1175,hamro kanchanpur stith school mahendranagar model secondary school ko byabastapan samiti aadhaxya le afno political power lagayera exam center afu le chaheko thau ma parne ra centre nai kinne gareki xa,हाम्रो कञ्चनपुर स्थित स्कूल महेन्द्रनगर मोडेल सेकन्डरी स्कूल को व्यवस्था समिती अध्यक्ष ले आफ्नो political power लगाएर परीक्षा केन्द्र आफुले चाहेको ठाउँ मा पर्ने र केन्द्र नै किन्ने गरेकी छ  
1176,456 ekdam sahi herdae ris uthxa machikne haru ko anuhar dekhdae,४५६ एकदम सही हेर्दै रिस उठ्छ माछिक्ने हरु को अनुहार देख्दै  
1177,bachelor sakera yei kai garum vaneko taabo bidesh tirai laagnu paro,बैचलर सकेर यैै कै गरुम भन्नु ताबो बिदेश तिरै लाग्नु परो  
1178,nirasa ko kheti garna bahek kei jandainas jhyakne,निरासा को खेती गर्न बाहेक केही जन्डैनस झ्याक्ने  
1179,hahhaha petrol halna masuvat khuwana,हाहाहा पेट्रोल हाल्न मसुवत खुवाना  
1180,yesto neta haru lai falnu parxa chahidain yo khate haru,यस्तो नेता हरु लाई फल्नु पर्दछ चाहिदैन यो खते हरु
1181,754 yo kahile dekhi lagu hunx,७५४ यो कहिले देखि लागु हुनेछ  
1182,muji patrukar 12 bhai muji murra muji,मुजी पत्रुकार १२ भाइ मुजी मुर्रा मुजी  
1183,mw pm baney matra kei hola jasto xa desh,mw pm बने मात्र केही होला जस्तो छ देश  
1184,sudan kiratilai rajinamma mageko pap ho,sudan किराटलाई राजिनामामा मागेको पाप हो  
1185,60 mtlb 40 toh politics wala haru le matra khanxa hola yrr,६० मतलब ४० तो राजनीति वाला हरु ले मात्र खान्छ होला यार्  
1186,jiudai jalaunz parne nasliya tapare butwalma magne saranarthi yo baunko sampatti red hannu paro lute tapare gule hindustani naamko sarkhar,जीवदै जलाउन पर्ने नस्लिया टापरे बुटवलमा माग्ने सर्नार्थी यो बाउको सम्पत्ति रेड हुनुपर् लुटे टापरे गुले हिन्दुस्तानी नामको सरकार  
1187,kp lai tw mardinxu k maila,kp लाई tw मर्दिन्सु k मेल्ला  
1188,yo neta harlai mardim yrr,यो नेता हरलाई मर्दिम यार्  
1189,bikas ko lagi 20 matra waa taali bajauna maan lagyo desh ko bajet dekhera,विकासको लागि २० मात्र वा ताली बजाउन मन लाग्यो देशको बजेट देखेर  
1190,jate budget lyaepani khane vaneko inhrula nai ho janata lai tw jhan mahangi badhai jane ho,जते बजेट ल्येपनि खानै भनिएको इन्रुला नै हो जनता लाई tw झन महंगी बधाई जाने हो
1191,kisanko dukha ko kura nagare kai thik ho aba yestai ho vane sabai le poisa khane hola hai jhole ho,किसंको दुःख को कुरा नगरे भने ठीक हो अब यस्तै हो भने सबैले पैसा खाने होला है झोलै हो  
1192,sabei politician haru ko sampati jhiknu sakiyo vaney,सबै politician हरु को सम्पत्ति झिक्न सकियो भने  
1193,bikash kharcha bato ghato view tower,विकास खर्चा बाट घाटो view tower  
1194,sundama ramro ho bhrastachar hatawne ra kada karbai niti xoi le poila ani bikash hunxa desh  loot ne yini haru nai hun ash xoina,सुन्दामा राम्रो हो भ्रष्टाचार हटाउने र कडा गर्न नीति छ भने पोइल अनि विकास हुन्छ देश लुट्ने यी हरु नै हुन् आश छैन  
1195,vatuwa haru lai hamle nai palna parne khana napako vikari haru thu thu cha neta haru lai taw,वटुवा हरु लाई हामीले नै पाल्न पर्ने खाना नपाको विकारी हरु थुत थुत छ नेता हरु लाई टाउ  
1196,omg yetro budget garib desh ta haina raixa ni,ओएमजी यत्रो budget गरिब देश त होइन रैछ नि  
1197,desh ko dushman nai sarkar raixa aafu pani kai na garni aaru lai pani kai garna nadeney,देश को दुश्मन नै सरकार रैछ आफु पनि केही न गर्ने अरु लाई पनि केही गर्न नदिने  
1198,ajhae pani kp oli ajhae pani prachanday ajhae pani sayray sapae 1 no ko chor dallalmardaena pani,अझै पनि kp ओली अझै पनि प्रचण्डै अझै पनि सायरे सबै 1 न को चोर दल्लालमर्दैना पनि  
1199,muji kaelay pani chitta nabujnay vo yo neta mantri muji chor haru ko anuhar daykho ki din bigrinxa,मुजी कहिले पनि चित्त नबुझ्ने भो यो नेता मन्त्री मुजी चोर हरु को अनुहार देख्यो कि दिन बिग्रिन्छ  
1200,labour haruko salary badhauxa ki badhaudaina,मजदुर हरुको salary बढाउँछा कि बढाउदैन
1201,muji kei garna sakdinas andolan garna machikine,मुजी केइ गर्न सक्दिनस् आन्दोलन गर्न माचिकिने  
1202,12 paxi kun desh jada thik hola,१२ पछि कुन देश जादा ठीक होला  
1203,loan lini aani randi ka ban haru lai palni hola aasavya na bolum vanxu kata bata kata bata aai halxa,loan लिनि अनि रंडी का बन हरु लाई पल्न होला आशाव्य न बोलुम वान्छु कताबाट कताबाट आइ हुन्छ  
1204,bikash garnu xena jhole haru budget haru kayo afno manxe lai deyo,विकास गर्नु छैन झोलें हरु बजेट हरु कयौ आफ्नो मान्छे लाई दिएओ  
1205,yai vayera raja aawna jarurixaa,यै भएर राजा आउन जरुरी छा  
1206,video start garnu agadi past budget k kati utilize vyo k ma kati gayo tyo pani compare garda hunne thiyo ki harak barsa budget size matraii badxa k kaam pani hunxa tah,भिडियो स्टार्ट गर्नु अघि पास्ट बजेट कति युटिलाइज भयो क मति गयो त्यो पनि कम्पेयर गर्दा हुने थियो कि हरक बर्षा बजेट साइज मात्रै बढ्छ क काम पनि हुन्छ ताह  
1207,sunda ta nepal mai bsna parcha jhai lagcha ta hoo,सुन्दा त नेपाल मा बस्न पर्छ जस्तै लाग्छ ता हो  
1208,dai malai hjr ko video dherai man parax,दाइ मलाई हजर को भिडियो धेरै मन परन्छ  
1209,hait rajata linai parxa holaa 67 khayerai sakaauxa bhane bikas kun paisale garneho,हैट राजत लिनै पर्छ होला ६७ खयरै सकाउछ बाने विकास कुन पैसाले गर्नेहो  
1210,military mah kharcha garnuu xoreraaa,मिलिटरी माघ खर्चा गर्नु छोरैरा
1211,aru desh bikash ma kharcha garcha hamro deshko bharastachari sarkar afu ra afno karyekarta bharaute palnalai tyo pani rin liyera wah,अरु देश विकास मा खर्च गर्छ हाम्रो देशको भ्रष्टाचारि सरकार आफु र आफ्नो कार्यकर्ता भरौटे पलनलाई त्यो पनि ऋण लिएर वाह  
1212,1 hapta ma badi bhayo ajhai ni,१ हप्ता मा बढी भयो अझै नि  
1213,saroj bro chai makkha hunuhuncha hola duita video ma lagataar naam ayo ta,सरोज ब्रो चै मक्कह हुनहुन्छ होला दुईटा भिडियो मा लगातार नाम आयो ता  
1214,aja voli kada kada video aauxa kina ho yasto,आज वोलि कदा कदा भिडियो आउँछ किन हो यस्तो  
1215,harka sampang au des bachau,हर्का सम्पङ्ग औं देश बचाउ  
1216,nepalma pani kera ganatantra rahe6,नेपालमा पनि केरा गणतन्त्र रहे6  
1217,ajhai estai janachetana mulak video haru haldai janus kunai din ta aakha kholiyela hamro,अझै यस्तो जनचेतना मुलक भिडियोहरु haldai janus kunai din ta aakha kholiyela hamro  
1218,kp mg namare snma yo desh kei hundaina,kp mg नामरे snma यो देश केहि हुँदैन  
1219,system le chak magne nepali youth chak thapne,सिस्टम ले चक माग्ने नेपाली युथ चक थप्ने  
1220,k raa khauu npli haruu american joan kaha janu xa jauu kohii garib rin bokerw belchaaa hanna jauuu muj xa muji npli haruu,क रा खाऊ नपाली हरू अमेरिकन जोन कहाँ जानु छ जाउ कोही गरिब ऋण बोकरेव बेलचा हन्ना जाउ मुझ छ मुझी नपाली हरू
1221,nepal ma berojgar derai xa,नेपाल मा बेरोजगार धेरै छ  
1222,derai le dukha pako xan,धेरै ले दुख पाएको छान  
1223,katti ko kk aasha xa,कट्टी को केके आशा छ  
1224,yesto gambir xa ki janta le aasha garna bahek kehi sakdaina,यस्तो गम्भीर छ कि जनता ले आशा गर्न बाहेक केही सक्दैन  
1225,bich ma janta nai pelinxa tarw sabai afnai afnai dimag le,बीच मा जनता नै पेलिन्छ तर सबै आफ्नै आफ्नै दिमाग ले  
1226,prachanda vanne jantu desh ko kulangaar aatangkari desh ghaati ho,प्रचण्ड भन्ने जन्तु देश को कुलङ्गार आन्तङ्कारी देश घाटी हो  
1227,17 thousand manxe marera layeko gadatantra 17 years ma janxa,१७ हजार मानिस मारेको गडतन्त्र १७ वर्ष मा जान्छ  
1228,saranarthi hindu saha ra cacasian bideshi tapare janaidhari birrudha hathiyaar last option,शरणार्थी हिन्दू सह र चकासियन विदेशी टपरे जनाैधारी बिरुद्ध हथियार लास्ट अप्सन  
1229,khaate bhikhari jasto behora dekhauchha yo youtubey nepali ko frustration lai cash gardai chha jhige paat tero bau lai gayera dekha jaatho tero,खाटे भिखारी जस्तो बिहोर देखाउँछ यो यूट्यूब नेपाली को फ्रस्ट्रेशन लाई क्यास गरदै छ झिगेpaat तेरो बाउ लाई गएर देख जा त्यो तेरो  
1230,23 month parkhi ta pani thegaan laagchhas,२३ महिना पर्खि त पनि थिएगान लाग्छछ
1231,kp  sherbahardur ra prachandey chaidaina rajtantra pani aaidaina bangladesh kei jastai naya rup liney xa feri,केपी शेरबहादुर रा प्रचण्डे छैनन् राजतन्त्र पनि आइदैन Bangladesh को जस्तै नयाँ रुप लाइनै छ फेरि  
1232,nepali haru geda vaisakyo aafai sochnus durga parsai hindu ra raja leunu parxa vandai lead gardai xa aaba vanu kp oli ko barema bolnu paidaina vanxau hami aafai nepali tyo ni ho raja aayesi bolnu pauxa sochya xa kasaile jun raja hatauda tetro marey aaba k feri raja ko aadhin ma huda k garxau durga parsai ni yeuta party kei chor ho je nai vana guys nepal ma hindu christian muslim aethist buddhist hareyk vasa jaat ra dharma ka xaan yestai ho vane hindu bahyek saab lai raja le thikana laune kura garxau ta k aaru nepali nepali haina yestai para ho vane bangladesh ko jasto halat nepal le ferinxa na raja aauxa na ta kp oli sherbahadur prachandey desh nikala garinxa bhrasta char party ko manxey haru lai nikalin xa ra balen harkasampang rai ra kulman ghising jasta beykti lai rakhinxa freedom of speech and human rights na sarkar le rokinxa na raja le bichar garau jay nepal,नेपालीहरू गेदा भइसकेका आफ्नै सोच्नु दुरगापर्साई हिन्दु र राजा लेउ्नु पर्दा भन्दै लीड गरिरहेका छन् अब बोल्नु पर्छ भन्ने लाग्छ हामी आफ्नै नेपाली त्यो नि हो राजा आएसी बोल्न पाउँछ सोचेका छन् कसैले जुन राजा हटाउदा तेत्रो मरे याबा के फेरि राजा को अधीन मा हुँदा के गर्छौं दुरगापर्साई नि एउटा पार्टी को चोर हो जे नै भन्ने guys Nepal मा हिन्दु क्रिश्चियन मुस्लिम एथिस्ट बौद्ध धर्मका छन् यस्तै हो भने हिन्दु बहेक सबैलाई राजा ले ठिकाना लगाउने कुरा गर्छौं त के अरु नेपाली नेपाली होइन यस्तै पर हो भने Bangladesh को जस्तो हालत नेपाल ले फेरिन्छ न राजा आउँछ न त KP ओली शेरबहादुर प्रचण्डे देश निकाल गर्छ ब्रस्टाचार पार्टी का मानिसहरूलाई निकालिन छ र बलें हर्कसाम्पाङ राई र कुलमान घिसिङ जस्ता व्यक्तिहरूलाई राखिन्छ फ्रीडम अफ स्पीच एन्ड ह्युमन राइट्स न सरकार ले रोक्छ न राजा ले विचार गरौं जय नेपाल  
1233,kera khaunu parne neta harlai,केरा खानु पर्ने नेता हरलाई  
1234,hamro des ma chau sab byapari ma dalal matra vaye natra tw dukha gare yaha dheria kura xa,हाम्रो देश मा चाहु सबै व्यापारी मा दलाल मात्र भए नभए त दुःख गरे यहाँ धेरै कुरा छ  
1235,gada tantra ko yesto xa halat tei pani yeskai support garne haru dekhera aachamma lagxa yeneharu manxenai hun vnerasacchhi nai nepali haru ta vedajholeysatile sarapekai janta ra desh ho,गदा तन्त्र को यस्तो छ हालत तेई पनि यसकै सपोर्ट गर्नेहरू देखेर अहिले लाग्छ यिनहरू मान्छेनै हुन् भन्ने सोच्छु नै नेपालीहरू त वेदाजोल्यसटिले सरपेकै जनता र देश हो  
1236,nepal ko daka neta haru le chinausa ani main india ko private kera khaye kai hunn,नेपाल को डाका नेता हरू ले चिनउँस अनि मेन इंडिया को प्राइभेट केरा खाए कै हुने  
1237,ajj chi like gardi hai maile,आज ची लाइक गरि है मैले  
1238,dai tax nadium sala chor lai gamdu hun,दाई टैक्स नडियम साला चोरलाई गामडु हुन  
1239,maile slc diyeko 2059 b s ho  raja huda kheri ko nepal ra gantantra ko nepal duwai bhog garne mauka paye,मैले एसएलसी दिएको २०५९ बि एस हो राजा हुँदा क्यारी को नेपाल र गणतन्त्र को नेपाल दुइवटा भोग गर्ने मौका पाए  
1240,please marnu bhnda aghadi desh banau budo haru yesto bujne buda haru vayerw k gareko desh lai gali garda hudaina rambro kura garam budo haru ko barema katai rambro garxan ki last option,प्लीज मरनु भन्दा अघि देश बनाउ बूढाहरू यस्तो बुझ्ने बूढाहरू भएरव के गरेको देशलाई गाली गर्दा हुन्न राम्रै कुरा गरम बूढाहरूको बारेमा कतै राम्रै गर्छन् कि लास्ट ऑप्सन
1241,desh rin rin ma dubisakyo hitler sasan bho abba janta ko ankha kholisakyo abba raja aucha young generation aucha desh bikas huncha auni pida ko future ramro huncha jai nepal jai pashupatinath,देश रिन रिन मा डुबिसक्यो हिटलर शासन भो अब्बा जनता को आँखा खोलिसक्यो अब्बा राजा आउँछा यंग जेनेरेसन आउँछा देश विकास हुन्छ आउनी पीडा को फ्युचर राम्रो हुन्छ जय नेपाल जय पशुपतिनाथ  
1242,paila ko manxey napadeko vhayera rah kaii nabujheko ho but kura dheraii xa,पहिले को मान्छे नपडेको भएर राह कैई नबुझेको हो बट कुरा धेरै छ  
1243,nepal le janata export garxataw kera ganarantra,नेपाल ले जनता एक्सपोर्ट गर्छाटाव केरा गणराज्य  
1244,tyo aunty ko kura sunda khusi lagxa kohi xan yeha aawaz uthaune thats great,त्यो आंटी को कुरा सुन्दा खुशी लाग्छ कोही छन् यहाँ आवाज उठाउने थ्याट्स ग्रेट  
1245,desh lutuwa haru le sakisky desh,देश लुटुवा हरु ले सकिस्क्य देश  
1246,aaile khadi ma xan nara julus lagaune,अहिले खाडी मा छन् नारा जुलुस लगाउने  
1247,kera rajtantra ni vanna jatha rajtantra le xai kai garxa jasto muji,केरा राजतन्त्र नि भन्न जता राजतन्त्र ले छै किन गर्छ जस्तो मुजी  
1248,import gareko kera jati sabai layra kp ko mukh banda gardinu parna,इम्पोर्ट गरेको केरा जति सबै ल्याएर KP को मुख बन्द गर्नुपर्छ  
1249,kp chor sojo janta lai vaidaunu khojxa,KP चोर सोझो जनता लाई वाइदाउन् खोज्छ  
1250,aafai sarkar ma xan aafai aandoaln garxan,आफै सरकार मा छन् आफै आँधोलन गर्छन
1251,bideshi dalal ganatatra murdabad,विदेशी दलाल गणतन्त्र मर्दाबाद  
1252,ajhai kera khana pugeko chaina jholey haru lai  hats off ids,अझै केरा खान पुगेको छैन झोलेहरु लाई ह्याट्स अफ आईड्स  
1253,ekdam ramro video ekdm man paryo,एकदम राम्रो भिडियो एकदम मन पर्यो  
1254,nepali janata lai chahiyeko nai kera gadatantra honita injoy,नेपाली जनता लाई चाहिएको नै केरा गडतन्त्र honita enjoy  
1255,repost ho ra asthi ni herya jasto lagyo ki deja vu vayo,repost हो र अस्ति नि हेरे जस्तो लाग्यो कि deja vu भयो  
1256,hamro raja hamro desh pran vanda pyreo chha jay hindurasrtra nepal,हाम्रो राजा हाम्रो देश प्राण भन्दा प्यारो छ जय हिन्दुस्तान नेपाल  
1257,kp chor desh chod,केपी चोर देश छोड  
1258,yo kp sala kaile morxa hola,यो केपी साला कहिले मर्छ होला  
1259,nepali janta le ganatantra vanneko k bujhna aajha 50 barsa lagxa hola,नेपाली जनता ले गणतन्त्र भन्नेको के बुझ्न अझै ५० बर्ष लाग्छ होला  
1260,yo namarda samma bandaina bhrast kp oli,यो नामर्द सम्मा बन्दैन भ्रष्ट केपी ओली
1261,kera matra haina ful samet bahira bata bhitrincha,केरा मात्र होइन फूल समेत बाहिरबाट भित्रिन्छ  
1262,himmat xa vane pura commend padha,हिम्मत छ भने पुरा कमेन्ट पढा  
1263,brain wash  yo kura viwer lw bujhanu parxa,brain wash यो कुरा viewer ले बुझ्नु पर्नेछ  
1264,nispakxa hunu parxa channe bujeu,निष्पक्ष हुनु पर्नेछ चाँने बुझु  
1265,yaha vaneko kura haru sab sahi xa tara nepal lai sachha bektiko jaruri xa jo bharstachar ra nepal ko hitma kam garos,यहाँ भनेको कुरा हरु सबै सही छ तर नेपाल लाई सच्चा व्यक्तिको जरुरी छ जो भ्रष्टाचार र नेपाल को हितमा कम गरोस  
1266,nerth koriya ko jasto man marjile jantama sasan garos,नर्थ गरेको जस्तो मन मार्जिले जान्तामा सासन गरोस  
1267,rajako paloma mareko manxey hrko ginti chai xa,राजाको पलोमा मरेको मानिस हर्को गिन्ती चै छ  
1268,heraa india ko khel maa nepali janta lai murga banako ye desh drohi haru bata,हेर्न भारत को खेल मा नेपाली जनता लाई मुरगा बनाएको ये देश द्रोही हरु बाट  
1269,jitaune bela sab jana le vote diyera jitauxa ani ahiley raja aau desh banau re raja aafaile xora taha garna sakya xaina k desh chalaula tesaile nepal ko janta lai bheda janta vando raixa maile buje,जिताउने बेला सबै जना ले vote दिएर जिताउछा अनि अहिले राजा आउ देश बनाउ रे राजा आफैले छोरा ताहा गर्न सक्या छैन कि देश चलाउला त्यसैले नेपाल को जनता लाई भेद जता वन्दो रहेको मैले बुझें  
1270,gulai jasto vaisakyo hamro desh nepal yo politics le garda,गुलाइ जस्तो वाइसकेको हाम्रो देश नेपाल यो politics ले गर्दा
1271,auta presna aayo man mak hajur haru ma koile vote garnu hunexa yi neta lai athawa aafu ladne hunuhunxa arko chunav ma  chunav ko lagi rokne bhandha naya chunav ko isthiti balauna mildhaina ra,auta presna आयो मन माक हजुरहरू मा कोइले vote गर्नु हुँदैन यि नेता लाई अथवा आफु लड्ने हुनुभएको अरको चुनाव मा चुनाव को लागि रोक्ने भनदा नयाँ चुनाव को स्थिति बलाउन मिल्दैन र
1272,raja aayani k hola rw yesta veda jasta janta vako country ma,राजा आइयानी के होला rw यस्ता वेदा जस्ता जनता भएको कन्क्री मा
1273,mauritius ra sikkim lai kasari indian haru le kabjaye aba nepal lai k garna lageko analysis banayera video banaunu,माउरिटियस र सिक्किम लाई कसरी Indian हरुले कब्जायो अब नेपाल लाई के गर्न लागेको analysis बनाएर video बनाउनु
1274,ahile kera khadai xa hami nepali haru raja falera maha raja pali raxam,अहिले केरा खडा छ हामी नेपालीहरू राजा फलाएर महा राजा पलि राखम
1275,party ko jhanda bokni jholay haruko mann dukhla bhai,पार्टी को झण्डा बोकिनी झोलाय हरुको मन दुख्ला भाइ
1276,gantantra kayam rakhnu parxha tara tee buda harulai satta bata hatai yuba pustale satta chalaunu parxha q,गणतन्त्र कायम राख्नु पर्दछ तर टी बुडा हरुलाई सत्ता बाट हटाई युवा पुस्ताले सत्ता चलाउनु पर्दछ क्यू
1277,kera ganatantraa kathai mero deshh,केरा गणतन्त्र कताै मेरो देश
1278,lazz pachai sakeka neta ra guff pachauney janta nai banana republic ho yo nepal ma afu lai naparey samma kosai le kei boldaina chor neta ko din janti suru garnu parcha sabai milyera,लाज पछाई सकेका नेता र गफ पचाउने जनता नै बनाउने रिपब्लिक हो यो नेपाल मा आफु लाई नपरेसम्म कोसै ले केही बोल्दैन चोर नेता को दिन जनता सुरु गर्नुपर्छ सबै मिलिएरा
1279,naya subject napaera puranai modified hani raxauhait,नयाँ सब्जेक्ट नपाएर पुरानै modified हानि राखाउहैत
1280,tapai le ekdam ramro video banaunu bhayo,तपाई ले एकदम राम्रो video बनाउनु भयो
1281,ekdam sahi kura garnubho,एकदम सही कुरा गर्नुभो  
1282,kam gardaina rahicha yaha democracy,काम गर्दैन र रहिछ यो democracy  
1283,ek thopa backuo ra infrastrycture ra guidelines chaina,एक थोपो backuo र infrastrycture र guidelines छैन  
1284,ra yaha america ko system lagauna khojdai tapailai rajabadi bhanchann,र यहाँ america को system लगाउन खोज्दै तपाईलाई rajabadi भन्छन्  
1285,k pais nepali kera lado vayo,के पैसा नेपाली केरा लाडो भयो  
1286,muji khate chappal ra shirt lagako gau ko pakhe haru le khe dekheko thiyenan aile prado car ktm ma flat ghar bank balance muji pakh timi haru laiava jata bata ayeko ho tei pugxan sabai sampati sarkari karan garne xau ava,मुजी खाता चप्पल र shirt लगाए को gau को पाखे हरु ले खे देखेको थिएन अहिले prado car ktm मा flat घर bank balance मुजी पाख तिमी हरु लाईवा जता बाट आएको हो तेइ pugxan सबै सम्पति सरकारी कारण गर्ने छु अवा  
1287,gu khanus baje haru,गु खानुस बाजेहरु  
1288,aajai party ko jhanda bokna le chai k khanxan hola ke vatta nai aauxa ke,अझै party को झण्डा बोकिन ले चै के खान्छन होला के वट्टै नै आउँछ के  
1289,balaju audhogig chhetra bhitra sabai indian company haru le kabja gareko xa business,बालाजु उद्योगिक क्षेत्र भित्र सबै indian company हरु ले कब्जा गरेको छ business  
1290,yadi tapai yaha hunuhunxa vane comment ma kehi lekhera janus tele garda yo video dherai byakti samma pugos jainepal,यदि तपाई यहाँ हुनुहुन्छ भने comment मा केही लेखेर जानुस tele गर्दा यो video धेरै व्यक्ति सम्म पुगोस जैननेपाल
1291,hamlai ramro neta chaeyako x aba atti vayo aba purana due choti vhnda badi sansad banna nadau hami,हामीलाई राम्रो नेता छैएको छ अब अत्ति भयो अब पुराना दुई पटक भन्दा बढी संसद बन्न नदाउ हामी  
1292,kul bahadur gurungko kukarma dr jag man gurungle ultyauna saklan,कुल बहादुर गुरुङको कुकर्ममा डा. जग मान गुरुङले उल्ट्याउन सक्लान  
1293,dai ma ta bujne manchhe hola tara nabujne manchhe le hajurle garekonkaam kasari bujne sabbai social media tera hajur sanga kura garna nai mildena,दाइ मा त बुझ्ने मान्छे होला तर नबुझ्ने मान्छे ले हजुरले गरेकोकाम कसरी बुझ्ने सबै सोशल मिडिया टेरा हजुर संग कुरा गर्न नै मिल्दैन  
1294,aba nepal ko kaile comeback hunxa jastai lagdaina malai tw desh khali vaisakyo bidesh aka hari farkina chahannan aba,अब नेपाल को कहिले comeback हुन्छ जस्तै लाग्दैन मलाई tw देश खाली भइसकेको बिदेश aka हरी फर्किन चाहन्न अब  
1295,veda janta haru le garda nai yo awasta ahile nepal ra nepal ko maan samaan sabai dhulo ma misisakyo,वेदा जनता हरु ले गर्दा नै यो अवस्था अहिले नेपाल र नेपाल को मान समान सबै धुलो मा मिसिएको  
1296,dusta bhrastachari bideshka dalalharu,दुष्ट भ्रष्टाचारी बिदेशका दलालहरु  
1297,kera vannu hudaina apman hunx kera ko,केरा भन्नु हुन्नै अपमान हुन्छ केरा को  
1298,ladooo gantantra vanera post gre,लड्डू गणतन्त्र भनेर पोस्ट गरे  
1299,aru kai haina matra kera nepali janata hun,अरु केही होइन मात्र केरा नेपाली जनता हुन्  
1300,yo chaada neta haru lai ta … khaalto baneyara ekkai chihaaan purna parne ho,यो चाडा नेता हरु लाई त … खाल्टो बनेर एकैचोटी छिहान पुर्‍ण गर्न हो
1301,sir gantantra ma neta naramro ho aba jaat rw mashu ko vote dini pani janta nei ho manchey lai sacheyt garni ko thau ma bhatkauni kaam na garnuss wait grdei jannus hajur jastei dherei youtubers haru ko one side love dekhi raheko chu gantantra ma baseko bahun baad haru lai hataunu parcha balla desh le pargati garcha rajtantra liuni ani hindustan ko hindu rastra bnauni hajur haru ko mission ho ramro sanga tha huncha aali sacheyt garni video bnaunuss,सिरgantान्त्रमा नेता नराम्रो हो अब जात र्व मशु को वोट दिनी पनि जनता नै हो मान्छेले साचेत गर्ने को ठाउँमा भट्काउने काम न गर्नुस् वेट गरदी जान्नुस् हजुर जस्तै धेरै यूट्यूबर्स हरु को one side love देखि रहेको छु गन्तन्त्रमा बसेको बहुन बाद हरु लाई हटाउनु पर्छ बल्ला देश ले परिवर्तन गर्छ राजतन्त्र लिनु अनि हिन्दुस्तान को हिन्दु राष्ट्र बनाउने हजुर हरु को मिशन हो राम्रो संग थाहा हुन्छ आउँछ साचेत गर्ने भिडियो बनाउन्नुस्।
1302,kera gantantra tw vannu vayo tara vanna chahi k khojeko ho tyo aali one side vayo rajtantra ma k k vyo ek choti tesko video pani banaunuss neta haru thik chaina maw mtra haina dherei manchey haru agree chan tara yo desh koley chalayeko ek mtra jaat le chalayeko thiyo rw chalayeko cha dherei jaat ko abasta ajei pani rajtantra ko paalo ko jasto cha gantantra le diyeko sambidaan le garda mtra adikaar ko lagi bolnu baato gantantra le diyeko cha rajtantra kasto thiyo k k hunthiyo tesko gyaan pani bardnuss dalit ko kasto abasta thiyo aru jaat ko kasto abasta thiyo rw bahun haru kati mjaa le aru mathi atyachar garthiyen vanni ni aali video ma dikhaunuss hajur ko video rajtantra lai nei support gareko cha ramro sanga tha huncha,केरा गन्तन्त्र ट्व वन्नु भयो तर वन्ना चाहि के खोजेको हो त्यो आउली one side भयो राजतन्त्र मा के के भयो एक चोटि उसको भिडियो पनि बनाउन्नुस् नेता हरु ठीक छैन म मत्र होइन धेरै मान्छेहरु एग्री छान तर यो देश कोले चलाएको एक मत्र जात ले चलाएको थियो र्व चलाएको छ धेरै जात को अवस्था अझै पनि राजतन्त्र को पालो को जस्तो छ गन्तन्त्र ले दिएको सम्भिधान ले गर्दा मत्र अधिकार को लागि बोल्नु बाटो गन्तन्त्र ले दिएको छ राजतन्त्र कस्तो थियो के के हुन्थ्यो उसको ज्ञान पनि बढ्नुस दलित को कस्तो अवस्था थियो यो अरु जात को कस्तो अवस्था थियो र्व बहुन हरु कित्ता म्जा ले अरु माथि अत्याचार गरिथ्येन भन्ने नि आउली भिडियो मा देखाउन्नुस् हजुर को भिडियो राजतन्त्र लाई नै समर्थन गरेको छ राम्रो संग थाहा हुन्छ।
1303,happy kera gadatantra aaja sabbailai,ह्याप्पी केरा गडतन्त्र आज सबैलाई।
1304,kp chor desh xod,KP चोर देश खोड।
1305,jaya desh jaya raajsastha,जय देश जय राजसत्ता।
1306,tei kera lekhna pako xa yo admin le garatantra aayera mc kei navako hoina hami jasto manxe change navayera ho paila aafu bata change lera aauna parxa,त्यो केरा लेख्न पाएको छ यो एडमिन ले गन्तन्त्र आएर मसी कुनै न्वाको होइन हामी जस्तो मान्छे चेंज न्वाएर हो पहिले आफु बाट चेंज ल्याएर आउनु पर्छ।
1307,k garnu nepal sanga resources haru chan garyo bhane tara utilize nagarya pachi lapsi nepal matra payine chiz india kinara ropera ultai hamlai bechiracha k bhanu,के गर्न नेपाल संग रिसोर्सेस हरु छन् गर्यो भने तर उपयोग नगरेपछि लाप्सी नेपाल मात्र पाइने चिज इंडिया किनारा रोरपेरा उल्टै हामीलाई बेचिराछ के भनु।
1308,paila neta sitw ani aile raja sitw aas rakhaxa ani tyo aas haru pura hunna ani feri raja ko kam xaina hami lai neta nai chaiyo vanxan,पहिले नेता सित्व अनि अहिले राजा सित्व आश राख्छ अनि त्यो आश हरु पूरा हुन्छ अनि फेरि राजा को काम छैन हामीलाई नेता नै चाहियो भन्छन्।
1309,na raja ko kam nai man parxa na neta ko manxey haru aafu le ke na garne ani afno kura haru afno aas haru pura na huda raja chaiyan neta chaiyan,न राजा को काम नै मन पर्छ न नेता को मान्छेहरु आफुले के न गरने अनि आफ्ना कुरा हरु आफ्नै आश हरु पूरा न हुँदा राजा चाहिन्छ नेता चाहिन्छ।
1310,aba sabai jana raja neta bannu parxa ani nepal ramro hunxa,अब सबै जना राजा नेता बन्नु पर्छ अनि नेपाल राम्रो हुन्छ।
1311,hame nepali janta ki yi lado jholeko ki tyo muji samanta rajtantra ko gulam bahek kei huna sakenam dhikar xa desh lai suruwat aafai bata garnu parxa yestaioo nai huni vaye raja lyayesi ni kei hudaina aaru ko pakxe ma vanda ni janta vayera sochni ki sabai janta 2 badi ma divide hunu vanda yi neta lai falerar chirera mardini machickney randio ko xoro haru lai ani balen lai launi hamlai bikas chaiyeko xa bus bikash mero kura kasto lagxa please comment gardinu jay nepal,हामी नेपाली जनता कि यी लडो झोलेको कि त्यो मुजी समानता राजतन्त्र को गुलाम बाहेक केही हुन सकेनम अधिकार छ देश लाई सुरुबाट आफै बाट गर्नुपर्छ यस्तैओं नै हुने राजा ल्याएसी नि केही हुन्ना अर्को को पक्ष मा भन्दा नि जनता भएर सोच्न कि सबै जनता २ बडी मा डिभाइड हुनु भन्दा यी नेता लाई फलरर चिरेरा मर्दिनी माछिक्ने रन्डियो को खोरो हरु लाई अनि बलें लाई ल्याउनी हामीलाई विकास चाहिएको छ बस विकास मेरो कुरा कस्तो लाग्छ कृपया कमेन्ट गर्नु जय नेपाल
1312,raza jholey khateya tauke haru side lag,राजा झोलें खटिया टाउके हरु साइड लाग
1313,kera hoina geda gadatantra ho yo,केरा होइन गेडा गडतन्त्र हो यो
1314,kp chor desh xod,kp चोर देश खोड
1315,1316 kp oli randiko ban ho muji abo chup basnu hudaen desh ko pm vayar yasto speech dina tapae hamiko pm hunu hun,१३१६ kp ओली रन्डिको बन हो मुजी आब chup बस्नु हुडैन देश को pm भयर यस्तो speech दिना तपाई हामीको pm हुनुहुन्छ
1316,juydai manxe polna so called htler neta lai rihai bhayo,ज्यूदै मानिस पोल्न सो कल्ड हिटलर नेता लाई रहै भयो
1317,hya mula cmnt garne haru sabai bheda haru hoo yo haru le nai vote dincha yo taukeharu lai,ह्या मुला कमेन्ट गर्ने हरु सबै भेद हरु हो यो हरु ले नै वोट दिन्छ यो टाउकेहरु लाई
1318,tapai pani parchanda le gardai nai khula tarika le bolna paunu vako ho sir,तपाई पनि पार्छन्दा ले गरदै नै खुला तरीका ले बोल्न पाउनु भएको हो सर
1319,17000 marerw aayeko ganatantra 17 barsha chalayo mean hernney ho vanney on an average pratek barsha 1000 mareko jasto xa but ganatantra aai sakey paxi hernney ho vanney partek barsha 56k mari raheko xan yehi fohori sasan bebastha ka karan so paribartan aabasekh xa,१७००० मारेरव आएको गणतन्त्र १७ बर्ष चलायो मीन हेर्न्ने हो भन्ने अन एभरेज प्रत्येक बर्ष १००० मारेको जस्तो छ तर गणतन्त्र आइ सके पछि हेर्न्ने हो भन्ने प्रत्येक बर्ष ५६के मारी रहेको छ यहि फोहोरि सासन बेवस्था का कारण सो परिवर्तन आबश्यक छ
1320,ho ho je bechda faida hunxa teskai byapar garnu parxa  good business janta ta veda nai xan jo koi le ni luta tarika farak parera,हो हो जे बेच्दा फाइदा हुन्छ तेसकै व्यापार गर्नुपर्छ good business जनता त वेसा नै छान जो कोइ ले नि लुटा तरीका फरक परेरा
1321,hamro raja hamro desh pran vanda pyro xa,हाम्रो राजा हाम्रो देश प्राण भन्दा प्यारो छ  
1322,video herera runa maan lagyo,भिडियो हेरेर रुन मन लाग्यो  
1323,kera garatantra ko asal nagrik hunu vayeko ma subhakamana,केरा गणतन्त्रको असल नागरिक हुनु भएकोमा शुभकामना  
1324,estai chal dai gayo bhane kera no 1 hun cha hola,यस्तो चल दाई गयो भने केरा no 1 हुन सक्छ होला  
1325,ganatantre le nepal ra nepali ko hasiyet sidhyayo ganatantre nepal ra nepali lagii huge scam hosaab lai lakhetau,गणतन्त्रले नेपाल र नेपालीको हस्यत सिद्ध्यायो गणतन्त्र नेपाल र नेपाली लागि huge scam होसाबलाई लेखेटाउ  
1326,truth ho hami le khana kera india batw ayoxa,ट्रुथ हो हामीले खान केरा India बाट आएको  
1327,oe yo muji sher bahadur le pani churot chuscha,ओए यो मुजी शेर बहादुरले पनि चुरोट चुस्छ  
1328,daitshirt mahango vayoatleast 400500 ma gardinu vayo vaney jhan dheraia manxey le lagauxan 1200 ta mahango vayo daiespecially students haru lai ekdam mahango vayo,डाइटशर्ट महँगो भयो at least 400500 मा गर्नु भयो भने जति धेरै मानिसले लगाउँछन् 1200 त महँगो भयो डाइए especially students हरु लागि एकदम महँगो भयो  
1329,tetro yuwa haru niryat garxa tw nepal ly,तेत्रो युवा हरु निर्यात गर्छ त त नेपाल ल्य  
1330,yo video ta alik mahina agadi nai halnu vayeko thiyo hoinara,यो भिडियो त अलिक महिना अगाडि नै हल्नु भएको थियो होइनरा
1331,j vayeni kera vannu chai hunna thiyo ki sir,ज वायेनि केरा भन्नु चाहि हुन सक्दैन थियो कि sir  
1332,nepali ko lagi garba garna layek kura 1816ad paxi keii xaina,नेपाली को लागि गर्व गर्न लायक कुरा १८१६ad पछि केही छैन  
1333,thuka muji last maa business nai garne hai nepali tshirt 120rs maa banxa bhotebal maa ani tesma print gaar 25rs kati vayo laura thageko 999re aajai yesto gar wusto gaar discount jo aauxa janta lai nai thagxa,थुक मुइजी लास्ट मा business नै गर्ने हो नेपाली tshirt 120rs मा बन्छ भोटेबाल मा अनि त्यसमा print गर २५rs कति भयो लाउरा थगेको ९९९रे आजै यस्तो गर वस्तो गर discount जो आउँछ जनता लाई नै थग्छा  
1334,aajako rajabadi andolanma sabaijana sahavagi hai sathiharu jay nepal,आजको राजबादी आन्दोलनमा साबिकाना सहकार्य हो साथिहरु जय नेपाल  
1335,rajabadi chor sala youtube,राजबादी चोर साला youtube  
1336,5 barsa pixe huney awasar hamiley kailey cash garna sakenau neta ley matra gare,५ बर्षा पिक्से हुने अवसर हामीले कहिले cash गर्न सक्ने नाता ले मात्र गरे  
1337,euta kura raja ko paalama hamro bau baje haru le jagga ghar banaye nepal mai kaam garera aile bidesh gayera kamako paisa le kathmandu ma ghar kinna garo xa nepal mai kaam garera pariwaar palna garo xa kasto gadatantra ho yo,एउटा कुरा राजा को पालामा हाम्रो Bau बाजा हरु ले जग्गा घर बनाए नेपाल मा काम गरेर अहिले बिदेश गएर कमाएको पैसा ले काठमाडौं मा घर किन्न गारो छ नेपाल मा काम गरेर परिवार पाल्न गारो छ कस्तो गडतन्त्र हो यो  
1338,1346 tyo taali bajaune veda haru are the pillars for corrupt politicians,१३४६ त्यो तालि बजाउने वेला हरु are the pillars for corrupt politicians  
1339,muji patrukar 12 bhai muji murra muji,मुइजी patrukar १२ भाई मुइजी मुर्रा मुइजी  
1340,ahailey new bill aaudai xa nepali citizenship leave gareyko plus tini haru ko baccha laai pani nepali citizenship diney bhaneyra yesley ta jhan thulo risk laauxa nepal pani proxy state po huney ho ki bhaneyra,अहिलेको new bill आउदै छ नेपाली citizenship leave गरेक plus ती हरु को बच्चा लाई पनि नेपाली citizenship दिने भनेरे यसले त अझ ठूलो risk ल्याउछ नेपाल पनि proxy state पो हुने हो कि भनेरे
1341,raaj sanstha hunu jaruri xa,राज संस्था हुनु जरूरी छ  
1342,desh ko saan maan ijjat pratista swabhiman bhasa dharma sanskriti sabai bechi khaye3 tauke ra tesko aase paase brastachari lai matra ho gadatantra,देश को सान मान इज्जत प्रतिष्ठा स्वाभिमान भाषा धर्म संस्कृति सबै बेचि खाए3 टौके र यसको आसे पसे भ्रष्टाचारि लाई मात्र हो गडतन्त्र  
1343,aba pani hami nepali jagena vane yesto chor neta haru le desh bechera khancha,अब पनि हामि नेपाली जागेन भने यस्तो चोर नेता हरु ले देश बेचेर खान्छा  
1344,kati mitho sanga bujhaidinu bho kera ganatantra,किती मिठो संग बुझाइदिनु भयो केरा गणतन्त्र  
1345,sabai thik thiyo tara last ma t shirt bikri garna tira lagyo sathi  kera patrakar hoki,सबै ठीक थियो तर last मा t shirt बिक्री गर्न तिर लाग्यो साथी केरा पत्रकार hoki  
1346,215 chakka haru bata swagat hare paxi inharu ko izzat thaha bhayo india ma visit garda samay,215 चक्का हरु बाट स्वागत हरे पछि इनहरु को इज्जत थाहा भयो India मा visit गर्दा समय  
1347,neta jati sabai vrasta dalal des drohi vaye sab lai marna parxa aba sala khatey haru lai,नेता जति सबै व्रष्ट दलाल देश द्रोही भए सबै लाई मार्न पर्‍यो अब साला खटै हरु लाई  
1348,ti sabai ailo yaha khadi ma vada majdai xan,ती सबै ऐलो यहाँ खडी मा वड मड्दै छन्  
1349,tara aajhai pani kati nirlajj manxe eskai support ma chan,तर अझै पनि किती निर्लज्ज मान्छे एसकै support मा छन्  
1350,yo video bujhne le bujhcha na bujhne le bujhdina sida kura,यो video बुझ्ने ले बुझ्छ न बुझ्ने ले बुझ्दिन सिधा कुरा
1351,yesto ramro video banaunu huncha ani lutnu hunxa,यस्तो राम्रो भिडियो बनाउनु हुन्छ अनि लुट्नु हुन्छ  
1352,print gareko 70 ajha katai 50 maa ni garidincha,प्रिन्ट गरेको ७० अझ कति ५० मा नि गरिदिन्छ  
1353,khoi dos kaslai dinuhami janata nai thik xainaugalti hami haru kai ho,खै दोस कसलाई दिनुहुंमि जनता नै ठीक छैनौगल्ती हामी हाम्रै किन हो  
1354,singapur haen nagapur banana yo gartantarle,सिंगापुर हेर्न नेपालपुर बनाना योgartantarले  
1355,maile soche yau youtuber ramro x but sabai le product bechne broker ho,मैले सोचे याउ यूट्यूबर राम्रो छ बट सबै ले प्रोडक्ट बेच्ने ब्रोकरे हो  
1356,voli ghadatranta diwash re  thik vaneu kera ko ghadatranta,वोलि घडात्रन्ता दिवास रै'थिक भन्नु केरा को घडात्रन्ता  
1357,back round musis ali com garnu paryo,ब्याक्ग्राउन्ड म्युजिक अलि कम गर्नुपर्छ  
1358,khoi k khoi k jo iyo taslai rw tesko aase pase lai matra moj aarulai booj,खै क खै क जो यो तसलाई र्व तेसको आसे पास लै मात्र मोज अरुलाई बुझ  
1359,nepal 3rd poorest countries in asia,नेपाल ३rd poorest countries in asia  
1360,kola pani bhando rahixan katai nepal ma,कोला पानी भन्दा रहिछन कता नेपाल मा
1361,ganatantra ye paapi adarmi aparadhi haru lagi matra ayoo,गणतन्त्र ये पापी अधर्मी अपराधी हरु लागि मात्र आयो  
1362,yetro sojha saja janata ko ragat bagayera  anaginti mahila ko sidur puchera hajarou amma ko mammta kosera  garib janata lai timi haru jiwan pariwartan huncha bhanera sapana dekhayera ra ajja ko bartaman samaya shakti ma ayeepacchi aparadhi haru affu kasari kamaune affanta kasari banaune yeti ko lagi desh ma tahasnahas pareka rahechan,यत्रो सोझा सजाय जनता को रगत बगाएर अनगिन्ती महिला को सिदुर पूचेर हजारौं आम्मा को ममता कोशेर गरिब जनता लाई तिमी हरु जीवन परिवर्तन हुन्छ भनेर सपना देखाएर र आजको वर्तमान समय शक्ति मा आएपछि अपराधी हरु अफु कसरी कमाउने अफन्त कसरी बनाउने यति को लागि देश मा तहसनहस परेका रहेका छन्  
1363,kera jindagi vaisakyo 12 ko exam diyera basda k garxas vanda nepal ma basxu vanda harek din pachutaunu parxa jasto lagxa yaha basda,केरा जिन्दगी वाइसकेको १२ को परीक्षा दिएर बस्दा के गर्‍स वन्दा नेपाल मा बसुँ वन्दा हरेक दिन पछुताउनु पर्दछ जस्तो लाग्छ यहाँ बस्दा  
1364,raja sahit ko prajatantra na chaine manche haru jhole nai hun hainau vane lets argue aau,राजा सहित को प्रजातन्त्र न चाइने मान्छे हरु झोलै नै हुन हिनौ भने लेट्स आर्ग्यु आउ  
1365,lado gadatantra vanna nasakera kera gadatantra,लडो गडतन्त्र भन्न नसकेको केरा गडतन्त्र  
1366,voli jaam hai kta kti ho raja aau desh bachau vanna,वोलि जाम है कता कति हो राजा आउ देश बचाउ भन्ना  
1367,janata positive vara desh ra desh bikas sochera lade ani khusi vaya tara neta haru afnai byatigat swartha ma haraya tantra galat haina bas yo tantra hakne thekedar haru ko niyat badliyo ani galat niyat vayo,जनता पोसिटिभ वारा देश र देश विकास सोचेर लडे अनि खुशी भयो तर नेता हरु आफ्नै व्यतिकत स्वार्थ मा हारे तन्त्र गलत होइन बस यो तन्त्र हक्ने ठेकेदार हरु को नियत बद्लियो अनि गलत नियत भयो  
1368,please daju asma big researchstudy garara uploaded garnu paro please,प्लिज दाजु अस्मा बिग रिसर्चस्टडी गरररा अपलोड गर्नु परो प्लिज  
1369,raja sahit ko pratakshya janata bata nirbachit pradhan mantri aba ko khacho,राजा सहित को प्रत्यक्ष्य जनता बाट निर्वाचित प्रधानमन्त्री अब को खाचो  
1370,hajur tshirt lagaye jail hale ids le chutauna aaucha,जहुर टीशर्ट लगायें जेल हाले आईडी ले छुटाउन आउछ
1371,ganatantra vanira loot tantra banayo  chor dalaal haru le  aajai veda janta ley bujira pani ghola boki rako xa kukur haru ko,गणतन्त्र बनिरा लुट Tantra बनाएो चोर दलालहरू ले आजै वेला जनता ले बुझिरा पनि घोला बोकी राखो छ कुकुरहरू को  
1372,koii xa malai gun dilayunu sakney ak 47 sniper yo mugi kpshereyprachandeyko ekai chihan banai dinxu,कोइ छ मलाई गुन दिनु सक्ने AK 47 sniper यो मुघी KPSHREYPRACHANDEYको एकै चिन्ह बनाइ दिन्छु  
1373,999 ali badi vayo desh ko hit nai hunxa vane 99 ma deu 100nota mai kinera free ma distribute garxu,999 अलि बढी भयो देश को हित नै हुन्छ भने 99 मा देउ 100nota मा किनेर Free मा distribute गरौं  
1374,kata mare yamale congress maobaadi ko jhole khate haru,कतै मरे यामले कांग्रेस माओवादी को झोल खाए हरु  
1375,chaiyo euta tshirts molai ni,चाहियो एउटा T-shirts मोलै नि  
1376,yesta ta neta xan dukha lagxa desh ko halat dekhda sunda,यस्ता त नेता छन् दुखा लाग्छ देश को हालत देख्दा सुन्दा  
1377,prachanda muji randiko chora10barsa maa asia ko 1number ko deshkhulit,प्रचण्ड मुजी रन्डिको छोरा 10 बर्ष मा एसिया को 1 नम्बर को देशखुलित  
1378,haha dai lai neh gadatantra lagyaxha,हाहा दाई लाई नह गदतानत्र लाग्याछ  
1379,marwadi le nepal sarkar lai nachaye jasto,मारवाडी ले नेपाल सरकार लाई नाचाए जस्तो  
1380,chor neta haru ko lagi desh vayo saribari,चोर नेता हरु को लागि देश भयो सरिबरी
1381,yo kp oli laii yasto vanda samma k hereko mardim yarrr baru ball farar,यो केपी ओलीलाई यस्तो भन्दा सम्म कि हेरिएको मर्दिम यार्र बरु बल फरर  
1382,bomb hande machikne haru lai esari kei hunna,बम हन्डे माचिक्ने हरु लाई एसरी केही हुनना  
1383,tara sabai chor rahey xa,तर सबै चोर रहेछ  
1384,ekdam satya kuraa salute to youu,एकदम सत्य कुरा सलुट टू यूउ  
1385,teso vaye tw america ni kera ganatantra roixa tw musk koi parvutto xa hihihi maya xa dai lai,तेसो भए त अमेरिकाम्नी केरा गणतन्त्र रोइछ त मुस्क कोइ परवट्टु छ हिहिहि माया छ दाई लाई  
1386,26 janaa lai ekai raati maarne lai adalat le nai safaai diyepaxi kallai k vanne k chaldai xa yrr yo desh ma,२६ जना लाई एउकै राति मार्ने लाई अदालतले नै सफाइ दिएपछि कल्लै के भन्नु हुन्छ यार्र यो देश मा  
1387,india pani kera republic raixa,इंडिया पनि केरा रिपब्लिक रहेछ  
1388,ghr ghr ma gayera tanera hanum na yo neta haru lai atti vayo,घर घर मा गएर टानेरा हानुम न यो नेता हरु लाई अत्ति भयो  
1389,tyyo purano video aayeko 1 barsa re,त्यो पुरानो भिडियो आएको १ बर्षा रे  
1390,sana sana youtuber yata hajir vyar yakle arakalai support garm haii,साना साना यूट्यूबर यता हाजिर भ्याएर याक्ले अर्खालाई सपोर्ट गरम हाइि
1391,aafu bhanda thulo manxe ko galti raja mare paxi janmeko bacha harule saja bhogdai xa,आफु भन्दा ठूलो मान्छे को गल्ती राजा मारे पछि जन्मेको बच्चाहरु सजाय भोग्दै छन्  
1392,nepali janta le afnai khutta ma bancharo haneko din,नेपाली जनता ले आफ्नै खुट्टा मा बन्छरो हानेको दिन  
1393,tapaiharule garnu vayako kura akdam ramro ho tara hamro yo deshko jhole janatale kahile ni bujhne xaena ra ajhai jhole vayara nai hinnexan kasailai farak parne dekhdina ma ta ahile video herxan ae yesto po ho vanxan tara vote dine bela tehi partylai nai diyara jitauxandeshko pm jasto uccha padma basekale testo bolda taali pitne haru k bujhxan hola deshka janata hijo raja hatauda gareko aandolan pani mareakai ho ra yo aandolanma marne janata nai hun aafno mahalma basnelai k ko tensontesaile janatale bujhna jaruri xan desh dubaisakyohamro kar ani remitence le desh bikash hoina rajniti garne harulai paalna ho,तपाईहरुले गर्नु भएको कुरा बिल्कुल राम्रो हो तर हाम्रो यो देशको झोलै जनता ले कहिले नि बुझ्ने छैन र अझै झोलै भएर नै हिन्नेछन् कसैलाई फरक पर्ने देख्दिन म त अहिले video हेर्छु ऐ यस्तो पो हो भन्ने भनन्छ तर vote दिने बेला तेही पार्टीलाई नै दिएर जितौं संदेशको pm जस्तो उच्च पदमा बसेकाले यस्तो बोल्दा ताली पिट्नेहरु के बुझ्छन् होला देशका जनता हो र राजा हटाउदा गरेको आन्दोलन पनि मरेकै हो र यो आन्दोलनमा मरने जनता नै हुन् आफ्नै महलमा बस्नेलाई के टेन्सन तेसैले जनता ले बुझ्न जरूरी छ देश दुवैसकेको हाम्रो कर अनि remittance ले देश बिकास होइन राजनीति गर्नेहरुलाई पाल्न हो  
1394,3rd attempt ma yo video hernu try gardai chu batti gako gai wifi fi le jiskaeko jiskai,3rd attempt मा यो video हेर्नु try गरदै छु बत्ती गएको गै wifi fi ले जस्कैको जस्कै  
1395,ho yo ta raja le gare ko jasto vane ko kp bale kursi khosida yestai hunxa ho raja ko khosida khus hunu hunthyo aaba aafno khosida kasto lagyo yadi raja le janta ko lagi aaghinai kaam gareko vaye tini haru ko sasan jane thiyena tara tyo time ma vayena aaba yini haru la pani tyai bato ma chan ani tyai result aaune jasto xa ma ta dang chu yeti power ma vayeko manche kina na dekh banauna na sakne tara bidambana niyat ma khot balen shah ktm ko mayor vayera pani ktm lai ramro nai grnu va xa ti pm vayera na garna sakne bidambana hjr bidambana,हो यो त राजा ले गरेको जस्तो भन्ने को kp bale kursi खोसिदा यस्तै हुन्छ हो राजा को खोसिदा खुश हुनु हुन्थ्यो अब आफ्नै खोसिदा कस्तो लाग्यो यदि राजा ले जनता को लागि आगिनै काम गरेको भए ती हुरु को सासन जाने थिएन तर त्यो टाइम मा भएन अब यिनीहरु ला पनि त्यै बाटो मा छन् अनि त्यै result आउने जस्तो छ म त डंग छु यति power मा भएको मान्छे किन न देख बनाउना न सक्ने तर बिदम्बना नियत मा खोट बालेन शाह ktm को मेयर भएर पनि ktm लाई राम्रो नै गर्नु वाएकै त pm भएर न गर्न सक्ने बिदम्बना hjr बिदम्बना  
1396,yeti hu da ni hami janta le aawaj na uthauda hami ho pagal kei ta garam ho nepali janta aawaj uthauna sakxam hami hami le bangladesh jastai garne samaye aaisakeko xa hmro gen le aawaj uthaunu parxa,यति हु द नि हामी जनता ले आवाज न उठाउदा हामी हो पागल केहि त गरम हो नेपाली जनता आवाज उठाउन सक्छौं हामी हामी ले बंगलादेश जस्तै गर्ने समय आइसकेको छ हाम्रो गेन ले आवाज उठाउनुपर्छ  
1397,kera ganatantra kahi bhako chhai ke hawa bhram phailako ho,केरा गणतन्त्र कही भएको छै के हावा भ्रम फैलाएको हो  
1398,0014 kinaki chor harulai desh lutna khulla xut diedai xa,0014 किनकि चोरहरुलाई देश लुट्न खुल्ला छुट दिएरै छ  
1399,democracy ta tini haruko lagi po aaye raixa bhanne hits more,लोकतन्त्र त ती हुरुको लागि पो आएको भन्ने हिट्स मोर  
1400,vridashraam jani bela vaio baje ko,वृद्धाश्रम जानी बेला भयो बाजेको
1401,aalu khayo gad tantrale mula jhole harulai matrai ho hami janatalai lutna aako gadtantra kera jasto,आलु खायो गद्द तंत्रले मुला झोलें हरुलाई मात्रै हो हामी जनतालाई लुट्न आएको गद्दन्त्र केरा जस्तो  
1402,huda hudai abo aftab lai pani nikalyo iner ley,हुदा हुदै अब अफताब लाई पनि निकाल्यो इनर ले  
1403,jaba sama oli prachanda deuba mardaina yo desh bandaina,जब सम्म ओली प्रचण्ड देउबा मार्दैन यो देश बन्दैन  
1404,kera kha neta haru,केरा खा नेता हरु  
1405,hasa lag xa k malai tah 5 barsa samma bhukxan ani paxi vote ko bela chup lage ra basxahn chor netaa,हस लाग छ क मलाई त ५ बर्षसम्म भुख्खान अनि पछि vote को बेला chup लागे र बस्न चोर नेता  
1406,malai ta kehi bolna mann nai xaina 3 barsha nepal mai kaam gareko hu aaile bidesh ma xu…aba afai bujnus baki kura,मलाई त केही बोल्न मन नै छैन ३ बर्ष नेपाल मा काम गरेको हु अहिले बिदेश मा छु…अब आफै बुझ्नु बाकी कुरा  
1407,kera ganatantra banna ni layak xodeko xainan khoi kasle lagani garna aaula ra nepal ma tai mcc chai aauxa hola ayo vane babal ta hunxa,केरा गणतन्त्र बन्न नि लायक खोदेको छैनान खोइ कस्ले लगानी गर्न आउला र नेपाल मा तै MCC चै आउँछ होला आयो भने बाबल त हुन्छ  
1408,prachanda rah raja milnu parni thyo teti bela,प्रचण्ड रह राजा मिल्नु पर्ने थियो त्यो बेला  
1409,congress  amale vanya charam awasarbadi hun,कंग्रेस आमले भने चरम अवस्थर्बादी हुन  
1410,ekchoti prachanda rah raja milerw kehi ramro hunxah ki,एकचोटी प्रचण्ड रह राजा मिलेरव केही राम्रो हुन्छ कि
1411,oi in depth tmi ni ganatantra mai basera bolyaa ho bolna paira xa laa muji,oi इन डेप्थ तिमी नि गणतन्त्र मा बसेरै बोल्या हो बोल्न पाइरा छ ला मुजी  
1412,thik chha nepali kukur janata lai,ठीक छ नेपाली कुकुर जनता लाई  
1413,esto sunda ragat umaleraa aauxaa,यस्तो सुन्दा रगत उमालेर आउँछा  
1414,aba durga prasai le party kholna parxa ra sabai anya party 0 vote huna parxa desh 1 party durga pe chalauxa aru sabai banned,अब दुर्गा प्रसाई ले पार्टी खोल्न पर्‍यो र सबै अन्य पार्टी ० वोट हुनु पर्‍यो देश १ पार्टी दुर्गा पे चलाउछा अरु सबै banned  
1415,aba kera palan garam ho yuba haru,अब केरा पालन गरम हो युवाहरु  
1416,atti nai bhayo ke yo ta atti nai bhayo aba ta,अत्ति नै भयो के यो त अत्ति नै भयो अब त  
1417,mero family lai garo naparni vako vaye mai chapkai dinthye kp oli sherey sablai kera ganatantra,मेरो फेमिली लाई गारो नपरनी वाको भए माई चप्काई दिन्थ्यो के पी ओली शेरै सबैलाई केरा गणतन्त्र  
1418,kera ganatantra ko defination wala tshirt nikalnu,केरा गणतन्त्र को डिफिनेशन वाला टीशर्ट निकाल्नु  
1419,aaba yo channel pani india ko dhurav rathi jastai huna parxa,अब यो च्यानल पनि इंडिया को धुराव राठी जस्तै हुन पर्‍यो  
1420,k paiiess nepalii keraaa shadownepalband,के पाइए नेपाली केरा ShadowNepalBand
1421,saala veda janta lai use garera aja ee daaka hatyara haru le des looti raxa,साला वेदा जनता लाई use गरैरा आज ई डाका हत्या हरु ले देश लुटी राखा  
1422,gadtantra nafale samma desh bandain netale aafu anukul use gare,गडतन्त्र nafale सम्म देश बन्दैन नेताले आफु अनुकूल use गरे  
1423,yesto ghatiya chor haru ko ganatantra chaidaina jhyakne,यस्तो घटीया चोर हरु को गणतन्त्र चाहिदैन झ्यक्कने  
1424,haina yesari bolda pradhanmantri lai kasaile kei vandaina kera ganantra yei ho,होइन यसरी बोल्दा प्रधानमन्त्री लाई कसैले केही भन्न सक्दैन किन भने गणतन्त्र यही हो  
1425,prajatantra aaoo desh bachao,प्रजातन्त्र आउँ देश बचाओ  
1426,mahango bhayo t shirt  yeti mahango  kasla kinna sakxa rw this is banana republic  video banayara aafaila nabujni haha,महँगो भयो t shirt यति महँगो कस्ला किन्न सक्छ र्व this is banana republic video बनाएर आफैलाई नबुझ्नी haha  
1427,khai k ho k ho kun thik kun bethik hey vagwan kaile sukha paune hamile hamilai eutai ramro leadership chahiyo tyei ho,खै के हो के हो कुन ठीक कुन बेठिक हे भगवान कहिले सुखा पाउने हामीलाई एउटै राम्रो leadership चाहियो त्यो हो  
1428,mukh xadna mun lagaka haru yata hajir hum ta,मुख खाँद्न मन लागेका हरु यता हाजिर हाम ता  
1429,daju vanna k khojnu vako ha maele bujhe,दाजु भन्न खोज्नु वाको हा मैले बुझें  
1430,dai yo nepal ko gadatantra dekhera tw,दाइ नेपाल को गडतन्त्र देखेरै त्
1431,broru kera gadatantra vanda pani geda gadatantra ramro sahauxa,ब्रोरु केरा gadatantra भन्दा पनि गेडा gadatantra राम्रो सहाउँछा  
1432,yeti huda ni veda haru party ko jhanda bokdai hinxatini haru ko tauko ma dimag haina guu le varexa hola,यति हुँदा नि वेदा हरु party को झण्डा बोकेदै हिँन्छती हरु को टाउको मा dimag haina guu ले varexa hola  
1433,parchanda is real leader ho trw yuddha batw yakkasi rajnitima homiyaka prachanda le rajniti na bujhekai ho rajako pala dekhi ko congress rw yemale ko dal dal ma paseko ho kina vanda comandr prachanda le rajniti tyo bela na bujekai ho ab bujeka xan 84 ma herum,परचन्दा is real leader ho trw yuddha batw yakkasi rajnitima homiyaka prachanda ले rajniti na bujhekai ho rajako pala dekhi ko congress rw yemale ko dal dal ma paseko ho kina vanda comandr prachanda ले rajniti tyo bela na bujekai ho ab bujeka xan 84 मा herum  
1434,thumbmail le man jityo hai daju,thumbmail ले मन जित्यो hai daju  
1435,nepal le yuwa niryat garxa,नेपाल ले yuwa niryat garxa  
1436,jo “raja” le aafno xora lai control garna sakya xaina tesle desh chalaune kp le ghus khayo tesle kk ma ghus khayo tesko barema research garera awaz uthauna ta pai rako xa ni haina ra timro raja aayepaxi tyo pani garna mildaina timro raja le desh bechyo vane pani timro kei lagdaina history repeats itself vanthyo ho jasto lagyo aba ta rana sasan vitraunu xa timlai raja aau desh bachau athawa kp chlr desh chod vanera andolan garnu ko satta singha durbar ma jam dhunga hanam kp prachanda ra shere lai nikalam balen ra harka lai power ma rakham jabo 8 class fail le desh chalauna sakxa vane balen ra harka le parth bina desh chalauna pani sakxa raja raja vanera karaunu aghi ekchoti raja aayepaxi timro rights ra freedom ka pugxa ra kati suppressed vayera basna parxa tyo pani socha ramro side matra herera kei hunna tei pani raja aayera kei ramro hune wala xaina timi haruko raja le ghus nakhako haina garib lai na luteko haina paila sochera bola hami nepali haru lai vaye paxi matra tha hunxa nahunjel mai doctor mai dhami,jo “raja” ले आफनो xora लाई control गर्न सक्या xaina tesle desh chalaune kp ले ghus khayo tesle kk मा ghus khayo tesko barema research गरैरा awaz uthauना ता पाइ रको छ नि हिँदा र तिम्रो raja आएपछि त्यो पनि गर्न मिल्दैन तिम्रो raja ले desh bechyo भने पनि तिम्रो kei lagdaina history repeats itself भन्छ्यो हो जस्तो लाग्यो अब ता राणा sasan vitraunu छ तिम्लाई raja आउ desh bachau अथवा kp chlr desh chod वnera andolan गर्नु को सट्टा सिंह durbar मा जम ढुङ्गा हानम kp prachanda ra shere लाई nikalam balen ra harka लाई power मा राखम जाबो 8 class fail ले desh chalauna sakxa वने balen ra harka ले parth bina desh chalauna पनि sakxa raja raja भन्छ वnera कराउन् अघि एकचोटी raja आएपछि तिम्रो rights ra freedom का pugxa ra kati suppressed भएर बस्न parxa त्यो पनि सोचा राम्रो side matra herera kei हुनना तेई पनि raja आएरै kei राम्रो हुने वाला छैन तिमी हरुको raja ले घुस नखाको छैन गरिब लाई न लुटेको छैन पहिले सोचेर बोल हामि नेपाली हरु लाई भए पछि मात्र थाहा हुन्छ नहुन्जेल माई doctor माई धामी  
1437,​​yo buda budi haru marey paxi matra ho hamro kura sunnine  sable afno godfather congress uml ra maobadi sochxa,​​यो बुढा बुढी हरु मरेपछि मात्र हो हाम्रो कुरा सुनिने साले आफ्नै godfather congress uml ra maobadi सोच्छा  
1438,baru patrakar ko kaam yesle garxa,बरु पत्रकार को काम यसले गर्छा  
1439,shree panch gyanenedra bir bikram shah ko jai hos rajtantra jindabad,श्री पाँच ज्ञानेन्द्र बिर बिक्रम शाह को जय होस् राजतन्त्र जिंदाबाद  
1440,kp shere ra prachanda ko bikalpa rajtantra huna sakdaina byakti badalau byawastha haina sachet banau jhole nabanau,kp shere ra prachanda को बिकल्पा राजतन्त्र हुन सक्दैन ब्यक्ति बद्लौ ब्वावस्था छैन सचेत बनाउ जहोले नबनाउ
1441,matw voli gar basera masta live herxu andolon ma gayara khutta vachnu xaina,मतव वोलि गर बसेरा मस्त लिव हेर्छु अनि आन्दोलन मा गएर खुट्टा वाच्नु छैन  
1442,rajai aayera deshh ramro hunxha vaneee xaian,राजै आएर देश राम्रो हुन्छ भन्ने छैन  
1443,basshh yo haru ko pad ma balen jasto desh vakra ko jarurat xha,बस्ह यो हरु को पद मा बलें जस्तो देश वक्र को जरुरत छ  
1444,mula andaa jasto rajtantra,मुला अण्डा जस्तो राजतन्त्र  
1445,madarchoo0d haru ly malai ni lastai kurayevisit lagi jandai xu vandauff mero desh,मदरचूड हरु ल्य मलाई नि लास्टै कुरायभिस्ट लागि जंदै छु भन्ने मेरो देश  
1446,etro evidence sahit meadia le dekhauxa tr aj samma chor harule karbai vokeko purai sampati jafad gareko kaile sundain nay xain yo mulukma aamjanata lai matra ho kanun,एत्रो एविडेन्स सहित मिडिया ले देखाउछा तर अझ सम्म चोर हरुले करबाई वोकेको पुरी सम्पति जफड गरेको कहिले सुनाइंदैन नै छैन यो मुलुकमा आमजनता लाई मात्र हो कानुन  
1447,machkinee randi ko xhora haru neta haru kati muji madharchood nepal lai ek din beche dinxha,मच्छकी रंडी को घोरा हरु नेता हरु कति मुजी मदरचूड नेपाल लाई एक दिन बेच दिन्छ  
1448,cutesy pookie looking evil ramesh lekhak,क्युटसी पूकी लुकिंग ईभिल रमेश लेखक  
1449,hamro desh vitrine bela suitcase bata saman chorne airport wale karmachari haruko pani pardafaas garnu paryo daju,हाम्रो देश भित्रिने बेला स्युटकेस बाट सामान चोरने एयरपोर्ट वाले कर्माचारी हरुको पनि पर्दाफास गर्नु पर्ने दाजु  
1450,chor nai chor le variyeko ddesh chor vrasta sarkar  mc sap lai jhundaunai parni ho,चोर नै चोर ले वारीएको देश चोर भ्रष्ट सरकार मच एसपी लाई झुन्डाउनै पर्ने हो
1451,aaajw smm kinww luakissh taa tailey  yo kuraa mugi taa pani jhole naaii raixas kyaa ho,आजव् स्म्म् किन्व् लुएकिस्स् ता तैले् यो कुरा मुघि ता पनि झोल्ले नै राइक्स् क्या हो  
1452,sudip bhai subedi ko story telling dammi xa sudharshan bhai subedi ko interview lini tarika,सुदिप् भाइ् सुवेदी् को स्टोरी टेलिङ् दम्मी् छ् सुदर्शन् भाइ् सुवेदी् को इन्टरभ्यू् लिने् तरिका  
1453,duita duita byapar garda pani dainik 5k profit kamauna sakya chuinaee maka jhyaakne bhagyamani lauda haru din ko 50 lc kamauchan hami jasto garib desh ko neta haruhey bhagwan ee nepal ama lai lutney neta jholey jati sabai ko akal mirtyoo hoss,दुईता दुईता व्यापार् गर्दा पनि दैनिक् ५क् प्रॉफिट् कमाउन् सक्या चुइनै् माका झ्याक्ने् भाग्यमानी् लौडा हरु दिन् को ५० एल्् कमाउछन्् हामी जस्तो् गरिब् देश् को नेता हरुहै भगवान् ई नेपाल् आम्लाई लुट्ने् नेता झोल्ले जति सबैको्् अकल् मृत् होस््  
1454,immigration ko officer le hamro sabbai detail rakheko hunxa ani sodhpuch paxii enrty garaidinxa,इमिग्रेशन् को अफिसर् ले हाम्रो् सबै् डिटेल् राखेको हुन्छ् अनि सोधपुछ् पछि् एण्ट्री् गरिदिन्छ्  
1455,saaab choor haru dhaaat ani kina na xoddos nepal uva haru le,साब् चोर् हरु धात् अनि किन् न् सोध्दोस् नेपाल् उवा हरु ले  
1456,jaha pani bahun nai hunxan,जहाँ पनि बहुन् नै हुन्छन््  
1457,jhole haru etro dekhe si ta sudri na hai sudri,झोल्ले हरु एत्रो देखेँ् सि ता सुद्री् न् है सुद्री्  
1458,government nai kattam xa des k ko banauxacorrupted haru lai punishment dinu xaina ultai safe garna ajai corrupted hunxades banna ajai kahele ho kaheledes lai balen rabi punya gautam haina corruption garne lai punish garne system hunu parxa,गभर्मेन्ट् नै कट्टम् छ् देश् को बनाउक्स् करप्ट् हरु लाई् पनिश्मेन्ट् दिनु् छैन् उल्टै् सेफ् गर्न् अझै् करप्ट् हुन्छ् देश् बन्न् अझै् कहिले हो कहिलेलेड् लाई् बलेंन्् रबी् पुण्य् गौतम् छैन् करप्शन् गर्ने् लाई् पनिश् गर्न् सिस्टम् हुनुपर्छ्  
1459,sab muji bahun radi ko baan raicha,सबै् मुजी् बहुन् रेडि् को बान्् रैछ्  
1460,vanapoxi rabi grya mantri huda ne tww gaya hola nee rabi la ne khayo if ramesh lakhak la khayako vaya,वनापोक्सी् रबी् ग्र्या् मन्त्री् हुँदा नै त् व् गएँ् होला नी रबी् ला नै खायो् यदि् रमेश् लखक् ला् खायको् वया
1461,esta haru lai jutta ko mala lagayera pura rajdhani ghumaunu paryo jaba desh ko griha mantri nai esta kaanda haru garxan bhane desh yuwa haru chup laagera kasari basna sakchhan,एस्ता हरु लाई जुत्ता को माला लगाएर पूरा राजधानी घुमाउनु पर्यो जब देश को गृह मन्त्री नै एस्ता काण्ड हरु गर्छन भने देश युवा हरु चुप लागेर कसरी बस्न सकिन्छ
1462,malai pani boarding pass liney thau maa 2lakh japanese yen mageko thiyo nepal ko barema 1 din pani ramro news sunna napainey vaiyo pachi nepal farkera kei garchu vanne sochirako thiye tara aba yestai taal vairakhyo vani ta aaudina  kamako paisa ghus tirdai sakincha,मलाई पनि boarding pass liney थाउ मा 2लाख जापानी Yen मागेको थियो नेपाल को बारेमा 1 दिन पनि राम्रो news सुन्ना नपाएको भयो पछि नेपाल फर्केर के गर्ने भन्ने सोचिरको थियो तर अब यस्तो ताल विराख्यो भने त आउदैन कामको पैसा घुस तिर्दै सकिन्छ
1463,yesta manxe harlai encounter nagari desh bandaina maya garera hudaina,एस्ता मानिसहरु लाई encounter नगरी देश बन्दैन माया गरेर हुन्डैन
1464,gulf county ma pathaune manpower haru lay dhama dham dhuk vyera 2 lakh 35 hajar samm lieyra xan commotion neta samm gayira xa kanoon lay kahie garna sakhira xain,Gulf country मा पठाउने manpower हरु लाई धम धम धुक भईर 2 लाख 35 हजार सम्म लिएर एक्सन कम्युनिकेशन नेटाका सम्म गएर xa कानून ले कहिले गर्न सकिरा छैन
1465,chii chhii tesaile raaja aau des bachau,चि चि त्यसैले राजा आउ देश बचाउ
1466,paap dhuri bata karaucha,पाप धुरी बाट गराउछ
1467,rati 1 baje maile haar manera farke,राति 1 बजे मैले हार मानेर फर्के
1468,bro ramro news banounu vako ma thankful hai,bro राम्रो news बनाउnu भएको मा thankful होई
1469,jati video banye pani yesta haru lai karwahi huney hain akhtiyaar eni haru ko police eni haru ko nayalaye eni haru ko nayadhish eni haru ko ani karwahi kasley garney,जति video बनाए पनि यस्ता हरु लाई कारवाही हुने हुन् अख्तियार एनि हरु को police एनि हरु को नयालये एनि हरु को नयधिश एनि हरु को अनि कारवाही कस्ले गर्ने
1470,sabai lai chopnu paryo  sabai ghus khako paisa nikalnu paryo yo bata ani jail ma halnu paryo sabai bata sabai lai chanbin hunu paryo pradhanmantri lai ni sher bahadur lai pane prachanda lai pane sabai lai chanbin hunu paryo,सबै लाई चोप्नु पर्यो सबै घुस खाको पैसा निकाल्नु पर्यो यो बाट अनि जेल मा halnu पर्यो सबै बाट सबै लाई चानबिन हुनु पर्यो प्रधानमन्त्री लाई नि शेर बहादुर लाई पनि प्रचारन्दा लाई पनि सबै लाई चानबिन हुनु पर्यो
1471,yo grihamantri herdai chor jasto cha vanerw tw mw pailai bata vanthiye,यो गृहमन्त्री herdai chor जस्तो छ भनेर tw म्व पहिलो बाट वन्थिए  
1472,yo grihamantri herdai chor jasto cha vanerw tw mw pailai bata vanthiye,यो गृहमन्त्री herdai chor जस्तो छ भनेर tw म्व पहिलो बाट वन्थिए  
1473,jaile bharstachaar bharastachaar ko kura matrai sunna painxa yrr aba yo desh xodera jaanu parla jasto xa,जाइल भरष्टाचार भरष्टाचार को कुरा मात्रै सुनना पाउँछ यार अब यो देश xोडेर जानु par्ला जस्तो छ  
1474,2084 ma nh yenai purana party lai vote diye vannya desh aajhai 50 barsa pachadine xa,२०८४ मा nh yenai पुराना पार्टी लाई vote दिए वन्छ्य देश अझै ५० बर्ष पछि छ  
1475,yesta vrastra haru lai marnu pardaina bhanya dhekha dhekhi des ra janta bechne hutiyara,यस्ता व्रष्टा हरु लाई मर्नु पर्दैन भन्छा देख्दा देखी देश र जनता बेच्ने Hutiyara  
1476,laaj ra natikta ta timi sanga ni xaina ni bro yesto yesto kura bhanera nepali janata lai bhadkaune stunt le desh banxa,लाज र नाटिक्ता त तिमी सँग नि छैन नि bro यस्तो यस्तो कुरा बन्छ भनेर नेपाली जनता लाई भड्काउने stunt ले देश बन्छ  
1477,jhandai tapai haru jasta 24jana hunuhunx ra real kura taha payuchu,झण्डै तपाईं हरु जस्ता २४ जना हुनहुन्छ र real कुरा taha पाउँछु  
1478,rabi balen harka jasta karmasil mmanche le kurai ma basda halka hachheu garda binda karan garjaney nepali bheda haru…,रबि बालेन हर्का जस्ता कर्मशील मान्छे ले कुरै मा बस्दा हल्का हाच्छु गर्दा बिन्दा कारण गरज्ने नेपाली भेडा हरु…  
1479,yesto khulla manav taskaru garirako sarkar ra dalaal haru ko kartuth twalla parera herna vyacha ani kei farak parirako chaina nepali bheda haru lai…,यस्तो खुल्ला मानव taskaru गरिरको सरकार र दलाल हरु को करतुत twalla परेरा हेर्न वाच्छा अनि केही फरक परिरको छैन नेपाली भेडा हरु लाई…  
1480,merai sathi haru le dubai ko visit visa lai 250k nepali cash tirera gako xa,मेरो साथी हरु ले दुबई को visit visa लाई २५०k नेपाली cash टिरेर गाको छ
1481,jail halnu parxa yesto chor haru lai kah sangai,जेल हुनु पर्दछ यस्तो चोरहरूलाई कह साँगै  
1482,mero sathi ko may26 ma uae ko laagi flight ticket nai aako thiyo sathi ahile ktm mao xa usko flight delay vaako xa agent le 2 3 samaye lagxa vanera kathmandu mai jhulayera rakhya xa 2 lakh 20 hajar diyera,मेरो साथीको May26 मा UAE को लागि flight ticket नै आएको थियो साथी अहिले KTM मा छ उसको flight delay भएको छ एजेन्टले 2 3 समय लाग्छ भनेर काठमाडौं म झुलाएर राख्या छ 2 लाख 20 हजार दिएर  
1483,yo xetri bahun le desh sakne vo aba auta baahun ko var xa tyo chai raja ho ani raja le aafno gati paaye pxi jati pani politics party xa sab hataunu parxa khaadi desh ko jastai khaadi desh maa pani tah raja hunxa king hunxa kunai party xaina ani matra desh agaadi badxa natra kaam xaina nepal ko,यो क्षेत्री बहुनले देश सक्ने भओ अब एउटा बहुनको वर छ त्यो चै राजा हो अनि राजा ले आफ्नो गति पाए Pxi जाति पनि politics party छ सबै हटाउनु पर्दछ खाडी देशको जस्तै खाडी देशमा पनि त राजा हुन्छ king हुन्छ कुनै party छैन अनि मात्र देश अगाडि बढ्छ नत्र काम छैन नेपाल को  
1484,kati frustrating mailey last sama herna sakina,कति frustrating मैले last सम्म हेर्न सकिन  
1485,birodh chai kasle garne sabai ahele kaunai na kunai party ko jhole bhaera jhanda bokekai chau ni,विरोध चै कस्ले गर्ने सबै अहिले कुनै न कुनै party को झोले भैरहेको झण्डा बोकेकै छु नि  
1486,sabai chooor hun ajha kangresh k bhako hera bp koiralla ko party xya yo desh sakkini bhayo bhrastachari harule garda k garnu,सबै चोर हुन अझा कंग्रेस के भएको हेर्न BP कोइराला को party छ यो देश सक्किन भयो भ्रष्टाचारीहरूले गर्दा के गर्नु  
1487,kun naitikta adhar ma mantri vayera baseko re yo,कुन नैतिकता आधार मा मन्त्री भएर बसेको रे यो  
1488,nepal aama  kati rune hami mera bhai bahini daju harle din raat lai nakhai gareko paisako yesto durupayog,नेपाल आमामा कति रुन हामि मेरो भाइ बहिनी दाजुहरूले दिन रातलाई नखाइ गरेको पैसा को यस्तो दुरुपयोग  
1489,moh pani visit ma dubai aako,मोह पनि visit मा दुबई आएको  
1490,kera rajtanta wala paudaina vest,केरा राजतन्त्र वाला पाउदैन वेस्ट
1491,yeti dherai proof huda pani k hereko cha,यति धेरै proof हुँदा पनि के हेरेको छ  
1492,feri pani jaldobaldo besayama aawaj uthaye ko ma dherai dherai dhanybad,फेरि पनि जलदोबलदो बेशयामा आवाज उठाएको मा धेरै धेरै धन्यवाद  
1493,sala chor ramesh kharel,साला चोर रमेश खरेल  
1494,ma bideshma basxu daily halne video time milayera sabai herxu infoemation ta milxa but yesto video haruly disapoint garxa,म विदेशमा बस्छु डेली हुने भिडियो टाइम मिलाएरै सबै हेर्छु इनफर्मेशन त मिल्छ तर यस्तो भिडियोहरुले डिसअपोइन्ट गर्छन्  
1495,tyo bela chai 10k dina parthiyo,त्यो बेला चै १०क दिनु पर्ने थियो  
1496,ja gaye pani setting milam bhai vancha ani kasari bancha ta kaam,ज गए पनि सेटिङ मिलाम भने भन्छ अनि कसरी बन्छ त काम  
1497,yesto chor emale maobadi congress ko karyekarta haru lai jutta ko mala lagaunu parxa garib mara janata ko gu khao yesto ris uthi raixaa malai kurai nagaram yo chor haru lai jati sarape pani pugdainaa vrastachari haru,यस्तो चोर एमाले माओवादी कांग्रेसको कार्यकर्ताहरु लाई जुत्ता को माला लगाउनु पर्छ गरिब मरा जनता को गुठियो खाएको यस्तो रिस उठ्दैछ मलाई कुरै नगराम यो चोरहरु लाई जति सरापे पनि पुग्दैन व्रस्ताचारीहरु  
1498,desh nikala nai garnu parxa yo muji chor lai,देश निकाल्नै गर्नुपर्छ यो मुजी चोर लाई  
1499,sabaile aafno really pida haru share garnus comments ma,सबैले आफ्नै रियलि पीडा हरु शेयर गर्नुहोस् कमेन्ट्स मा  
1500,fake gadatantra corrupt leaders yet janata haru hereko herai  paap ko ghaito bhariyeko chhaina bhanya,फेक गडतन्त्र करप्ट लिडर्स येट जनता हरु हेरेको हेरै पाप को घाइतो भारीएको छैन भने
1501,kei hune wala chaina sabai case kei din mai luki halcha,केही हुने वाला छैन सबै केस केही दिनमै लुकि हुन्छ  
1502,ids mitra ma sabai viewers lai represent gardai timlai auta order nai dinxu,IDs मित्र मा सबै viewers लाई represent गर्दै तिमीलाई एउटा order नै दिनेछु  
1503,janamat hami dinxam timi powerful revolution lera aau,जन्ममात हामी दिन्छौं तिमी powerful revolution लेर आउ  
1504,desh lai khokro nai parnu parne,देशलाई खोक्रो नै पर्दु पर्ने  
1505,kera hoena geda gadatantra ho,केरा होइन गेडा गडत्रन्त्र हो  
1506,sabai afnai chan ganatanta tapai haro kai lagi ta laykyo ho ni re,सबै आफ्नै छन गणतन्त्र तपाईंहरूलाई लागि त लायक्यो हो नि रे  
1507,sab ghuskhori xan yini haru ko jara dekhi nei nas garnu jaruri xa,सबै घुसखोरी xan यिनीहरू को जरा देखि नै नास गर्नु जरूरी छ  
1508,machikney radi ko xora haru mg janta lai dukh dinu vahek kai janeko xaina radiko ban,माछीके radi को xora हरु mg जान्तालाई दुख दिनु भयो भने को जानेको छैन radiको बन  
1509,yeh gadhe ko jail mey dalo,येह गधे को jail mey dalo  
1510,yo desh ko kei huni wala xaina jaba sama great videp yestay video chayio vandai jaba sama aawaj utthaunau taba sama kei huni wala zaina naya kanda naya video aai rakhxa aajhai ganatantra vandai hidum na banxa nepal,यो देश को केही हुने वाला छैन जबसम्म great video यस्तै video चाइयो भन्दै जबसम्म आवाज उठाउनू तबसम्म केही हुने वाला छैन नयाँ काण्ड नयाँ video आइराख्छ आजै गणतन्त्र भन्दै हिडुम न बन्छ नेपाल
1511,pachi bolcha gadha marcha kun din kun chahi bahadur ko haat bats,पछि बोल्छ गधा मार्चा कुन दिन कुन चाही बहादुर को हात बट्स  
1512,yasta deska dhamira harulai khulla maidaanma lagera haath khutta badhera ani sabai kapada haru kholera sisnu paani jhyaam jhyaam hannu parcha,यस्ता देशका धमिरा हरुलाई खुल्ला मैदानमा लगेर हात खुट्टा बढेरा अनि सबै कपडा हरु खोलेर सिस्नु पानी झ्याम झ्याम हन्नु पर्छ  
1513,yemale kangress maubadi mili khau badi baadi,यस्तै देशका मुभादी मिलि खाउ बडी बाडी  
1514,antim line le man katakka khayo,अन्तिम लाइन ले मन कटक्क खायो  
1515,manab taskar ramesh lekhak lai jhyalkhan ma thoos,मानव टास्कर रमेश लेखक लाई झ्यालखान मा थोस  
1516,ek se ek chor neta haru xa hau muji,एक से एक चोर नेता हरु छ हाउ मुजी  
1517,scam garna lai nepal ma kei pani chodena,स्काम गर्न लै नेपाल मा केही पनि छोडेन  
1518,yo desh ka kunakapchha jata pani bhrastachhari haru chhan kasari unmukti paune hola sunda dekhda sabailai ekai choti sakhaap parau jasto lagchha,यो देश का कुनाकप्चा जतै पनि भ्रस्टाचारी हरु छन् कसरी मुक्ती पाउने होला सुन्दा देख्दा सबैलाई एउटै चोटी साखाप पराउ जस्तो लाग्छ  
1519,muji yiniharlai jhundyauda ni hunxa hau janta sabei milerw anushandhan yo tyo paxi ko kura ho yaha ko anushandhan ko niskarsa k aauxa bhanerw ta hamisablai thanei ta xa ni,मुजी यिनीहरूलाई झुण्ड्याउदा नि हुन्छ हाउ जनता सबै मिलेर अनुसन्धान यो त्यो पछि को कुरा हो यहाँ को अनुसन्धान को निष्कर्ष का आउँछ बानेरव त हामीलाई थानेई त छ नि  
1520,chor haru ko jamat xa desh ma,चोर हरु को जमात छ देश मा
1521,last ko 10sec ma j vannu vayo tyo kurale chai lastai chitta bujyo,लास्ट को १०सेक मा ज भन्नु भयो त्यो कुराले चै लास्टै चित्त बुझ्यो  
1522,ramesh lekhak ko mukh mai mutdinchu machikney,रमेश लेखक को मुख mai mutdinchu machikney  
1523,hamro desh ko neta ta kasam laj pacheka xan tara timiharu lai vote dino hami ni ustai xam chunab ko bela masu bhat ma bikne mache le desh bhakti ko kura garxan xya hamro desh ko neta kati lutna sakeka holan kati napugeko hola morera ni lane jhai garen paisa ta herda kati innocent tara kam demon jastai xww,हाम्रो देश को नेता त कसम लाज पचेका छन् तर तिमीहरू लाई vote दिनो हामी नि उस्तै xam चुनाव को बेला masu bhat मा bikne mache le desh bhakti को कुरा गरछन् xya हाम्रो देश को नेता कति lutna सकेका हुन् कति नपुगेको होला morera ni lane jhai garen paisa ta herda कति innocent tara kam demon jastai xww  
1524,yeti huda ni laaj chaina nepalko netahuru thukkka kailey marxa ho,यति हुँदा नि लाज छैन नेपालका नेताहरू ठुक्का कहिले मर्छन् हो  
1525,desh prami hru basam,देश प्रामि हृु बासम  
1526,hami 6 jana lai 3 choti farkinu parau airport bata last ma sambhu pokhrel vane manxe airport setting garne manxe raexa hami lai side ma lagera ma lai 4 lakh dau ma timi haru lai immigration katei dinxam vanu natra timi haru jana paudaina vandai hamro 4 lakh paisa pani khayo yo muji ley yes to raexa kura haru aja tha payo nepal ko halat,हामी ६ जना लाई ३ पटक farkinu parau airport बाट last मा sambhu pokhrel vane manxe airport setting गर्ने manxe raexa हामी लाई side मा lagera ma lai ४ लाख dau मा तिमीहरू लाई immigration katei dinxam vanu natra तिमीहरू जाना पाउदैनन् भन्दै हाम्रो ४ लाख पैसा पनि खायो यो muji ley yes to raexa kura haru aja tha payo nepal को हालत  
1527,hera kati bijog banauxa majburi ma bidesh hideko sojon janta lai yaha aayeraa kam khojna katii garo xa kati le ta khana khana ni paudainan ani 3 naina basera kam na payec farkinu parxa 4 lakh sakiyo jagga bechera lagako 4 lakh ani yei chor neta ra dalal haru le bijog banauxa ma ni yetai gulf ma xu kati testo dukha pareko nepali daju bhai haru vetinxa kam na payera bhautariyeko yo desh sakne vayo yee chor party ra neta haru le,हेर्ना कति bijog banauxa majburi मा bidesh hideko sojon janta lai yaha aaera kam khojna katii garo xa कति ले त खान खान नि पाउदैनन् ani 3 naina basera kam na payec farkinu parxa 4 lakh sakiyo jagga bechera lagako 4 lakh ani yei chor neta ra dalal haru le bijog banauxa ma ni yetai gulf मा xu कति testo dukha pareko nepali daju bhai haru vetinxa kam na payera bhautariyeko yo desh sakne vayo yee chor party ra neta haru le  
1528,ani sabai praman huda pani ti apradhiharulai samaudainan kina,ani sabai praman huda pani ti apradhiharulai samaudainan kina  
1529,yesai khatam usai khatam,yesai khatam usai khatam  
1530,yuwa neta haru lai empower garaum,yuwa neta haru lai empower garaum
1531,chodera chokho hune ho ki kaanun ko dayera maa aayera sajaaya khaane ho,चोरेर chokho हुने हो कि कानुन को dayera maa aayera sajaaya khaane ho  
1532,3 choti tia bata farkeko xu,३oti tia bata farkeko xu  
1533,nepali le jannai parne kuro ho yo,नेपाली ले जन्नै पर्ने कुरो हो यो  
1534,herdai chor fatah jasto dekheko cha,herdai chor fatah जस्तो देखेको छ  
1535,ho dai rati 12 30 bajeyah paxi arkai hunxa,ho dai rati 12 30 bajeyah paxi arkai hunxa  
1536,kei garau na ho comment garna bahek polera khaisake,kei garau na ho comment garna bahek polera khaisake  
1537,vdo banauda kati paunu vayosatya tathya ta xa tara vdo banaunuko karan poisa nei raixaso jasle vdo banayera yasari dristibute grxa purei manya ma mulya nei lagauxa,vdo banauda kati paunu vayosatya tathya ta xa tara vdo banaunuko karan poisa nei raixaso jasle vdo banayera yasari dristibute grxa purei manya ma mulya nei lagauxa  
1538,mero desh lay kaile sachcha desh premi leader pauney hola yi bhrastachari haru ko patta kaseko herna maan cha satta ko duruprayog garne haru gwagwa ruko hernu maan cha bhrastachari haru ko 3 pusta samma lai choddnu hudaina,मेरो देश ले कहिले sachcha desh premi leader pauney होला yi bhrastachari haru को patta kaseko herna maan cha satta को duruprayog garne haru gwagwa ruko hernu maan cha bhrastachari haru को 3 pusta samma lai choddnu hudaina  
1539,nepal bhitra bhitrai purai khokro bhaisakyothaha xaina aba nepal nai po narahala ki,नेपाल भित्र भित्रै पुरै खोक्रो भैसकेको होला xaina aba नेपाल नै पो नरहला कि  
1540,history kai sabai bhanda khattam grihamantri,history kai sabai भन्दा khattam grihamantri
1541,yo khel ko barema purna rupma bujhnu chahanu huncha vane malai samparka garnus detailly vanidinchu tia ma k k huncha vanera,यो खेलको बारेमा पूर्ण रुपमा बुझ्न चाहन्छु भने मलाई सम्पर्क गर्नुहोस् डिटेल्ली भन्नदिनुहोस् त्यहाँमा के के हुन्छ भन्ने  
1542,aati vrastachari hru xansapai kura setting ma hunxa shram dekhi flight sama lakhau ko thagi hunxa aam janta lutinu bahek kei xaina original visa ko poni setting bta shram nikal xa 5560hjar liyerara settings ma 110130 samma,आटी वर्षाचारी हृु खंसापै कुरा सेटिङमा हुन्छ श्रम देखि फ्लाइटसम्म लाखौको ठगी हुन्छ आम जनता लुटिनु बाहेक केही छैन ओरिजिनल भिसाको पोनी सेटिङबाट श्रम निकाल्छ ५५६०हजार लिइरहेका सेटिङ्समा १११३००सम्म  
1543,k garnu yrr purai niras vaisake xu hamro yuba sathi haru aaba kahile samma asto hunxa yrr aaba ta socha,के गर्नु यार पूरा निरास भइसकेको छु हाम्रो युबा साथीहरू अहिले सम्म अस्तो हुन्छ यार अहिले त सोच्छा  
1544,visit visa mah na gaye hunxa junei des nava pactaunu parla,भिसा भिसा नभए हुन्छ जुनै देश नवाPACTआउनु पर्छ  
1545,dai maathi matra hoina tala bata nai settings hunxa even airlines staff samma yadi maathi imigration maa strict kaarmachari xhha uni haru ko settings xaina vane tala bata nai wait garauxa 2 ghanta 3 ghanta samma ma phaila airport mai kam garthi hajur ko video dekhya paxi ahaile relaate gardai xhhu kina kurauxan vanera,दाइ माथि मात्र होइन तलबाट नै सेटिङ्स हुन्छ even airlines staff सम्म यदि माथि इमिग्रेशनमा स्ट्रिक्ट कर्मचारी छन् उनीहरूको सेटिङ्स छैन भने तलबाट नै वेट गर्छ २ घण्टा ३ घण्टा सम्ममा फाइल एयरपोर्टमा काम गर्छी हुजुरको भिडियो देख्या पछि अहिले रिलेट गर्दै छु किन कुराउनु हुन्छ भन्ने  
1546,chor  daka  dalal haru vanie thaha huda  huda pani vote yehi gadha haru lai dinxa janta haru pani veda nai ho,चोरी डाका दलालहरू भने थाहा हुँदा हुँदा पनि वोट यही गधाहरूलाई दिन्छ जनताहरू पनि वेद नै हो  
1547,maile add skipped nagare ekxin herediya ids team le mehenat ko poisa panitw kamaunu paro good luck ids,मैले एड स्किप गरेरे एक्सिन हेर्दै आईडीएस टिमले मेहनतको पैसा पानिट्व कमाउनुपर्छ गुड लक आईडीएस  
1548,ani yo pani hernus httpswww youtube comwatchv2tabn1l40cwt37s,अनि यो पनि हेर्नुस httpswww youtube comwatchv2tabn1l40cwt37s  
1549,yo khate haru desh dubai sakyo congress amale ani maobadi sapai chor haru hun jay nepal,यो खाटेहरू देश दुबई सक्यो कांग्रेस अमाले अनि माओवादी सपाई चोरीहरू हुन् जैन नेपाल  
1550,yo kura bal aaja bahir aayo hamro manxe yasari visit visa bahira jada pahilo din rokiyo voli patka setting milya ra dalale haru le pathae ahile yo neta matra yo vanda pahile dine nai khane gare ka thaha sabai aam janta lai tara pani chup xan k garne desh ma janata vanda badi jhole badi xan,यो कुरा बल आज बाहिर आयो हाम्रो मान्छे यसरी भिसा बाहिर जादा पहिलो दिन रोकियो भोलि पट्का सेटिङ मिल्या र दलालहरूले पठाए अहिले यो नेता मात्र यो भन्दा पहिले दिने नै खाने गरेका थाहा सबै आम जनता लाई तर पनि चुप छन् के गर्ने देशमा जनता भन्दा बढी झोलै बढी छन्
1551,setting garera nai jaanu parcha ma 15 barsha dekhi erbil iraq maa kaam garchu  barsha barsha maa ma ghar aauchu ani jaanea belaa maa setting garera jaanu parcha setting ko lagbhag 1 lakh 50 hajaar maathi jaancha setting nagarum bhanea jaanu paaudaina k garnu hamro desh ko raajniti,सेटिङ गरेर नै जानु पर्नेछ म १५ बर्षदेखि इरबिल इराकमा काम गर्छु बर्ष बर्षमा म घर आउछु अनि जाने बेला मा सेटिङ गरेर जानु पर्नेछ सेटिङको लगभग १ लाख ५० हजार माथि जान्छ सेटिङ नगरेम भने जानु पाइदैन क गर्नु हाम्रो देशको राजनीति  
1552,congress kaa jhole haru jiudai xa ki mare,कांग्रेस का झोलें हरु जिउदै छ कि मरे  
1553,chor hunxa sab setting hunxa tia airport vitra malai pahile bat thatyo,चोर हुन्छ सबै सेटिङ हुन्छ तिया एयरपोर्ट भित्र मलाई पहिले बाट थ्यो  
1554,rajinama hoinaa fasi dinu prcha yestaa manab taskar laiii,राजीनामा होइन फसि दिनु पर्नेछ यस्ता मानव टास्कर लाइ  
1555,kati risuthxa yesto sunda mero desh,कति रिसुथ्छ यस्तो सुन्दा मेरो देश  
1556,500k amama k saro lutiko ho lutna pako vandi matoit,५००के अमामा के सारो लुटिको हो लुट्न पाको वन्दि मटoiत  
1557,bolni garau sabai jana bolnu parxa yesari nai kati hamro dai vai uncle thulbaa haru bechinu vayo hola kati jana ko family utai mareyyesta vharsta netaa le garda hami afno family xodera bahira jana baddey hunxam sab lai anusandan ma launu parxa,बोल्नि गरौ सबै जना बोल्नु पर्नेछ यसरी नै कति हाम्रो दाई भाइ अंकल थुलबा हरु बेचिनु भयो होला कति जना को फ्यामिली उति मरेयस्ता बर्ष्ता नेताहरुले गरे हामि आफ्नो फ्यामिली खोदेर बाहिर जान बड्डे हुन्छाम सबैलाई अनुसन्धान मा ल्याउनु पर्नेछ  
1558,yes brother malai ni 2 years agadi agent le dubai lagera sabai ma block garya theyo ani paisa chai 250k tireko hotyo manxe dubai baserai agent kam gardai xa ma jasto dherai lai testai gareko xa yedi news banxa vana ma tyo manxe ko photo ani name dina sakxu,यस ब्रदर मलाई नि २ बर्ष अघि एजेन्टले दुबई लगेर सबै मा ब्लक गर्या थिए अनि पैसा चै २५०के टाइरको थियो मान्छे दुबई बसेरै एजेन्ट काम गरदै छ म जस्तो धेरै लाइ टेस्टै गरेको छ यदि न्यूज बन्छ भने म त्यो मान्छेको फोटो अनि नाम दिन सक्छु  
1559,jatti sukai gare pani paxi tinaru nai power ma aauxan ani feri khuleyam lootxan k garnu hami nepali ko kaile valo hudaina nagarik nai vedha xan arulai k dos dinu,जत्ती सकाई गरे पनि पछि तिनारु नै पावर मा आउँछन् अनि फेरि खुल्याउँ लुट्छन के गर्नु हामि नेपाली को कहिले वलो हुंदैन नागरिक नै वेधा छन् अरुलाई के दिनु  
1560,nepali janta haru hereko hereai,नेपाली जनता हरु हेरेको हेरेई
1561,sab ranmu haru chor hun,सबै रङ्मुहरू चोर हुन  
1562,yuba bichidai nari bichidai desh thau vumi bichidai law bichidai kathai hmro desh,युबा बिचैडै नारी बिचैडै देश ठाउँ वुमी बिचैडै law बिचैडै kathai हाम्रो देश  
1563,sabai randiko choro haru,सबै रण्डिको चोरहरू  
1564,inur lai police le yesto fix evidence hudani kina arrest gardena vanni kuro maile ajai thaa pauna sakena,इनुर लाई police ले यस्तो fix evidence हुडानी किन arrest गर्दैन भनी कुरो मैले अझै थाहा पाउन सकिन  
1565,namraj bk rukum hatya kanda ko barema ma ni banaunu indepth,नम्राज बक रुकुम हत्या काण्डको बारेमा म नि बनाउन् इनडेप्थ  
1566,yo ramesh lekhak ko ta tauko katera football khelna parcha sala chor harami,यो रमेश लेखकको ताउको कateri football खेल्न पर्दछ साला चोर हरामी  
1567,hey jhole haru kati ajhai congress yemale mawo vandai basxau,हे झोलेंहरू कति अझै congress यमैले मावो भन्दै बस्छौ  
1568,nepal bikas hudadai xa kp ba,नेपाल विकास हुँदै छ kp बा  
1569,auta immigration ko le malai bhitra jana diyeko 6ok liyeko thiyo,एउटा immigration को ले मलाई भित्र जान दिएको 6ok liyeko थियो  
1570,aha ayerw kam napaune kati xan xan,अहा आएरव काम नपाउने कति छन् छन्
1571,yestai cha nepal ma aba chai nepali janata sabaile le manche chinne bela aako cha herau 84 ma kati ko pariwartan garna sakincha yeo tri murthi hunjen nepal ma kai hune wala chaina chetana vaya jay nepal,यस्तै छ नेपाल मा अब चै नेपाली जनता सबैले ले मान्छे चिन्ने बेला आएको छ हेर्नु ८४ मा कति को परिवर्तन गर्न सकिन्छ यो त्रि मूर्ति हुनजेन नेपाल मा कुनै हुने वाला छैन चेतना भयो जय नेपाल
1572,ajhai pani yesta incident haru herew nepali haru yahi party haru kai pachi lagne ho vane ajhai kati aaune generation le development dekhna na paune hun,अझै पनि यस्ता incident हरु हेरेव नेपालीहरु यहाँ पार्टीहरु को पछि लाग्ने हो भने अझै कति आउने generation ले development देख्न न पाउने हुन्
1573,moli youtube bata monthly 10 lake  kamuna echa xa,मoli youtube बाट monthly १० लाख कमाउँछु
1574,youtube tricksideia denu paro daju,youtube tricksideia दिनु परो दाजु
1575,kandai kanda ko desh nepal sati ko sarap lagyako desh nepal,काण्डै काण्ड को देश नेपाल सति को साराप लागेको देश नेपाल
1576,download garirakham hai video delete huna sakxa,डाउनलोड गरिराखम है भिडियो delete हुन सक्छ
1577,nepal ma aba thulo andolan garnia parxa naya nepal hami yuba ley banaunai parxa electricity office testai dhosta urja mantri ko dada giri airport kanda ko faisala congress yi sabai thulo pati kharez garnu parxa congress uml ra mawaoist aba hami yuba ley andolan garnu parxa aauta date fix garera,नेपाल मा अब ठूलो आन्दोलन गर्नि पर्दछ नयाँ नेपाल हामी युबा ले बनाउनु पर्दछ electricity office testing दस्ता उर्जा मन्त्री को दादा गिरी airport काण्ड को फैसला congress यी सबै ठूलो पार्टी खारेज गर्नुपर्छ congress UML र Mawaoist अब हामी युबा ले आन्दोलन गर्नुपर्छ एउटा date fix गरेर
1578,tyo 9 hajar 5 jane madya ma pani eak hu hajur,त्यो ९ हजार ५ जना मध्य मा पनि एक हु हजुर
1579,nepali bhanna ni laaj lagni bhoo,नेपाली भन्न नि लाज लाग्ने भो
1580,visit visa kina kada gareko bhanda nepali bideshma alpatra parla bhanera haina baru paisa asulnalai rahecha,visit visa किन काडा गरेको भन्दा नेपाली बिदेशमा अल्पत्र परला भनेर होइन बरु पैसा असुल्नलाई रहेछ
1581,ramesh lekhaka le airport ko visibility ramro vayera daro landing hanexa,रमेश लेखक ले एयरपोर्ट को भिजिबिलिटी राम्रो भएर डारो ल्यान्डिङ हानेका  
1582,yesta chor haru lay garda desh khattam vaisako,यस्ता चोरहरु ले गर्दा देश खत्तम भएको  
1583,rabi dai mantri huda ni yasto chalkhal bhya ko hola but tapai rabi dai ko name linnu bhya na  k ho yasto,रबी दाइ मन्त्री हुँदा नि यस्तो छलखल भयो होला तर तपाईं रबी दाइ को नाम लिनु भयो न के हो यस्तो  
1584,yaa ramrai comment garne kunaina kunai kp ko jhole xan,यहाँ राम्रो कमेन्ट गर्ने कुनैना कुनै KP को झोलें छन्  
1585,yiniharu lai yemale le rihaa gardihalchha parsi ugra rup linu parchha,यिनीहरु लाई यमैले ले रिहा गरिदिन्छन् पारसी उग्र रूप लिनु पर्छ  
1586,ma isreal mai xu ani isreal aauna lai visa and everything huda hudai pani ghar farako thyo youi kanda ko reasons le po raixa aile taha vo,म इस्राइल मा छु अनि इस्राइल आउन लागि visa and everything हुँदा हुँदै पनि घर फराकै थियो यै कारण को reasons ले पो रहेको अहिले थाहा भयो  
1587,yo kahile rokinna nepal ma neta hos ya dale sap le napali bechi rakoxan n bechinxan pani,यो कहिले रोकिन्न नेपाल मा नेता होस् या दलै साप ले नेपाली बेचि राख्न न बेचिन्छन पनि  
1588,sala garib lai luto baso inarlai tw khukuri ley katda ni chitta bujhdaina,साला गरिब लाई लुटो बसो इनारलाई तु खुकुरी ले काट्दा नि चित्त बुझ्दैन  
1589,muji patrukar 12 bhai muji murra muji,मुजी पत्रुकर १२ भाइ मुजी मुर्रा मुजी  
1590,hjr mah tei saroj ho,HJR म तै सरोज हो
1591,7 surya 7 chhap yemale muji murdawad,७ सूर्य ७ छाप यमले मुजी मुर्दावाद  
1592,sansad bhawan ma screen rakhera yesto video haru dekhaunu parxa,संसद भवन मा स्क्रीन राखेर यस्तो भिडियो हरु देखाउनु पर्दछ  
1593,workingma aauda chahi hudain rahex visit bata matra lutne rahexan,workingमा आउदा चाहि हुंदैन रहेछ visit बाट मात्र लुट्ने रहेछन  
1594,kp chor desh chod,kp चोर देश छोड  
1595,shere chor desh chod,शेर चोर देश छोड  
1596,thukka mug mero desh yestaii para ho vane yene haru le desh bechdinxan hami janta jagnu paryo hamra bir purkha haru le ragat bagyera desh nepal vako ho ra kunai poni desh ma janta vanda thulo koii poni hunai sakdeina ma na rajabadi na kei badi just desh ko maya matra ho ra aaba desh ma paribartan ko khacho xa,ठुक्का mug मेरो देश यस्तैि पर हो भने यिनीहरु ले देश बेच्दिन्‌छन् हामी जनता जाग्नु परो हाम्रो बिर पुरखाहरुले रगत बगाएर देश नेपाल भएको हो र कुनै पोनी देश मा जनता भन्दा ठूलो कोइ पोनी हुनै सक्दैन म ना राजबादी ना केई बडी जस्ट देश को माया मात्र हो र अब देश मा परिवर्तन को खाचो छ  
1597,raaja aau desh bachau,राजा आउ देश बचाउ  
1598,chya yesto sunera nepal aaunai daar lagne k bijog ho desh ko,च्या यस्तो सुनेरै नेपाल आउनै दर लाग्ने कि बिजोग हो देश को  
1599,yo marnu nasakeka chor neta haru laii yeii paisaa mukh varii kocheraa maridinu parnee ho sala chor guu kha,यो मार्नु नसकेका चोर नेता हरु लाई यै पैसा मुख वरि कोचेरा मारिदिनु पर्ने हो साला चोर गू खा  
1600,yo desh sidhayo kp ba ra bahun karmachari haru lee haiii k garne,यो देश सिधायो kp बा र बहुन कर्मचारीहरु ले हैई कि गर्ने
1601,ho mero ni aakha agadi australia rw europe gaye pararasta mantralayebata document bando rexa  25 lakhs linxa ani 3 years ko visa lagdo rexa …tespaxi uta gayerw visa chance garne basneee,हो मेरो नि आँखा अगाडि अस्ट्रेलिया र्‍यु युरोप गए परारस्ता मन्त्रालयबाट डकुमेन्ट बन्दो रहन्छ २५ लाख लिन्छ अनि ३ वर्षको भिसा लाग्दो रहन्छ …तेसपछि उटा गएर्् भिसा चान्स गर्ने बस्ने
1602,budo le aba aauni 1520 pusta samma ko sampati jogai sakyo,बुढोले अब आउने १५२० पूस्तसम्मको सम्पत्ति जोड्न सक्यो
1603,aba anusandhan anusandhan khlera timepass nai ta garni ho,अब अनुसन्धान अनुसन्धान ख्लेर टाइमपास नै ता गर्ने हो
1604,rajinam chahiyo ramesh lekhak ko,राजीनाम चाहियो रमेश लेखकको
1605,yota manaw taskari hoina desh taskari ho,एउटा मानव टास्करी होइन देश टास्करी हो
1606,sana sana youtuber ko ko hunuhunxa yata hajir vyar yakle arakalai support garm haii,साना साना यूट्यूबरको को हुनहुन्छ yata hajir vyar याक्ले अरकलाई सपोर्ट गरम है
1607,budo haru 89 saal ajai power ma rahirayen vani nepal lai indiachina ko state bnauna ber chaina,बुढा हरु ८९ साल अझै पावरमा रहिरहन भने नेपाललाई इंडिया चाइना को स्टेट बनाउने बेर्ह छैन
1608,gaad tantra murdabad samidhanik rajtantra jinddabaddirect elected pm jinddabad,गाड तन्त्र मुर्दाबाद संविधानिक राजतन्त्र जित्दबद्दरेक्ट इलेक्टेड पीएम जित्दबाद
1609,dai ko vdo aagadi ta cid pani fail,दाइको भिडियो अगाडि त सीआईडी पनि फेल
1610,aba ta atti nai vayo kp prachanda ra sher bhahadur jasto chor haru lai j garda pani vai halxa ni vanya jasto vaisakyo janta ko akhai agadi corruption garda pani kasle kei garna sakdaina vanya jastai vai sakyo desh ma euta average manxe le din ma rs500 kamauna pani garo vai rako xa tara yo jasto chor haru le rs5000000 kamaune thukka yesto sarkar lai rajabadi andolan haina aba kp sher bahadur ra prachanda lai nikalna ra tini haru ko party lai banda garna chai andolan garnu parxa,अब तत्ति नै भयो केपी प्रचण्ड र शेर बहादुर जस्तो चोरहरु लाई ज गर्दा पनि वाई हुन्छ नि भन्ने जस्तो भयो जनता को आँखै अगाडि करप्शन गर्दा पनि कस्ले केही गर्न सक्दैन भन्ने जस्तै भयो देश मा एउटा एभरेज मानिसले दिन मा Rs ५०० कमाउन पनि गारो भयो राक्छा तर यो जस्तो चोरहरु ले Rs ५०००००० कमाउने ठूका यस्तो सरकार लाई राजाबादी आन्दोलन होइन अब केपी शेर बहादुर र प्रचण्ड लाई निकाल्न र तीहरु को पार्टी लाई बन्द गर्न चाहि आन्दोलन गर्नु पर्नेछ
1611,muji haru lae sab lae marnu parne yar,मुजी हरु लाई सबै लाई मर्नु पर्ने यार  
1612,yo mzi neta ko bolne tarika thik xaina,यो मजी नेता को बोल्ने तरीका ठीक छैन  
1613,video upload vako 8th day ma herdai xu khai kei banda vako xaina raixa ta,भिडियो अपलोड भएको ८ औं दिन मा हेर्दै छु खै केही बन्द भएको छैन रैछ ता  
1614,baru meta ko manxe le tero desh ma loktantra chaina bhanexa,बरु मेटा को मानिस ले तेरो देश मा लोकतन्त्र छैन भन्छे  
1615,dictatorship tira gai rako xa desh bolis ki talai saam daam dhanda bhed garera talai chup parxu yo khalko xa ahile ko hamro loktantra,डिक्टेटरशिप तिर गई राखो छ देश बोलिस कि तलाई साम दाम दण्ड भेद गरेर तलाई चुप पार्छु यो खालको छ अहिले को हाम्रो लोकतन्त्र  
1616,448 baulayo ki kya ho budo gawar,४४८ बाउल्यो कि क्या हो बुडो गवार  
1617,yo sab jhole haruko galtiho khatey haru veda jasari meta ta party ko paxi lagxa ani neta haru eti confidently lootna chorna ra pelna tira lagaira xa hamro deshko neta haru ko kei galti xaina jantako galti ho,यो सबै झोले हरुको गल्तीहरु खाए हरे वेला जस्तै मेटा त पार्टी को पछि लाग्छ अनि नेता हरु एटी कन्फिडेन्ट्ली लुट्न छोड्न र पेल्न तिर लागिराखेको छ हाम्रो देशको नेता हरु को केही गल्ती छैन जनताको गल्ती हो  
1618,note 655 darta huna ayenan suchikrit huna ayenan,नोट ६५५ दर्ता हुनु आएनन् सुचिकृत हुनु आएनन्  
1619,prithivi gurung khatey ko baan dimag nai navako manchhe na bolne dhanga chha information minister re yamale ho gaadtantra,पृथ्वी गुरुङ खाटेको बान् दिमाग नै नावको मानिस न बोल्ने ढंग छ इनफर्मेशन मिनिस्टर रे यमाले हो गाड्टान्ट्रा  
1620,switzerland bhanera nepal lai north korea banauna khojdei xan,स्विट्जरल्यान्ड भनेरै नेपाल लाई North Korea बनाउने खोज्दै छन्
1621,america ke ek danda diyesi chaal paucha yo buda le pani,अमेरिका के एक डण्डा दिएसी चालन पुग्छ यो बुढा ले पनि  
1622,khi kulkidaina vpn jindawad xa,खि कुलकिदैना vpn जिन्दावाद छ  
1623,ta muji acca ko promote garna akotero mukh dekha ta sala dekh dekhi bechne ma tero role xa sala ajhai consultancy lai promote garira xa tero mulh kukur sala,त मुझी अक्का को प्रोमोट गर्न अकोटेरो मुख देख ता साला देख देखि बेच्ने मा तेरो रोल छ साला अझै कन्सल्टेन्सी लाई प्रोमोट गरिरा छ तेरो मुलह कुकुर साला  
1624,yesta chikni raadiko baan ko kura sunda ni jutta fukera hirkai diu jasto lagne,यस्ता चिकनी राडीको बान को कुरा सुनदा नि जुत्ता फुकेरा हिर्काई दिउ जस्तो लाग्ने  
1625,nepali tw veda honi j garyni chup chap,नेपाली तव वेदा होनी ज गर्यनी चुप चाप  
1626,ban handay hunxa fb insta tiktok,बान हन्डै हुन्छ फेब इनस्टाग्राम टिकटक  
1627,jumra paryo vaner dhoti poler nangai hidna khojdai xa yo sarkar,जुमरा पर्यो भन्ने धोती पोलर नाङ्गै हिड्न खोज्दै छ यो सरकार  
1628,monetise eligible banauna goru dhak vanda dhamki thulo hinda kheri khutta lulo vanya jasto la thap 1 year diyea banned garera dekhau ta,मोनेटाइज एलीजेबल बनाउना गोरु ढाक भन्दा धम्की ठूलो हिँदा खेरि खुट्टा लुलो भन्ने जस्तो ला थप १ वर्ष दिए banned गरैरा देखाउ ता  
1629,social media lea garda aafno khane bato banda huna lage paxi noutanki dekhauxs,सोशल मिडिया ले गरे आफ्नै खानें बाटो बन्द हुन लागे पछी नाउटंकी देखाउछस  
1630,yesta mujiharu guu khane haru hookasari anyone yo sanchar mattress¿,यस्ता मुझिहरू गू खानें हरू हुकसरी anyone यो संचार mattress¿
1631,sushant pradhan podcast with dhurba lal shrestha just got deleted,सुशान्त प्रधान पोडकास्ट विथ धुर्व लाल श्रेष्ठा जस्ट गट डिलिटेड  
1632,baule pani banda garauna sakdaina,बाउले पानी बन्द गर्न सक्दैन  
1633,aafno banaune huti xaina jantale paisa tirera ramailo garda yo mampakhalai k ko tauko dukhya kasari lutne vanne matra xa vedaharuko,आफ्नो बनाउने हुटी छैन जन्तले पैसा टिरेरा रमाइलो गरदा यो मम्पखलाई के को टाउको दुख्या कसरी लुट्ने भन्ने मात्र छ वेधारुको  
1634,muji patrukar 12 bhai muji murra muji,मुजी पत्रुकर १२ भाइ मुजी मुर्जा मुजी  
1635,damba vaye bhanda garera dekhau vaneko poni kati baisakiyo garna sakne hoinameta lai poni taha cha hamro neta ko boli ko weight,डम्बा भए भन्दा गरेर देखाउ भनेको पोनी कति बइसकियो गर्न सक्ने होइनमेटा लाई पोनी ताहा छ हाम्रो नेता को बोली को वेट  
1636,yo muji harule kehi ramro kam garna sakdain tehi vayera natak ho ncell ko kar kaha gayo randiko baan khate,यो मुजी हरुले केही राम्रो काम गर्न सक्दैन तेही भएर नाटक हो नसेल को कर कहाँ गयो रन्डिको बान खाए  
1637,feri google chatgpt ma ta registered xiana dekhauxa tah,फेरि गूगल च्याटगप्ट मा त रजिस्टर्ड छैन देखाउछ ता  
1638,dui ota main characters xa ani bich ma vs ko sticker xa jun etikai available xa,दुई ओटा मेन क्यारेक्टर छ अनि बिच मा vs को स्टिकर छ जुन एतिका उपलब्ध छ  
1639,khali tax mathi dhyan muji netaharu,खाली ट्याक्स माथि ध्यान मुजी नेताहरु  
1640,yo mujii pritivi subba le pani gurung ko bejaat garyo chiknii,यो मुजी प्रितीवी सुभा ले पनि गुरुङ को बेइज्जत गर्यो चिक्नी
1641,tiktok got banned nepal lost billions,टिकटोक गेट ब्यान्ड नेपाल लस्ट बिलियनहरू  
1642,ee budaa aama haru le kei garne wala xainan chetana bhayaa,यी बूढा आमा हरु ले केही गर्ने वाला छैनन् चेतना भयो  
1643,politicians baje bajae jaru lai k matlab waha haru leta afno 10 pusta lai pugni dhan sangali sakenchan,पॉलिटिसियन बजै बजाए जरु लाई के मतलब वाहा हरु लेटा आफनो १० पुस्ता लाई पुग्न धन संगाली सक्नेछन्  
1644,kun adhar ma gurung ji mantri hunuvaxa,कुन आधार मा गुरुङ जी मन्त्री हुनुभएका  
1645,nepali laai peleko jastai bidesi laai ni pelchhu socheko hola d upper house laai social media kalo achhar bhaisi barabar,नेपाली लाई पेलेको जस्तै विदेशी लाई नि पेल्छु सोचेको होला डि अपर हाउस लाई सोशल मिडिया कालो अछर भैसी बराबर  
1646,balen ko facebook control garna chanxhan chor haru,बलें को फेसबुक कन्ट्रोल गर्न चाहन्छन् चोरहरू  
1647,kp oli le vedo banayo mantri gurung lai,केपी ओली ले भिडियो बनाएँ मन्त्री गुरुङ लाई  
1648,khas vannu parda tw tyo meta facebook le tireko kar le nepal lai kehi faida purako xaina neta ko bank balance badauna byake,खास भन्नु पर्दा त्यो मेटा फेसबुक ले टाइरेको कर ले नेपाल लाई केही फाइदा पुर्‍याउँदैन नेटाको बैंक ब्यालेन्स बढाउन बायके  
1649,nepal mai vayeko company haruko ta tax uthaun sakekai xain nepal le aafai banaunu parxa social media platform,नेपाल मा भएको कम्पनी हरुको ता टैक्स उठाउन सकेकै छैन नेपाल ले आफै बनाउनु पर्छ सोशल मिडिया प्लेटफर्म  
1650,n korea banna maan cha talai,एन कोरिया बन्न मन छ तलाई
1651,vpn xah tw natra chiniese platform chalamla data ko kalai matlab xa rw,vpn xah tw natra chiniese platform chalamla data ko kalai matlab xa rw  
1652,meta company ko gdp noii nepal vanda dherai xaa kaha manxaa tw bikari le vanne ko india le vanne vaye manni halthyoo,meta company ko gdp noii nepal vanda dherai xaa kaha manxaa tw bikari le vanne ko india le vanne vaye manni halthyoo  
1653,1 barsa chai band garnai parxa padhai bigri sako,1 barsa chai band garnai parxa padhai bigri sako  
1654,hyaaa pagale neta haru lai yesto basic knowledge nai xaina xyaaa kuiyeko sarkar,हyaa पागले नेता हरु लाई यस्तो basic knowledge nai छैन हyaa kuiyeko sarkar  
1655,messenger ko 100 rupis liyo bhane k garchau …,messenger ko 100 rupis liyo bhane k garchau …  
1656,kaya bata pani ghusss nai khani xa yo pagal lai,kaya bata pani ghusss nai khani xa yo pagal lai  
1657,ko ho ra yo muji yesle bhanne bitikai manne kunai thauma yeslai eklai bhetyo bhane janta le godnu parcha yesta laai,को हो र यो मुजी यसले भन्ने बिटाइकै मान्ने कुनै थाउमा यसलाई एक्लै भेट्यो भने जनता ले गर्नुपर्छ यस्ता लाई  
1658,baun neta matrai khattam vaneko ta gurung haru pni testai nai raicha,बाउन नेता मात्रै खत्तम भइसकेको ता गुरुङ हरु पनि टेस्टै नै रहेछन्  
1659,kin kin neta haru lae euta buss ma rakhera bomb hanera dadaunu parne,किन किन नेता हरु लाई एउटा बस मा राखेर बम हानेर दिदाउन पर्ने  
1660,yesta ghus khor neta lai nahepera koslai hepxa ta,यस्ता घुस खोर नेता लाई नहेपेरा कसलाई हेक्सा त
1661,metayoutube haru le costumer ko kura manxa naki yi ghus khor neta lai,मेटाउट्यूबहरु ले कस्टुमर को कुरा मान्छ नाकि यी घुस खोर नेतालाई  
1662,neta haru le luteko paisako k garne,नेताहरु ले लुटेको पैसा को के गर्ने  
1663,lutna ta ta chikne neta haru le nepali haru ko ragat chuse jastai paisa luteka xau timi haru laini lakhetne ho aba chadai sala kukur neta vanauda haru vrastey haru,लुट्न ता ता चिक्ने नेताहरु ले नेपालीहरु को रगत चुस्ने जस्तै पैसा लुटेका छन् तिमीहरु लिने लखेट्ने हो अब छदै साला कुकुर नेता भन्नेहरु व्रस्तेहरु  
1664,cmt herda ta nepal ko manxa haru lai gu nai khako hun jasto lagxa ho shame on you guys,cmt हेर्दा त नेपाल को मान्छेहरु लाई गु नै खाको हुन्छ जस्तो लाग्छ हो shame on you guys  
1665,ids solute bro malai tapaiko video sabai man parxa,ids salute bro मलाई तपाइको video सबै मन पर्छ  
1666,hami jati nei neta lai gali gare pani meta le nepal ma darta garera tax chai tirnu parxa sabai kura na neta galat hunxan vanne hudaina hami jasto cybersena kura nabuji uphrinxam,हामी जति नै नेता लाई गाली गरे पनि मेटाले नेपाल मा डरता गरेर tax चै तिर्नु पर्छ सबै कुरा न नेता गलत हुन्छन् भन्ने हुन्न हामी जस्तो cybersena कुरा बुझि uphrinxam  
1667,sana sana youtuber ko ko hunuhunxa yata hajir vyar yakle arakalai support garm haii tw,साना साना youtuber को को हुनुहुन्छ yata hajir vyar याक्ले अरकलाई support गरम है tw  
1668,yini haru le ta janata gwache haru nai hun hami le j bhanyo tei patyauxa sochne raixan feri kai kai janta pani gwanch nai ho jasto pani lagxa,यिनीहरु ले त जनता ग्वाच्छेहरु नै हुन हामी ले ज भन्यो तेइ पट्याउछा सोच्ने रैखान फेरि कै कै जनता पनि ग्वांच नै हो जस्तो पनि लाग्छ  
1669,thyakai 555 chirag dai lay news kailay dekhi halna lagayyy,थ्याकै 555 चिराग दाइ ले news kailay देखी हल्न लाग्यो  
1670,yesai ta janta vadki raxa,यसै त जनता वड्की राख्छ
1671,ajai afno khutta ma bancharo hanni kam gardai xan neta haru,आजै आफ्नो खुट्टा मा बनचरो हानि काम गरदै छन् नेताहरु  
1672,jhan bitthyai garna tamsexa,अझ भेट्टाई गर्न ताम्सेक्षा  
1673,tyati budhi vye po chor haru laimeta bata kasri paisa khana milxa vnne aim mtrai ho,त्यति बुद्धि भए पो चोरहरु लाइमेटाबाट कसरी पैसा खान मिल्छ भन्ने मात्रै हो  
1674,aukat chaina meta bann garchu rae,अवस्था छैन मेटा बन्न गर्छु रै  
1675,yoo budha harlaii k thaa k gardaa k hunxa vanerw,यो बूढा हरलाई के थाहा के गर्दा के हुन्छ भन्ने  
1676,dam nai vako jasto badha garni re,दम नै भएको जस्तो बाधा गर्ने रे  
1677,yo khate pagal lai katnu parxa,यो खाटे पागललाई काट्नु पर्दछ  
1678,sabai lai bidesh jaa vanya ho ki kasto hawa sarkar ho pagal jasto,सबैलाई विदेश जान भने हो कि कस्तो हावा सरकार हो पागल जस्तो  
1679,tiktok ban hudda khusi hune haru kata xan aja  aba thapauxas facebook instagram youtube ban huda,tiktok बन हुन्दा खुशी हुनेहरु कतै छन् आज अब थपाउछस facebook instagram youtube बन हुँदा  
1680,thukka laaj navako … sabai baru internet nai banda garde ani anada hunxa hola haina talai,ठुक्का लाज नवको … सबै नयाँ इन्टरनेट नै बन्द गरदे अनि अनाडा हुन्छ होला होइन तलाई
1681,yo pass huna nadim hai  sarkar khane ho tero barema bolna napaune vanera… jaa gayera north korea bas…j man layi tei garne raja vanda thulo maharaja banna khojne pass garera ta dekha na,यो पास हुन नदिम है सरकार खानै हो तेरो बारेमा बोल्न नपाउने भनेर… जाँ गएर North Korea बस…ज मन लाइ तेइ गर्ने राजा भन्दा ठूलो महाराजा बन्न खोज्ने पास गरेर त देख्न न
1682,esta haru ley galti bata sikey bhako bhako bhai ta nepal ka pugi sakthiyo,यस्तो हरु ले गल्ती बाट सिकेको भएको भाइ त नेपाल का पुञ्जी सक्थियो
1683,comment ta sabeile boulaune gareko raixa,कमेन्ट त सबैले बोलाउने गरेको रहेछ
1684,nepal ka mantri pradhan mantri kasaie bal nai didaina yar,नेपाल का मन्त्री प्रधानमन्त्री कसैले बल नै दिन्दैन यार
1685,facebook ra instagram ta ban nai hos vanxu,Facebook र Instagram त बन नै होस भन्ने
1686,bro editing tips dinu na,bro editing tips दिनु न
1687,yesta aanpadh harulai kasle mantri banaunxa muji bharastrachari haru,यस्तो अनपढ हरु लाइ कस्ले मन्त्री बनाउने मुजी भ्रष्टाचारि हरु
1688,desh kasari bikash garne ho tyo sochnu xaena yedi band vayo vaneni yesle bideshma kasari phone garne re,देश कसरी विकास गर्ने हो त्यो सोच्न सक्दैन यदि बन्द भयो भने यीले विदेशमा कसरी फोन गर्ने रे
1689,aekchoti garera ta herun ban tespaxi lageko ghata ra noksan dekhepaxi tha pauxan eni chor neta haru le,एकचोटी गरेर त हेर्नु बन तेसपछि लागेको घाटा र नोक्सान देखेपछी थाहा पाउछन एनि चोर नेता हरु ले
1690,yesle vanera hune ho auta nepal le nachalayara metalai k ko ghatapura duniyale chalairaheko xa,यसले भनेर हुने हो एउटा नेपाल ले नाचलाएर मेटलाइ के को घाटपुरा दुनियाले चलाइरहेको छ
1691,yeslai ta thoknu parne ho yesko face herne bittikai yesto ris uthxa malai,यसलाई त थोक्नु पर्ने हो यसको फेस हेर्ने बिट्टैकै यस्तो रिस उठ्छ मलाई  
1692,gurung neta pani ostae bheda haru,गुरुङ नेता पनि ओस्तै भेदहरू  
1693,nepali janta jasto sochira hola mantri jyu harule meta lai,नेपाली जनता जस्तो सोचिर होला मन्त्री ज्यूहरूले मेटालाई  
1694,ban garnu xito vanda xito… naternelai ban garnu parxa,बन गर्नु शितो भन्दा शितो… नटरनेलालाई बन गर्नु पर्दछ  
1695,tesko party maaa poisa terako ho kiii,उसको पार्टी मा पैसा तेरको हो किइ  
1696,banda gareko ramro generation nai bigrisako,बन्द गरेको राम्रो जेनेरेसन नै बिग्रिसकेको  
1697,yesko bolna sailii sunaa na katii risuthdoo,यसको बोल्न साइली सुन न कत्ती रिसुथडू  
1698,hami sano sano youtube channel hune haru eyk arkalai support gardoi jam hai sathi haru,हामि सानो सानो YouTube चैनल हुनेहरू एउट अर्कलाई सपोर्ट गरदै जाम हाइ साथीहरू  
1699,bhir mauri nepalko purba ma pani paixa gandaki ma mayrai paine hoina hamile sokukhumbu sankhuwasabha ma pani kadeka xaum,भीर माउरी नेपालको पूर्वमा पनि पैसा Gandaki मा मयैरा पाइने होइन हामीले सोखुम्बु संखुवासभा मा पनि कडेका छौं  
1700,maila 4 chamcha handa ni kei vayena,माइल ४ चम्मच हान्दा नि केही भएन
1701,same experience 2 chamcha maile pani tyo pani khali petma,सेम एक्सपीरियन्स 2 चाम्चा मैले पनि त्यो पनि खाली पेटमा  
1702,yo maha tw hami le barsama dui patak katxam aamdani tw teti hudaina tar ramailo lagxa ysto kam garda,यो महा ट्व हाम्ले बरसामा दुई पटक कट्छम आम्दानी ट्व तेति हुंदैन तर रमाइलो लाग्छ यस्तो काम गर्दा  
1703,bhane pachi tapai ko muhar pani dekhiyo,भने पछि तपाईंको मुहार पनि देखियो  
1704,jungle ma aago laune rukh dhalne mnxe haru ko najar jaoss,जङ्गलमा आगो लगाउने रुख ढाल्ने मानिसहरू को नजर जाओस  
1705,thumnail ramro hal bro that shit,थम्बनेल राम्रो हल ब्रोक त्यो शिट  
1706,k ko hamilai tha navaye jasto ekai xin ma aasar garxa original lethorai matra khada pani lastai danger hunxa kada hunxa,के को हामीलाई थाहा नवैए जस्तो एकै चिनमा असर गर्छा ओरिजिनल लेथोरै मात्र खडा पनि लास्टै डेंजर हुन्छ kada हुन्छ  
1707,vir maha yo aru thauma ne pauxa  bhojpur shankhuwasabha maile khayeko xu,विर महा यो अर्को ठाउँमा नै पाउँछा भोजपुर शंखुवासभा मैले खाएको छु  
1708,khasma insomnia vannuparne isomania vayexa,खासमा इनसोम्निया भन्नेपर्ने इसोमेनिया भयो  
1709,5 species of beecerena melifera dorsata floria laboriosa,5 स्पिसिज अफ बीसिरिना मेलिफेरा डोरसाटा फ्लोरिया लाबोरियोसा  
1710,muji patrukar 12 bhai muji murra muji,मुजी पत्रुकार 12 भाइ मुजी मुर्रा मुजी
1711,thumbnail le garda yeta xiriyo hai,थम्बनेल ले गर्दा यहाँ xiriyo hai  
1712,ruhi cenet ley ramro banako xa vdo yo barema,रुही सेन्ट ले राम्रो बनाएको छ भडो यो बारेमा  
1713,dai kinw thubnail change gardinu va yar,दाइ किन्व थम्बनेल change गर्नू भा यार  
1714,maile diusai 2 chamcha lagaideko thiye was epic,मैले दीउसै २ चमचा लगाइदेको थिए वस एपिक  
1715,thumbnail herera aaune kp kp ho,थम्बनेल हेरेर आउने kp kp हो  
1716,ma pani pagal vako 3chamach khayara puraii ka ho kak gareko jasto hunxa tyo fell vanna nai sakina malai ta khatra lagyo,म पनि पागल भएको ३ चमच खाएर पुरै का हो काक गरेको जस्तो हुन्छ त्यो fell भन्नै सकिन मलाई त खतरा लाग्यो  
1717,dai tapai ko edito tope hola tei bhayera kei nabhako,दाइ तपाईंको एडिटो टोप होला तेइ भएरै केही नभएको  
1718,brooo kg haina ltr holani 1156,brooo kg होइन ltr Holani 1156  
1719,dai kasari magauna milxa mad honey,दाइ कसरी माग्न सक्छ मड हनी  
1720,mad honey jabo sindhupalchok jau kati xa kati 1220 mathi tira,मड हनी जाबो सिंधुपाल्चोक जाउ कति छ कति 1220 माथि तिर
1721,150 rupe katlo overacting ke,१५० रुपैयाँ कट्लो ओभर्याक्टिङ के  
1722,ani sathy 2 chamchi ley 5 ghanta behos bhaideyko ho,अनि साच्चै २ चम्ची ले ५ घण्टा बसेको हो  
1723,dai lai balkhu ma dekhya the asti maile,दाइलाई बुल्कुमा देख्या थिए अस्ति मैले  
1724,karnali maa pani pauxa hai yo,कर्नालीमा पनि पाउछ यो  
1725,bhir mauri vanni bitikai sabai mad honey hudaina mad honey vaneko dherai high altitude ma matra huncha jaha dherai laligurans ra jangali bikhalu phool hunithauna,भीर माउरी भन्ने बिटिकै सबै मद हनी हुन्डैन मद हनी भन्ने डेरि हाई एटिट्युडमा मात्र हुन्छ जाहा डेरि लालीगुराँस र जङ्गली बिकहलु फूल हुन्छथुन  
1726,ganja pani yasari nai test garera video banaunu bro,गन्जा पनि यसरी नै टेस्ट गरेर भिडियो बनाउनु ब्रो  
1727,prakriti ko doohan government naalayeknormal people maa sustainably ko ramro gyan nahunu etc le mad honey nai loop hune wala xa,प्रकृतिको दोहन सरकार नालायकनर्मल पीपलमा सस्टेनेबलीको राम्रो ज्ञान नहुने आदि ले मद हनी नै लूप हुने वाला छ  
1728,hatar hatar ma thumbnail banaye jasto xa,हातर हातरमा थम्बनेल बनाए जस्तो छ  
1729,tarsera dhannai morina thumbnail dekhera,तरसेर धनै मोरिना थम्बनेल देखेरा  
1730,april fool manako hor maile dherai khayeko xu,अप्रिल फूल मनको होर मैले धेरै खाएको छु
1731,na ramro vanna chai khojako haina,न राम्रो भन्न चाहि खोजको होइन  
1732,voli thumbnail change garx muji pakklaa,वोलि थम्बनेल परिवर्तन गर्‍यो मुजी पक्क्ला  
1733,rez ma bahira halka dalers tanda dami huncha ki k ho,रिज मा बाहिर हल्का डालर्स टाण्डा दमि हुन्छ कि के हो  
1734,kripaya nasa janya padhartha ko sewan nagaram,कृपया नासा जान्या पदार्थको सेवा नगरम  
1735,yettiko chai hunu paryo hai,यत्तिको चाहि हुनुपर्छ है  
1736,yettiko chai hunu paryo hai,यत्तिको चाहि हुनुपर्छ है  
1737,all sudeep subedi haru react hanum ta guys,आल सुदीप सुवेदी हरु रिएक्ट हानुम ता गाइज  
1738,ekdam dhanyabaad janakari ko lagi,एकदम धन्यवाद जानकारीको लागि  
1739,nepal ma ghale gurung samudaya le matra chai hoina  yeha magar  chhantyaal  bahunchhetri  damai kaami sabaile hunt garchhan,नेपाल मा घले गुरुङ समुदायले मात्र चाहि होइन यहाँ मगर छन्त्याल बाहन्छेत्र दामै कामी सबैले Hunt गर्छन्  
1740,no bradar yo mero gau sangkhuwasabhamani tannai aauxa hami teslai vir mauri r maha pani bhanxou kati ho hakti hamileni kareko xou yolai,नो ब्रदर यो मेरोgau सङ्खुवासभामानी तन्नै आउँछ हामि त्यसलाई विर मौरि र माघि पनि भनौं कति हो हाक्ती हामीले गरेका छौं योलाई
1741,yo maile khayar 7 dina suteko suteii vayar hospital admit vako thiya,यो मैले खायार ७ दिन सुतेको सुतै भएर अस्पताल एडमिट भएको थियो  
1742,jai gorkha jai gorkha,जय गोरखा जय गोरखा  
1743,garba lagcha gorkhali hunuma,गर्भा लाग्छ गोरखाली हुनुम्‍ा  
1744,hamro paltan ko vc budo 48 gorkha rifle,हाम्रो पल्टान को वीसी बुडो ४८ गोरखा राइफल  
1745,khusi lagyo hamro gau ko laximan gurung vc ko story sunna pauda,खुशी लाग्यो हाम्रो गाउँ को लक्समान गुरुङ वीसी को स्टोरी सुनना पाउदा  
1746,yati dherai gorkhali daju vai laii feri nepal kai army ma bharti vayeko herna man cha sabai laurey gayeka harulai yai aafno desh ko army ma farkanu ma parxa,यति धेरै गोरखाली दाजु भाइ लाई फेरि नेपाल को आर्मी मा भर्ति भएको हेर्न मन छ सबै लरेय गएेका हरुलाई यै आफ्नो देश को आर्मी मा फर्कनु मा पर्दछ  
1747,garve le chhati fulyo from sirha lahan,गर्वले छाती फुल्यो from sirha लहान  
1748,paila ko gurung testa baliyo thiyee,पहिले को गुरुङ टेस्टा बलियो थियो  
1749,aailay ko gurung xakka jasto xa,आइल्य को गुरुङ खक्का जस्तो छ  
1750,esari dukha garera banaidiyeko abasar naya bharti hune bhai harule sadupayog garera nepali ko nam ucha rakhos sadhai,यसरी दुखा गरेर बनाइदिएको अवसर नयाँ भर्ति हुने भाइहरुले सदुपयोग गरेर नेपाली को नाम उच्‍च राखोस सधै
1751,esai gorkhali bhanne ta hoina raicha hait,यसै गोर्खाली भन्ने त होइन रैछ हाइट  
1752,euta hath le kasari reload garnu vayexa waha le majale bujhaunu paryo sir,एउटा हातले कसरी reload गर्नू भयो वाहा ले माजाले बुझाउनु पर्यो सर  
1753,sunda garba lagx tara k garnu netale garda sara nepaliko sir nihurauna badhya xan,सुन्दा गर्बा लाग्छ तर के गर्नु नेटाले गरे सारा नेपालीको सर निहुराउन बाध्य छन्  
1754,bolni saheli thik vayena,बोल्ने साथी ठीक भएन  
1755,guffai tw ho solti aafai gayera here jasto garera vanxatw,गफै त हो सोल्टी आफै गएर हेरे जस्तो गरेर भन्नट्व  
1756,yo channel ni aba hawa huna thalyo derai promotion haldai basxaa tesmathi yt ko chutai add jyau lagne,यो च्यानल नि अब हावा हुन थालेओ धेरै promotion haldai बस्छा त्यसमाथि yt को चुताई add ज्यूँ लाग्ने  
1757,aile ko jiudo laas vayeko nepali ko lagi bir gorkhali ko itihas ko auchitye xina,अहिले को जिउदो लास भएको नेपाली को लागि बिर गोर्खाली को इतिहास को उपलब्धि छैन  
1758,jai nepal jai gorkha,जय नेपाल जय गोर्खा  
1759,itihas hamro garva lagdo tara bartamaan ghinlagdo,इतिहास हाम्रो गर्व लाग्दो तर वर्तमान घिनलाग्दो  
1760,kera gadatatra vest chaiyo malai pani,केरा गडटात्र वेस्ट चाहियो मलाई पनि
1761,daine debre kk ho milayera pic hulum na,दाइने देबर के हो मिलाएर फोटो हुलुम न  
1762,uchai napuge pani army ma prawesh garne mouka paako hoina teti khera ko sasan ma rai limbu gurung magar lai umer napuge pani jabarjasti judda ma pathaune garthyo biswa yudda bata bachera aako harulai rittai pani nepal pathaune garthyoteti bela ko sasan chalaunele railimbu gurung magar harulai jabarjasti nepal bata bisthapit garnaalai saamatwra laginthyo ek hisable bechinthyo,उचाइ नपुगे पानी आर्मी मा प्रवेश गर्ने मौका पाएको होइन तति खेरा को सासन मा राई लिम्बु गुरुङ मगर लाई उमेर नपुगे पनि जबरजस्ती जुद्दा मा पठाउने गरियो विश्व युद्धबाट बचेर आएका हरुलाई रित्तै पनि नेपाल पठाउने गर्यो त्यो त बेला को सासन चलाउनेले रेलिम्बु गुरुङ मगरहरुलाई जबरजस्ती नेपाल बाट विस्थापित गर्नालाई सामथ्र्य लाग्थ्यो एक हिसाबले बेचिएको  
1763,kasko photo halya ho aakh tw xa tw budeskal ma pani ki mo galat ho,कसको फोटो हाल्या हो आँख तव छ तव बुडेस्कल मा पनि कि मो गलत हो  
1764,yh brother deshko current situation ko barema kei vedio banau yl history ko aawoshek xoin ahile,याह भाईर देशको करेन्ट सिचुएसन को बारेमा केही भिडियो बनाउ यल हिस्ट्री को आवाज छैन अहिले  
1765,sponsor herda alli gatilo rojnu paryo,स्पोन्सर हेर्दा अलि गतिलो रोज्नु पर्यो  
1766,sher bahadur thapa chhetri le pani vc pako xa usko ni video chahiyo,शेर बहादुर थापा छेत्री ले पनि वीसी पाएको छ उसको नि भिडियो चाहियो  
1767,phailey po nepal agaadi thiyodevelop hudai thiyovisionary and great leaders thiyenaaba k xa ra hamro desh ma corrupted neta haru ley desh bechera khaisakey,पहिले पो नै नेपाल अगाडि थिएडेभलप हुँदै थिएओभिजनरी एन्ड ग्रेट लिडर्स थिएनअबा के छ र हाम्रो देश मा करप्टेड नेता हरु ले देश बेचेर खाइसकेको  
1768,anfo janma bhumi ma kehi napena kehi bikash garina jatha buda le,आफ्नो जन्मभूमि मा केही नपेन केही विकास गरिना जथा बुढा ले  
1769,032 kera ganatantra ambo kati hasnu,०३२ केरा गणतन्त्र अम्बो कति हस्नु  
1770,sabai kura ta thikai xa tara churot kinna pathako chai alik pateuna garo vo tyo timema pasal ta thiyena hola hau gau ghar ma tei ni churot kinera khanthey hola ta,सबै कुरा त ठीकै छ तर चुरोट किन्ने पठाको चाहि अलिक पटेनु गारो भो त्यो तिमीमा पसल त थिएन होला हाउ गाउँ घर मा तेइ नि चुरोट किनेर खन्तेह होला त
1771,bhanbhagta gurung le ww2 ma eklaille dherai japanese haruko platoon paltan lai siddayera victoria cross vc paayeka the … thaman gurung le ni ww2 ma italy ko monte san bartolo bhanne paahaad bhari raheko german soldiers harusanga eklai ladera birgati prapta garera vc paayeka the… tyestai gaje ghale gurung ko le paako vc ko ni tyestai story xa … gurung harule paako vc haru herne ho vane elklaile 1 vs 200 jasto situations haru ma bahaduri ka saath ladera paayeka xan,भनभगत गुरुङ ले WW2 मा एकलैले धेरै जापानीहरुको प्लाटून पल्टन लाई सिद्धाएर विक्टोरिया क्रस (VC) पाएका थिए … थामन गुरुङ ले नि WW2 मा इटलीको मोन्टे सान बार्टोलो भन्ने पहाड भारी रहेको जर्मन सैनिकहरु सँग एकलै लडेरा बिरगति प्राप्त गरि VC पाएका थिए… त्यस्तै गजे घले गुरुङ को ले पाएको VC को नि त्यस्तै story छ … गुरुङहरुले पाएको VC हरु हेर्ने हो भने एकलैले 1 vs 200 जस्तो situations हरु मा बहादुरी का साथ लडेरा पाएका छन्
1772,ahile purai nepal bhari line jane samasya xa kulman hatey paxi nea lai gidha le masu luche jasri luchi ra xan yesko barema vdo banaunu paryo ani massive pressure dina ko lagi peaceful way k ho testo barema pani vandinu paryo yek thuki suki 100 thuki nadi jastai sab le pressure dim yeti bhati pressure dim ki teo luchne himmat ni nagarun,अहिले पुरै नेपाल भारी लाइन जाने समस्या छ कुलमान हतेय पछि नlea लाई गिदा ले मासु लुछे जस्तै लुछी र छन् यस्को बारेमा भिडियो बनाउनु पर्यो अनि म्यासिभ प्रेसर दिनको लागि peaceful way के हो त्यो बारेमा पनि भन्नु पर्यो एक ठूकी सुकी 100 ठूकी नदी जस्तै सबै ले प्रेसर दिन् यति भति प्रेसर दिन् कि तियो लुछ्ने हिम्मत नि नगरुन
1773,sabai purano purano story abho ta  content nai sidyo jasto chha,सबै पुरानो पुरानो story अबहो ता content नै सिध्यो जस्तो छ
1774,yo story lae english ma narration garno parxa taki bisawa le bujus gorkhali sena ko katha ra gatha,यो story लाई English मा narration गर्नो पर्‍यो ताकि विश्वास ले बुझुस् गोरखाली सेना को कथा र गाथा
1775,pahile ka gurung  1vs 200 lachiman gurung,पहिले का गुरुङ 1vs 200 लछिमान गुरुङ
1776,ahile ka gurung 1vs 3crore,अहिले का गुरुङ 1vs 3 करोड
1777,karna bahadur rana vc ko pani banaunu paryo,कारण बहादुर राणा VC को पनि बनाउनु पर्यो
1778,roy benavidez  lachhiman gurung,रॉय बेनाविडेज लछिमान गुरुङ
1779,haal ma vc baje lachhiman gurung kai paltan ma,हाल मा VC बजे लछिमान गुरुङ कै पल्टन मा
1780,muji patrukar 12 bhai muji murra muji,मुजी पत्रुकर 12 भाइ मुजी मुर्रा मुजी
1781,jai mahakali aayoo gorkhali,जय महाकाली आयो गोरखाली  
1782,jai nepal we are badass nepali citizens,जय नेपाल वी आर बैडास नेपाली सिटिजन्स  
1783,jai mahakali ayo gorkhali,जय महाकाली आयो गोरखाली  
1784,jai gurkha jai nepal and jai gorkhali,जय गुरखा जय नेपाल एंड जय गोरखाली  
1785,jai mahakalli aayo ghorkhali,जय महाकाली आयो घोरखाली  
1786,bullshit jotnu ma nepali haru lai sakdaina,बुल्कस jotnu मा नेपालीहरूलाई सक्दैन  
1787,sabai nepali gurungko bahaduri bata garva garchan  tara tyehi garva sanga kahile mattwali ta kahile chinese bhani hepinchan hami sabai nepaliko purkhale dherai ragat ra balidaan sanga aarjeko rajya ho nepal chetana bhayaa,सबै नेपाली गुरुङको बहादुरीबाट गर्व गर्छन् तर त्यही गर्व संग कहिले मट्टवाली त कहिले चाइनिज भनी हेपिन्छन् हामी सबै नेपालीको पुरखाले धेरै रगत र बलिदान संग अर्झेको राज्य हो नेपाल चेतना भएया  
1788,yestai content chaiyo sadhai negative content matrai halera vayena,यस्तै कन्टेन्ट चाहियो सधै negative कन्टेन्ट मात्रै halera vayena  
1789,ma aahile yehi india army ko 89 brigade punjab abohar bhanne thau ma xu,मा अहिले यही India army को 89 brigade Punjab आबोहार भन्ने ठाउँ मा छु  
1790,teyo statue dekhera malai ekdam proud feel hunxa,त्यो statute देखेरा मलाई एकदम proud feel हुन्छ
1791,hamro gorkhali blood ahelae eee randikobaan shrey oli prachanda madarchot dharti ko bojh kaliyug ko saitaan marna nasakeko syaal haru le swaha pardesake ahelae hami namard aam nepali desh vitra yetro kanda vastachar vaste systems le saaf parda ni hami maun,हाम्रो गोर्खाली ब्लड आएले ई रन्डिकोबान श्रेय ओली प्रचण्ड मदरचोट धरतीको बोझ कालियुगको सैतान मार्न नसकेको स्यालहरुले स्वाहा परदेशकै आएले हामी नमर्द आम नेपाली देश भित्र यत्रो काण्ड वस्ताचर वास्ते सिस्टमले साफ पर्दा नि हामी मौन
1792,dada tpai nauhalnu na pheri indian gorkha ma jana khojxan nepali uchaliyara,दादाजी तपाई नउहल्नु नापनि भारतीय गोर्खा मा जान खोज्नु नेपाली उचालिएर
1793,nepal ma garba garna layak ahile sena matra x jastyo lagx aru ta bharta vaisake,नेपाल मा गर्व गर्न योग्य अहिले सेना मात्र x जस्तै लाग्छ अरु त भारत वाइसेको
1794,daii bangladeshi illegal immigrants ma pani vdo chaiyo,दाई बंग्लादेशी अवैध आप्रवासीमा पनि भिडियो चाहियो
1795,hamilai hamri purano gorkhali power ko jaruri xa tara tyo vanda paila kp oliprachanda rw deuba lai marnu parxa,हामीलाई हाम्रो पुरानो गोर्खाली पावरको जरूरी छ तर त्यो भन्दा पहिले kp ओलीप्रचण्ड राउ देउबा लाई मार्नु पर्दछ
1796,pahile bidesh bata janta lai firta lau ani ahile nepal ko gdp kaha pugxa afai tha hunxa,पहिले विदेशबाट जनता लाई फिरता ल्याउ अनि अहिले नेपाल को GDP कहाँ पुग्छ आफै थाहा हुन्छ
1797,mo india bta ho tarw tpai molai replly dinu hola,म भारतबाट हो तर तपाई मलाई reply दिनु होला
1798,dherai bho ad thorai garnu paro,धेरै भो अझै थोरै गर्नुपर्छ
1799,ids dai kati ko ghumne thau chai banayo huh laj lagnu parne ho kura ma kun kun thau banayo ghumna lai huh paat ids,IDS दाई कति को घुम्ने ठाउँ चाही बनायो हुह लाज लाग्नु पर्ने हो कुरा मा कुन कुन ठाउँ बनायो घुम्न लाई हुह पाट IDS
1800,dai yo salo keto ko number leak garnu paryoo katai batalastai mooj masti gariraxa,दाई यो साला केटो को नम्बर लीक गर्नु पर्दछ कहाँबाटलाइ मज्जा मस्ती गरिराख्छ
1801,jaba samma rajtantra audaina yesto besya desh ma farkidaina,जबसम्म राजतन्त्र आउँदैन योस्तो बेश्य देश मा फर्किदैन  
1802,ai generated image khasai raamro dekhiyan,ai generated image खासै राम्रो देखिन्छ  
1803,map ma dhading nai xaina ta asto kam garna laaj lagdaina  kasari hunxa asto galti aama ko gali dinxu arko choti bata asto vayo vane,माप मा धादिङ नै छैन त यस्तो काम गर्न लाज लाग्दैन  कसरी हुन्छ यस्तो गल्ती आमाको गली दिन्छु अर्को चोटी बाट यस्तो भयो भने  
1804,dai hami la tw yaad vayo but kp chor rw teska sathi 3 head la yo lagu gara hamro desh ko bikash huntyo,दाइ हामी ला याद भयो but kp chor rw यसको साथी ३ हेड ला यो लगु गर hamro desh को बिकास हुन्थ्यो  
1805,euta satya ghatna ma adharit story xa jun pida dayek jiban ma bacheki didi hunuhunxa waha aaile husband last stage ma survive garirakhnu vako xa balyekal ma bebaha vayeko ni hooo,एउटा सत्य घटना मा आधारित story छ जुन पीडा दिएको जीवन मा बचेकी दिदी हुनहुन्छ वाहा अहिले husband last stage मा survive गरिराख्नु भएको छ बाल्यकाल मा बिहा भएको नि होoo  
1806,maachikne jole haru le bujne kaile vanya yo kura,माछिक्ने जलेहरु ले बुझ्ने कहिले भने यो कुरा  
1807,sadai history kotayera tei story lai derai face deeyera vanya xa okie thikxa yo pani nachaido tw haina tara pani aba tw yetro group xa you guys have,सदैव history कोटाएरै त्यो story लाई धेरै face दिएर भनेको छ okie ठीकछ यो पनि नाचैदो त होइन तर पनि अब त धेरै group छ you guys have  
1808,eauta video ‘raja mahendra’ ko barema banauna paryo dai,एउटा video ‘राजा महेन्द्र’ को बारेमा बनाउनु परो दाइ  
1809,dekheu gantatra le nepal lai kati faida vako x,देखेऊ गणतन्त्र ले नेपाल लाई कति फाइदा भयो x  
1810,muluki ain le samajik byastha ko bikaash ma kasto sahayata puryao vai clearly vanatw sudip vai,मुलुकि ऐन ले सामाजिक व्यवस्था को बिकास मा कस्तो सहायता पुर्यायो वाई clearly भन्नात्व सुदिप वाई
1811,late kings ram shas and mahendra were a gem for nepali economy growth raja haru ghamdi swarthi thiye ho hunxan pani kun raja lai afno kurchi maya lagdaina history ma alxender jasta king pani thiye duniya ko khun bagaka thiye still many people praise alexdender lol je jasto vayeni raja haru janta ko lagi teti seriouse navayeni afno desh border issue business international affairs ko kuro dherai bathaa aagadi thiye ahile chor neta janta xoda desh lagi kei gardainan afnai kurchi prayo cha tara jati nai cruel vayeni raja pala desh desh jastai thiyo,लेट किङ्स राम शास र महेन्द्र वर् अ ग्याम फोर नेपाली इकोनोमी ग्रोथ राजा हरु घम्दी स्वार्थी थिए हो हुन सक्छ पनि कुन राजा लाई आफ्नो कुर्सी माया लाग्दैन इतिहास मा अल्जेन्डर जस्ता किङ पनि थिए दुनियाँ को खुन बगाका थिए स्टिल धेरै मानिसहरूले अल्जेन्डर लाई प्रशंसा गर्छन् जस्तो भएनी राजा हरु जनता को लागि त्यो सिरीअस नभएनी आफ्नो देश border issue business international affairs को कुरा धेरै बटाहा अघि थिए अहिले चोर नेता जनता को छोड़ा देश लागि केही गर्दैनन् आफ्नो कुर्सी प्रयोज छ तर जाति नै क्रूल भएनी राजा पल देश जस्तै थियो।
1812,kukur dhoti ko puchar neta harule desh bechcha matra nepal ma french kranti ko aawasyak cha neta marnu parcha jahile janta marecha neta le moj garcha,कुकुर धोती को पूँछर नेताहरु देश बेच्छ मात्र नेपाल मा फ्रेन्च क्रान्ति को आवश्यक छ नेता मर्नु पर्छ जब जनता मारेछ नेता ले मजा गर्छ।
1813,ani teyo sabai company haru ahele xaina ta,अनि त्यो सबै कम्पनीहरु अहिले छैन त।
1814,last ma aafno photo rakhna jaruri thiyo tw,अन्त मा आफ्नो फोटो राख्न जरूरी थियो टु।
1815,nepalko sampurna bebasta ko samikaran angrej hrulai lease ma diyerasattama nepalko nikunja vitrako sabai ruk biruwabnya jntu pashupanchhi jadibutti khanij lagayet jalwayuakash space samet kukhyat apradi hrulai khana diyeraindian angrej hru pati khula sima rakhera bikriti badaudai laneykusasak hruko paisa note chhapera nepal bahek anya deshma velu lessnote faleraaba sidha budha jnma vumi ko notema buddhako tasbir rakherakuwaiti diner vnda mathi ko mulya rakhera bisulai chinaunu porchh,नेपालको सम्पूर्ण व्यवस्था को समीकरण अंग्रेजहरूलाई लीज मा दिएरासत्तामा नेपालको निकुञ्ज विट्राको सबै रुख बिरुवान्य जंतु पशुपन्छी जडिबुट्टि खनिज लगायेत जलवायुकाश स्पेस समेत कुख्यात अप्रदीहरूलाई खान दिएर भारतीय अंग्रेजहरू पत्ती खुला सीमा राखेर विकृतिबढाउँदै ल्याउनेकुससाक ह्रुको पैसा नोट छापेर नेपाल बाहेक अन्य देशमा वेलु लेस्नोट फलाएरआ बिदा बुढा जन्ममा भूमिको नोटमा बुद्धको तस्वीर राखेरकुवैत डिनर वन्डा माथि को मूल्य राखेर बिसुलाई चीनाउनु पर्दछ।
1816,kirat samaye vanne nai xaina nepal ma,किरात समय भन्ने छैन नेपाल मा।
1817,kirat rajya ta purba ma matra theo hola ta pura nepal nai vandine bro,किरात राज्य त पूर्व मा मात्र थियो होला त पुरा नेपाल नै भनिने ब्रो।
1818,aba tapailai artha mantri banaidim ramro bislesan,अब तपाईंलाई अर्थ मन्त्री बनाइदिन्छु राम्रो विश्लेषण।
1819,jhole ra ganatantra vaye samma deshma kei huney wala xaina bhrastachariharule chalako desh 100 yrs vanda paxadi gaisakyo,जहोले र गणतन्त्र भए सम्म देशमा केही हुने वाला छैन भ्रष्टाचारीहरूले चलाएको देश १०० बर्ष भन्दा पछाडि गइसकेको।
1820,ra vastachaari le nai deshko maya bikash garnu parcha vanne haraayo vanne dekhaayo,र बास्ताचारी ले नै देशको माया विकास गर्नु पर्छ भन्ने हेरायो भन्ने देखायो।
1821,mahendra raja vaneko sabai vanda dherai visions vayeko raja ko,महेन्द्र राजा भन्ने सबै भन्दा धेरै भिजन भएको राजा को  
1822,sathi timro video herna paisa tirnu parne ho ki nai,साथी तिम्रो भिडियो हेर्न पैसा तिर्नु पर्ने हो कि नयाँ  
1823,muji patrukar 12 bhai muji murra muji,मुजी पत्रुकार १२ भाइ मुजी मुर्रा मुजी  
1824,1958 haina 1942 dekhe ho public ko lagi kulla vako,१९५८ होइन १९४२ देखे हो पब्लिक को लागि कुल्ला वाको  
1825,naak le bolne banda gar bhai baki video thikai lagyo,नाक ले बोल्ने बन्द गर भाइ बाँकी भिडियो ठीकै लाग्यो  
1826,yei sunerw janxu pass hunxa ki,यै सुनेरव जान्छु पास हुन्छ कि  
1827,017 tyati bela india desh thiyena mughal empire thiyo hola india 1947 pachhi bhayeko ho desh,०१७ त्यति बेला इन्डिया देश थिएन मुघल एम्पायर थियो होला इन्डिया १९४७ पछि भएको हो देश  
1828,b s 2050 tira 14000 ko rin aja 90000 pratek nepali ko taukoma tyo pani tyo bela ko janasankhya aja bhanda kum huda,बी एस २०५० तिर १४००० को ऋण आज ९०००० प्रत्येक नेपाली को टाउकोमा त्यो पनि त्यो बेला को जनसंख्या आज भन्दा कम हुँदा  
1829,1028 shah ki malla  i mean 4 bhaag ma bibhajan gareko jayastithi malla le haina ra,१०२८ शाह कि मल्ल आई मीन ४ भाग मा विभाजन गरेको जयस्तिथि मल्ल ले होइन र  
1830,ati sabai huda pani kina ho khai yo neta ka gu haru le bujhdainan sala khatey vrastey haru,अति सबै हुँदा पनि किन हो खै यो नेता का गू हरु ले बुझ्दैनन साला खट्य व्रस्ते हरु
1831,921 choor randa ban haru riacha bichara hamro raja tribuvan,९२१ चोर रन्डा बन हरु रिआचा बिचरा हाम्रो राजा त्रिभुवन  
1832,raja aau desh bachaunara kasath 15 gatee jo jo sakxa kathmandu janu holajay nepal,राजा आउ देश बचाउनरा साथ १५ गेटी जो जो सक्छ काठमाडौं जानु होला जय नेपाल  
1833,radii timi haru nepal mai kei garum vhanxau aani add chai nepal na basum hai vhandaiii garxauu radi poisa nai chayeko xa sabai lai,रेडी तिमीहरु नेपाल मा के गरुम भन्नेछौ अनि एड् चै नेपाल न बसुम है भन्ने गरौं रेडि पोइसा नै चायेको छ सबैलाई  
1834,indepthstory bhrasta neta haru ko dhoti kholna paro india ma dhrubrathee ley godi ko khole jhai,इनडेप्थस्टोरी भ्रस्ट नेताहरुको धोती खोल्न परो इन्डिया मा ध्रुब्रथि ले गोडीको खोलै जस्तै  
1835,voli economic ko exam xa ya kura le sahayog garna sakxa,भोलि इकोनोमिक को परीक्षा छ या कुरा ले सहयोग गर्न सक्छ  
1836,samajik ko exam agi yo vdo vako vaye,सामाजिक को परीक्षा अघि यो भिडियो भएको भए  
1837,xito daii bhaat khnuu bolairaxaa,क्षितौ दाई खानु बोलिराखा  
1838,toh muji le nepal lai khatam parni vayoo yrr sochyaa xa tmile like view ko lagi taile k k gardai xa xyaa yrrr sochdai kasto lagxa yrr,तो मुझी ले नेपाल लाई खत्म पार्नि भयो यार सोच्या छ तिमीले लाइक व्यू को लागि तैले के गरदै छ यार् सोच्दै कस्तो लाग्छ यार्  
1839,hjr ko all contain herxu ramro lakxa manxe laai susuchit garnu hunca jo dherai ramro kam ho,हज्र को ऑल कन्टेन हेरौं राम्रो लाग्छ मान्छे लाई सुशचित गर्नु हुन्छ जो धेरै राम्रो काम हो  
1840,nepal ko janta sabai gwache hun yo desh bhandaina,नेपाल को जनता सबै ग्वाच्छ हुन यो देश भन्नैदैन
1841,desh lai kasari agadi badheune hola desh hamile kasari bachaune ra banaune hola,देशलाई कसरी अघि बढाउने होला देश हामीले कसरी बचाउने र बनाउने होला  
1842,online scam  like spodenet haru ko bare maa vdo banaunu paro dai,online scam जस्तै spodenet हरु को बारे मा भिडियो बनाउनु परो दाई  
1843,india pakistan war ko banauna paro,india pakistan war को बनाउने परो  
1844,vidhyarthi thi aaunu paryo abaa,विद्यार्थी थिए आउनु परो अबा  
1845,raja aau desh bachau ka gayota,राजा आउ देश बचाउ का गयोता  
1846,6 mahina ta 6uti hun6asarkar pni tastoi jayaj mag 6a vna pura gardaustudent ko ta matlab noi 6oena kosailoiaafno bacha private ma janta ko sarkari school24 sarkari school dharai ramro 6a baki khatam,6 महिना त 6उटी हुनसकर्छ सरकार पनि तस्तै जयजय माग 6आ वना पुरा गरदा student को त मतलब होइन 6ओेना कोसाइलोइआफ्नो बचा प्राइभेट मा जनता को सरकारी स्कूल24 सरकारी स्कूल धेरै राम्रो 6आ बाकी खत्म  
1847,15 dhs maina ko raixaa hait buda 600 rupees maina ko kaaha bata sakinxa haau,15 DHS माइनाको राइया हैट बुढा 600 रुपैयाँ माइनाको कहाँ बाट सकिन्छ हाउ  
1848,maile malai padaune teacher laini boldai gareko dekhe hai,मैले मलाई पढाउने teacher लैनी बोल्दै गरेको देखे हैं  
1849,rahat darbandiko teacher haru sabai rajnaitik niwikti xa pramad chaiiye mail garnus,राहत दर्बन्दिको teacher हरु सबै राजनीतिक नियुक्ति छ प्रमाद चाहिए मेल गर्नुहोस्  
1850,muji patrukar 12 bhai muji murra muji,मुजी पत्रकार 12 भाइ मुजी मुर्रा मुजी
1851,sikshyak mahasangh lai kati khuwayo tyo pani vannau,शिक्ष्याक महासंघ लाई कति खोज्यो त्यो पनि भन्नु
1852,pap lagla hai dai yesto na vannu 1818,पाप लाग्ला है दाई यस्तो न भन्नु १८१८
1853,kati thumbnail change gareko xkne  unsub handim,कति thumbnail change गरेको xkne  unsub handim
1854,padhane likhane ke umar me protest maari ja rahahi,पढ्ने लेख्ने के उमेर मा protest मारि जरा रही
1855,government school le vacancy khulauni vaneko dekhawati ko laagi maatra ho yo maile aafai le bhogeko tyo bela ma second year maa thiye ra maile teaching license ni nikaalisakeko thiye aafnai manxe lai ghusaauxakei mehenat nagarikana sthaayi teacher le paauni subhida paauni vaye kina padhna paryo kina bides jaanu paryo aafno manxe koi government school maa xa vanii paaihaalyo ta 3035 hajaar,government school ले vacancy खुलाउने भनेको देखावटीको लागि मात्र हो यो मैले आफै ले भोगेको त्यो बेला मा second year मा थिए र मैले teaching license नि निकालिसकेको थिए त्यो आफ्नै मान्छे लाई घुसाउछकै मेहेनत नगरिकाना स्थायी teacher ले पाउनी सुविधा पाउनी भए किन पढ्न पर्यो किन बिदेस जानु पर्यो आफ्नो मान्छे कोइ government school मा छ भने पाईहाल्यो त ३०३५ हजार
1856,ids ko sangathan matlab rastriya swatantra party ko jholey banne vaneko ta hola ni haina aaile kaa so called content creator haru sabai ghanti kaa ghanta ta ho ni uni haru le jasari bajayo tesai gari bajne,ids को संगठन मतलब राष्ट्रिय स्वाधीन पार्टी को झोलै भन्ने भनेको त होला नि होइन अहिले का so called content creator हरु सबै घण्टी का घण्टा त हो नि उनीहरु ले जसरी बजायो त्यसै गरी बज्ने
1857,sabai galti nepali janta ko ho  jatha nepal janta  sabai jhundera mare hunxa nepali haru wo,सबै गल्ती नेपाली जनता को हो जथा नेपाल जनता सबै झुण्डेरा मरे हुन्छ नेपालीहरु वो
1858,8 arb kai hoenachor tauke haru lai desh nikala garesi nepal ma enough money xa,८ अरब कै होएनाचोर टाउके हरु लाई देश निकाल गरेसी नेपाल मा enough money छ
1859,bishnu paudel prolly asked sexual favours and i doubt rsghuji panta,विष्णु पौडेल prolly asked sexual favours and i doubt rsghuji panta
1860,jaba samma shiriri batasai chalirahancha,जबसम्म शिरीरी बाटसाई चलिरहन्छ
1861,laxmi kishor subedi lai congress pyaro lageko jastai tmlai ni raja pyaro lagxa bhai tmi muji kam xainau paila manparne aaile khate lagxa tmi pani,लक्ष्मी किशोर सुवेदी लाई कांग्रेस प्यारो लागेको जस्तै तिमीलाई नि राजा प्यारो लाग्छ भने भाइ तिमी मुजी काम छैनौ पहिले मनपर्ने आइले खटे लाग्छ तिमी पनि  
1862,laat hanna parxa chor haru sala hami 12k ma kaam xa uni haru saab battha ra salary ma rama xa but educated euta nikaldaina chor teacher,लाट हन्ना पर्छ चोरहरू साला हामी १२K मा काम छ उनीहरू सबैबाट र सैलरीमा रम छ तर एज्युकेटेड एउटा निक्लदैन चोर टिचर  
1863,tshirt ma kp chor desh xod l,टीशर्ट मा KP चोर देश खोड ल  
1864,aaile yo bhayena tyo bhayena bhanera complain garne dherai youth xan  maximum student xan  but reality is politics maitighar ra samsad ma bhanda dherai college ma hunxa harek college ma jhola bokne jhole haru hunxan aba padelekhako manxe bhanuda jhola bokne haru jhola bokne ane desh ma yo bhayena tyo bhayena bhanera hunxa  simlpe fsu ko election ko time ma student le election ko lakhau kharcha garxa ane tyo paisa katai na katai kei na kei bata uthauxa pani yo corruption haina  yesto xa student ko halat ane bhanne bela chai yo bhayena ra tyo bhayena bhandai hidxan,अहिले यो भएन त्यो भएन भनेर कम्प्लेन गर्ने धेरै यूथ छन् अधिकतम स्टुडेन्ट छन् तर रियलिटी इस पोलिटिक्स माइटिघर र संसदमा भन्दा धेरै कलेजमा हुन्छ हरेक कलेजमा झोला बोक्ने झोलेहरू हुन्छन् अब पढेलिखेको मान्छे भनुदा झोला बोक्नेहरू झोला बोक्ने अनि देशमा यो भएन त्यो भएन भनेर हुन्छ सिम्पल FS यू को इलेक्शन को टाइम मा स्टुडेन्ट ले इलेक्शन को लखाऊ खर्चा गर्छ अनि त्यो पैसा कतै न कतै केही न केही बाट उठाउँछा पनि यो करप्सन होइन यस्तो छ स्टुडेन्ट को हालत अनि भन्ने बेला चै यो भएन र त्यो भएन भन्दै हिड्छन्  
1865,dasdhunga hatya kanda hatako ki youtube le hataideko,दशदुङ्गा हत्या काण्ड हतको कि यूट्यूब ले हटाएको  
1866,ahile nai andolan suru vaye hunethiyo,अहिले नै आन्दोलन सुरु भयो होइनथियो  
1867,yespali taw pkr bata ktm condom bechna jani ho thela ma,यसपाली ताव Pkr बाट KTM कन्डम बेच्न जानी हो थिएला मा  
1868,oli le first time ramro kura garya ho,ओली ले फर्स्ट टाइम राम्रो कुरा गरेँ हो  
1869,tetro arba ko ghotala garna sakni sarkar le sixak ko lagi paisa halna darauni,तेत्रो अरब को घोटाला गर्न सक्ने सरकार ले सिक्सक को लागि पैसा हल्न दारौनी  
1870,yo channel ko sabai video herxu kahile video herera baseko thiyena tara aaja yo video herrera haas uthyo siriri batash chalera,यो च्यानल को सबै भिडियो हेर्छु कहिले भिडियो हेरेर बसेको थिएन तर आज यो भिडियो हेरेर हाँस उठ्यो सिरिरी बत्ताश चल्दै
1871,protest na va ko vaya aaja slc sakintheo jau exam na ramro vako xa just pass matra hunxa jasto xa k garni aaba furtue testai ho la jasto xa,प्रदर्शन न वा को वया आज स्लc सकिन्छे जाउ exam न राम्रो वाको छ जस्तो छ क गर्ने आआ फुर्तु टेस्टै हो ला जस्तो छा  
1872,sabai mugi haru party kai jholey hun asaile raja aau des bachau nai thik ho,सबै मुगी हरु पार्टी को जहोलेय हुन्छ आशैले राजा आउ देश बचाउ नै ठीक हो  
1873,marnu parcha oli parchanda shera ra gagan lai,मरनु पर्छ ओली परचन्दा शेरा र गगन लाइ  
1874,muji kp chor desh chod,मुजी kp चोर देश छोड  
1875,siriri batashai chalyo ni tadatadada,सिरिरी बटाशै चल्यो नि तदतददा  
1876,afno bacha haru ni gov school mai padnu paryo 12 samma  gov job holders ko bacha haru sab lai,आफ्नो बाचा हरु नि गोव स्कूल मा पढ्नु पर्छ १२ सम्मा। गोव जाग होल्डर को बाचा हरु सबै लाई  
1877,oa vai timro pic heram ta,ओ vai तिम्रो पिक हेरम ता  
1878,feri pani samsamik gyan diyeko ma dherai dherai dhanybad,फेरि पनि सामसमिक ज्ञान दिएको मा धेरै धेरै धन्यवाद  
1879,tapai ko podway ko video lai bibek thapaliya le namajja sanga udayao tapailai pailo choti kosaile you tubey bhanyo raply di halnu mitho khal ko,तपाई को पोडवे को भिडियो लाई बिबेक थपलिया ले नमज्जा संग उदायो तपाईलाई पहिलो चोटि कोसैले यू ट्युब भन्छ्यो रिप्लाइ दी हल्नु मिठो खाल को  
1880,hamro school ko bare ma pani naramro aarop pare ko xa sachai arkai xa tyo sachai k ho sub ko agadi layra aaidina paryo hjr le kyai gardina paryo,हाम्रो स्कूल को बारे मा पनि नराम्रो आरोप परेको छ साँच्चै अर्को छ त्यो साँच्चै के हो सबै को अगाडि ल्याएर आइदिन पर्यो hjr ले किनै गर्दिन पर्यो
1881,chuppi don pani maryo hai mahodaya,चुप्पी दो पानी मरेो है महोदय
1882,mukundey ashok darji  aghori baba ko name xutyo,मुकुन्देय अशोक दरजी अगोरी बाबा को नाम छुट्यो
1883,bijay shahi lai maile chahi first choti herda nai yo boula ho vanethe testo muji boula lai pani hero samjhine chahi ardapagal nai ho,विजय शाही लाई मैले चही फर्स्ट चोटी हेर्दा नै यो बोल्ल हो भन्ने टेस्सो मुजी बोल्ल लाई पनि हिरो सम्झिने चही अर्धपगाल नै हो
1884,shiva kharel maila dai ni,शिव खरेल मेल्ला दाई नि
1885,hawa hawa hawa hawa vijay shahi,हावा हावा हावा हावा विजय शाही
1886,yesto cover garnu vanda pani ctevttu jasta le kina time ma result nikalna sakdaina vanera banaunu paryo specially ctevt 9 mahina vayo result aako xaina,यस्तो कभर गर्नु भन्दा पनि चेट्टु जस्ता ले किन टाइम मा रिजल्ट निकाल्न सक्दैन भन्ने बनाउनु पर्यो स्पेसली चेट्टु ९ महिनामा भयो रिजल्ट आएको छैन
1887,sachin pariyar ali sabai vanda dherai use garyako youtuber xa tes ma nam chi tha xaina tara usko youtube nam hello tv nepal vanney xa rw tesko kam vanakai viral manxey ko paxee laghney ho jasti ritu basneyt nikisha ani tyo viral jodi,सचिन परियार अलि सबै भन्दा धेरै युजर गरेका यूट्यूबर छ तेस मा नाम छ थाहा छैन तर उसको यूट्यूब नाम हेल्लो टिभी नेपाल भन्ने छ र तेसको काम वान्कै भाइरल मान्छेको पक्सी लाग्ने हो जस्तै रितु बस्नेति निकिषा अनि त्यो भाइरल जोडी
1888,yo video kt le harxan ki nai,यो भिडियो केट ले हर्षन कि नै
1889,chuppi wala pni marisakyo ni bro,चुप्पी वाला पनि मरेसकेको नि ब्रो
1890,in depth story bhai le ramro ramro samachar is wala video banau hai tmi ni haraulau aajkal afno anuhar dekhako wala dherai video banaudaechau kina hola,इन डेप्थ स्टोरी भाइ ले राम्रो राम्रो समाचार इस वाला भिडियो बनाउ है तिमी नि हेराउला आजकल आफ्नो अनुभव देखेको वाला धेरै भिडियो बनाउछौ किन होला
1891,bije sahi le create gareko hype lai aafu tira sift garera famous bhakoanxe ho,बिजे सही ले क्रिएट गरेको हाइप लाई आफु तिर सिफ्ट गरैरा फेमस भएकोछ हो  
1892,uskaai euta kurama khai kati video banisakyo… teslai ra tiktokyoutubey ko kaam lai k najar le farak dekhne viewers le ali quality edit ra boli ko confidence le matra k thik k bethik vanne haak paune hota creaters le aagadi badam hudainara,उसकोई एउटा कुरामा खै कति भिडियो बनिसकेको… त्यसलाई र टिकटक्युट्युबेको काम लाई क नजर ले फरक देख्ने भ्युअर्स ले अलि क्वालिटी एडिट र बोलिको कन्फिडेन्स ले मात्र क ठीक क बठिक भन्ने हाक पाउने हौटा क्रिएटर्स ले अगाडि बढ्दै जानुहोस्  
1893,728 khatey sala talai unsubscribed gare vayonet ko kutta raicha,७२८ खतेय साल तलाई अनसब्सक्राइब गरे वयोनेट को कुत्ता रैछ  
1894,aaba aarko patra sikri harayeko manxe hunxa,अब अर्को पात्रा सिक्री हराएको मान्छे हुन्छ  
1895,ukhu lai dherai nichodepaxi rus aauna xodxa,उखु लाई धेरै निकोडेपछी रस आउनु छोड्छ  
1896,bhat pakaune dawrale gharma dadelo lagxa,भात पकाउने दवारले घरमा दादेलो लाग्छ  
1897,kaha bata aauxan esta hawa kura haru,कहाँ बाट आउँछन् यस्तो हावा कुरा हरु  
1898,punya gautam kahele astaune ho khai,पुण्य गौतम कहिले अस्ताउने हो खै  
1899,sachi pariyar beluu baje lai marne  nai patrakar haru hunn yo sab dosh patrakar laai janxa,साचि परियार बेलु बझे लाई मार्ने नै पत्रकार हरु हुन्छ यो सबै दोष पत्रकार लाई जान्छ  
1900,vai net bata yo vdo herda dui choti net gayo,भाइ नेट बाट यो भिडियो हेर्दा दुईचोटी नेट गयो
1901,tara esari flaws sunairakhda kheri uta ashok darji ko inspirational changd pani include grnupartho,तर यसरी flaws सुनाएराख्दा खेरी उता अशोक दर्जी को inspirational changd पनि include गर्नुपर्‍यो  
1902,makkai bari daram daram hario kakro karam karam,मकै बारी दराम दराम हरियो कक्रो कक्रम कक्रम  
1903,gulmi tamgash bata koko hununcha,गुल्मी तामगश बाट कोको हुनन्छ  
1904,matokni maja ayo video herarw,माटोक्नी मजा आयो video हेरेर्‍व  
1905,muji patrukar 12 bhai muji murra muji,मुजी पत्रुकर १२ भाइ मुजी मुर्रा मुजी  
1906,chowmin wala ta aaile ghorahi ma xann,चाउमिन वाला त अहिले घोराही मा xann  
1907,yo hutututu padhne pgl le garda ghar maa kati gaali khayo manxey ko baccha yesto talent hamro chai kaam xaina vndai,यो हुतुतुतु पढ्ने पग्ल ले गर्दा घर मा कति गाली खायो मानिसको बच्चा यस्तो talent हाम्रो चै काम छैन भन्दै  
1908,content nai naveteko hau ids le,content नै नवेटेको hau ids ले  
1909,punya gautam ra mukunda ghimire le bahek sabaile bijay shahi khatra maneko thiye,पुण्य गौतम र मुकुन्द घिमिरे ले बाहेक सबैले विजय शाही खतरा मनेको थिए  
1910,chutiya bhagya chor ko ta naam sunna maan pardaina kukur ho tyo thhuuuuu,चुतिया भाग्य चोर को त नाम सुनना मान पर्दैन कुकुर हो त्यो थ्ह्ह्ह्ह्ह
1911,good example pani xan hai ashok darjikamla ghimire,गुड एक्साम्पल पनि खान है अशोक दार्जीकमला घिमिरे  
1912,j hunxa hamro nepal desh ma hunxa sab viral garne bhagya neupane mukhya bhumika xa hai content ko lagi j pani garne,ज हुन्छ हाम्रो नेपाल देश मा हुन्छ सबै वायरल गर्ने भाग्य न्यूपाने मुख्या भूमिका छ है content को लागि ज पनि गर्ने  
1913,mahodae hmro ghar ko side ma butwal sankhanagr dafe path ma euta kirana pasal ma kaam gardai xan,मोहोडै हाम्रो घर को साइड मा बुटवल संखानगर दफे बाट मा एउटा किराना पसल मा काम गरदै खान  
1914,tailey ni tehi gardai xas vai marisakeko manxey ko name liyera  jiudo huda ni content banyo after death pani,टैलेनी तेही गरदै छस् भाइ मारिसकेको मानिस को नाम लिएर जिउदो हुँदा नि content बन्यो after death पनि  
1915,ko ho tyo ambedkar vanne kina teskoo salik banakoo raja ko salik vatkauuxan bidesh ko banauxan kura uthaunu paryoo,को हो त्यो अम्बेडकर भन्ने किन तेस्को सालीक बनाको राजा को सालीक वट्काउक्सन बिदेश को बनाउसन कुरा उठाउनु पर्यो  
1916,tyo kalute lai juidai jalaunu parxa,त्यो कलुटे लाई जुदै जालाउन पर्दछ  
1917,yesta dherai xan susyasha khanal nani,यस्ता धेरै खान सुस्याशा खानल नानी  
1918,punya gautam sir ko bisau hajaru interview bata chani chani clip katera content banako rachau tara punya sir ko yeuta rau pani halleko chaina punya sir lai utar chadab ko barema sabai thaha chha but timile afule hatmukh jodna payau tara aja thaha vayo timro channel bakamfuse ho vanera,पुण्य गौतम सर को बिसाउ हजारु इन्टरभ्यू बाट छानी छानी क्लिप काटेरा content बनाको रचौ तर पुण्य सर को एउटा राउ पनि हालेको छैन पुण्य सर लाई उतर चडब को बारेमा सबै थाहा छ तर तिमीले आफुले हठमुख जोड्न पाएउ तर आज थाहा भयो तिम्रो च्यानल बकम्फ्यूज हो भनेर  
1919,durga parsai vai xutyo,दुर्गा पार्साई भाइ छुट्यो  
1920,kati tehi yeutai content haleko khali sachin bhelu bajey wala,कित्ती तेही एउटै content haleko खाली सचिन बहेलु बजे वला
1921,khoi ajkal hamro deshnei viral ko paxi lageko jasto xa,खोइ अहिले हाम्रो देश नै भाइरलको पछी लागेको जस्तो छ  
1922,urlabari ko chuppiwala pani astai sake,उरलबरीको चुपीवाला पनि अस्तै सके  
1923,aaile market ma lalaji aaunu bhayo raixa,अहिले मार्केटमा लालाजी आउनु भयो रैछ  
1924,waha pani yestai awasta ma dekhdaixu,उहाँ पनि यसै अवस्था मा देख्दिन्छु  
1925,sudeep bhaiya aap bohot aagey jaaogeywe all support you ids,सुदीप भाइया तपाईं धेरै अघि जानुगे वेल्ला support you ids  
1926,next bistarai bistarai bhaihalxa kina aatteko modiley tw namaskar garxa hamro rajalae,नेक्स्ट बिस्तारै बिस्तारै भाइहन्छ किन आत्तेको मोडेलि टु नमस्कार गर्छ हाम्रो राजाले  
1927,100 vanda kaam vako haru ek arka lai support garum,१०० भन्दा काम भएकोहरु एक अर्कालाई support गरुम  
1928,media hoina youtubey haru bhanam,मिडिया होइन यूटुबेकाहरु भन्नाम  
1929,kitt university justic for pratis saha,किट युनिभर्सिटी जस्टिस फर प्रतिस साह  
1930,malai thaha vaye anusar chuppi don pani bitisakeko ho,मलाई थाहा भयो अनुसार चुपि दोन पनि बितिसकेको हो
1931,aashok darji lai udhaharad didai ramro kura ko pane pramot garau na sir,आशोक दर्जी लाई उदाहरण दिएर राम्रो कुरा कोpane प्रामोट गरौं न sir  
1932,hjr le balla ai generated vanera rakhnu bhayexa khusi lagyo,hjr ले balla ai generated भनेर राख्नु भयो खुसि लाग्यो  
1933,thukka mula timiharu seto hattiko sikar garlau bhaneko yahata sano dumre musako paxi po lagi rako raixau,ठुक्का मुला तिमीहरू सेतो हत्तिको सिकार गरौं भन्ने यहाँ सानो डुम्रे मुसाको पछि पो लागी राखौं  
1934,aghori baba chhutechhan  content ekdum ramro chha,अगोरी बाबा छुटेका छन् content एकदम राम्रो छ  
1935,ini hru vnda tw hmro desh ko neta hru ek se ek namuna xan tw,इनि हृवन्दा तव हाम्रो देश को नेता हृ एक से एक नमूना छन् तव  
1936,lala ji crorepati ho pokhara ko mug haru tme haru vanda dhani xa samrat magar dai ko vlog ma gayera herrrr,लाला जी crorepati हो पोखरा को mug हरु तमेहरु भन्दा धनी छ सुम्राट मगर दाइ को vlog मा गएर हेर्छु  
1937,chaumin wala hei ghorahi traffic chok mai xa,चौमुईन वाला hei घोराही traffic chok मा छ  
1938,aafu pani tw paisa ma bikidi,आफु पनि तव पैसा मा बिकिनी  
1939,mediawala baggye neupane and sisir bhandari pani gayeep vaye ni,मिडियावाला बग्ग्ये न्युपाने र सिसिर भण्डारी पनि गएपनि भए नि  
1940,birkhe kami kata gayo baru,बिरखे कमी कतै गयो बरु
1941,hernu hos darshak bin yaha k vairacha hernu  janta kati pida ma chan,हेर्नुहोस् दर्शक बिना यहाँ के वाइराछ हेर्नु जनता किती पीडा मा छन्  
1942,hijo sansad baat paarit bhayeka bidheyak haru baare ni jaankari pauna ke kasta en kaanoon banauna lako rahechan euta ta mantri ra p m ko talabbhatta bare news padheko thye tara main stream media ko news haru mathi ratti biswas chaina tesma vaniyeko chha aba mantrip m le afno talab afai milijuli nirnya garera rajpatra baat prakashan garera sakine re ani sachai ko sewa garne doctor harulai chai talab bhatta yati bhanera number nai quote garera dine ani aja samma kehi gatilo gunstar ra asal kaam nagreko mantripm le chai afno talab aba afnai mantriparishadma mili juli jati mann layo teti rakhna sakne kaanon banna lageko chha yas bare jankari paye ramro hunthyo ki,हिजो संसद बात पारित भएको विधेयकहरू बारे नि जानकारी पाउन के कस्ता en कानून बनाउने लायक रहेछन् एउटा मन्त्री र p m को तालाबबाट बारे न्यूज पढेको थिए तर मेन स्ट्रीम मिडिया का न्यूजहरू माथि रत्ती विश्वास छैन त्योमा भनिएको छ aba मन्त्री m ले आफ्नो तालाब आफू मिलीजुली निर्णय गरेर राजपत्र बात प्रकाशन गरेर सकिने र अनि साचाई को सेवा गर्ने डाक्टरहरूलाई चाई तालाब बाट यति भनेर नम्बर नै quote गरेर दिने अनि आजसम्म केही गतिलो Gunstar र असल काम नगरेको मन्त्री m ले चाई आफ्नो तालाब aba आफ्नै मन्त्री परिषद्मा मिलीजुली जाति मन लायो त्यो राख्न सक्ने कानुन बन्न लायो भन्ने जankari पाए राम्रो हुन्थ्यो कि  
1943,kura k ho vane ni yo aba nepal ma kosoile pani rokhna sakhdaina punya gautam bijaya shahi jasto manxe kaina kai bata niskinxan,कुरा k हो भने नि यो aba नेपाल मा कोसैले पनि रोक्न सक्दैनन् पुण्य गौतम विजय शाह जस्तो मान्छे किन किन बाट निस्किन्छन्  
1944,rameo topic content xito xito lyaunu paryo,रमियो टपिक कन्टेन्ट एक्सिटो एक्सिटो ल्याउनु पर्यो  
1945,gulam ali kisan ali,गुलाम अली किसान अली  
1946,sakdaina ta kai garnu ane scope nai navayesi desh maa k garnu aama baba ko aash sabai hamro desh ko halat ley garda tyo expectations vako ho,सक्दैन त किन गर्नु अनि scope नै नभएसी देश मा k गर्नु आमाबाबाको आश सबै हाम्रो देश को हालत ले गर्दा त्यो expectations वाकै हो  
1947,but improve garna saknu huncha dai,but improve गर्न सक्नु हुन्छ दाई  
1948,kasto ramro subject lai liyera video banaunu vayo ekdam ramro lagyo dhannebad,कस्तो राम्रो सब्जेक्ट लाई लिएर भिडियो बनाउनु भयो एकदम राम्रो लाग्यो धन्यवाद  
1949,pleaseckeepbthis great worlk up sathi haru,please keep b this great work up साथीहरू  
1950,hamro samaj ma parents lai bhagwan ko darja dinxa  yo kura sahi ho vane afulai bhagwan ko barabar garnu xa vane bachha janmaidine then automatically hami bhagwan banxau yo kura le bachha lai kati mentally harassment hunxa kunai parents lai thaha nai hudaina mero father jaslai mero kunai matlab thiyena jahailay extra affair  mom lai jhahilay kutne  hamro agadi rakshi cigarettes khane  ghar auda jahilay television herera matra basne mom chai servent jastai sewa matra garne ahile ma 30 vaisake but still tehi behaviour xa now mero father ali birami xa ra malai feeling nai audaina uslai care garne kinaki malai jahilay ma sano huda jahilay birami or kunai accident huda kutai matra khayera hurkeko hu ma,हाम्रो समाज मा पेरेंट्स लाई भगवान को दर्जा दिन्छ यो कुरा सही हो भने आफुलाई भगवान को बराबर गर्नु सा भने बच्चा जन्मदिने then automatically हामि भगवान बन्छौ यो कुरा ले बच्चा लाई कति mental harassment हुन्छ कुनाई पेरेंट्स लाई थाहा नै हुँदैन मेरो Father जसलाई मेरो कुनै मतलब थिएन जहिले extra affair mom लाई झिलै kutne हाम्रो अगाडि राख्शी cigarettes खाने घर आउदा जहिलै टेलिभिजन हेरेर मात्र बस्ने mom chai servant जस्तै सेवा मात्र गर्ने अहिले मा 30 वाइसके तर स्टिल त्यो व्यवहार छ अब मेरो Father ali बिरामी छ र मलाई फीलिंग नै आउदैन उसलाई केयर गर्ने किनकि मलाई जहिलै मा सानो हुँदा जहिलै बिरामी र कुनै accident हुँदा कतै मात्र खाएर हर्केको हुँ मा
1951,muji patrukar 12 bhai muji murra muji,मुजी पत्रुकर १२ भाइ मुजी मुर्रा मुजी  
1952,dami yestai content chaiyo dai,दामि यसै content चाहियो दाई  
1953,hernus idp tapia le vanya sabai thik ho tara esma kasai ko galti pani xaina tapai le nai aafno bau ama ahile sam ma hug garni vako xa ra,हेर्नुस idp तपाईले भने सबै ठीक हो तर यसमा कसैको गल्ती पनि छैन तपाईले नै आफ्नो बाउ आमा अहिले सम्म मा हग गर्ने भएको छ र  
1954,mutu nai chuyota hou,मुटु नै च्यौटा होउ  
1955,bro tapai ko editing ramro xa kun software ma edit garnuhuncha,ब्रोक तपाईको editing राम्रो छ कुन software मा edit गर्नुहुन्छ  
1956,vayo 30 barsa aggi auunu partheyo yo video derri dhilo vaysako kam chaina,भयो ३० बर्ष अगाडि आउनु परेको यो video धेरै ढिलो वयस्को काम छैन  
1957,bahut ramro samajik samsya uthaunu bhayo,धेरै राम्रो सामाजिक समस्या उठाउनु भयो  
1958,jahile gaali khanchu mwyo jindagi ho,जहिले गाली खान्छु म्वयो जिन्दगी हो  
1959,lol using an indian thumnail,lol using an indian thumnail  
1960,option d nanu esto banau la vanera afai banaera dekhauthe,option d नानु यस्तो बनाउ ला भनेर आफै बनाएर देखाउथे
1961,pokhara airport kanda indepth ma nikalna paryo,पोखरा एयरपोर्ट काण्ड इनडेप्थ मा निकाल्नुपर्छ  
1962,aajh volii tw hmro gau ma kar ley vanda rahar ley bihey garxan ylll 14to 17 mh 23 ko ley kt naiii paudain tw,आजह भोलि त हाम्रो गाउँ मा कर ले वन्दा रहर ले बियाह गर्छन यिल्ल १४तो १७ मा २३ को ले कति छैन पाइदैन तव  
1963,tyo banaye lai banayai banako dekhera euta ghatna yaad aayo hamra sirle yeuta sathi lai gala ma sidhai chatkayeka thiye ye ra ai ko farak chuttauna nasakeko vanera,त्यो बनायेको लाई बनायै बनाएको देखेर एउटा घटना याद आयो हाम्रो सिरले एउटा साथी लाई गाला मा सिधै चट्केका थिए यि र ऐ को फरक छुटाउन सकिएको भनेरा  
1964,yestai yestai videos haruaaja,यस्तै यस्तै भिडियोहरु हेरौजा  
1965,deraii bhanaunu paro haii daju,धेरै भननु पर्छ है दाजु  
1966,torpe nepali parents vhanera dhoti ko thumbnail halxas,टोपे नेपाली पेरेन्ट्स भन्ने धोती को थम्बनेल halxas  
1967,kaskasko clz koteshor near xa,कस्कस्को clz कोटेशोर नजिक छ  
1968,tara aama bau ta bhagwan hainan ra vagwan le pani kai child psychology parenting sikna parxa ra hamle dunia sappai dekhexam vanxan hamro tira tadunia sappai dekheko manxe le kina sikna pareo parenting,तर आमा बाउ त भगवान हainan र वगवान ले पनि कै child psychology parenting सिक्न पर्छ र हामीले दुनिया सबै देख्छाम भन्ने हाम्रो तिर त दुनियाँ सबै देखेको मान्छे ले किन सिक्न पर्छो parenting  
1969,tara aajabholi xora xori ko adhaarma kasaile judge gardainan,तर आजभोलि छोर छोरी को आधामा कसैले जज गर्दैनन  
1970,sarai nai chitta bhujdo content,धेरै नै चित्त बुझ्दो कन्टेन्ट
1971,desh sankhya ghataune tarpha lagum,देश संख्या घटाउने तर्फ लागुं  
1972,hamro tira aile fon bata contact vaii lov parera baal bibah hune chalan dherai naii vadeko xa ra tespaxi bihe vko kei time paxi kasaiko paxcha hunxa kasaiko hudaina vya pani navya pani keti manxe ko age sanai vya pani teslaii vdayara bivinna khadi muluk haruma jane ko sankhya dherai vadeko xa smaj kata tira gairaxa bujnaii garo vairako xa 2 sake paxi bachelor padne haru ma pani hamro gau gharko student haruma 100 jana 4 5 janale matraii padeko painxa,हाम्रो तिर आएँ फोनबाट सम्पर्क भयो र बोलपरेर बाल विवाह हुने चलन धेरै नै बढेको छ र त्यसपछि विवाहको केही समयपछि कसैको पक्षा हुन्छ कसैको हुन्ना व्या पनि न्व्या पनि केटी मानिसको अगै सानै व्या पनि त्यसलाई वदाएर भिन्न खडी मुलुकहरूमा जानेको संख्या धेरै बढेको छ सम्झैटा तिर गैरआएको बुझ्नै गारो वाइरको छ २ सकेपछि bachelor पढ्नेहरूमा पनि हाम्रो गाउँ घरको स्टुडेन्टहरूमा १०० जना ४ ५ जना मात्रै पढेको पाइन्छ  
1973,dai see sakerw baseko students ko lagi eauta video banai dinuna jastai the corns of it study in nepal plz plz plz dai,दाई सी साकरव बसेको स्टुडेन्टहरूको लागि एउट भिडियो बनाइदिनु जस्तै द कॉर्न्स अफ इट स्टडी इन नेपाल प्लिज प्लिज प्लिज दाई  
1974,ani teachers protest ko vdo chai kaile banaune  shanti purna andolan violence navayerr nabanako kya ho video lagbag 1 mahina vaisakyo sarkari school banda vako  khoi ta awaj uthako,अनि टीचर्स प्रोटेस्टको भिडियो चै कहिले बनाउने शान्ति पूर्ण आन्दोलन भइयो र नभएको के हो भिडियोलगभग १ महिना भयो सरकारी स्कूल बन्द भएको खै त आवाज उठाको  
1975,desh xodne karand hajarau xan tara basne euta matra xa maya  bhannu hunthyo ahhfai bidesh janu vayexa ta dai,देश खोज्ने करण्ड हजारौं छन् तर बस्ने एउट मात्र छ माया भन्छु हुनथ्यो अह्फै विदेश जानु भयो ता दाई  
1976,desh xodne karand hajarau xan tara basne euta matra xa maya  bhannu hunthyo ahhfai bidesh janu vayexa ta dai,देश खोज्ने करण्ड हजारौं छन् तर बस्ने एउट मात्र छ माया भन्छु हुनथ्यो अह्फै विदेश जानु भयो ता दाई  
1977,desh xodne karand hajarau xan tara basne euta matra xa maya  bhannu hunthyo ahhfai bidesh janu vayexa ta dai,देश खोज्ने करण्ड हजारौं छन् तर बस्ने एउट मात्र छ माया भन्छु हुनथ्यो अह्फै विदेश जानु भयो ता दाई  
1978,desh xodne karand hajarau xan tara basne euta matra xa maya  bhannu hunthyo ahhfai bidesh janu vayexa ta dai,देश खोज्ने करण्ड हजारौं छन् तर बस्ने एउट मात्र छ माया भन्छु हुनथ्यो अह्फै विदेश जानु भयो ता दाई  
1979,desh xodne karand hajarau xan tara basne euta matra xa maya  bhannu hunthyo ahhfai bidesh janu vayexa ta dai,देश खोज्ने करण्ड हजारौं छन् तर बस्ने एउट मात्र छ माया भन्छु हुनथ्यो अह्फै विदेश जानु भयो ता दाई  
1980,desh xodne karand hajaru xa tara basne euta matra xa maya,देश खोज्ने करण्ड हजारौं छन् तर बस्ने एउट मात्र छ माया
1981,bhanu hunthyo ahhfai bidesh janu vayexa dai,भानु हुन्थ्यो अह्फै विदेश जानु भयो दाई  
1982,yo hawadari comments garne haruko cmt napadda hunxa,यो हावादारी comments गर्ने हरुको cmt नपड्दा हुन्छ  
1983,desh chodne karand hajarauxa tara nachodne maya ho bhanu hunthyo ahhfai bidesh janu vayexa dai,देश छोड्ने करण्ड हजारौंला तर नछोड्ने माया हो भानु हुन्थ्यो अह्फै विदेश जानु भयो दाई  
1984,thambnail tw kada cha tw,थम्बनेल ट्व कता छ ट्व  
1985,video regularly aaunu paryo dai malai ya tapaiko aawj na suni nindra na lagne bani vaisakyo,video regularly आउनु पर्ने हो दाई मलाई या तपाइको आवाज न सुनी निद्रा न लाग्ने बानी भइसकेको  
1986,25 barsa ko vaye  bihana 7 baje uthera kaam ma janchu  farkida 910 bajeko huncha  kei garchu nepal ma vanne josh cha but parents think i am a nalayak because falano ko choro le bidesh gayera yeti kamai sakyo  yeti pathai sakyo,२५ बर्षको भए बिहाना ७ बजे उठेर काम मा जान्छु फर्किदा ९१० बजेको हुन्छ केही गर्छु नेपाल मा भन्ने जोश छ तर पेरेंट्स think I am a nalayak because falano को choro ले विदेश गएर यति कमाइ सक्यो यति पठाइ सक्यो  
1987,yo video ma rakhiyeko ai generated image haru video haru praye sabai hamrai desko vayera unique vibe aayeko xa wow dherai ramro,यो video मा राखिएको ai generated image हरु video हरु प्रायः सबै हाम्रो देशको भएर unique vibe आएको छ wow धेरै राम्रो  
1988,dai tapai ko bhe vayo ki nai,दाई तपाइको भए भयो कि नै  
1989,dai roidim ki kya ho,दाई roidim कि क्या हो  
1990,aajavoli video herna majja aayena hai,आजावली video हेर्ना मज्जा आएन है
1991,vasta harko file dyam ki kolumna hau,वस्ता हर्को फाइल द्याम कि कोलumna हाउ  
1992,hijo varkharai deep sea ma ufridau gareko manxe hoina eni,हिजो वर्खरै डीप सी मा उफ्रिदाउ गरेको मान्छे होइन एनि  
1993,teacher andolan ko videoo halna paryoo,टीचर एन्डोलन को भिडियो हल्न पर्यो  
1994,hehe sab maile herisakya nepali filmharuko clip,हे हे सबै मैले हेर्सक्य नेपाली फिल्महरू को क्लिप  
1995,tarw dherai ramro lagxa tpiko content,तरु धेरै राम्रो लाग्छ टपिको कन्टेन्ट  
1996,option d if meero xora or xori le sodyo vani be real and j xa tei vanxu tyo ramro xa vani encourage xaina vani pani ajai ramro banauna encourage garxu naramro lai ramro xa oho wow vanera delusion ma rakhdina,option d if meero xora or xori ले सोध्यो भने बे रियल एंड ज एक्स तेइ भन्छु त्यो राम्रो छ भने इनकरेज गर्नुस् नराम्रो लाई राम्रो छ ओहो वाउ भनेर डिल्युजन मा राख्दिन  
1997,jambu kasmir ma vako attack ko pani vdo banauni paryo with details,जाम्बु काश्मिर मा भएको attack को पनि भिडियो बनाउनु पर्यो विथ डिटेल्स  
1998,aahile aafai gaun gaun bata uthayeara bidesh ma gaye  gaun gaun bata uthayeara hola aahile sapai gaun khali cha,अहिले आफै गाउँ गाउँबाट उठाएर विदेश मा गए गाउँ गाउँबाट उठाएर होला अहिले सापै गाउँ खाली छ  
1999,copyright lagxa ki nai fb ma upload garda,copyright लाग्छ कि छैन fb मा upload गर्दा  
2000,muji patrukar 12 bhai muji murra muji,मुजी पत्रुकार १२ भाइ मुजी मुर्रा मुजी
2001,nepal data harnu parxa bro yll data english ma vyo bro yll,नेपाल डेटा हर्नु पर्दछ ब्रो यल्ल डेटा इंग्लिश मा भयो ब्रो यल्ल  
2002,ralfa vanko tene belleko christain pastor hun,राल्फा वांको तेने बेल्लेको क्रिश्चियन पास्टर हुन  
2003,nepal ko etihas aaune bidi sabai lai thaha hunu parx,नेपाल को इतिहास आउने बिडी सबैलाई थाहा हुनुपर्छ  
2004,e sports jastai pubg mlbb haru ko pani pura dekhi aaile samma ko sab information samatera euta video banaunu pareo daii,ई स्पोर्ट्स जस्तै pubg mlbb हरु को पनि पुरा देखि आइले सम्म को सबै इनफर्मेशन समेटेर एउटा भिडियो बनाउनुपरेो दाई  
2005,yesto kaite content vanda bhandfor garne content banauna paryo bro yetro reach vako k kaam hamro desh ma kati brahma loot vairaxa so tyo kura chai public ma purauna jaruri xa,यस्तो कैते कन्टेन्ट भन्दा भन्दा फरक गर्ने कन्टेन्ट बनाउनुपर्छ ब्रो यत्रो रिच वाको के काम हाम्रो देश मा कित्ता ब्रह्म लूट भाइराख्छ so त्यो कुरा चै पब्लिक मा पुर्याउन जरूरी छ  
2006,tei vayraw hijo kp sir ko music neskyako raixa tei ne youtube add mah,तेइ भए्र्व हिजो kp sir को म्युजिक नस्क्याएको रैछ तेइ नै यूट्यूब एड मा  
2007,sudip dada bidesh janu vako raixa,सुदिप दादा विदेश जानु भएको रैछ  
2008,hjr lai email pathaudai xu kei feedback dinuhole,hjr लाई ईमेल पठाउँदै छु केही फिडब्याक दिनुहोला  
2009,purna janma ko bare pani vdo,पूर्ण जन्मको बारे पनि भिडियो  
2010,dai ko vdo kurera basne koko hunuhunxa,दाई को भिडियो कुरेर बस्ने कोको हुनुहुन्छ
2011,dai tapaiko video ko pratiksha ma hunxu sadai,दाई तपाइको भिडियो को प्रतिक्षा मा हुनेछु सधैँ  
2012,aba nya kranti chaheko x pheri nya prajatantra baikaipik nepali ummeduwar ko,अब नयाँ क्रान्ति चाहेको x फेरि नयाँ प्रजातन्त्र बाइकैपिक नेपाली उम्मेदवार को  
2013,ma aza rati natikaji ko r bhaneko x chati paharala le mero ma nepali ki xoro jhukdau najhukne lagayat nepali song sundai thiyee,मा अझ रात्रि नाटिकाजी को र भनिएको x चाती पहाराला ले मेरो मा नेपाली कि xoro झुक्दौ नझुक्ने लागायत नेपाली song सुन्दै थिएँ  
2014,ajai raja ko paloma bolna painthena vanera vram failauxan prachande kp serey ka geda haru le asari tha hunxaki neta ko akha j ma parxa tyo khokro parera chardinxan jastai ahi band lai tukrayo ani afai satta ma puge,अझै राजा को पलोमा बोल्न पाइँदैन भनेरा व्रम फेलाउसन प्रचण्डे kp सेरेय का गेडा हरु ले असरी थाहा हुनसकी नेता को आखा ज मा पर्छ त्यो खोक्रो परेर चर्दिन्छन जस्तै अहि बन्द लाई टुक्रायो अनि आफै सत्तामा पुग्यो  
2015,jeevan sharma ko barema pani astai video banaunuparyo,जीवन शर्मा को बारेमा पनि अस्तै video बनाउनुपर्यो  
2016,edit and events ko sequence haru jhan kada hudai gako xah haii,एडिट र इभेन्ट्स को सिक्वेन्स हरु भन्दा कदा हुँदै गएको छ haii  
2017,vagwan krishna le tei vayera bhavisya ma pradayam manusya ko lagi dherai labhdayik hunxa vanera vannu vako thyo ho rexa,भगवान कृष्ण ले त्यो भएर भविष्य मा प्रदेयम मनुष्य को लागि धेरै लाभदायक हुन्छ भनेरा वन्नु भएको थियो हो रेक्सा  
2018,balenshah podway ko chanbin hos dalal le khayo tesko paisa,बलेंसाह पोडवाय को चानबिन होस दलाल ले खायो तेस्को पैसा  
2019,ids le dhruv rathee ko copy garxa kyaho,आईड्स ले ध्रुव राठी को copy गर्छा कि हैओ  
2020,tyo myakadox suru ko news india le vanda chai suhayena,त्यो म्याकाडक्स सुरु को news india ले भन्दा छैन सुहायेन
2021,j maan lagyo tei bikau media,ज मान लाग्यो तेइ बिकाउ मिडिया  
2022,hola dai sabai kura pahila tha bhako ho,होला दाई सबै कुरा पहिले थाहा भएको हो  
2023,yo kathmandu ko manxe haru nai vedo xa koslai k vanne aru ta kalo dhuwa falne gadi lera hinxa majjale bato bato ma plastic ra kagaj jalaudai basxa berojgar haru kunai khali jagga xa vane tyaha sidai fohor falya hunxa asti jhamsikhel ko army ko quarter ho ki k ho tyaha bata kalo dhuwa falne gadi lera gairathyo army le nai kasto desh ma janmiyexu dikdar lagera auxa,यो काठमाडौं को मानिसहरु नै वेदो छ कोसलाई के भन्ने अरु त कालो धुवा फाल्ने गाडी लेरा हिँन्छ मज्जाले बाटो बाटो मा प्लास्टिक र कागज जलाउदै बस्छ बेरोजगारहरु कुनै खाली जग्गा छ भने त्यहाँ सिधै फोहोर फाल्या हुन्छ asti झम्सिखेल को आर्मी को क्वार्टर हो कि के हो त्यहाँ बाट कालो धुवा फाल्ने गाडी लेरा गैरेथ्यो आर्मी ले नै कस्तो देश मा जन्मिएछु dikdar लागेर आउँछा  
2024,aru ta kei haina ilam ko 147 thiyo bhanda acchamma lagxa,अरु त केही होइन इलाम को १४७ थियो भन्दा अच्छम्मा लाग्छ  
2025,dai aaja balla pani parera sab safa hudai xa,दाई आज बल्ला पनि परेर सबै सफा हुँदै छ  
2026,vehicle ma bs6 euro 6 noms strictly lagu hunu paryo india ma nabikeko lyeara nepal ma bechne haina,भेहिकल मा बीएस६ यूरो ६ नाम्स स्ट्रिक्टली लागु हुनुपर्छ इन्डिया मा नभिकेको लियर्या नेपाल मा बेच्ने होइन  
2027,543 aql bhayexa aqi ko satta ma,५४३ अक्ल भयो अकी को सट्टा मा  
2028,dhruv rathee ko video bata pravati chahi dekhinxa hai,ध्रुव राठी को भिडियो बाट प्रवति चाहि देखिन्छ है  
2029,tara pani eakdamai ramro bisayama video aayeko xa,तर पनि एकदमै राम्रो विषयमा भिडियो आएको छ  
2030,asti dhruv rathee le ni yestai video banko thiyo india ko barema,asti ध्रुव राठी ले नि यस्तै भिडियो बैंक थियो इन्डिया को बारेमा
2031,ok ekchoti ramrari sochera kura garam hai gaali garna bhanda agadi ekchoti sochnu hola ani creater ji pleade euts video banaidinus,ठीक एकचोटी राम्ररी सोचेर कुरा गरम है गाली गर्ना भन्दा अघि एकचोटी सोच्नु होला अनि creater जी pleade euts video बनाइदिनुस्  
2032,2 sukumbasi ugra bhayera yo solve hunai sakdaina sakdai sakdaina,२ सकुम्बासी उग्र भएर यो solve हुनै सक्दैन सक्दैन  
2033,5 thela lai regulate garne ki fyalne sabai thela haru back again,५ थेला लाई regulate गर्ने कि फ्याल्ने सबै थेला हरु back again  
2034,8 asti see ko din prachanda haru ko sabhaa ma road ma stsge banauda mahanagsr le tyo stsge lai fyalnu oarne thyo mildains road ma bhanera or aru kunai din garna bhannu parne cure tira haina pahila nai ramrari plan garnu parne,८ अस्ति सी को दिन प्रचण्ड हरु को सभा मा road मा stsge बनाउदा महाग्रस ले त्यो stsge लाई फ्याल्नु ओरने थियो mildains road मा भनेर ओर कुनै दिन गर्नुभएन भने परे cure तिर होइन पहिले नै राम्ररी plan गर्नुपर्छ  
2035,euta kura main chai balen ji corruption chai garnu hunna tetti jo but karmachari haru luteka lutei chan,एउटा कुरा मैन चै बलें जी corruption चै गर्नु हुँदैन तेत्टी जो but कर्माचारी हरु लुटेका लुटेइ छन्  
2036,maile hindi ma matra yo topic hereko thiye ra nepali daididi haru le kaile yes bishya ma kura garnu hunchha bhanera kuri rakhako thiye at last ids team le banaunu bhaiyo dhanayabad,मैले हिन्दी मा मात्र यो topic हेरेको थियो र नेपाली दिदीदीहरु ले कहिले यस विषय मा कुरा गर्न हुन्छ भनेर कुरा राखेको थियो at last ids team ले बनाउनु भयो धन्यबाद  
2037,radiko xora kp oli,रेडिको xora kp oli  
2038,finally pani parera halka kam bhayo yo pollution,फाइनल्ली पनि परेर हल्का काम भयो यो pollution  
2039,dhurav raathi baat vd copy past grex,धुराव राठी बाट vd copy past geryx  
2040,ddl hudai bajura wala content kahile aux sir,ddl हुंदै बजुरा वाला content कहिले आउँ sir
2041,1457 america ma aaja ko din ma 80 vehicle haru ev chan kata bata aaucha esto facts,१४५७ अमेरिका मा आजको दिन मा ८० व्हेइकलहरु एव चान कताबाट आउँछ यस्तो facts  
2042,bhai temro video ramro xa but voice khasei ramro xai na,भाइ तिम्रो भिडियो राम्रो छ तर voice खैसी राम्रो छैन  
2043,hamro nepal ma paral lai jalau daina baise haru lai dinxa,हाम्रो नेपाल मा paral लाई जलाउ दिना बाइसेहरु लाई दिन्छ  
2044,aafnai thau ma kei garthim,आफ्नै ठाउँ मा केही गर्छिम  
2045,ktm aauna parthena  hamro aawoj kasle sunxa ra nepal ma,ktm आउनु पर्ने थियो हाम्रो आवाज कस्ले सुनछ र नेपाल मा  
2046,kp oli vannne le 2018 mai ramro banauchu ane sansar ko sabai manche haru yahi aaera saas ferchan vanthiyo ta  jhut bolne lai gu khuwai deu na kasare ho,kp oli भन्ने ले २०१८ मा राम्रो बनाउछु अनि संसार को सबै मान्छेहरु यहाँ आएर सास फेरछन् भन्ने थियो त झुट बोल्ने लाई गू खुवाइ देउ न कसरे हो  
2047,hami le chai ke garna sakxam ta pollution control garna help ani construction company le ke garna sakxan ta minimize garna  ani kathmandu metro raw aaru submetro haru le ke ke garda aajha sahayog milxa,हामी ले चै के गर्न सक्छाम त pollution control गर्न help अनि construction company ले के गर्न सक्छन त minimize गर्न अनि काठमाडौं मेट्रो राउ अनि सबमेट्रोहरु ले के के गरदा अझ सहयोग मिल्छ  
2048,sabai india bata ko bhancha kosailey kosailey k bhancha j hos ahiley kaam bhaisakyo,सबै India बाट को भनच kosailey kosailey के भनच ज होस अहिले काम भयो  
2049,kati garo xa desh ma,कति गारो छ देश मा  
2050,nepali druv rathee dai,नेपाली ड्रुव राठी दाई
2051,talai pani durve rathe lay choyo bhai haha,तलाई पनि दुवे रथे ल्य चयो भाई हाहा  
2052,kp budo lung cancer le maros,केपी बुढो लंग क्यान्सर ले मारोस  
2053,balen nikal desh samhal,बलें निकाल देश सम्हाल  
2054,balen city vanyaa hoinar kathmandu,बलें सिटी वन्या होइनार काठमाडौं  
2055,machapokhari ko thagi dhanda expose garnu paryo,माछापोखरी को ठगी धन्दा एक्सपोज गर्नुपर्यो  
2056,balen le k gari basaxa kam xaina,बलें ले के गरि बस्छा कम छैन  
2057,muji patrukar 12 bhai muji murra muji,मुजी पत्रुकर १२ भाई मुजी मुर्रा मुजी  
2058,dhruv rathee ko jastai mildojuldo video banaunubhako xa videos sabai ramro xa tapiko,ध्रुव राठी को जस्तै मिल्दोजुल्दो भिडियो बनाउनु परेको छ भिडियो सबै राम्रो छ तपिको  
2059,bro tapai ko ad haru ma xot0 xoto vide0 raixa yeslai please fix garnu hos,ब्रो तपाई को एड हरु मा खोटो खोटो भिडियो रहेको छ यसलाई प्लिज फिक्स गर्नुस्  
2060,sunera na ramro lagyo biswo ko sundar desh ma 1 nepal nepal ane nature le vareko desh desh ma yati dharii pollution vaneko janta ko laparbahi badi nai vayako jasto lagxa malai chai nepali janta le aalai dimag lagaunu paryo,सुनेरै न राम्रो लाग्यो विश्व को सुन्दर देश मा १ नेपाल नेपाल अनि नेचर ले वारेको देश देश मा यति धारी प्रदुषण भइसकेको जनता को लापरवाही धेरै नै भएको जस्तो लाग्छ मलाई चै नेपाली जनता ले आलै दिमाग लगाउनु पर्ने
2061,pani parisakyo daii dhilo aayo video editor laii paisa time ma dinu paryo,पानी पारिस्क्यो दाई ढिलो आयो भिडियो एडिटर लाइ पैसा टाइम मा दिनु पर्यो  
2062,sir  544 ma aqi ko satta ma aql vayeko xaa thik garnuholaaa,सर ५४४ मा अकी को सट्टा मा अक्ल भएको छ ठीक गर्नुभोलाअ  
2063,dai hjr ko underrated channel tyo kantey neta haru samma pugni wala xaina tesaily aaba desh nai xoderw gaye sukhaa hunxaa,दाई हजर को अन्डररेटेड च्यानल त्यो कानेटा नेताहरु सम्म पुग्ने वाला छैन त्यसैले अब देश नै छोड़ेर गए सुख्खा हुनेछ  
2064,543 ma aql xa aqi hunu parne haina indepth dai,५४३ मा अक्ल छ अक्ल हुनु पर्ने होइन इनडेप्थ दाई  
2065,finally vdo chai aayo esoi topic maa vdo kojethe,फाइनल्ली भिडियो चै आयो एसोई टपिक मा भिडियो कोजथे  
2066,love from dhankuta hai sudip sudarshan dy,लभ फ्रम धनकुटा है सुदिप सुदर्शन डाइ  
2067,paisa sibae swizz bank tira hola,पैसा सिबाए स्विज बैंक तिर होला  
2068,malaii twh bhurup rathi ko jasto layo,मलाई त्वह भुरुप राठी को जस्तो लायो  
2069,kati ad rakhca yr harna pako caina 3 ta ad aai sakyo,कति एड राख्छ यार हरना पाको छैन ३ टा एड आइ सकेको  
2070,yo sav kp oli le garda bhako ho,यो सव केपी ओली ले गरे होला
2071,gazzab ko kura aayo hai,गज्जब को कुरा आयो है  
2072,manxe marera bag palna sakidaina  pm kp oli,मानिस मारेर बग पल्न सकिदैन पीएम केपी ओली  
2073,im from bardiya madhuwan nagarpalika daily basis ma tiger haru dekha pareko kura suni rako hunxu aafu le ni dekhya xu 2 patak they really need to be preserved,आइम फ्रॉम बर्दिया मधुवन नगरपालिका डेली बेसिस मा टाइगर हरु देखापरेको कुरा सुनि राख्नुहुन्छ आफुले नि देख्या छु २ पटक थिए रियल्ली Need to be preserved  
2074,rana raja khate haru le marera khako talai talai xaina,राणा राजा खाटे हरु ले मारेर खाएको तलै तलै छैन  
2075,bhutan jasati tannai desh ma 50 vanda badhi land area conserved gareko xa hamro vane 20 matra xa buffer zone jodera aajai land area conserve garna sakye 400 haina 1000 otai tiger atxa jungle pani preserve hunxa ani resources pani pollution ni kam vayo torism badhyo faidai faida,भूटान जस्तै तन्नै देश मा ५० भन्दा बढी ल्यान्ड एरिया कन्सर्भ गरेको छ हाम्रो भने २० मात्र छ बफर जोन जोडेर आजै ल्यान्ड एरिया कन्सर्भ गर्न सके ४०० होइन १००० ओटा टाइगर छन् जंगल पनि प्रिजर्भ हुन्छ र संसाधन पनि pollution नि कम भयो टूरिज्म बढ्यो फाइदा फाइदा  
2076,indepthstory nirmala hatyakanda ko barema ma kina hjur ley video garaunu vako xaina alli astinai ek jana manchey media ma aayera mailey dekheko xu name pani vannu sakxu vanera vaneko k tyo fake ho,इनडेप्थ स्टोरी निर्मला हत्याकाण्ड को बारेमा म किन हजुर ले भिडियो गर्नु भएको छैन alli अस्तिनै एक जना मानिस मिडिया मा आएर मैले देखेको छु नाम पनि भन्नु सक्नु हुन्छ भनेर भनिएको हो त्यो फेक हो  
2077,chutiya thumbnail ramro rakh oli le poisa deyo vandai ma manipulation garna na khoj,चुतिया थम्बनेल राम्रो राख ओली ले पैसा दिए भन्दै मा मैनिपुलेसन गर्न न खोज  
2078,k geda khanw bechnu machikni chor haru,के गेडा खाँव बेच्नु माछिकनी चोरहरु  
2079,narayan pokhrel hatyakand ko research pani garnu paryo,नारायण पोखरेल हत्याकाण्ड को रिसर्च पनि गर्नुपर्छ  
2080,first photo herda tw eauta tapai ley nai marnu vako xa tw,फर्स्ट फोटो हेर्दा तौ एउटै तपाई ले नै मर्नु भएको छ तौ
2081,jhund banayera haathi ma chadera banduk le baag maarera aafulai shaktishaali sochne kun murkha haru hun yi,झुण्ड बनाएर हात्तीमा चढेर बन्दुकले बग मारेर आफुलाई शक्तिशाली सोच्ने कुन मूरखा हुन् यी  
2082,380 ota maintain garer rakhne tyo vanda besi vayako khandama aru desh lai gift didanita hunxa ni,३८० ओटा मेन्टेन गरेर राख्ने त्यो भन्दा बढी भएको खण्डमा अरु देशलाई gift दिन्नता हुन्छ नि  
2083,vako deer badel haru chai neta harulai mardai khulauni ani anti campaign garera hunxa,भएको डियर बदलहरू छन् नेताहरूलाई मर्दै खुलाउने अनि anti campaign गरेर हुन्छ  
2084,bagh ko jansankhya badhayera matrai hudaina niyantran ni huna paryo yeh mujii hoo yaha bardiya ma baagh aatanka lye manchye trasitt chan tyesma nih media ra sarkar ko dhyaan jaaaosss,बाघको जनसंख्या बढाएर मात्र हुंदैन निyanत्रण नि हुनुपर्छ यहीं मजी हो यहाँ बर्दिया मा बाघ आतंक लिएके मान्छे ट्रान्सिट छन् त्योमा निहि मिडिया र सरकारको ध्यान जानुहोस्  
2085,tiger diplomecy anusar aru dsh harulai bagh upahar dine garam diplomatic relation pani ramro hune xa,टाइगर डिप्लोमेसी अनुसार अरू देशहरूलाई बाघ उपहार दिने गरम डिप्लोमेटिक रिलेशन पनि राम्रो हुने छ  
2086,dai ayuta bagh kinnu paryo ani balla ghar ma din dinai massu painxa,दाई एउटा बाघ किन्नुपर्छ अनि बल्ल घरमा दिनदिनै मासु पर्छ  
2087,bro giddha nepal ma kina harayo,ब्रो गिद्दा नेपालमा किन हरायो  
2088,kp chor desh xod,केपी चोर देश खोड  
2089,oli ko ghr ma ni auta bagh xordinu prxa,ओलीको घरमा नि एउटा बाघ छोड्नुपर्छ  
2090,bro explained class eights english books chapter,ब्रो एक्सप्लेन्ड क्लास एट्स इङ्लिश बुक्स चैप्टर
2091,yo baagh haru use garera sabai neta ra tauke haru lai attack garey hunthyo,यो बाघहरू उसले गरेर सबै नेता र टाउकेहरूलाई attack गरेँथ्यो  
2092,giraffes zebra exchange mahangga bhan muji kp oli lai,जिराफ zebra exchange महंगो भन मुजी केपी ओलीलाई  
2093,ani kp baa letw 100 vye pugx vnthe,अनि केपी बालेट १०० वय पुग्यो भन्छे  
2094,daii yrr mero gau maa ni baag aauxan,दाई यार मेरो गाउँमा नि बाघ आउँछन्  
2095,oli ko party le poisa deyo kya ho bagh rakhnu hunna vanera,ओलीको पार्टीले पैसा दिए kya हो बाघ राख्नु हुँदैन भनेर  
2096,timro kura sunda testai bujenxa ta,तिम्रो कुरा सुन्दा टेस्टै बुझिन्छ ता  
2097,manxe bhanda ramro ta tiger xa,मान्छे भन्दा राम्रो त tiger छ  
2098,bagh ko population badaayera saab nepali lai sakhap paarney aarko rana niti hoki,बाघको population बढाएर सबै नेपालीलाई साखाप पार्ने अर्को रण नीति होकी  
2099,k naapxau bhai kulman gayesi raati vari line gaxa,के नाप्छौ भाइ कुलमान गएसी राती भरी line गाछ  
2100,muji patrukar 12 bhai muji murra muji,मुजी पत्रकार १२ भाइ मुजी मुर्जा मुजी
2101,aah dai yaha siyal ra vedo ko sankhiya dherai vai sako,आह दाइ यहाँ सिअल र वेडोको सङ्ख्या धेरै भए सक्यो  
2102,animal planet hera jasto bhayo dai nepali ma,एनिमल प्लानेट हेर्न जस्तो भयो दाइ नेपाली मा  
2103,but trump lae usaid ko fund rokda khusi hunae nepali dekhya chu,बट ट्रम्प ले उसाइडको फन्ड रोक्दा खुशी हुने नेपाली देख्या छु  
2104,jati dherai vaye ni khai kaile dekhinna sauraha jada,जति धेरै भए नि खै कहिले देखिँदैन सौराहा जादा  
2105,dhungaidhunga ko pokharima aauta sano suun k nai dekhiela rah daju,ढुङ्गैढुङ्गाको पोखरीमा एउटा सानो सून क नै देखिएला राह दाजु  
2106,yo ta purano video jasto xa paila pani yehi channel ma upload vako thiyo jasto lagyo,यो त पुरानो भिडियो जस्तो छ पहिले पनि यही च्यानलमा अपलोड भएको थियो जस्तो लाग्यो  
2107,bikash hudeixa hamiley khoje jati aawashya vayeko xaina tara hudei navako ta haina ne tyai vayera bikalpa ma raja haina ramro khojau,विकास हुडैन्छ हामीले खोजे जति आवश्यक भएको छैन तर हुडै नवको त होइन नै त्यै भएर विकल्पमा राजा होइन राम्रो खोजौं  
2108,baag vanda siyal ko sankhiya dherai vayo aba,बग वन्द सिअलको सङ्ख्या धेरै भयो अब  
2109,desh andol maa tapai tigers ko new lyaune,देश आन्दोलनमा तपाईं टाइगर्सको नयाँ ल्याउने  
2110,936 bagh jane thau haina tyo mathi bata rel ko chat banne xa ra tala bata gadi janxa,936 बाघ जाने ठाउँ छैन त्यो माथि बाट रेलको चट बन्ने छ र तलबाट गाडी जान्छ
2111,cub ko sato damaru nai thik hunthyo hola ani ama ko sato mau vaneko suhauthyo ki,कुप को साता दामरु नै ठीक हुन्थ्यो होला अनि आमाको साता मौ वनेको सुहाउथ्यो कि  
2112,aaba sun ko price gatdai xa vanni halla xa kehi details jankari garai dinu paro,अबा सुन को प्राइस गट्दै छ भन्ने हल्ला छ केहि डिटेल्स जानकारी गराई दिनु परो  
2113,1 mahina aghadi ma aafaile baag dekheko jungle ma sal ko paat tipna jada,१ महिना अघि मा आफैले बग देखेको जंगल मा साल को पात टिप्न जादा  
2114,sudip bro ni achel mukh dekhauna thalnu vayecha ta  glow up hune waiting ma hunudo raicha kyaa,सुदिप ब्रो नि अचेल मुख देखाउन थाल्नु भएछ ता ग्लो अप हुने वेटिङ मा हुनुदो रहेछ क्याँ  
2115,damaru bhannu bhanda cubs bhannu parne,दामरु भन्नु भन्दा कुप्स भन्नु पर्ने  
2116,kp baa lhai desh batw nikalne upayh k k hun sabai lhe comment garnhu hai kpbaadeshnikala,केपी बा ल्है देशबाट निकाल्ने उपाय क क हुन सबैले कमेन्ट गर्नहुं है केपीबादेश्निकला  
2117,8 baje nai kina ahile upload grnu ni,८ बजे नै किन अहिले अपलोड गर्नू नि  
2118,ma afai ma hindu vayeta pani dosro buda malai man parena,म आफै मा हिन्दु भएता पनि दोस्रो बुढा मलाई मन पर्दैन  
2119,upendra yadav thiyena ni k bolya yesto halka research garnu paryo sir,उपेन्द्र यादव थिएन नि के बोल्या यस्तो हल्का रिसर्च गर्नुपर्यो सर  
2120,raja aaunu parxa pardaina paxi time situation anusar thaha hola but ahile yo neta haru le j garira xa tyo north korea ma pani xaina hola ani hitler ko pala ma pani thiyena hola ahile tottally dicatorship chalaira xa governement le kunai pani sector ma kahi pani 0000 khusi hune thau delko xaina ahile ko government le kp oli 4 choti  sere 5 choti prachanda 4 choti pm vaye k chahi paiyo ahile samma ma pani jhole nai thiye but its toooooooooooooooooooo much now hamile kei na kei garnai parxa if hoina vane aaba ko 57 barsa ma nepal country nai kunai businessman or country lai lease ma dina bahek option hudaina nepal nai narahe hami nepali kaha rahula  ma ek jhole thiye aaba time aaayo kei garnai parxa hoina vane yahi neta ko gu khana ni line lagera ni paidaina lekhera rakh ma jastai jhole haru,राजा आउनु पर्छ पर्दैन पछि टाइम सिचुएसन अनुसार थाहा होला तर अहिले यो नेता हरु ले ज गरिरा छ त्यो नर्थ कोरियामा पनि छैन होला अनि हिटलर को पालामा पनि थिएन होला अहिले टोटल्ली डिक्टेटरशिप चलिरा छ गभर्नमेन्ट ले कुनै पनि सेक्टर मा कही पनि ०००० खुशी हुने ठाउँ देखको छैन अहिले को गभर्नमेन्ट ले केपी ओली ४ चोटी सेरे ५ चोटी प्रचण्ड ४ चोटी पीएम भए के चाहि पाएँ अहिले सम्म मा पनि झोलै नै थिए तर इट्स टुयू टुयू टुयू टुयू टुयू टुयू टुयू टुयू टुयू टुयू मच नाउ हामीले केही न केही गर्नै पर्छ यदि होइन भने अबाको ५७ बर्ष मा नेपाल कन्स्ट्री नै कुनै ब्यापारीक या कन्स्ट्री लाइ लीज मा दिन बाहेक अप्सन हुंदैन नेपाल नै नरोह हामि नेपाली कहाँ रहुला मा एक झोलै थिए अब टाइम आयो केही गर्नै पर्छ होइन भने यहि नेता को ग खाना नि लाइन लागेर नि पैदैन लेखेर राख मा जस्तै झोलै हरु
2121,yo patrakar ghus khako xa real kura gareko xaina,यो पत्रकार घुस खाको छ रियल कुरा गरेको छैन
2122,but durga prasai ko pajero haina toyota hilux hola jsto layoo,बट दुर्गा प्रसाई को पाजेरो छैन टायोटा हिलक्स होला जस्तो ल्याउ
2123,3207 mwrnu darayera bhageko bhan naw aao aao,३२०७ मिटरु डराएर भागेको भन नआओ आओ
2124,sailung doramba case ko barema ni banauna paryo k raxa janna ichya lagyo,सेलुङ दोरम्बा केस को बारेमा नि बनाउनु पर्छ कि राक्ष जन्न चाह्या लाग्यो
2125,desh ko istiti dekherah kasto ruwanchanwhen will this end kati jana marnu parni ho ajai tin jana neta ko plan hola yo titarbitar garauna,देश को इस्तिति देखेराह कस्तो रुवांचन जब यो अन्त्य हुन्छ कति जाना मरनु पर्ने हो अझै तीन जना नेता को योजना होला यो टिटरबिटर गर्न
2126,ra ajja samasya jatil bhayo vane,र अझै समस्या जटिल भयो भने
2127,janta le ajai dhukha bhayo vane,जनता ले अझै दुखा भयो भने
2128,hamilai raja ya mantree haina hamilai eak ramro leader chaiyoo,हामीलाई राजा या मन्त्री छैन हामीलाई एक राम्रो नेता चाहियो
2129,arko akramand neta haru ko ghar ma hunu parxa,अर्को अक्रमण नेता हरु को घर मा हुनु पर्छ
2130,1630 aandolankari haru discipline mai thiye aandolan ma ghuspaith bhayekai ho bhanne bujhiyo,१६३० आन्दोलनकारी हरु डिसिप्लिन मा थिए आन्दोलन मा घुसपैठ भएको भन्ने बुझियो
2131,patak haru paisa khayera aandolanma sarbasadharan lagayera aafno faida ko ladne haru sabbai lai jail halnu parxa vote halne belama yinai aandolan garne harule paisa ra masubhat ma vote bechchan,पटक हरु पैसा खाएर आन्दोलनमा सबैसाधारण लगाएरा आफ्नै फाइदा को लड्ने हरु सबैलाई जेल हाल्नु पर्दछ वोट हालेको बेला यिनै आन्दोलन गर्ने हरुले पैसा र मुसाबत मा वोट बेच्छन्  
2132,youth haru niskina paryo k guyshamro baau haruko palo sakisakyo yrr youth haru vaye tw yesto naramro kaam pani hudaina holawe need youth leader and youth power,youth हरु निस्किन पर्यो क गाइशम्रो बाउ हरुको पालो सकिसक्यो यार youth हरु भए त यस्तो नराम्रो काम पनि हुन्न होला we need youth leader and youth power  
2133,karachi yesari sab jana bewasta gardai bidesh hidyo vaney k huney ho,कराची यसरी सबै जना बेवास्ता गरदै बिदेश हिड्यो भने के हुने हो  
2134,bharu army shashan lagu garera naya yuva neta lai chhani election garai kasto huncha hola,भरु आर्मी शासन लगाएर नयाँ युवा नेता लाई छानी election गराई कस्तो हुन्छ होला  
2135,bharu army shashan lagu garera naya yuva neta lai chhani election garai kasto huncha hola,भरु आर्मी शासन लगाएर नयाँ युवा नेता लाई छानी election गराई कस्तो हुन्छ होला  
2136,bharu army shashan lagu garera naya yuva neta lai chhani election garai kasto huncha hola,भरु आर्मी शासन लगाएर नयाँ युवा नेता लाई छानी election गराई कस्तो हुन्छ होला  
2137,bharu army shashan lagu garera naya yuva neta lai chhani election garai kasto huncha hola,भरु आर्मी शासन लगाएर नयाँ युवा नेता लाई छानी election गराई कस्तो हुन्छ होला  
2138,aafno pramadhipati ko rakshya garna na sakne army,आफ्नै प्रमधिपति को रक्षा गर्न न सक्ने आर्मी  
2139,grihamantri ra pm le rajinama diyera sabai sang maaf magnu parxayedi garena vane srilanka ma jhai khedaunu parxa,गृह मन्त्री र पीएम ले राजीनामा दिएर सबैसँग माफ माग्नु पर्दछ यदि गरिएन भने श्रीलंका मा जस्तै खेद्नु पर्दछ  
2140,khun umlera auxa yr sunda k garna sakinxa ra,खुन उन्मेला आउँछ यार सुन्दा के गर्न सकिन्छ र
2141,ramro leader vayera deshko samasya samadhan garxab hola ki vanyo jantalai uchalyaxan jhulus lyaka xan corruption testai garya xan politics ko nam j man lagyo tei garya xan,राम्रो लिडर भएर देशको समस्या समाधान गर्न सक्छ होला कि भने जनता लाई उचाल्याङ झुलुस ल्याका खान भ्रष्टाचार टेस्टै गर्या खान राजनीति को नाम ज मन लाग्यो तेइ गर्या खान।  
2142,kaslai man hudaina ra aafnai deshma basne kei garne tara samayanai yesto hudaixa ki matribhumi  deshbhakti vanera matra hudaina manxe vayesi papi petlai pani palnu parxa ajha hamro samajma ta ek janale purai pariwar lai hernu parxa nepalma kam nai napaiyeko ta haina tara aile ko samayama yo mahangi ma 1520000 ko jagirle aafno pariwar dhannu muskil parxa bideshma gayera ni hami nepali lai kahako ghumne kursima basera khane jagir kaha dinxan ta tara j jsatai kam gareni ali badhi paisa ta hunxa aafno pariwar lai hernu sakne,कसलाई मन हुंदैन र आफ्नै देशमा बस्ने केही गर्ने तर समय नै यस्तो हुन्छ कि मात्रिभूमि देशभक्ति भनेर मात्र हुंदैन मानिस भएसी पापी पेटलाई पनि पल्नु पर्दछ अझ हाम्रो समाजमा त एक जना ले पुरै परिवार लाई हेर्नु पर्दछ नेपालमा काम नै नपाएको त छैन तर अहिले को समयमा यो महंगो मा 1520000 को जागिरले आफ्नै परिवार धन्नु मुस्किल पर्दछ विदेशमा गएर नि हामी नेपाली लाई कसको घुम्ने कुरसीमा बसेर खान जागिर कहाँ दिन्छन त तर जस्तै काम गर्ने अलि बढी पैसा त हुन्छ आफ्नै परिवार लाई हेर्न सक्ने।  
2143,k hudaixa k yo deshma dherai ta kei hoina sirf auta samanya jiwan jiunalai padhai pura gayera imadari ka sath auta samanya jagir khayera pariwar palnu paihos vaneko tara tyo pani aile deshko yesto halatle garda sambhab xa jasto xaina sahanu kati sahanu dhairya kati garnu aamabuwa rogale ra vokale marnu lagda pani desh ko halat yesto xa mahangai testai vrastachar testai dhani jhan jhan dhani ra garib jhan jhan garib hudaixan ani yo sab dhekhera kasari deshmai basxan nepali haru badhyatale vayeni bideshma vada majhera  toiet safa garera vayeni kamayera aafno pariwar lai ramro khana ra launa dina pareko xa,के हुन्छ कि यो देशमा धेरै त केही होइन सिरफ एउटा सामान्य जीवन जिउनलाई पढाई पुरा गएर इमान्दारी का साथ एउटा सामान्य जागिर खाएर परिवार पल्नु पाइहोस भन्नेको तर त्यो पनि अहिले देशको यस्तो हालतले गर्दा सम्भव छ जस्तो छैन सहनु कति सहनु धैर्य कति गर्नु आमाबुवा रोगले र वोकाले मर्नु लाग्दा पनि देश को हालत यस्तो छ महंगाई टेस्टै भ्रष्टाचार टेस्टै धनी जति धनी र गरिब जति गरिब हुन्छन अनि यो सबै देखेर कसरी देशमै बस्न नेपालीहरु बध्यताले भएनी विदेशमा वड मझेरा टाइप सफा गरेर भएनी कमाएर आफ्नै परिवार लाई राम्रो खान र लाउन दिनु परेको छ।  
2144,dai journalist kasari maryo suresh rajakjaleko hoki mareko ho kehi kura bahir ayen ta accident hoki murdermain kura ayen dai 1015 jana hami excited the but main kura video ma ayen,दाइ पत्रकार कसरी मरे सरेश राजकजेलको होकी मरेको हो केही कुरा बाहिर आएन त दुर्घटना होकी मर्डरमेन कुरा आएन दाइ 1015 जना हामी एक्साइटेड थिए बट मुख्य कुरा भिडियो मा आएन।  
2145,dai hajur ko channel pani pakistani you tube zeem tv vanne xa ekdum ramro tuastai vako xa great video nirmala hattya kand ko ni banayo vane ekdum views aux dai,दाइ हजुर को च्यानल पनि पाकिस्तानी यूट्यूब जिम टिभी भन्ने छ एकदम राम्रो टुस्टै भएको छ ग्रेट भिडियो निर्मला हत्या काण्ड को नि बनायो भने एकदम व्यूज आउँदैन।  
2146,hami lai yeo luttantra chaidina  kp chor desh chod,हामी लाई यो लुटन्त्र छैन केपी चोर देश छोड।  
2147,lets boycott this fucking mainstream medias,लेट्स बायकट यो फकिङ मेनस्ट्रीम मिडियास्।  
2148,yo radika xora haru police dekhyo ki tukra tukra parau lagxachor haru80 ta sabai bhrasta xan,यो राधिकाहरु पुलिस देख्यो कि टुक्रा टुक्रा पाराउ लाग्छाचोरहरु 80 त सबै भ्रष्ट छन्।  
2149,ma 12 baje tai bata gako kai vako thiyana room ma aauda yasto vako hahexa,म 12 बजे तैबाट गएको कुनै भएको थिएन रूम मा आउदा यस्तो भयो हहेक्सा।  
2150,yo pani patrukar nai rahexa,यो पनि पत्रकार नै रहेक्स।
2151,desh ko yo dukha lagdo aawasthaa kailey end huna sakne xainaa yo yestai ho vane sab lai aafno swartha matra xa neta haru le bhadkako xa janta ti chor haru ko paxi lagera hideka xan ani desh kailey agi badhxa,देशको यो दुःख लाग्दो अवस्था कहिले अन्त हुन सक्छैन यो यस्तै हो भने सबैलाई आफ्नो स्वार्थ मात्र छ नेताहरुले भड्कको छ जanta ती चोरहरुको पछि लागेर हिडेका छन् अनि देश कहिले अघि बढ्छ
2152,bujeu kta kt ho durga dai ko kan batw goli gayo re katai sune jasto lagdena yo kura,बुझु कता कता हो दुर्गा दाईको कानबाट गोली गयो रे कताै सुनें जस्तो लाग्दैन यो कुरा
2153,bro sabai chor hunna sabai ma sarkar ko galti xa kathai hamro dash khai hamro dash kata jadai xa,bro सबै चोर हुनन सबैमा सरकारको गल्ती छ कहिँ हाम्रो दश खै हाम्रो दश कहिँ जाँदै छ
2154,jun tantra aayeni same ho janata veda ho morirakhun bal nai bayena  janmida 18000 morexan aile tulo baiyoo feri 18000 morun desh bechaoo bal nai bayena  vote dini bela ma masu bath ma bikne ani yo bayena tyo bayena bhanne kaile sakinxa hola hare siva estoo sunda herda ta ava bachelor sakyoo bahira nai jada better dekxu er baiyoo aba pr chaiyo,जुन Tantra आइनी सेम हो जनता वेदा हो मुरिराखुन बल नै भएन जन्मिदा १८००० मोरेक्सन अहिले टुलो बाईयो फेरि १८००० मोरुन देश बेचौं बल नै भएन वोट दिनी बेला मा मासु बाथ मा बिक्ने अनि यो भएना त्यो भएना भन्ने कहिले सकिन्छ होला हरे सिवा एस्तो सुन्दा हेर्दा त अव bachelor सकेको बाहिर नै जादा better देख्छु एर बाईयो अब प्र चाहियो
2155,research garya xau haina reels collection garya xau vannu parney yo kura ta sab reels ma nai aai raxa ta kai naya kura nai xaina vaney research team xa vanako chai kina kai garna na sakney vaye,रिसर्च गरेको छु होइन रील्स कलेक्सन गरेको छु भन्नु पर्ने यो कुरा त सबै रील्स मा नै आइराख्छ त किन नयाँ कुरा छैन भने रिसर्च टिम छ भनेको किन किन गर्न न सक्ने भए
2156,khatra dami vaya xa tw yrr,खतरा दामि भयो त् यार
2157,jimma sarkar le nai lina parxa,जिम्मा सरकार ले नै लिनु पर्छ
2158,veda nepali asae kasaele vandaenan,वेदा नेपाली असै कसैले वन्देन
2159,kp chor desh chhod,KP चोर देश छोड
2160,yesto andolan hunu vanda blood masacare hunu porxa,यस्तो आन्दोलन हुनु भन्दा blood massacre हुनुपर्छ
2161,3251 mugi gole hanne lai fasi dinu paryo,३२५१ मुगी गोल हन्ने लाई फासी दिनु पर्यो  
2162,mugi police chor neta haru chor sabai chor,मुगी पुलिस चोर नेता हरु चोर सबै चोर  
2163,etimajale vanda ni nalage paxi vai halxa ni arajakta,एतिमाजले भन्दा नि नलागे पछि भाइ हल्छ नि अराजक्ता  
2164,aba khatrai hunuparxa ane marnuparxa sablai neta dekhi sainik lai ne marnu parxa natra bikas hudaina sab lai marnu parxa,अब खतराै हुनुपर्‍छ अनि मार्नुपर्‍छ सबैलाई नेता देखि सैनिक लाई नै मार्नु पर्‍छ नत्र विकास हुन्नै सबै लाई मार्नु पर्‍छ  
2165,goli hannu parne kei theyana goli hanese ho durga ajarak vayeko,गोली हन्नु पर्ने केही थिएन गोली हानेस हो दुर्गा अझरक भएको  
2166,democracy vayeko k matlab vayo ra takera goli hanne national anthem bajera bela asul ghas falne ajhai deepfake vandene,डेमोक्रेसी भएको के मत्तलब भयो र टाकेरा गोली हानेने नेशनल एन्थम बजेरा बेला असुल गास फाल्ने अझै डीपफेक भन्ने  
2167,alikati laj daar na vayeko desh xa mero,अलिकति लाज डर न भएको देश छ मेरो  
2168,dhila aayo kada aayo,धिला आयो कदा आयो  
2169,seto pajero hoina seto hilux,सेतो पाजेरो होइन सेतो हिलक्स  
2170,feri naya chor haru aaye,फेरि नयाँ चोर हरु आए
2171,prahari haru sab kp oli prachanda ra deuba sanga mileka xan pakhe haru ghuskhori police haru,प्रहरीहरू सबै कपी ओली प्रचण्ड र देउबा संग मिलेका छन् पाखेहरू घुसखोरी policeहरू
2172,tapaiko news anusaar durgaa le gaadi lera gayeko vayera yo sab ghatana vako vaneko xa yosatya hoina ani aago raajaabaadile lagaaye vaneko xa yo pani prooved vako xaina research pugena sidai raajaabaadi ko galti dekhauna khojnu vako xa tapaiko sab video herxu tara yo video ali chitta bujhena,तपाईंको news अनुसार दुर्गा ले गाडी लिएर गएको भएर यो सबै घटना भएको भन्ने छ यो सत्य होइन अनि आगो राजाबादिले लगाएको भन्ने छ यो पनि proofed भएको छैन research पुगेना सिधै राजाबादी को गल्ती देखाउन खोज्नु भएको छ तपाईंको सबै video हेर्छु तर यो video अलि चित्त बुझेन
2173,ani hami muji nepali ni kera herera basne haina k aaba garnu paryo hamle nagare kasle garne,अनि हामी मुजी नेपाली नि केरा हेरेर बस्ने होइन कि अब गर्नुपर्छ हामीले नगरे कसले गर्ने
2174,yeti jankari tw reels batai tha paisakeko ni,यति जानकारी tw reels बाटै थाहा पाएँकेको नि
2175,nepal police yemaley ko vatuwa vayo,नेपाल police यमलेको वतुवा भयो
2176,aasu ta baghe nai ra theyo aaila vane khun ne pani jhai baghna thalo,आँसु त बग्ने नै र भयो आइला भने खुन नै पनि जाई बग्ना थालो
2177,yo kasto gadatantar ho daju thukka mero desh,यो कस्तो गडतन्त्र हो दाउजु थुक्क मेरो देश
2178,thukka mero des ko neta haru tme haru ly dako nepali ko jivan bhagawan xan vane mara sabai tme haru,थुक्क मेरो देश को नेताहरू तिमीहरू ल्या डाक नेपाली को जीवन भगवान् छन् भने मरा सबै तिमीहरू
2179,raja chayeko hoina hamilai bikash chayako ho,राजा चायेको होइन हामीलाई विकास चायको हो
2180,teti bela teen taukey lae goli haneko bha still raja hunthyoraja ko sallakar thik nabhayera chor sallakat haru,त्यो बेला तीन टाउके लाई गोली हानेको भए स्टिल राजा हुन्छ र राजा को सल्लाकार ठीक नभएर चोर सल्लाकतहरू
2181,radiko xodro polic haru,रेडिको खड्रो पुलिसहरु  
2182,raja lau des bachu natra nataharu lay sakuxan des,राजा लौ देस बाचु नत्र नाताहरुले सकुसान देस  
2183,neta le ta murkha banayo banayo 3 crore janta lai aba police le ni murkha banauna khojdai cha deepfake re sabai nepali janta haru goowach hudaina timi haru party ko jhanda bokera hidne bhusiya kukur haru,नेता ले त मूरखा बनायो बनायो ३ करोड जनता लाई अबा police ले नि मूरखा बनाउने खोज्दै छ deepfake रे सबै नेपाली जनताहरु गूवाच हुँदैन तिमीहरु पार्टीको झण्डा बोकेर हिड्ने भुसिया कुकुरहरु  
2184,nepal prahari  nepal army  rw sasatra le over gryo,नेपाल प्रहरी  नेपाल आर्मी  र्‍व ससत्रले ओभर गरेओ  
2185,2340 seto pajero haina seto hilux,२३४० सेतो पाजेरो छैन सेतो हिलक्स  
2186,asli dalal ta nepal police nai rahexa,असली दलाल त नेपाल police नै रहेछ  
2187,mainstream lai gali cahi kin gariraaxau bro afno kam garam hate nafailam,मेनस्ट्रीमलाई गाली चाहिँ किन गरिराखौं bro आफ्नो काम गरम हेट नफैलाम  
2188,sabbai meli haat jodi haat mathi gareako pose thakai k he years aagadi mowbadi le gareako jastai cha ta q,सबै मेली हात जोडी हात माथि गरेको पोसे थाकै के हे यर्स अघि मोबडि ले गरेको जस्तै छ ता क्यु  
2189,tyo ghar ma ko thiyo vanne kura patrakar sangai gayo,त्यो घर मा को थियो भन्ने कुरा पत्रकारसँगै गयो  
2190,durga prasai le use gareko gadi toyota hilux ho pajero hoina,दुर्गा प्रसाईले प्रयोग गरेको गाडी टोयोटा हिलक्स हो पाजेरो होइन
2191,sala main stream chor media kam nai xain,साला मेन स्ट्रीम चोर मिडिया कम नै छैन  
2192,pajaro hoena hilux ho bro,पन्छरो होइन हिलक्स हो ब्रो  
2193,about metropolitan kena yesto vayo rr sunita aalik badii vayo,about metropolitan kena यस्तो भयो rr सुनिता अलिकति बढी भयो  
2194,tikapir ghatanaa laaii hernus,टिकापीर घटना लाई हेर्नुस्  
2195,629 ma raja bana chahanxu vana paxi k hola,६२९ मा राजा बन्न चाहन्छु भनेपछि के होला  
2196,rajtantra by by ganatantra hai hai thukka mero des baru raja hoina bbl manxa chaiyeko xa k garnu,राजतन्त्र बाइ बाइ गणतन्त्र है है ठुक्का मेरो देश नयाँ राजा होइन बब्ल मान्छे चाहिएको छ के गर्नु  
2197,gyanendra chor lai jundaideu tudikhel ma,ज्ञानेन्द्र चोरलाई जुदाइदेउ टुडिखेल मा  
2198,gadi pajero haina hilux hoo,गाडी पजेरो होइन हिलक्स हो  
2199,aba deshma susahan aaunu parx kinaki hamilai tantra chaiheko hoin desh chalaune perfect manpoer chaieko ho pahila raja hatauna 17000 manxe mareu aba raja lyauna kati marne ho hernai baki xa k hami janata haru yeskai lagi ladhirahane hoin ni hamilai tantra sang kehi sarokar hoin hamro deshma bikas hunuparyo deshaka youth haru dayday 2000 youth desh xodi bidesh gayeka xan uniharulai jasle employment oppurtunity dinx hami testo tantra chahanxau,अब देशमा सुशासन आउनु पर्दछ किनकि हामीलाई Tantra चाहिएको होइन देश चलाउने perfect manpoer चाहिएको हो पहिले राजा हटाउन १७००० मान्छे मारेउ अब राजा ल्याउन कति मार्ने हो हेर्नै बाकी छ के हामि जनता हरु यसकै लागि लडिरहने होइन नि हामीलाई Tantra संग केही सरोकार छैन हाम्रो देशमा विकास हुनुपर्यो देशका youth हरु दिदै २००० youth देश छोडि विदेश गएका छन् उनीहरूलाई जस्ले employment opportunity दिन्छ हामी यस्तो Tantra चाहन्छौं  
2200,deshma teacher haru aandolan gariraheka xan uniharu maag pura nagarne sarkar hamilai chaiheko xin,देशमा teacher हरु आन्दोलन गरिरहेका छन् उनीहरू माग पूरा नगर्ने सरकार हामीलाई चाहिएको छिन
2201,pahila gyane chor yo desh xod vanthe ahile kp chor desh xod vaniraheka xan yo vannu ko objectives k ho vane 17000 ko lash ko atma vadkeko bujhna sakinx,पहिलो गएन चोर यो देश खोड वान्ते अहिले kp चोर देश खोड वानिरहेका छन् यो भन्ने को objectives क हो भन्ने १७००० को लाश को आत्मा वढेको बुझ्न सकिन्छ  
2202,desh ma balen jasta manxeko khacho xa,देश मा बलें जस्ता मानिसको खाचो छ  
2203,jo ghar bhitra aago lagera marnu bhayo k uha ko tyo din ko camera recording ma kei thyo hola jun kura lukaunai ko lagi uha lai kotha bhitra taala lagayera aago lagera hatya bhayo yesko pani indepth story xuttai xanbin hunu parney we will never know the truth,जो घर भित्र आगो लगेर मार्नु भयो कि उहाको त्यो दिन को camera recording मा केही थियो होला जुन कुरा लुकाउने को लागि उहालाई कोठा भित्र ताला लगाएर आगो लगेर हत्या भयो यसको पनि in-depth story छुटै छन् बिन हुनुपर्छ we will never know the truth  
2204,kaile marxa yo 3 jana haru,कहिले मर्छ यो ३ जना हरु  
2205,janta ra police ladne hoina hamro dusman prachanda kp deuba jastai bhrasta netaharu hun baru uniharuko ghar maa aago lagau tyo bhrastachari ko sampati ho public place maa todfod nagarau,जनता र police लड्ने होइन हाम्रो दुष्मन प्रचण्ड kp देउबा जस्तै भ्रस्ट नेताहरु हुन बरु उनीहरुको घर मा आगो लगाउ त्यो भ्रस्टाचारी को सम्पत्ति हो public place मा टोडफोड नगर्नु  
2206,desh lai agi badauna tapai jasto media ko dherai support chahinxa,देश लाई अघि बढाउन तपाई जस्तो media को धेरै support चाहिन्छ  
2207,veda neta ra janata haru le india ko hawa ma layera buddha janmeko desh lae hindu rastra banane vanx k saro dimag mavako manxeharu ho,वेद नेता र जनता हरु ले india को हावा मा लाएर बुद्ध जन्मेको देश ले हिन्दु राष्ट्र बनाउने भन्ने सारा दिमाग मावाको मानिसहरु हो  
2208,sarbapratham nepali hum vanne sabaima vawana jagna jaruri xa,सर्वप्रथम नेपाली हामी भन्ने सबैमा वावना जाग्न जरूरी छ  
2209,bayapar garera bas aaba  hamiilai rajtantra chayako chaina…,व्यवसाय गरेर बस अहिले हामीलाई राजतन्त्र चाहिएको छैन…  
2210,saayed yo nepal police haru le road ra street batai gareka vaye tyo noksani hunthena hola,सायद यो नेपाल police हरु ले road र street बाटै गरेको भए त्यो नोक्सानी हुनथेन होला
2211,2340 seto pajero haina seto hilux ho,२३४० सेतो पाजेरो होइन सेतो हिलक्स हो  
2212,india ko kamal ho yo sabai incident hamro neta haru raja sabai india ko nokar hooo,india को कमल हो यो सबै incident हाम्रो नेता हरु राजा सबै india को नोकर होऊ  
2213,durga parsai parti dherai biswas jagyo aba,दुर्गा परसाई पार्टी धेरै विश्वास जाग्यो अब  
2214,ids yo episod sab ramro lagyo tara 1 ota mistake bhaya cha gadi mitsubishi pajero hoena ki toyota hilux ho,ids यो episode सबै राम्रो लाग्यो तर १ ओटा mistake भयो छ गाडी mitsubishi पाजेरो होइन कि toyota hilux हो  
2215,1045 no gadatantra bhrastachar bye bye rajtantanra haei haei,१०४५ नो गडतन्त्र भ्रष्टाचार बाई बाई राजतन्त्र हई हई  
2216,dherai vako theyan 8 10 barsa matrai vako xa,धेरै वाको थिएन ८ १० बर्ष मात्र वाको छ  
2217,zalan ko video ramro chha yar yo bhanda tah aajhai add garna sakinthyo hou ids kehi kuraharu rabindra mishra and team ley airport kabja gardim bhanya kura hos ya durga prasai ko bhadkilo bhaasad haru ani 2 days aagadi pm ley yuwa sangh lai bhanya kura  gynanendra shah gorkha gayera  kohi pani kehi garna darauna pardaina  bhaneo  khaali mainstream media ley yo pani bhandaina bhanney ani aafuley pani sabai kura narakhney garna bhyaena ni sir httpswww youtube comwatchvsvmvougs4wt54s,जलान को video राम्रो छ यार यो भन्दा त अझै add गर्न सकिन्छ होला ids केही कुराहरु रविन्द्र मिश्र र team ले airport कब्जा गर्न भन्छन् कुरा होस् या दुर्गा परसाई को भड्किलो भाषाहरु अनि २ दिन अघि pm ले युवाहरु लाई भन्नु कुरा ज्ञानेन्द्र शाह गोरखा गएर कोही पनि केही गर्न डराउनु पर्दैन भनेयो खाली mainstream media ले यो पनि भन्न सक्दैन भन्यो अनि आफुले पनि सबै कुरा नराख्ने गर्न भ्याएन नि sir https://www.youtube.com/watch?v=svmvougs4wt54s  
2218,yo police haru le jantalai terrist samjera goli haneko cha bato ma hinne hos ya koi kam bata pharke ko lai rachek nai vhachek vhaye pachi ek din asto din auune cha janta le pani weapon leyera auucha ra sab chor jhole hos yaa koi chodne chaina,यो police हरु ले जन्तालाई terrorist सम्झेर गोली हानेको छ बाटो मा हिँड्ने होस् या कोहि काम बाट फर्केका को लागि रचेक नै भन्छ र भन्छ भनेपछि एक दिन अस्ति दिन आउने छ जन्ता ले पनि weapon लैरे आउँछ र सबै चोर झोल होस् या कोहि छोड्ने छैन  
2219,hoinaa brother durga parsai koteshwor bata tinkune aaudai gardaa suru vako ho yo sab stage ma hannuu aagadi nai durga parsai tinkune chowk bata ali aagadi aaipugyaka theyaa,होइन भाई दुर्गा परसाई कोटेश्वर बाट टिन्कुने आउदै गर्दा सुरु भएको हो यो सबै stage मा हान्नु अघि नै दुर्गा परसाई टिन्कुने चौक बाट अलि अघि आइपुग्यो तैँ  
2220,hajur haru majale sabbai kura agadi launus support garne janxa xan bichara andolan ma na bhako manxhe ni,जहुर हरु मजाले सबै कुरा अघि ल्याउन् support गर्ने जान्छन् बिचरा आन्दोलन मा न भएको मान्छे नि
2221,patrakar mareko barema ni ramari explain garye hunthyo usko barema hjr le kurai grnu vayena deeply,पत्रकार मरेको बारेमा नि राम्ररी explain गरे हुन्थ्यो उसको बारेमा hjr ले कुरै गर्नू भएन deeply  
2222,janta ko ragat ley netaji g lai tika lagayera kaam xaina,जनता को रगत ले नेताजी ग लाई tika लगाएर काम छैन  
2223,hamro hajurbau raw bau haru ley desh bigareka hunn hamiley banaunu parcha hami ley pani sakenam vaney tah hamro vanda muni ko generation tah jhaan gaad cha sakkiyo nepal adi yuwa bidesh ma adi suddo neta haru ko goji ma adi indian army ma hahaha mukh lai moi chaina muji kai gheeu,हाम्रो हजुरबाउ राउ बाउहरु ले देश बिगारेका छन् हामीले बनाउनु पर्छ हामी ले पनि सकेन भने त हाम्रो भन्दा मुनि को जेनरेसन ताहाँ गाड छ सकेको नेपाल आदि युवा विदेश मा आदि सुद्धो नेताहरु को गोजी मा आदि Indian army मा hahaha मुख लाई moi छैन मुजी कै gheeu  
2224,muji patrukar 12 bhai muji murra muji,मुजी पत्रकार 12 भाइ मुजी मुर्रा मुजी  
2225,aba 25 gatey xa rey hora suchana pauu,अब 25 gatey छ रे हरो सूचना पाउ  
2226,janta educated vaye sakay muji ho tmeharu lay brainwash garna sakdainau aava,जनता educated भए सके मजी हो तमेहरु ले brainwash गर्न सक्दैनौ आउ  
2227,sale khate mainstream media banaudo haru lie biswas garne kunai adaar baki rahenaa aba esari unbaised news nai aaudaina,सेल खाट mainstream media बनाउदाहरु ले विश्वास गर्ने कुनै आधार बाँकी छैन अब यसरी unbaised news नै आउँदैन  
2228,nepali janata ko xoro lai rastrapati banaune,नेपाली जनता को xoro लाई rastrapati बनाउने  
2229,sanghiyeta kharej garne lagayet aile ka bikriti hataune ho,संघियत खारेज गर्ने लाग्यै अब का बिकृति हटाउने हो  
2230,dai smasya ko kura matra haina aba samsaya ko samadhan nikalera apnaunu paryo,दाई समस्या को कुरा मात्र होइन अब समस्या को समाधान निकालेर अपनाउनु पर्छ
2231,pajero hoina toyota ko hilux ho,पाजेरो होइन टोयोटा को हिलक्स हो  
2232,mero first nepali rap song aako xa ek choti herdinu hola hai kastho lagxa,मेरो फर्स्ट नेपाली र्याप सोंग आएको छ एक पटक हेर्नु होला है कस्तो लाग्छ  
2233,aagoo ghar muni baata lagnu parneho yadi aandolan karile aagoo lagayeko bhaye tya xatabaata aagoo lagako dekhinxa,अगाडि घर मुनि बाट लग्नुपर्छ यदि आन्दोलन गरेले अगाडि लागेको भए त्यहाँबाट अगाडि लागेको देखिन्छ  
2234,nepali janta nai veda xa ani tesma k vanna sakinxa,नेपाली जनता नै वेद छ अनि त्यसमा के भन्न सकिन्छ  
2235,ganatantra and rajtantra muji geda tantra bheda haru ani marne sabai sojogariblato nepali last ma,गणतन्त्र अनि राजतन्त्र मुजी गेडा Tantra भेदाहरु अनि मार्ने सबै सोझो गरिबलतो नेपाली लास्ट मा  
2236,andolan suru grnu paryo aba feri bangladesh jastai hunxa natra raja hoina kp prachanda sher bahadur lai ni jell halnu paryo hami sabai uta na paryo sathi ho,आन्दोलन सुरु गर्नुपर्छ अब फेरि Bangladesh जस्तै हुन्छ नत्र राजा होइन KP Prachanda Sher Bahadur लाई नि जेल हाल्नुपर्छ हामी सबै उता नपरो साथी हो  
2237,runmati murti chorley dharma sale garexa nepal hindu rastra ho vanera tyo india le vannu parla tw jo muslim hindu kun desh ho confused xa runmati murti chor n vrastachari haru india dalal haru lai vannu chahanxu nepal matra ho hindu rastra vaneko ani sahakari pidit durga prasain ko paxadi nalagda hunxa bank ko loan khayeko manxe tyo bank ma paiso tehi sahakari haruko ni xatw kina bunga vayera jholay haruko paxi lagnu sab chor vrastachari ho yahatw dekhai dekhai vanivani lootdaixa nepal tehi ho ani india le nepalko bhumiharu kina firta garnu mandaina ya murti chor netaharule salegari khako ho bajepurkhaharule bachayeko desh sala chor n vrastachari masubhate harule sakayo,रनमति मूर्ति चोरीले धर्म sale गरेको नेपाल हिन्दू राष्ट्र हो भनेर त्यो India ले भन्नु पर्दछ तव जो Muslim Hindu कुन देश हो कन्फ्युज छ रनमति मूर्ति चोरी न व्रस्ताचारीहरु India दलालहरु लाई भन्नु चाहन्छु नेपाल मात्र हो हिन्दू राष्ट्र भन्ने अनि सहकारी पीडित दुर्गा प्रसाईंको पक्षमा नलाग्दा हुन्छ बैंकको लोन खाएको मान्छे त्यो बैंक मा पैसा तेही सहकारी हरुको नि खत्व किन बुँगा भएर झोलाय हरुको पछि लाग्नु सबै चोरी व्रस्ताचारी हो याहट्व देखाइ देखाइ भन्नेनी लुट्दैछ नेपाल तेही हो अनि India ले नेपालको भूमिहरु किन फिर्ता गर्नू मन्दैना या मूर्ति चोरी नेताहरुले सेलगारी खाएको हो बझेपुर्खाहरुले बचाएको देश साला चोरी न व्रस्ताचारी मुसुभाते हरुले सकेयो  
2238,prandd bhanda pyaroo chha,प्राण्ड भन्दा प्यारा छ  
2239,rajale jantako sampati janta ko samu xodda rajale kehi parichalan garnu vayena aaj janta le raja ko sasan khojda ahileko nepal sarkarle aam jantalai janawar sari behavior gareko dekhta achama lagx kati saro vatuwa vayeko yo nepal sarkar,राजाले जनताको सम्पत्ति जनता को सुम् खोड्दा राजाले केही परिचालन गर्नू भएन आज जनता ले राजा को सासन खोज्दा अहिलेको नेपाल सरकारले आम जनतालाई जनावर सरी behavior गरेको देख्दा अचम्म लाग्छ कति सारा वतुवा भएको यो नेपाल सरकार  
2240,raja lai sapai le sath diu,राजा लाई सबैले साथ दिनु
2241,janta haru le buji sakeganatanraneta haru ko lagirahexa,जनताहरुले बुझि सकेगानतानरेताहरुलेको लागिरहेछ
2242,yesto irresponsible prime minister xa tara pani kei noticable birodh dekhinna 84 aauna ajhai 2 barsa xa tetinjel desh ko haal k hola kasailey socheyko xa 2 samma 1015 jana sathi thiye aaile nepal maa eeklai xu koi australia koi canada ani koi korea…,यस्तो irresponsible prime minister छ तर पनि केही noticeable बिरोध देखिँदैन ८४ आउन अझै २ बर्षा छ तेसैले देशको हालत के होला कसैले सोचिएको छ २ सम्म १०१५ जना साथी थिए अहिले नेपालमा एउटै कुरा कोइ Australia कोइ Canada अनि कोइ Korea…
2243,je je gare sabai thik gareee rajabadilee,जे जे गरे सबै ठीक गरे राजाबादीले
2244,kp kp jhole haru mahesh ko paltu kukur haru hun tini haru,केपी केपी झोलेंहरु महेशको पाल्तु कुकुरहरु हुन् तीहीहरु
2245,birami niko vayera dabai dino ko k matlab,बिरामी निको भएर दबाइ दिनको के मतलब
2246,2131 sabai kaam kp mui ko ho,२१३१ सबै काम केपी मुइको हो
2247,good journalism ab jhole banu hudaina hai sathi haru sabai miler des banaunu parx,good journalism अब झोलें बनु हुन्न है साथीहरु सबै मिलेर देश बनाउनु पर्छ
2248,durga prasai lai gaadnu parxa tei chorr ho  aafno selfish reason ko lagi jata pani lagne juga ho tyo yo congress emale maobadi kai beta haru jasto hi durga prasai,दुर्गा प्रसाईलाई गाड्नु पर्दछ त्यो छोर हो आफ्नो स्वार्थी कारणको लागि जतै पनि लाग्ने जुगो हो त्यो यो कांग्रेस एमालेमा माओवादीका बेटा जस्तो हो दुर्गा प्रसाई
2249,seto hilux ho pajero haina,सेतो हिलक्स हो पाजेरो होइन
2250,dhilo aayo tara details maa aayo ekdam gahiro research tesko lagi dhanyabad sabai tira herisakiyo 15 gate ko andolan tara kahi pani yesto detail maa eutai video maa explain gariyeko xaina,ढिलो आयो तर डिटेल्समा आयो एकदम गहिरो रिसर्च त्यसको लागि धन्यवाद सबै तिर हेरिसकियो १५ गेटको आन्दोलन तर कही पनि यस्तो डिटेलमा एउटै भिडियोमा explain गरिएको छैन
2251,rajabadi or ganatantrabadi sabai afno swarthko lagi innocent janatalai use garirax,राजाबादी ओर गणतन्त्रवादी सबै आफ्नो स्वार्थको लागि इनोसेन्ट जनतालाई यूज गरिराख्  
2252,pakh kahi samaya matra ho ee 12 dajubhai putrakar media haru lao pani baato ma khedae khedae sirupati khukuri chhapki chhap katne xaan aam nepali janta haru le halla bol,पाख कही समय मात्र हो ई १२ दाजुभाइ पुत्रक मीडिया हरु लाओ पनि बाटो मा खेलेराख् खेलेराख् सिरुपति खुकुरी छाप्की छाप कट्ने छन् आम नेपाली जनता हरु ले हल्ला बोल्  
2253,lowest iq bhak desh kina xa nepal yesari thaa hunxa janta nai bheda huun hamro bau baje raw kati thau ma hami affai bheda hum  thaa xa yo tin jana neta haru le desh dubako xa  thaa xa ghar ma basay raw gali pani garxan  taraw vote ko time yini haru kaii agadi paxadi kudaii hidxaan  yesta bheda haru ko deshma yesto awastha normal ho  raaw desh bikas vanni sapana na heyray hunxa,लोवेस्ट iq भाक देश किन छ नेपाल यसरी थाहा हुन सक्छ जनता नै भेद हुन हाम्रो बाउ बजे राउ कति ठाउँ मा हामी आफै भेद हाम् त्यो तीन जना नेता हरु ले देश डुबाको छ त्यो छ घर मा बसाय राउ गली पनि गर्‍  
2254,aba andolan hoina sedhai kp prachanda rw deuba lai marnu parxa tini haru baseako thau maa gayera esari andolan matrai garera hune wala xina,अब आन्दोलन होइन सधैँ kp प्रचण्ड राउ देउबा लाई मार्नु पर्दा ती हरु बसेको ठाउँ मा गएर यस्तो आन्दोलन मात्र गर्‍  
2255,pajero hoina hilux hoo,पाजेरो होइन हिलक्स हो  
2256,sab lathalinga agadi nai thidai tyo aba jhan 100 guna lathalinga huna pugyo,सबै लथालिंग अगाडि नै ठडाइयो त्यो अब जति १०० गुन लथालिंग हुन पुग्यो  
2257,nepali hunu ma garva pani kun kura lie lera garnu prakriti bahek kehi xaina prasansa grna layek,नेपाली हुनुमा गर्व पनि कुन कुरा लिँदा गर्नू प्रकृति बाहेक केही छैन प्रशंसा गर्न लायक  
2258,muji raja pani auni vaye la aye nai vaigho ni ta kina muji lado jasto chupa lara basya ho auni ve aunu khurukka chirnu darbar naaauni ve lado jasto k natak parira tesai katiko man ma ash jagara kaa lukera basya ho tait,मुजी राजा पनि आउन वए ला आए नै भयो नि त किन मुजी लाडो जस्तो चुप्‌ लार बस्‌यो हो आउनी वे आउनु खुरुक्क चिर्नु दरबार नआउनी वे लाडो जस्तो नाटक परिरा त्यसै कितको मन मा अश जागर का लुकेर बस्‌यो तैट्‌  
2259,pajero hoina k toyota hilux ho,पाजेरो होइन कि टोयोटा हिलक्स हो  
2260,na raja na mantri na pradhan mantri khuru khuru diretly elected pm ko system lyau na kina lyang lyang ho esto jallai janta le man parayo telle jityo telle desh chalayo yedi ramrari chalaye feri pani elect hola nave tellai next time kasaile nagarlan sakyo ta agadi badi halcha ni desh ani,न राजा न मन्त्री न प्रधान मन्त्री खुरु खुरु डाइरेक्ट्ली इलेक्टेड pm को सिस्टम ल्याउ न किन लंग लंग हो यस्तो जल्लै जनता ले मन परायो टेल्ले जित्यो टेल्ले देश चलायो यदि राम्ररी चलायो फेरी पनि इलेक्ट्रोन होला नवे टेल्ले नेगर्लान सक्यो त अघि बडी हुन्छ नि देश अनि
2261,ani yo arkako ghar sar vatkauni ago launi nagarauna sidai sere parchande ra kp radiko choro haruko ghar ma ghusera marni gari chutera yii radika chora harulai chai mardeu na kina aru kei garnai pardaina ni sutukka gara yo radika chora harlai siddhaidiye pani desh agafi badhni pahilo step yehi ho baki bato bato ma karara kei hudaina feri ajhai duichar jana bichara hamra daju vai dd baini lai goli hanlan jhole police le,अनि यो अर्काको घर सर वटकौनी अगो लाउनी नगर्नु सिधै सरे पार्चन्दे र केपी रेडिको छोरो हरुको घर मा घुसेर मार्नी गारी चुटेरा यी रेडिका छोरा हरुलाई चै मर्देउ न किन अरु केही गर्नै पर्दैन नि सुतुक्का गर यो रेडिका छोरा हरलाई सिध्दै दिए पनि देश अगाफी बढ्ने पहिलो स्टेप यही हो बाकी बाटो बाटो मा करारा केही हुन्न फेरी अझै दुईचार जना बिचरा हाम्रो दाजु भाइ डीडी बाइनी लाई गोली हान्लान झोल्ले पुलिस ले
2262,deshko prahari nai tri murti haru ko chakadi garna thalesi k lagcha ra,देशको प्रहरी नै त्रि मुर्ति हरु को चकडी गर्न थलेसी के लाग्छ र
2263,pashupatinath le rakchya garun,पशुपतिनाथ ले रक्षा गरुन
2264,mero desh nepal ho rw ma nepali hu,मेरो देश नेपाल हो र्व मा नेपाली हुँ
2265,aauta tauke neta mareko bhaye balla tamshq herna maja aauthyo,एउटा टाउके नेता मरेको भए बल्ल ताम्शक हेर्न मजा आएको
2266,yo chor haru lai lakhetnai parxa satta ma basera loot machako xan janata mareko marai,यो छोरा हरु लाई लखेत्तै पर्छ सत्ता मा बसेर लूट माचाको छान जनता मरेको मराै
2267,tiyer ges chai istej bhitrai phutaleko jasto dekhinchha peri pani nishpaksh jach ko lagi sabaile aaowaj uthaunu parchh jaye nepal,त्येर गए चाई इस्तेज भित्रै फुटालेको जस्तो देखिन्छ परि पनि निष्पक्ष जाच को लागि सबैले आवाज उठाउनु पर्छ जाई नेपाल
2268,yo sab bahiri sakti ho agh rabi balen lai yeti garne pani 100 bahiri sakti ho,यो सबै बाहिरी शक्ति हो अग रबी बलेन लाई यति गर्ने पनि १०० बाहिरी शक्ति हो
2269,kin ki 84 pachi rabi ya bale aayo bhane bahiri sakti ko aausar nepal chhaldain,किन कि ८४ पछि रबी या बाले आयो भने बाहिरी शक्ति को अवसर नेपाल चल्दैन
2270,nepal jo bahiri sakti anusar chalucha tehi le sarkar chalucha,नेपाल जो बाहिरी शक्ति अनुसार चल्छ तैले सरकार चल्छ
2271,yestai ho vaney  nepal ko aayu dherai xainw,यसै हो भने नेपाल को आयु धेरै छैनव
2272,congress ko rajabadi pakchyedar gharko keto le rajabadilai chokhayo,कंग्रेस को राजबादी पक्षीयहरू घरको केटो ले राजबालाई चोकायो
2273,ravi ra balen le saath deya matra kahi holla natra ee vaste chor dhaka dhaley neeta sarkar sarkari systems haru le still raaj gare rakhne xa,रवि र बलेन ले साथ दिए मात्र कही होला नत्र ई वास्ता चोर ढका ढाले नैता सरकार सरकारी सिस्टमहरू ले स्टिल राज गर्ने राख्ने छ
2274,aabo andolan ma kohi pani gahindaina,आबो आन्दोलन मा कोही पनि गहिंदैन
2275,nepal ko loottantra ly garda vako ho gandu,नेपाल को लुटान्ट्रा ल्य गर्दा भएको हो गन्डु
2276,laxmi bank gadi kata xa,लक्ष्मी बैंक गाडी कतै छ
2277,hudaina ho hudaina balen harka rabi gopi gyanendra shahi iniharu le jati garna khoje pani jati karaya pani jaba samma e yemale kangress maobadi ra yo bebastha rahunjel kei hune wala chaina e chor dalal bharstachari gaddar deshdrohi taskar harule arulai aunai didaina tesaile,हुन्नै हो हुन्नै बलेन हर्का रबी गोपी ज्ञानेन्द्र शाही इनिहरू ले जाति गर्न खोजे पनि जाति कराय पनि जबसम्म ई यमले कंग्रेस माओवादी र यो बेबस्था रहुन्जेल केही हुने वाला छैन ई चोर दलाल भ्रष्टाचारी गद्दार देशद्रोही टास्करहरूले अरुलाई आउनै दिन्दैन तेसैले
2278,gyanendra shah le yedi tyo fine tireko bhaye janta ko aagadi kati mahan hunthiye tara tirenan yesta raja k kaam hamro desh ma euta jaabo 7lakh tirnu lai pavhi parcha bhaane aaba raja chahidaina nai bhayo malai,ज्ञानेन्द्र शाह ले यदि त्यो फाइन टायरको भए जनता को अगाडि कति महान हुन्थिए तारा तिरेन यस्ता राजा क काम हाम्रो देश मा एउटा जाबो 7लाख तिर्नु लाई पाव्हि पार्छ भने आब राजा चाहिदैन नै भयो मलाई
2279,dai pajero haina hou,दाइ पाजेरो छैन हौ
2280,auta youtuber le yetro video banaune jel samma hamro desh ghatako bibarn nikalna sakdaina k heri raxau janata yesri nai chaloss ta desh aba yo haru le hami timilai ni bechdinxan kun din,एउटा युट्युबर ले यत्रो भिडियो बनाउने जेल सम्म हाम्रो देश घाटाको बिबरन निकाल्न सक्दैन क हेरी राखौ जनता यसरी नै चलोस त देश अब यो हरु ले हामीलाई नि बेच्दिन्छन् कुन दिन
2281,yo mugi randikoban sarkar jholey xa,यो मुगी रन्डिकोबान सरकार झोलें छ  
2282,tapaiko video nachutai herxu deshako abastha dekhda run man lagxa dai i love nepal,तपाइको भिडियो नचुतै हेर्छु देशको अवस्था देख्दा रन मान लाग्छ दाई I love नेपाल  
2283,ghor birodh garxu ma nepal sarkarko,घर बिरोध गर्छु म नेपाल सरकारको  
2284,nepaal ko godi midiya satya dekhaudainn,नेपाल को गोदी मिडिया सत्य देखाउदैन  
2285,timi lai airport ma linu trump aaunu parne hoina ta vai  aafno  ta janunai paryo muuk ma euta maan ma euta,तिमी लाई एयरपोर्ट मा लिनु ट्रम्प आउनु पर्ने होइन त वै आफ्नो त जानु नै पर्यो मुख मा एउटा मन मा एउटा  
2286,ti byakti hamra desh vakti kp baaka xora xori haru hun,ती व्यक्ति हाम्रो देश वक्ति kp बाका छोरा छोरी हरु हुन्  
2287,ma rajabadi tw hoina tara pani yeti clear dekhinxa ki sarkar ko nai galti chha chaitra 15 ko ghatna ma aafno jui jogauna tw manxey le j pani garna sakxa nj tei ris ma tyo accident vako ho sabin mahrjan wala video ma ni spastha chha ani teti clear video lai deep fake re dhatnu ko ni simana hunxa ni aaba yestai nai vayo vaney bangladesh ko haal hunxa aasti ko incident dekhda taha hunxa lachari sarkar ko awastha,म राजबादी ट्व होइन तर पनि यति क्लियर देखिन्छ कि सरकार को नै गल्ती छ चैत्र १५ को घटना मा आफ्नो जुई जोगाउन ट्व मानिस ले ज पनि गर्न सक्छ नज तेई रिस मा त्यो एक्सिडेन्ट भएको हो साबिन महर्जन वाला भिडियो मा नि स्पष्ट छ अनि तीति क्लियर भिडियो लाई deep fake र धत्त्नु को नि सीमा हुन्छ नि अब यस्तै नै भयो भने बंगलादेश को हाल हुन्छ आश्टि को इनसिडेन्ट देख्दा ताहा हुन्छ लाचारी सरकार को अवस्था  
2288,kahile kahi tw nepal ma kina janmexu hola jasto lagxa,कहिले कहि ट्व नेपाल मा किन जनमेक्सु होला जस्तो लाग्छ  
2289,yo muji police lai handim machikne feri andolan garauuuuuuuuuuuuuuuuuu 1,यो मुजी पुलिस लाई हन्डिम माछिक्ने फेरि आन्दोलन गराउउउउउउउउउउ 1  
2290,lado kati ads aako,लोड कति ads आएको
2291,police mula haru police nai haina vadako tattu haru,प्रहरी मूलहरू प्रहरी नै होइन वडाको टट्टुहरू  
2292,machikne nawaraj subedi lai ta bhanxas,माछिक्ने नवराज सुवेदीलाई त भनस  
2293,ma chai desh mai kei garxu vanera ako manxea aba eai kp shere pracahnde le garda jun desh ko halat vako xa im planning to leave soon,म चाहि देशमा केही गर्न सक्छु भनेर आएको मान्छे अब ऐं केपी शेर प्रचण्डले गर्दा जुन देशको हालत भएको छ इम प्लानिङ टु लिभ सून  
2294,vai upendra yadav thiyan la timi ni alik research gara bekkar bekup na banau,भाइ उपेन्द्र यादव थिएन ला तिमी नि अलिक रिसर्च गर बेकर बेकअप न बनाउ  
2295,jab samma baa wadi harulai taha lagau dai nau taba samma je wadi aayeni hune wala kehi hoina hamro desmaa jaye nepal,जबसम्म बाअ वडि हरुलाई ताहा लगाउ दाई नाउ तबसम्म जे वाडी आइने हुने वाला केही होइन हाम्रो देशमा जाँउ नेपाल  
2296,1134 kp oli ko kura sunda aadolan vairakhxa manxe mardai garxan vane jsto po vayokp ta manxe kalhatam nai rwexa,११३४ केपी ओलीको कुरा सुन्दा आदोलन वैराख्सा मानिस मर्दै गर्छन भने जस्तो पो भयोकेपी त मानिस हालताम नै र्वेक्षा  
2297,kasaiko pachhi lagne haina that’s all,कसैको पछि लाग्ने होइन थ्याट्स आल  
2298,yesssss … mann jityo … great journalist and journalism… i subscribed …,यस्स्स्स … मन जित्यो … ग्रेट जर्नलिस्ट एन्ड जर्नलिज्म… आइ सब्सक्राइब्ड …  
2299,jantaa baneko ta baliko bokaa hun yo netaa haru ko laagi maachiknea haru,जनता बनेको त बलिको बोका हुन यो नेताहरुको लागि माछिक्नेहरू  
2300,sabai kanda jasari yo pani birsera janxa  ani pheri yae mug 3 jana tauko ko under maa yo desh maa afno sir jhukayera hidnu parxa,सबै काण्ड जस्तै यो पनि बिर्सेर जान्छ अनि फेरि यै मुग ३ जना टाउकोको अन्डरमा यो देशमा आफ्नै सिर झुकाएर हिड्नु पर्दछ
2301,hami nepali ko raagat eti xito umilinxa kina ho  kehi tauke haru ko paxadi jhole vayera kudhi halxau  nata hami lai gedatantra chiayexa nata hami lai rajtantra  hami lai cahiyexa nepalbadh nepali tantra  abha ta sabi ko haat haat ma youtube xa internet xa  afno bibek parayog garau na,हामी नेपाली को रागात एति शितो उमिलिन्छ किन हो केही टाउकेहरु को पखाडी झोलें भएर Kudhi halxau nata हामी लाई गेडाटनत्र चाइएक्सा nata हामी लाई राजतन्त्र हामी लाई चाहिन्छ नेपालबाध नेपाली Tantra अबह ता सबै को हात हात मा YouTube छ इन्टरनेट छ आफनो विवेक प्रयोग गरौ न  
2302,janata hope ko lagi jyan dinexan diekapani hun aba raja apariharya xa janatako chahana ehixa,जनता Hope को लागि ज्यान दिनेकपनि हुन अबा राजा अप्रिहार्य छ जनता को चाहना एहिक्सा  
2303,balla kasaile sachai kholyo great work,बल्ला कसैले साँच्चै खोल्यो great work  
2304,sab chor muji swarthy haru hun,सबै चोर मुजी स्वार्थीहरु हुन  
2305,yo kp mujii janx chitaiii,यो kp mujii जानx chitaiii  
2306,andholan ta hunai parxa yehi bahana ma tapai ko video ta harna pauxu,आन्दोलन त हुनै पर्छ यही बहाना मा तपाई को video त हरना पाउँछु  
2307,tin taukey lai katta hannei parxa,तिन टाउके लाई कट्टा हान्ने पर्छ  
2308,satya tathye ko lagi dhanyabad,सत्य तथ्य को लागि धन्यवाद  
2309,2340 thiyo seto toyota hilux ho hajur pajero hoina,2340 थियो सेतो Toyota Hilux हो हजुर Pajero होइन  
2310,videooo delate huna sakxa sathiii haruuuu,videooo delete हुन सक्छ साथीहरु
2311,gyanendra hoina king gyanendra vaan jatha,ज्ञानेन्द्र होइन किङ ज्ञानेन्द्र भन्ने जथा  
2312,ye gunda chor dhako police ajai kati nepali marchas sala batuwa kp ko chap chatna ja nepali marchas kira parera mar sab khate haru,ये गुन्डा चोर धाको पुलिस आजै कति नेपाली मार्चस साला बटुवा केपी को चाप चट्न ज नेपाली मार्चस किरा परेर मार सबै खते हरु  
2313,yaha katha vanda tah eaka desh ko raja vaninxa,यहाँ कथा भन्दा ता एक देश को राजा भन्छन्  
2314,raja navako desh hoina raadtantra ho,राजा नवको देश होइन राष्टन्त्र हो  
2315,kasley bachaula hamro nepal lai,कस्ले बचाउला हाम्रो नेपाल लाई  
2316,anwar pani tin  king  kp oli  prachanda,अनवर पनि तिन किङ केपी ओली प्रचण्ड  
2317,ganatantra  rajtantra aruko var naparau aafai garera khau vanne manasikta banau,गणतन्त्र राजतन्त्र अरुको वर नपराउ आफै गरेर खाऊ भन्ने मानसिकता बनाउ  
2318,raja lai sombodhan garna ali janena hai ids lay,राजा लाई सम्बोधन गर्न अलि जानें है IDs lay  
2319,mathi baat hanni manche lai damayera hat khutta katnu parthyo ko tyo aago launu parthyo,माथि बात हन्नि मान्छे लाई दमाएर हत खुट्टा काट्नु पर्दथ्यो को त्यो आगो ल्याउनु पर्द्यो  
2320,manche aba ajhai bheda hune ho bhane yo desh sakti wala ko masiha bhayera rahancha aba janata le yo rajabadi ra ganatantra badi dubai lai pakha lagauna parxha ra sahi ra kabiliyaat manche chunnu parcha suru ma ta pratakshya nirbachit pradhanmantri ra rastrapati huna parcha yedi janata le chahe ma yo desh ko netritwo lina tayar chu padhai ra yogyata ko hisab ma maile bachelors clear gareko chu physics major ma bhane kabiliyat ko hisab ma mero afno chuttai vision cha ra ma yo desh banauna sakchu janatako hat ma cha ajhai bheda bhayera yo neta raja bhandai hidne ki ma ya ma nabhaye pani aru koi kabiliyat bhayeko ra vision bhayeko manche ko hat ma desh ko jimma lagaune desh bikas garne hami janata afaile ho aruko bhar lage bina kam ma janata nai marne chan,मान्छे अब अझै भेदा हुने हो भने यो देश शक्ति वाला को मसीहा भएर बस्छ अब जनता ले यो राजबादी र गणतन्त्र बडी दुबई लाई पख लगाउन पर्दछ र सही र कबिलियत मान्छे चुनु पर्दछ सुरु मा त प्रत्यक्ष्य निर्वाचित प्रधानमन्त्री र राष्ट्रपतिका हुन पर्दछ यदि जनता ले चाहे मा यो देश को नेतृत्व लिन तयार छु पढाइ र योग्यताको हिसाब मा मैले बैचलर्स क्लियर गरेको छु फिजिक्स मेजर मा भने कबिलियत को हिसाब मा मेरो आफ्नै चुटै भिजन छ र मा यो देश बनाउन सक्छु जनता को हात मा छ अझै भेदा भएर यो नेता राजा भनदै हिड्ने कि मा या मा नभए पनि अरु कोइ कबिलियत भएको र भिजन भएको मान्छे को हात मा देश को जिम्मा लगाउने देश बिकास गर्ने हामि जनता आफैले हो अरुको भर लागे बिना काम मा जनता नै मरने छन
2321,nepal maa pani sabai mainstream media bikeka xan,नेपाल मा पनि सबै मुख्यधारा मिडिया बिकेका छन्  
2322,germany ma pani hitler auna agi jew haruko library bata kitab jhikera jalayeka thiye re junle garda germany ko 1000 barsa bhanda badi ko research gumyo re yesari afulai nai hani hune andolan le kasto roop liyeka chaan bhanne kura hamisabailai tahanai cha,जर्मनी मा पनि हिटलर आउन अघि ज्यूहरु को लाइब्रेरी बाट किताब झिकेर जलाएका थिए रे जुनले गर्दा जर्मनी को १००० बर्ष भन्दा बढी को रिसर्च गुम्यो रे यसरी आफुलाई नै हानि हुने आन्दोलन ले कस्तो रूप लिएको छान भन्ने कुरा हामीसबैलाइ थाहा छ  
2323,ti nirdosh ko lagi ahwaj kasle uthauxan,ती निर्दोष को लागि आवाज कस्ले उठाउछान  
2324,chor sarkar vayapaxi kasko k lagxa,चोर सरकार भएपछी कसको के लाग्छ  
2325,suman sunar heryau videooooooo,सुमन सुनार हेर्यौ videooooooo  
2326,raja haina ramro neta chaiyo,राजा होइन राम्रो नेता चाहियो  
2327,im serious ids ni baa tira jukam dekhina lageko chha,im serious ids नि बाअ तिर जुकाम देखिन लागेको छ  
2328,arko choti ko andolan yo vanda thulo hunxa justo xa,अर्को चोटी को आन्दोलन यो भन्दा ठूलो हुनेछ जस्तो छ  
2329,na hami laaiiii manchay marnay rajtantra natw yesta justice nyaya nadinay gadatantra naiii chahiyooo hamiii laiiii hamiii nepaliii khusiiii vayarq basekooo herna pau deshh feriyakooo herna pauuu,न हामीलाई मान्छे मर्ने राजतन्त्र नट्व यस्ता justice न्याय नदिनै गडतन्त्र नै चाहियो हामीलाई हामी नेपाली खुशी भएर बस्न पाउ देश फेरियाको हेर्न पाउ  
2330,hamro raja lai sambhodan garda kam se kam purba raja le sambhodan garauu,हाम्रो राजा लाई सम्मान गरदा कम से कम पूर्व राजा ले सम्मान गराउu
2331,balen pani ustai ho sakyo tesko desh bhakti,बलें पनि उस्तै हो सक्यो यसको देश भक्ति  
2332,kathai mero desh desh chodna badhye banaunai parne kaile aula tyo sunaulo din jun din mero nepal ramro hunxa,कथै मेरो देश देश छोड्न बढ्ने बनाउने परे काइले आउला त्यो सुनाउला दिन जुन दिन मेरो नेपाल राम्रो हुन्छ  
2333,raja kaal dekhi rana sasan dekhi feri raja kaal dekhi ani tyespachi gadatantra aayedekhi kati sarkari karmachari haru prasasan ka karmachari haru byapari haru lagayat gadatantra ka neta haru ka chamcha gunda ra istamitra haru ko settings baduwa saruwa desh bidesh ma padainlekhai ani citizenship pr greencard sampati aadi ityadi haru bhaka chan raja aayebhane sabai ko moj masti ma tanab aauncha ani raja ka aahile ka sathi haru lai pani baduwa saruwa aadi ityadi chaiyeko hola,राजा काल देखि राणा सासन देखि फेरि राजा काल देखि अनि त्यसपछि गडतन्त्र आएदेखि कति सरकारी कर्मचारीहरू प्रशासन का कर्मचारीहरू व्यापारीहरू लगायत गडतन्त्र का नेता हरु का चम्चा गुंडा र इस्तमित्रा हरु को सेटिङ्स बडुवा सुरुवा देश बिदेश मा पढाइलेखाई अनि citizenship pr greencard सम्पति आदि आदि हरु भाका छन् राजा आएभने सबैको मज मस्ती मा तनाब आउँछ अनि राजा का अहिले का साथीहरू लाई पनि बडुवा सुरुवा आदि आदि चाहिएको होला  
2334,mainstream media kati vrasta xa yo ghatana le chhyanga paridi halyo ni… so ids jasta media ma hami nepali le satya ghatna sunna paka xau,मुख्यधारा मिडिया कति भ्रष्ट छ यो घटना ले च्याङ्ग परिदि भयो नि… सो आइड्स जस्ता मिडिया मा हामि नेपाली ले सत्य घटना सुनना पक्का हुन्छ  
2335,yini haru lai bangladesh ko halat ma puraidina parxa  amale congress maobadi lai nepal bata lakhetna parxa,यिनीहरू लाई बंगलादेश को हालत मा पुरैदिन पर्‍यो अमाले कांग्रेस माओवादी लाई नेपाल बाट लेख्न पर्‍यो  
2336,2338 pajero haina solti hilux ho tyo,२३३८ पाजेरो होइन सोल्टी हिलक्स हो त्यो  
2337,muji timaru ni poisa khaysr bolne rahyaxyu muji midya,मुजी तिमारु नि पैसा खायस्र बोल्ने रह्याछु मुजी मिडिया  
2338,rato ra chandra surya jangi nishan hamro  jay raja jay nepal,रातो र चन्द्र सूर्य जंगी निशान हाम्रो जय राजा जय नेपाल  
2339,yo muji ids channel ni american ko dana pani khane raixa k k nai facts deko jasto garera last ma propagandist durga prasai bhagyo vanne le nepal ko history bujeko chai”,यो मुजी आइड्स च्यानल नि अमेरिकन को डाना पनि खान रैछ क क नै फ्याक्ट्स देखो जस्तो गरेर लास्ट मा प्रचारक दुर्गा प्रसाई भाग्यो भन्ने नेपाल को हिस्ट्री बुझेको छइ”  
2340,dr bijay mishra  fuchhe tero ni expose hunxa ek din pahile sachhi natra chala kadxan nepali janta gorkhali mode active hudai cha gorkha land ma ek choti feri prithovi narayan shah ko jasto wave chahirako cha gorkha land ma jhut bolna ta k paap ko bare sochna ni daraunu parxa khatey haru,डा. विजय मिश्रा फुच्छे तेरो नि एक्सपोज हुन्छ एक दिन पहिले सच्चि नत्र चला कड्‍चन नेपाली जनता गोरखाली मोड सक्रिय हुँदै छ गोरखा ल्यान्ड मा एक चोटि फेरि पृथ्वी नारायण शाह को जस्तो वेभ चहिराको छ गोरखा ल्यान्ड मा झूट बोल्न त पाप को बारे सोच्न नि डराउनु पर्‍यो खट्यहरू
2341,kehe garnu pardaina janta ho chup chap gayara rati oli ko ghar ghernu parcha jasari dalal prahari sangathan lagayara rabi jasta neta ko ghar ma rati rati police pathayara anayaya garcha ukhane le aba tesari nai kp chor shere chor dalal gagane bhrasta prachande ko ghar sab janta milera gherna awasyakta cha plus 12 bhai media lai pani gherera dalal media lai pani thik thau ma lyauna awasyakta cha history ma bir gorkhali bhanera matra padera hudaina aba sachai bir gorkhali ko paribhasa charithartha garna janta le yo garna jaroori cha utha janta ho ubhyau yee sab chor dalal haru lai janta ko kathghera ma,केहे गर्नुपर्दैन जनता हो चुप चाप गएरा रात्रि ओलीको घर घर्नु पर्दछ जसरी दलाल प्रहरी संगठन लगाएरा रबी जस्ता नेता को घर मा रात्रि रात्रि पुलिस पठाएर अनायाय गर्छ उखाने ले अब तेसरी नै केपी चोर शेर चोर दलाल गगाने भ्रष्ट प्रचारन्देको घर सबै जनता मिलेर घरर्न आवश्यक छ प्लस १२ भाइ मिडिया लाई पनि घरेर दलाल मिडिया लाई पनि ठीक ठाउँ मा ल्याउनु आवश्यक छ हिस्ट्री मा बिर गोरखाली भनेर मात्र पढेर हुंदैन अब साचै बिर गोरखाली को परिभाषा चरितार्थ गर्न जनता ले यो गर्न जरुरी छ उथ जनता हो उभ्याउ यी सबै चोर दलाल हरु लाई जनता को कथघर मा
2342,bhanna ke khojeko hoo,भन्नु के खोजेको होउ
2343,raja lai gyanendra and unle bhanera bolne haisiyet bhako xaina mitra boli sudharau pahila duichar janale subscribe garyo video heryo bhandaima xada word use nagarau,राजा लाई ज्ञानेन्द्र र उनले भनेर बोल्ने हाइसियत भएको छैन मित्र बोली सुधारौ पहिले दुईचार जनाले subscribe गरेओ भिडियो हेरेओ भन्दा word use नगर्नु
2344,rajawadi jindawadhamro tax hamro tayag hamro desh chor neta haru desh chod,राजावादी जिन्दावादम्रो ट्याक्स हाम्रो टायाग हाम्रो देश चोर नेता हरु देश छोड
2345,saba netaka gholey haruley garyako ho yo karnama raza lai giraunalai ho sab chor neta ko palan,सबै नेता का घोलेय हरुले गरेको हो यो कर्नामा राजा लाई गिराउनेलाई हो सबै चोर नेता को पालन
2346,chor netaharulai des nikala garnai parxa,चोर नेताहरुलाई देश निकाल्नै पर्दछ
2347,aba tw neta haru lai vanda pani nepal,अब त् नेताहरु लाई भन्दा पनि नेपाल
2348,police haru lai chai ramrai tahalauna parxa hola kukur haru,पुलिस हरु लाई चाहि राम्रै तहलाउन पर्दछ होला कुकुर हरु
2349,krikkos adventure scripe garnuhola sabaile,क्रिक्कोस एडभेन्चर स्क्रिप्ट गर्नुहोला सबैले
2350,marna rw marna tayar xu mo mero desh ko lagi,मार्न र्व मार्न तयार छु मेरो देश को लागि
2351,raja raja ho yo chor kp sheray parchandey chor ko bajouxa baja khatey haru yaad gaar desh bigarney tah haru hos,राजा राजा हो यो चोर केपी शेरय परचंदे चोर को बजाउछ बजा खाटेहरु याद गर देश बिगार्ने ताहाहरु होस्  
2352,kera ganatantra ij 3 ta budo sakchas makai address pathaidi chu,केरा गणतन्त्र इज ३ ता बुड़ो सक्छस मकाइ एड्रेस पठाइदिन्छु  
2353,kya gajjab ko xa ids team clearcut kuro xa,के गज्जब को छ आइड्स टिम क्लियरकट कुरो छ  
2354,sav bideshi dalal pateakar nepal ma but satya hajur ko news,सव विदेशी दलाल पत्रकार नेपाल मा बट सत्य हजुर को न्यूज  
2355,yo herda ta rajya sasan garne kei dosh chha,यो हेर्दा त राज्या सासन गर्ने केही दोष छ  
2356,pajero hoina 4x4 hilux ho,पाजेरो होइन ४x४ हिलक्स हो  
2357,rajabadi le gareko hoh,राजबादी ले गरेको होह  
2358,aayo ayo kada aayo,आयो आयो कदा आयो  
2359,jagamna nepali janata ho yo varsta neta haru lai yo des bata lakhatna praxa aba,जगम्मा नेपाली जनता हो यो बर्षता नेताहरु लाई यो देश बाट लखतना प्रथा अबा  
2360,raaja aau desh bachaaau,राजा आउ देश बचाउ
2361,rabi dai kp chor desh xor,रबी दाइ केपी चोर देश xor  
2362,timi harule video banauera ni k hi hunnxa jasto lagdeina sir tpi ko yoo sab kura youtube samma matrasimit bhairaxa bujhera ni abujh bannxa,तिमीहरुले भिडियो बनाउर नि केहि हुन सक्छ जस्तो लाग्दैन सर टि पि को यूयू सबै कुरा यूट्युबसम्म मात्र सीमित भएरै खै बुझेर नि बुझ्न बन्ने  
2363,balen aau desh bachau,बलें आउ देश बचाउ  
2364,engineering padasi aaba rajniti ma jana paryo,इन्जिनियरिङ पढ्दै आउँदा राजनीति मा जानु पर्‍यो  
2365,rastabadi sathile mero video hernu hola hai,राष्ट्रवादी साथिले मेरो भिडियो हेर्नु होला है  
2366,nepal ko context ma dor bahadur bista time vanda agadi janmiyeko manxe hunuhunxa uha ko book haru pade paxi nepali haru lai teti belai nai samajik rup ma change garna khojeko manxe but nepali le teti ko kura bujhne chetana na aaisakeko raixa vanne kura bujhinxa father of nepalese anthropology,नेपाल को कन्टेक्स्ट मा दोर बहादुर बिष्ट टाइम भन्दा अगाडि जन्मिएको मान्छे हुन सक्छ उहाँ का किताबहरु पढेपछि नेपालीहरु लाई त्यो बेलै नै सामाजिक रुप मा परिवर्तन गर्न खोजेको मान्छे तर नेपाली ले त्यो को कुरा बुझ्ने चेतना न आएको रहेछ भन्ने कुरा बुझिन्छ फादर अफ नेपाली एन्ट्रोपोलोजी  
2367,yini ta nepal ko ambedkara rai6an,यिनी त नेपाल को अम्बेडकर राई6यन  
2368,yo maibadi hoki khaibadi kina saabi chij chyatni ra jalauuni mancha marni rakhches haru maubadi khaubadi le nai harako huna sakcha yo manche lai,यो माईबादी होकी खैबादी किन सबै चिज च्याट्नी र जलाउने मान्छे माउबादी खैबादी ले नै हरेक होउ शक्छ यो मान्छे लाई  
2369,aalap hunchhu vaneko chai k raichha khhasma,आलाप हुन्छु भन्ने चै के रहेछ खसमा  
2370,time capsule nai arko pustak huna sakxa uni afno bacha pura garera matra bida hunechhan,टाइम क्याप्सुल नै अर्को पुस्तक हुन सक्छ उनी आफ्नो बच्चा पुरा गरेर मात्र बिदा हुनेछन्
2371,marera kai gayeb gareka hun dhukkai,मारेरै कै गयेब गरेका हुन दुःखाई  
2372,hjrko ultima le sabailai joker banayo,hjrको ultima ले सबैलाई joker बनायो  
2373,raja le durbar le gayab parako ni huna sakxa,राजा ले दर्बार ले गयाब पराको नि हुन सक्छ  
2374,ma pni jharwuarasi ma basxu tw yesto kei thaxaina,म पनि झारवुारी मा बस्छु तेसो केही थाह छैन  
2375,title eglish nabujher maile video herin,title eglish नबुझेर मैले video हेरेँ  
2376,bahun radikoxora haru ley mareko ho bista lai,बहुन रेडिकोखरा हरु ले मारेको हो बिस्ता लाई  
2377,dai tapai ley matra change lyaauna saknu hunxa bastawik barey boleyra,दाई तपाईं ले मात्र change ल्याउन सक्नु हुन्छ बास्तविक बारे बोलेर  
2378,ultima scammer ho ids pani scammer ho bhram failauxa,ultima scammer हो ids पनि scammer हो भ्रम फेलाउँछ  
2379,random nepali kata harayo ekso bhanda ta dherai best,random नेपाली कताहरु हरायो एकसो भन्दा धेरै बेस्ट  
2380,1982ad ma janmeko manche 1957 kaam garna kasari gaye indepthstory,1982ad मा जन्मेको मान्छे 1957 काम गर्न कसरी गए इनडप्थस्टोरी
2381,maubadi ko kaam nai tei thieo  k vanny mukti sena ray feri destroy bahek kai vayena,माउबादी को काम नै तेइ थियो कि वन्नि मुक्ति सेना रै फेरी destroy बाहेक किन भएन  
2382,hait rajako belama cast system thiyo,हाइट राजाको बेलामा cast system थियो  
2383,chait 15 ko ghatana bare rw upcoming aandolanko barema video banunu hola,चैत्र १५ को घटना बारे र्‍व upcoming आन्दोलनको बारेमा video बनाउनु होला  
2384,maowadi le nai kata lop pareko huna sakxan,माउवादी ले नै कतै लोप परेको हुन सक्छन्  
2385,52 saal ma 80 barsa ko thyee bhane pachi,५२ साल मा ८० बर्षको थिए भनि पछि  
2386,bideshi dollarey ho yo mug jogi banera gayo sala,बिदेशी dollarey हो यो mug jogi बनेरा गयो sala  
2387,dorbahadur became db cooper haha,dorbahadur became db cooper haha  
2388,kati dherai ad rakheko bro,कति धेरै ad राखेको bro  
2389,tinkune ko vdo aaula vanya waiting ma basye thye kun vdo aayoo,tinkune को vdo आउला भनि waiting मा बसे थिए कुन vdo आयो  
2390,sir ids arko poni channel xa,sir ids अर्को poni channel छ
2391,ids media network vanera please tesma poni hernuna hai,आइड्स मिडिया नेटवर्क भनेर कृपया त्यसमा पोनी हेर्नुहोस्  
2392,tesma ground reporting gareko xa,त्यसमा ग्राउन्ड रिपोर्टिङ गरेको छ  
2393,natra hernu xa vaney eon nepal vaney youtube channel ma poni herna saknu hunxa,नत्र हेर्नु छ भने ईओएन नेपाल भने यूट्युब च्यानलमा पोनी हेर्न सक्नुहुन्छ  
2394,muji patrukar 12 bhai muji murra muji,मुजी पत्रकार १२ भाइ मुजी मुर्रा मुजी  
2395,i strongly recommend please nepal ma sadhai suru suru ma ramro garne haru pachi auta brand ya ramro garna lagyo vane aafno quality ghataudai janxan so please yesto huna nadinu hola,म बलियो सिफारिस गर्छु कृपया नेपालमा सधैं सुरु सुरुमा राम्रो गर्नेहरू पछि एउटा ब्रान्ड या राम्रो गर्न लाग्यो भने आफ्नै क्वालिटी घटाउँदै जान्छन् त्यसैले यस्तो हुन नदिनु होला  
2396,ids hami hajur ko aash ma xam chaitra 15 ko tathya satya kaile niklinxa aaba balen ko thau ma hajur aauna parxa,आइड्स हामी हजुरको आशमा छौं चैत्र १५ को तथ्य सत्य कहिले निकालिन्छ अब बलेंको ठाउँमा हजुर आउनु पर्छ  
2397,hami le anthropology and sociology parda uha ko bharema padheko theyou yeti maja le chahi yehi video bata thaha vayo,हामीले एनथ्रोपोलोजी र सोसिओलोजी पढ्दा उहाँको बारेमा पढेका थिएँ यति मजाले चाही यो भिडियोबाट थाहा भयो  
2398,bachilaya tw ajhai 70 barsa uhako time capsule hernapadna k lagxa,बच्चिलाया तव अझै ७० बर्ष उहाँको टाइम क्याप्सुल हेर्नपड्न क हुन्छ  
2399,mareko ta hoina uslai marnai sakni bhaye nepali mai marthe he was safe in india,मरेको त होइन उसको मर्नै सक्ने भए नेपालीमा मार्थे ऊ भारतमा सुरक्षित थियो  
2400,bista family maa pahile kaa dherai jasto hamra purkhuli babu baje haru dherai jasto ghar xadera gayeaka xan maile afno family history suneako xu ghar xodera jane lagbhag bista family maa dherai ghatana haru vayeaka xan thanku,बिस्टा परिवारमा पहिलेका धेरै जस्तो हाम्रो पुरखुली बाबु बाजेहरू धेरै जस्तो घर छोडेर गएका छन् मैले आफ्नै परिवारको इतिहास सुनेको छु घर छोडेर जाने लगभग बिस्टा परिवारमा धेरै घटना भएका छन् धन्यवाद
2401,yo manxe kati darayeko rajtantra aauxa vanera bichara j hos maja aayo yo darayeko dekhera,यो मानिस कति डराएको राजतन्त्र आउँछ भनेर विचार ज होस् मजा आयो यो डराएको देखेरा  
2402,sanyasi bhayesi thar giri ne rakhxan hai dherai le sanyasi baba harule ne thar giri rakhxan,संन्यासि भएसी थर गिरि नै राख्छन् है धेरै ले संन्यासि बाबाहरुले नै थर गिरि राख्छन्  
2403,vairaxa hola hope xittai aaos video,वैरक्षा होला hope xittai आउँस video  
2404,ratna kumar rai barey video chaiyo dai,रत्न कुमार राई बारे video चाहियो दाई  
2405,bahun haru le khas chhetri lae paelai bata aile sama manipulate gareko xan,बहुनहरुले खास चेत्रीलाई पेलैबाट अहिले सम्म manipulate गरेको छन्  
2406,eyh dai sikri ko barema research garnu paro ke,ऐह दाई सिक्रीको बारेमा research गर्नू परो के  
2407,chaitra 15 gateko barema video kaile aauxa,चैत्र १५ गतेको बारेमा video कहिले आउँछ  
2408,chutiya vrasta netaharulai korra handai jelma kochera kulman lai pm banaunu parxa,चुतिया व्रष्ट netाहरुलाई कोरा handai jelma कोचेरा कुलमानलाई pm बनाउनु पर्दछ  
2409,nepal ka gyanendra raja ne aandolan karna kyon chhora,नेपाल का ज्ञानेन्द्र राजा नै आन्दोलन गर्न किन छोर्या  
2410,kulman ghising lai uthal pathal parchandale trc sanga sateko ho hindu bahun chhetrile sama dama danda bheta paryoga garo jaya mongol,कुलमान घिसिङलाई उथल पथल पार्छंदले trc सँग सकेको हो हिन्दु बहुन चेत्रीले सम्म दामण्ड डण्डा भेटा प्रयास गर्यो जया मंगोल
2411,k garnu yesto taw xa desh ko leader haru inar sablai ekai thauma rakhi bomb le udaunaw maan xa janta aabaw sabai jagaruk hunaw jaruri xa ramro kaam garne lai kaha sahi sakxan raw yo dhamiraharule……,क गर्नु यस्तो ताव छ देश को लिडरहरु इनार सबैलाई एउटै थाउमा राखी बम ले उडाउन चाहन्छन् जन्ता आबाब सबै जागरुक हुन आवश्यक छ राम्रो काम गर्ने लाई कहाँ सही सकिन्छ र यो दमिराहरुले……
2412,kp oli rip dipak khadka rip,केपी ओली रिप दीपक खड्का रिप
2413,thok shere pra and oli banduk thok,ठोक शेरि प्रा र ओली बन्दुक ठोक
2414,hello bro hajur ko video sable herchan aaile nepal ma wildfire nikai badera baira niskinu sakeko chaina euta yesko barema ni video banaunu paryo taki manchelai awareness hos ki yesko befaida k k chan vanera yeha euta janawar ko lagi ghass naya palauchan vanera maximum le aago lagaune gharchan ani sabailai sas ferna garo banauchan so plz make video on this too ty i hope this msg reach u soon,hello bro हजुर को भिडियो सबैले हेर्छन् अहिले नेपाल मा wildfire निकै बडेरा बाहिर निस्किनु सकेको छैन एउटा यस्को बारेमा नि भिडियो बनाउनु पर्दछ ताकि मानिसहरुलाई awareness होस् कि यस्को बेफाइदा के के छन् भनेर यहाँ एउटा जनावर को लागि घास नयाँ पालौचन् भनेर maximum ले आगो लगाउने गर्छन् अनि सबैलाई सास फेर्न गारो बनाउछन् सो प्लिज मेक भिडियो अन दिस टु टाइ हप यो मेसेज रिच यू सून
2415,dai chaitra 15 tinkune ghatana pani fast banaunu ekdum views auxsabai waiting maa xantyo hern,दाई चैत्र १५ टिन्कुन घटना पनि फास्ट बनाउनु एकदम views आउँछन् सबै वेटिङमा छन् टाँट्यो हेर्न
2416,amale kangress mawobadi vastachari hun rabi sir lai nikalna pani eniharu ko haat chha jay rabi jay ghanti,अमले कांग्रेस मावोबादी वास्ताचारी हुन राबी सर लाई निकाल्न पनि इनिहरु को हात छ जाई राबी जाई घण्टी
2417,lado ho yo kulman vanaudo nii  yoi muji aauna parcha bhanne chana  ramroo aauna paro sakiyoo  aaayena bhane chaii andolan garera dhapa na  line gayo bhane feri andolan gar na  faaleko thukeko murti chor khate raja bhanaudo lai aaunu desh bachau bhandai andolan garcha randii ko ban haru  feri dial up connection ma purauchaa  tero raja le  ani padhlass a level o level  swiss board  montessori dekheko thyis raja huda  enfield chadera hideko thyis  randii ko ban khate haru 1 thaal masu bhaat ra 5 hajar ma bato ma dhunga liyera bhukchas  saab ladoo khaa,लडो हो यो कुलमान वानाउदो नि यौ मुजी आउनु पर्दछ भन्ने चना राम्रो आउनु परो सकियो आयेन भने चाई आन्दोलन गरेर धापा न लाइन गयो भने फेरि आन्दोलन गर्न फालेको ठुकेको मुर्ति चोर खटेट राजा वानाउदो लाई आउनु देश बचाउ भन्दै आन्दोलन गर्छन् रन्डी को बनहरु फेरि डायल अप कनेक्शन मा पुराउछन् तेरो राजा ले अनि पढ्लास ए लेवल ओ लेवल स्विस बोर्ड Montessori देखेको थिएस राजा हुँदा एनफिल्ड चढेर हिडेको थिएस रन्डी को बन खटेटहरु १ थाल मुसा भात र ५ हजार मा बाटो मा ढुङ्गा लिएर भुक्छन् सबै लडू खाऊ
2418,yehi video herda 2choti line katyo,यही भिडियो हेर्दा २चोटी लाइन कट्यो
2419,yo dipak khadka chor laii katnu parxa,यो दीपक खड्का चोर लाई काट्नु पर्दछ
2420,ta kukur le dekhis gyanendra shahi le kati diyo paisa kp ra deepak le ho nikaleko,ता कुकुर ले देखिस ज्ञानेन्द्र शाहि ले किति दिए पैसा केपी र दीपक ले हो निकालेको
2421,mc yo neta haru lai kasaile bahira vetdena loadshedding le kati tanab vo pahila godamna ho location share garam chorr corrupted haru ko,मच यो नेता हरु लाई कसैले बाहिर भेट्दैन loadshedding ले कितै तनाब भयो पहिले गोदाम्न हो लोकेसन शेयर गरम छोर करप्टेड हरु को  
2422,15 gatey aandholan ko pani vdo aaunu paro dai,१५ गेटे आन्दोलन को पानी भिडियो आउनु पर्छ दाइ  
2423,karnali chisapani  water weaponization node  raw hydra  66 thz,कर्णाली चिसापानी water weaponization node raw hydra 66 थ्ज़  
2424,contains nepals sovereignty killswitch coordinates,contains nepals sovereignty killswitch coordinates  
2425,kulman lai prachanda le fire gareko ki oli le,कुलमान लाई प्रचण्ड ले फायर गरेको कि ओली ले  
2426,muji timlai dherai thaha xa prachand le sansad ma vaneko nai ho,मुजी तिम्लाई धेरै थाहा छ प्रचण्ड ले संसद मा भनेको नै हो  
2427,dai naya video khaiii rw,दाइ नयाँ भिडियो खाइँ रुव  
2428,desh ko atankari prachanda desh chor,देश को आतंककारी प्रचण्ड देश चोर  
2429,prachanda ra oli chor desh chor,प्रचण्ड र ओली चोर देश चोर  
2430,kp chor ho garne lai yo desh le kaile garna diyeko xa ra yo purano tauke haru sabailai india tira lakhetnu parxa,kp चोर हो गर्नेलाई यो देश ले कहिले गर्न दिएको छ र यो पुरानो टाउके हरु सबैलाई india तिर लखेट्नु पर्छ
2431,muji kp oli lai kasaile goli hanera marta machikney,मुजी केपी ओली लाई कसैले गोली हानेर मार्दा माछीखाने  
2432,kulman ghising the real hero paila esto loadshedding ni gujarnu pareko thyo tait padhna samet dukha thyo yo prachandey ra oli ani tyo deepak khadka lai tukucha khola ma gadnu parne,कुलमान घिसिङ द रियल हीरो पैला यस्तो लोडशेडिङ नि गुजर्नु परेको थियो तैट पढ्न समेट दुःख थियो यो प्रचण्डे र ओली अनि त्यो दीपक खड्का लाई टुक्रा खोल मा गड्नु पर्ने  
2433,akdam sahhiii kura uthaunu vayo sab le bujhna parxa thank ids team,अकदम साहि कुरा उठाउनु भयो सबै ले बुझ्न पर्‍यो थैंक आइड्स टिम  
2434,k hoo gokarneswor ma 1 ghata line janxa ta yesto para bhayena hai kulman kaka lai chado bhanda chado shatta ma firta lyaunu paryo,के हो गोकार्नेस्वर मा १ घण्टा लाइन जान्छ त यस्तो पर भएन है कुलमान काका लाई चाडो भन्दा चाडो शट्टा मा फेर्‍ता ल्याउनुपर्‍यो  
2435,satya tathya bujera video banaune gar hai muji raiti prachanda le kaile kulman lai nikalyo,सत्य तथ्य बुझेर भिडियो बनाउने गर है मुजी रैती प्रचण्डले कहिले कुलमान लाई निकाल्यो  
2436,kp shere ani prachanda bachunjel desh ma kaile ramro hunna,केपी शेर र प्रचण्ड बाँचुन्जेल देश मा कहिले राम्रो हुँदैन  
2437,yo video lai jholey haru vatha kasari purauney puraidinu paryo neta vanda ni neta ko jholey haru le desh khattam banako ho,यो भिडियो लाई झोलेयहरु बाट कसरी पुर्‍याउने पुर्‍यिदिनु पर्‍यो नेता भन्दा नि नेता को झोलेयहरुले देश खत्तम बनाएको हो  
2438,prachanda prati alik positive hune hoki ids kaa mitra haru sab kura data maa based vayera content vanauda ramro hola ki prachanda lai meeting maa bolayera kp oli le bhram xarna khojeko ho,प्रचण्डे प्रति अलिक सकारात्मक हुने हो कि आइड्स का मित्रहरु सबै कुरा डेटा मा आधारित भएर कन्टेन्ट बनाउदा राम्रो होला कि प्रचण्डलाई मिटिङ मा बोलाएर केपी ओली ले भ्रम xर्ना खोजेको हो  
2439,kulman balen gopi harka ani ravi lay 84 damm afu nirdos sabit garey rabi mikera party kholna paryo natra rabi bahek baki milera party chaiyo,कुलमान बलें गोपी हर्का अनि रवि ले ८४ दम् आफु निर्दोष साबिक गरे र रवि मिकेरा पार्टी खोल्न पर्‍यो नत्र रवि बाहेक बाकी मिलेर पार्टी चाहिए  
2440,4 5 din dakhi deuso light noi hunna,४ ५ दिन देखि देउसो लाइट होइन हुँदैन
2451,kp sharma oli raja farkauni plan mai hununxa,केपी शर्मा ओली राजा फर्काउने प्लानमा हुनुन्छ  
2452,chado vanda chado euta ly bigarni arko ly saparni jasto dekhayera raja lai firta lyayera pheri desh lutni plan ma xan,चाडो भन्दा चाडो एउटा ल्य बिगार्ने अर्को ल्य सापर्नी जस्तो देखाएर राजा लाई फिर्ता ल्याएरै देश लुट्ने प्लानमा छन्  
2453,aba nepal sakini awastha ma xa,अब नेपाल सकिनी अवस्था मा छ  
2454,rajtantra ganatantra dubai vram ho,राजतन्त्र गणतन्त्र दुबई भ्रम हो  
2455,mero kura mannus ma kasam khayera vanxu  baru balentantra batai naya suruwad garau please,मेरो कुरा मानुस मा कसम खाएर भनेँु बरु बलैंत्रन्त्र बाट नयाँ सुरु गर्न गरु प्लिज  
2456,ganatantre deshdrohi murdabaad ganatantre pattasaaf,गणतन्त्र देशद्रोही मुर्दाबाद गणतन्त्र पटसाफ  
2457,kp prachanda deuba mugi haru jasta ko sampati ghar jaggga ma xanbin hos plz noted to be highlighted,केपी प्रचण्ड देउबा मुगी हरु जस्ता को सम्पत्ति घर जग्गा मा छन् बिन होस् प्लिज नोटेड टु बी हाइलाइटेड  
2458,jehosviews ko lagi time mai yo topic ma video banayeko raicha kinaki sabaile yo topic hercha dimak chai mannai parcha jai kulman ghising,जेहोसव्यूज को लागि टाइम मा यो टपिक मा भिडियो बनाएको रहेछ किनकि सबैले यो टपिक हेर्छन् दिमाग चै मनै पर्छ जाई कुलमान घिसिङ  
2459,kya raichan yaraba hatiyar linu parne raicha,के राछन यारबा हतियार लिनु पर्ने राछा  
2460,kpko jhola bokiko kati vhyo bro,केपीको झोला बोकीको कित्ती भयो ब्रो
2461,yi purana dhamira harulai aaba lakhetnu parxa hoina vanni desh khokro hunxa aaba,यी पुराना धामिरा हरुलाई अबा लेख्नु पर्‍यो होइन देश खोक्रो हुन्छ अबा  
2462,main chor kp khatey hooo,मैन चोर केपी खटें होऊ  
2463,gazzabb broooreport banako kuro ekdam satisfying chatara 3 madhye parchande ra congress ali danger khiladi ho jasto jagxa,गज्जब ब्रूरेपोर्ट बनाएको कुरा एकदम सन्तुष्टि चटार ३ मध्ये पर्दछ र कांग्रेस अलि डेंजर खेलाडी हो जस्तो गर्छ  
2464,terima bhatuwa jhole prachanda ko naam linchass ahele tapare muji aahele kosko sarkaar ho guiye bhan ta aja prachanda le nikaleko re,टेरिमा भटुवा झोलै प्रचण्डको नाम लिंछस अहिले तपरे मुजी अहिले कोस्को सरकार हो गइये भन त आज प्रचण्डले निकालेको रे  
2465,ali hatar maa video aayo tysaile bishaya ko bishleshan maa turuti chha timro bishleshan bhram chadne kisimko bhayo muji,अलि हातार मा भिडियो आयो त्यसैले विषयको विश्लेषण मा तुरुटि छ तिम्रो विश्लेषण भ्रम चड्ने किसिमको भयो मुजी  
2466,sai kura ho it was a plan na vaye 4 month karyakal baki rayeko ayle samma sabai vanda ramro chabi vako md lai yesari kasai le barkhasta gardaina,साई कुरा हो इट वास अ प्लान ना वाय ४ महिना कार्यकाल बाकी रहेको अयलेसम्म सबै भन्दा राम्रो चाबी भएको एमडी लाई यसरी कसैलेले बर्खास्त गर्दैन  
2467,yo kp chor daka kukur le afno sala yo desh lutera le pani gatinai xadera lage thukka gati xada,यो केपी चोर डाका कुकुरले आफ्नो साला यो देश लुटेरा ले पनि गतिनै खाएर लागे ठुक्का गति खडा  
2468,raja ko dhungro bajna thale paxi,राजा को धुंग्रो बज्न थाले पछि  
2469,kulman lai pani tha xa k vai raako xa ra paxi usko laagi pani thulai gaas paskeko xa,कुलमान लाई पनि थाहा छ कि वाई राएको छ र पछि उसको लागि पनि थुलै गास पसकेको छ  
2470,25 crore ani raja bata dhyan hatauna lai matrai iniharule ma hane jhai garxu ta roye jhai gar vanera kp ra parchande kheleko,२५ करोड अनि राजा बाट ध्यान हटाउन लागि मात्र इनिहरुले मा हाने जस्तै गरौं त रोए जस्तै गर वन्देर केपी र पर्दछ र खेलेको
2471,iniharu lai namarikana des banne xaina,इनिहरु लाई नामरिका देस भन्ने छैन
2472,kp machikne gadha kukur teri machikne,केपी माचिक्ने गधा कुकुर तेरी माचिक्ने
2473,hawa mula ta pani jhole rahexas sabai vanda faida prachanda lai re alik study pugena,हावा मूल ता पानी झोलै रहेछस सबै भन्दा फाइदा प्रचण्डलाई र अलिक स्टडी पुगेन
2474,gula jasto content ta mug ko fucche ko alik bujera vedio bana mantri parisad le hatako ho kasrii hatayo parchnada le,गुला जस्तो कन्टेन्ट त मुगको फुच्चेको अलिक बुजेरा भिडियो बनामन्त्री परिषद्ले हातको हो कस्री हातायो परन्छदा ले
2475,gukhane oli ko haat ma xa nepal abo nepal sakiyo herdai jaau,घुंङ्ने ओलीको हात मा छ नेपाल अब नेपाल सकियो हेरदै जाउ
2476,budo le aafai typing ta gareko hoina hola haina,बुढोले आफै टाइपिङ् त गरेको होइन होला होइन
2477,kulman le desh lai load shedding free garaye tyo ta mannai parxa tara aaile yo sab khel kulman kai sahamatii ma vayeko hoo vanda ris uthla tara rajtantra ko mahol sukkhha parna yo sab khel kheliyekoo rahexa,कुलमानले देशलाई लोडशेडिङ् फ्री गरायो त्यो त मनै पर्छ तर अहिले यो सबै खेल कुलमानकै सहमतीमा भएको हो भन्द रिस उठ्ला तर राजतन्त्रको माहोल सुक्खा परना यो सबै खेल खेलिएरहेको रहनेछ
2478,vanda ris uthla tara yo sab khel kulman kaii sahamatii ma vayeko hoo,भन्द रिस उठ्ला तर यो सबै खेल कुलमानकै सहमतीमा भएको हो
2479,kp chor desh xodh,केपी चोर देश खोज
2480,ego hoina paisa ho ghus khor haru xan,एगो होइन पैसा हो घुस खोरहरु छन्
2481,sayad na prachanda lai kei aaru kura ma discuss garna bolayera kp oli ra shere le hame janta lai chai prachanda ko image begarna kojko ho ki prachanda lai naramro prove garna kojko hoki,सायद न प्रचण्डलाई केही अरू कुरा मा discuss गर्न बोलाएर kp ओली र शेरले हाम्ले जनता लाई चै प्रचण्डको इमेज बिगार्न कोजको हो कि प्रचण्डलाई नराम्रो prove गर्न कोजको होकि  
2482,oli ko sala hitendra dev sakya lai pradikaran bata lakhetnu nai parx sale gadaha kp chor tero sala lai thaha rakhesi vrasta garnai sajilo hunx vanera ho hai,ओलीको सल्लाह हितेन्द्र देव सकेया लाई प्रडकरणबाट लेख्न्नु नै पर्ने साले गधा kp चोर तेरो साला लाई थाहा राखेसि वृस्टा गर्नै सजिलो हुन्छ भन्ने  
2483,tukuchaa khola ma gadnu perxa yiii 3 jana taukeee lai,टुुकुछा खोलामा गड्नु पर्छ यी ३ जना टाउकेई लाई  
2484,sakyo sala kp chor mugi,सकेयो साला kp चोर मुगी  
2485,yo mug 3 jana laiii yautai khaltomaa gardin parni ho,यो mug ३ जना लाई यौटै खाल्तोमा गरिदिन पर्ने हो  
2486,alikati ramro kaam gareko ta dekhnai sakdainan kati saroh ho yo alachina aputalin marnu nasakeko,अलिकति राम्रो काम गरेको ता देख्नै सक्दैनन् कति सरोह हो यो अलचिना अपुतालिन मर्नु सकेको  
2487,sabai kura tha chai kaseri vo ids lai,सबै कुरा थाहा चै कसरी वो IDs लाई  
2488,xeparo rw ukhane lai jati ekarka le dhoka dida pani napugdo raix,जेपरो रुव उखाने लाई जति एकर्का ले धोका दिए पनि नपुग्दो रैछ  
2489,kp chor  desh xod,kp चोर देश खोड  
2490,yo kp oli lai marne naththuram godse pani bistarai janmi raheko aabhas hudai chayo manche aba chadai mardau cha aba yaslai ali chado baikunthadham puryaune byabastha garnu parchasabai ek jut haubina passport,यो kp ओलीलाई मार्ने नाथुराम गोडसे पनि बिस्तारै जन्मि रहेको अनुभव हुँदैछ मान्छे अब छोडि मर्दै छ अब यसलाई अलि चाडो बैकुथधाम पुर्याउने व्यवस्था गर्नुपर्छ सबै एक जुट हुनुपर्छ पासपोर्ट
2491,sabai ko sarap le kp buda kuyerai marni vaye,सबैको सराप ले कपी बुद्धा कुँएरै मार्न वए
2492,ani tyo shakya niyukta kina gariyo ra tini ko hun pani vhandiyeko vhaye,अनि त्यो शक्य निuktा किन गरियो र तिनी को हुन पनि भन्दियो वए
2493,tyo shakya lai esari niyukti oli le kina garyokina ki tyo aafnai saalo ho jo madwari sangha corruption garne ra inverter ra generator bechne company bata moto commission kp oli le paaucha,त्यो शक्य लाई यसरी निuktा ओली ले किन गरेकिना कि त्यो आफ्नो सालो हो जो मदवारी संगठ भ्रष्टाचार गर्ने र inverter र generator बेच्ने कम्पनी बाट moto commission kp oli ले पाउछ
2494,amale kangrash kp chor rip,अमाले कंग्रेस kp chor rip
2495,kulman 3 otai party mai ma janu hunna,कुलमान 3 ओटा पार्टी मा म जानु हुँदैन
2496,ujyaloko deuta kulman ghising,उज्यालोको देवता कुलमान घिसिङ
2497,yei prachandako kura mp ganendra sahile gareko thiyo tara myaubadiko jhole harule ultai nabujer k vannu,यही प्रचण्डको कुरा mp ganendra sahile गरेको थियो तर म्याउबडीको झोलें हरुले उल्टै नबुझेर भन्नु
2498,plz balen harka kulman mahabir pun jasta bekti aaayo vne sotantra bata uthna jaruri xa atti haina vne desh ko maya marn bahek kunai bikalpa xaina hamilai,plz balen harka कुलमान महावीर जस्ता व्यक्ति आए भने सोधन्त्र बाट उठ्न जरूरी छ अत्ति छैन भने देश को माया मरन बाहेक कुनै विकल्प छैन हामीलाई
2499,launa hamro desh ta yeee rando hruu le vauni vaya,ल्याउन हाम्रो देश त यी रण्डुहरू ले वाउनी वया
2500,srilanka ma jhai jata vetxa tei hanna parxa yo 3 ta chor haru lai natra desh banney wala xaina kassam,श्रीलंका मा जाही जता भेट्छ त्यो हन पर्‍यो यो 3 टा चोरहरू लाई नत्र देश बन्ने वाला छैन कसम
2501,bhai tmlai maobadi le k garda chai thik hunthyo ta kulman lai maobadi le nai liyera aako ho kunai pani beurocrate le mathi ko power bina kaam garna sakdina aafnai vanxau ta aaru video ma ani maobadi le sath diyeko jasto situation ma pani kina vandainaumaobadi le galat garyo bigat ma tara sahi kura lai ni galat vanda tmro soch mai maobadi kharab rahexa reality ma vanda pani vanne dekhinxa,भाइ तिमीलाई माओवादी ले के गर्छ त च ठीक हुन्थ्यो त कुलमान लाई माओवादी ले नै लिएर आएको हो कुनै पनि बेउक्राट ले माथिको power बिना काम गर्न सक्दिन आफैँ भन्छौ त अरु video मा अनि माओवादी ले साथ दिएको जस्तो स्थिति मा पनि किन भन्दैनौ माओवादी ले गलत गर्यो बिहानी मा तर सही कुरा लाई नि गलत भन्दाना तिमीको सोच मा माओवादी खराब रहेछ रियलिटी मा भन्दाना पनि भन्छन्  
2502,yo desh ko janta haru nai kaam xaina yesto chor haru chor ho vaniko tha huda huda yini harulai nai jitauxan mula 1000 2000 ra masu bhat khana lai aafno vote ra aafno desh lai bech dinxan paxi sarkar ley kei gardaina vandai jhanginxan feri koi koi raja aau desh bachau vanira reply nagara hai raja pani ustai xa aakha khola brainwash vayeka janta haru,यो देश को जनता हरु नै काम छैन यस्तो चोर हरु चोर हो भनीको थाहा हुँदा हुँदा यिनीहरुलाई नै जिताउँछन् मुला १००० २००० र मासु भात खान लाई आफ्नै vote र आफ्नै देश लाई बेच दिन्छन् पछि सरकार ले केही गर्दैन भन्दाई झन्झन्छन् फेरि कोहि कोहि राजा आउ देश बचाउ भनि रि्प्लाइ नगर्नु रैछ राजा पनि उस्तै छ आँखा खोलो ब्रेनवाश भएको जनता हरु  
2503,thukka khate tero buddi nai rahenaxa,ठूका खाटे तेरो बुद्धि नै रहेनछ  
2504,bhai talai maobadi man pardaina vanera j paaye tyahi navan na,भाइ तलाई माओवादी मन पर्दैन भन्दाना ज पाए त्यही नवान न  
2505,bhai k kura garekotme kp oli ko supporter rahexaukati paisa ligyou tmle,भाइ के कुरा गरेकोट्मे केपी ओली को supporter रहेउकाती पैसा लग्यो तिमीले  
2506,yo pani hawa kura garne vayexa,यो पनि हावा कुरा गर्ने भयो  
2507,saala haru yo teentai randi family bata xa so yesto gardai xa yeti ramro nepal country lai kharab garnu ma randi ko chora haru xa saala haru,साला हरु यो तेन्टै रंडी फैमिली बाट छ सो यस्तो गरदै छ यति राम्रो नेपाल country लाई खराब गर्नु मा रंडी को छोरा हरु छ साला हरु  
2508,yauta flim banaye hit janxa,एउटा फिल्म बनाए हिट जान्छ  
2509,rip dipak khadka chor khate,रिप दीपक खड्का चोर खाटे  
2510,prachanda poxi nai lagxa yar yo sadai,प्रचण्ड पोक्सी नै लाग्छ यार यो सधै
2511,kp chor desh xod,केपी चोर देश खोड  
2512,swotantra vayera kasley banaidincha kya urja mantri  party chahiyena,स्वाधीनता भएर कसले बनाइदिन्छ क्या उर्जा मन्त्री पार्टी चाहिँदैन  
2513,oli bhrashchari pm ra bhrrashchari neta urja mantri khadka chor le ramro kam garne kulman jiu lai nikalo kin ki chor 2 wai lai inverter bechne dealer sita commission khana  chor pm energy mantri lai paxadi bata chou raha ma sisnu pani le jitna parxa janata le,ओली भ्रष्ट्राचार पीएम र भ्रष्ट्राचार नेता उर्जा मन्त्री खड्का चोर ले राम्रो काम गर्ने कुलमान जिउ लाई निकालो किनकि चोर २ वाई लाई इन्वर्टर बेच्ने डिलर सिता कमिसन खान चोर पीएम एनर्जी मन्त्री लाई पखाडी बाट चौँराह मा सिस्नु पानी ले जित्ना पर्दछ जनता ले  
2514,hawa kasto bakwas bislasan ali bhayana sathi afai nai biased bhyao ajha chai,हावा कस्तो बकवास विस्लसन अलि भयानक साथी आफै नै बायस भयो अझै चाहिँ  
2515,kulman balen jindabad lutera tashkari aparadhi dalal vhumafia vharashtachari party ko vhusiya kukurharu murdabad,कुलमान बलें जिंदाबाद लुटेरा तश्करी अपराधिक दलाल भुमाफिया भ्रष्ट्राचारी पार्टी को भुषियुस कुकुरहरू मर्दाबाद  
2516,dipak khadka jasto bhastachari chor rip,दीपक खड्का जस्तो बास्ताचारी चोर रिप  
2517,kulmanjibalenjiani harkaji yini haru nepalka lagi deuta hun waha harulai na chalaye hunxa2084 ma thaha hunxa aba social media ko jamana xa hamilai thaha xa ko sahi ko galat,कुलमानजिबालेन्जिआनी हर्काजी यिनीहरू नेपालका लागि देवता हुन वाहा हरुलाई न चलाए हुन्छ २०८४ मा थाहा हुन्छ अब सोशल मिडिया को जमाना छ हामीलाई थाहा छ को सही को गलत  
2518,deshko bikash vako dekhna sadaina,देशको विकास भएको देख्न सक्दैन  
2519,main kheladi nai hattera prachade nai ho,मुख्य खेलाडी नै हटेर प्रचारमै हो  
2520,syaal kaal aye sahar pascha vanchaa kp oli ko pani kaal ayo jasto cha,स्याल काल आए शहर पछाडि वन्छा केपी ओलीको पानी काल आयो जस्तो छ
2521,kp chor desh chod  prachanda chor aajai mor kp chor desh chod  prachanda chor aajai mor kp chor desh chod  prachanda chor aajai mor sabai jholey haru aajai moros,क्प चोर देश चोड प्रचण्ड चोर आजै मोर क्प चोर देश चोड प्रचण्ड चोर आजै मोर क्प चोर देश चोड प्रचण्ड चोर आजै मोर सबै जलेय हरु आजै मोरोस  
2522,but sab thaha vaye pani koi pani kei garirako xain,बट सबै थाहा वये पनि कोइ पनी केइ गरिरको छैन  
2523,oli ley barbad gari sakyo desh,ओली ले बर्बाद गरि सक्यो देश  
2524,kulmanlai annnnyyyyyyhowww urja mantri bnaunu parx 84 ma sabai neypali 1jut hunu parx,कुलमानलाई अन्नन्यyyyyyhowww उर्जा मन्त्री बनाउनु पर्छ ८४ मा सबै नेपाली १जुट हुनुपर्छ  
2525,bidambana k cha bhane party ko sahayata bina mantri bannai didainan,बिदम्बना के छ भने पार्टी को सहायता बिना मन्त्री बनाइदिन्न  
2526,kulman sir le pachi maobadi bata uthnu parne badhyata cha,कुलमान सर ले पछि माओवादी बाट उठ्नु पर्ने बाध्यता छ  
2527,swotantra uthda euta samsad ma simit garidinchan,स्वतन्त्र उठदा एउटा सांसद मा सीमित गरिदिन्छन  
2528,hami janata le aba ni kei gareneu vane yiniharu le desh bechxan maidan ma utrinei parxa desh lai ramro leader ko jarurat xa,हामी जनता ले अब नि केइ गर्नेउ भने यिनीहरु ले देश बेच्छन मैदान मा उत्रिनै पर्ने देश लाई राम्रो लिडर को जरुरत छ  
2529,politics vaneko tw taukay haru le,राजनीति भन्ने तौ तौकाय हरु ले  
2530,ghus khada ni barabar khairako holan was epic,घुस खडा नि बराबर खैरको होला वस एपिक
2531,tax kahile uthaune ho yo government le kp chor desh chod,ट्याक्स कहिले उठाउने हो यो गभर्नमेन्ट ले केपी चोर देश छोड
2532,o bhaun hettri haru atleast nepal des lai bachau yar kulman le ta ramrrai gareka thie hau,ओ भाउन् हेट्री हरु at least नेपाल देश लाई बचाउ यार कुलमान ले त राम्ररै गरेका थिए हाउ
2533,jhatooo congreess ko jaat dekhais,झोटो काँग्रेस को जात देखाइस्
2534,gagan thapa prachanda yemale ka neta ko guff,गगन थापा प्रचण्ड यमले का नेता को गफ्फ
2535,nepal ko gu khane janta le garera yasto chor haru mantri vako xa,नेपाल को गुः खान्ने जनता ले गरेर यस्तो चोर हरु मन्त्री भएको छ
2536,sakeh desh sakeh buda khada tauke le film ka gunda jastai manxe xan satta ma ane kah btw desh agii bados,सकेह देश सकेह बुदा खडा टाउके ले फिल्म का गन्डा जस्तै मानिस छन् सत्तामा अनि कह बट देश अगाडि बडोस
2537,kp oli chor khatey ho tho,केपी ओली चोर खाए हो थियो
2538,ajai ramro xa vandai basa yo gadatantra jhole haru,अझै राम्रो छ भन्दै बस यो गडतन्त्र झोलेंहरु
2539,hawa baldai xas vai ta,हावा बल्दै छस् वाई ता
2540,prachanda refrence chai gaynnedra shahi ra kepi oli rakhna patrukar  thukka tero jindagi,प्रचण्ड रेफरेन्स चै गएन्द्र शाहि र केपी ओली राख्न पत्रकार ठुका तेरो जिन्दगी
2561,ali hawa bislesan vayo bro tesaile dislike,अली हावा विश्लेषण भयो bro तेसैले dislike  
2562,yuwa haru khaddi ma kailey banxa hamro desh ekdamai dukha lagxa yesto news ra video haru dekhda kailey morxa ra yiniharu desh banxa,युवा हरु खड्डी मा कहिले बन्छ हाम्रो देश एकदमै दुख लाग्छ यस्तो news र video हरु देख्दा कहिले मर्छ र यिनीहरु देश बन्छ  
2563,maobaadi youtubeeekp chor jhole india baat naliyeko vaye geda load shedding ghattheo mula  godi youtuber,माओवादी यूट्यूबेक्प चोर झोल India बाट नलिएको वाए गेडा load shedding घट्यो mula godi यूट्यूबर  
2564,jun din ma load shedding hunxa tyo din kasari banna sakxa hahaha world ma 2nd water resources vayera k garne ho kunni kunai desh ma hudaina nepal mai hunxa esto chori garne power ma janta lato,जुन दिन मा load shedding हुन्छ त्यो दिन कसरी बन्न सक्छ hahaha world मा 2nd water resources भएर के गर्ने हो कुनि कुनै देश मा हुंदैन नेपाल मा हुन्छ यस्तो चोरी गर्ने power मा जनता लाटो  
2565,nepalma 24hr nai loadshedding bhaye pani khepera baschamm haami bheda nepali haru haami bhedai ho rah bheda nai rahanchamm haatma bhaako shakti le jata lancha tetai laagchamm bheda jastai bhyaaa bhyaaa garna baahek kehi garna sakenam haamile guu matra khana baaki cha haamile,नेपालमा २४hr नै loadshedding भए पनि खेपेरा बास्छम हामी भेडा नेपालीहरु हामी भेडै हो र भेडा नै रहन्छम हाम्रो भैको शक्ति ले जता लान्छ tetai लाग्छम भेडा जस्तै भ्या भ्या गर्न बाहेक केही गर्न सकेनम हामीले गुड मात्र खान बाकी छ हामीले  
2566,indepth story yesari aafno estar tw naghatau,इनडेप्थ स्टोरी यसरी आफ्नै अस्तर त नहटाउ  
2567,aba pheri 4 barsa karye kal thopnu parcha,अब फेरि ४ बर्ष कार्ये कल थोप्नु पर्दछ  
2568,mancha mararaa sata ko sawad lina loi kya aas garna,मन्छा मारारा सता को सवाद लिन Loi क्या आश गर्न  
2569,reference chaina kei chaina guff matrai cha gossip channel jasto film media ma lagey vai halyoni esle vanxa hamle patyauna parne,रेफरेन्स छैन केही छैन गफ मात्रै छ gossip channel जस्तो फिल्म मिडिया मा लागे वाई हलोनि यसले भन्छ हाम्ले पटयाउन पर्ने  
2570,achhamma lagxa yarkunai proof bina kasari bolna sakxa yar yo manxe tanka dahal lai hera yar,अचम्म लाग्छ यर्कुनै proof बिना कसरी बोल्न सक्छ यार यो मानिस टंका दाहाल लाई हेर्न यार
2571,sakxau vane tanka dahal le jasto fact based video banajpt facebook ma online ma aru le kk vaneko xan tyo jamma garera video nabanau bujuis vai,सक्सau भने टंका दाहाल ले जस्तो fact based video बनाउँछ फेसबुक मा अनलाइन मा अरु ले के भन्यो xan त्यो जम्मा गरैरा video नबनाउ बुझिस vai  
2572,padh maa herna matra chahane hoina sabai milera sath support diyar vayani leunu parxa hamro kulman ramro kulman ghisingjay nepal jay nepali,पढ् मा हेर्ना मात्र चाहन्छे होइन सबै मिलेर साथ support दिनु भएनी लिनु पर्छ हाम्रो कुलमान राम्रो कुलमान घिसिङजय नेपाल जाई नेपाली  
2573,aafu le khaneko khaldo ma aafai pardai xan bistari bistari yo chor haru,आफु ले खानेको खाल्डो मा आफै पढ्दै xan बिस्तारि बिस्तारि यो चोर हरु  
2574,aba pani nepali janata yeo pati ho pachi lagyeo vane hamro nepal basna like bandina,अब पनि नेपाली जनता यो पति हो पछि लाग्यो भने हाम्रो नेपाल बस्न लाइक बन्दिन  
2575,kulman sir laii yoo video dhakau,कुलमान सर लाई यो video देखाउ  
2576,yo neta ko politics ta mannei perne raja aau desh bachau ko kura lai dabauna prayas ramro xa,यो नेता को politics त मनै पर्ने राजा आउ देश बचाउ को कुरा लाई दबाउन प्रयास राम्रो छ  
2577,yo manxe gumaleko jhole raexasali rup dekhaerae xodyo,यो मान्छे गुमालेको झोलै रैक्साली रुप देखाएरै खोइयो  
2578,prachanda cheparo hoesko paxi lagnu hunna 3tai chor haru lai fyaknu parxa desh bata,प्रचण्ड चेर्पा होस्को पछि लाग्नु हुँदैन ३टै चोर हरु लाई फ्याक्नु पर्छ देश बाट  
2579,aru kehi hoina kakro congressemalele khaya biya maubadilae dalera afu chokhina khojyo congressemalele tesko daag maubadilae dalna khojiyo maubadile galti gare tatkal vetna janu hudaena thiyo congressemalele lukera biya dalna daau kurera baseko thiyo,अरु केही होइन कक्रो कांग्रेसले खाय बिया माउबडिलाे डालेर आफु chokhina खोज्यो कांग्रेसले तेस्को दाग माउबडिलाे डालन खोज्यो माउबडिले गल्ती गरे तत्कल भेट्न जाउदा छैन थियो कांग्रेसले लुकाएर बिया डालन दाउ कुरै बसेको थियो  
2580,sab mili bhagat ho…eniharu kaliyug ka asur hun manab yoni ma janma leka danab hunn eniharuko antya nischitxa,सबै मिलि भगत हो…एनीहरू कालियुग का असुर हुन मानव योनी मा जन्म लेका दानव हुन एनिहरुको अन्त्य निश्चित छ
2581,kulman aba election ma aaunu parcha  janta le 100  vote diyera jeetaune chow  jai nepali janta,कुलमान अबा election मा आउनु पर्दछ जनता ले १०० vote दिएर जिताउने चाहन्छ जय नेपाली जनता  
2582,hateko 23vaxaina investigation personnel research zero bas market maa vako 34 topic add garyo video banayo jantamaa aakrosh failayo videoko peak views paisa kamayo kati aananda hau nispacche vayera sabai kurahru kelayera sabai side ko kurahru rakhera banaye alik huni,हेटेको २३वाकैना investigation personnel research zero बस market मा भएको ३४ topic add गर्यो video बनायो जनता मा आक्रोश फैलायो video को peak views पैसा कमायो कति आनन्द भयो निस्पक्ष भएर सबै कुराहरु खोलाएर सबै side को कुराहरु राखेर बनाए अलिक हुनि  
2583,prachand chor desh chhod,प्रचण्ड चोर देश छोड  
2584,ekdam sahi ho jay kulman ghising kulman ghising swatantraparryma jaanu parxa balen sanga minutes parxa,एकदम सही हो जय कुलमान घिसिङ कुलमान घिसिङ स्वतन्त्रताप्राप्तिमा जानु पर्दछ बलले संग minutes पर्दछ  
2585,chor khadka lai hatayera feri kulman ji lai launu paryo chor neta le ta desh ta bechi khai sakyo aba janta lai feri andhakar ma dhakelna ber chaina,चोर खड्का लाई हटाएर फेरि कुलमान जी लाई ल्याउनु पर्दछ चोर नेता ले त देश त बेचि खाई सक्यो अब जनता लाई फेरि अन्धकार मा धकेल्न बेर्ह छैन  
2586,mawobadi zindabad kulman zindabad,मावोबादी जिंदाबाद कुलमान जिंदाबाद  
2587,yesto kira haruly bistarai des khadai cha hami chai tai herdai basi rakhyo kai nagaryo,यस्तो किरा हरुले बिस्तारै देस खडा छ हामि चै तै हेरदै बसेर राख्यो किन नगरेको  
2588,bidhud pradhikaran ma faida vako paisa khana lali kati khanu ho chorera mage hunxa chor sarkar khusi khusi dinxu k ra,bidhud pradhikaran मा फाइदा भएको पैसा खान लाली कति खानु हो चोरेरा मागे हुन्छ चोर सरकार खुशी खुशी दिन्छु कि र  
2589,he is always against prachanda prachanda le kei ramroo gareko chhaina vanchha yesle sadai he hates him ani sabalai prachanda birodi banauna khojchha binakaran pranchanda lai jodnu jaruri thiyeana,he is always against prachanda prachanda ले केहि राम्ररू गरेको छैन भन्छन् यसले सधैँ हेर्छ उसलाई अनि सबैलाई प्रचण्ड बिर्सोडी बनाउने खोज्छन् बिनाकारण प्रचण्डलाई जोड्नु जरूरी थियो  
2590,deu deu yehi chor harulai vote dinu janata ko dimaag sakisakyo tyo buda budi hos ki ahiley ka yuwa garu,देउ देउ यही चोर हरुलाई vote दिनु जनता को दिमाग सकिसक्यो त्यो बूढा बुढी होस् कि अहिले का युवाहरु
2591,bhai timi pani yojanabaddai rupma lagi parekaxau kulman ra maobadi xuttauna,भाइ तिमी पनि योजनाबद्धै रुपमा लागी परेकाछौ कुलमान र माओवादी खुट्टाउन  
2592,pani prachanda maaobaadi lai dos dine vayera desko pachhilo samay yasto vaako ho,पानी प्रचण्ड माओवादीलाई दोस दिने भएर देशको पछिल्लो समय यस्तो भएको हो  
2593,yo sabai dalal netaharu le garda ho gratantra murdabadh,सबै दलाल नेताहरुले गरे हो गणतन्त्र मुढाबाध  
2594,exactly kulman le buddhi janne ho bhane balen sanga misida ramro,exactly कुलमानले बुद्धि जाने हो भने बलें संग मिसिदा राम्रो  
2595,3 jana tawke moripochi nepal bikas huncha,३ जना टाउके मोरिपोची नेपाल बिकास हुन्छ  
2596,muji gaganey uta facebook ma status lekhera thulo kura garcha aaile aayera,मुजी गगनेउता facebook मा status लेखेर ठूलो कुरा गर्छ अहिले आएर  
2597,conflict of interest bhako manche lai afaile mantri banauna pathayo ani aaile kulam hatayo bhanera nautanki gardai chha sala,conflict of interest भएको मान्छे लाई आफैले मन्त्री बनाउने पठायो अनि अहिले कुलाम हटायो भनेर नौटंकी गरदै छ साला  
2598,ek jamana thiyo gagan thapa dekhda ali aash lagthyo aba ta gagan thapa bata ni ghinlagdo rajnitik gun aauna thalyo thuikka,एक जमाना थियो गगन थापा देख्दा अलि आश लाग्थ्यो अब त गगन थापा बाट नि घिनलाग्दो राजनीतिक गुन आउन थालेयो थुइक्क  
2599,prachande xeparo ho afno fayda ko lagi j pani garxa satta ko bhoki ho jus lina astinai balenko saili pani hamrai mao ko ho vandai thiyo kulman lai hataunu ma thulo haat prachande kai ho,प्रचण्डले सिपारिस गरेको आफ्नो फाइदा को लागि जस्तै गर्छ सत्ताको भोकी हो जस लिन अस्तिनै बलेंको सैली पनि हाम्रो माओ को हो भन्दै थियो कुलमानलाई हटाउनमा ठूलो हात प्रचण्डकै हो  
2600,bina praman bhukne patrukar lai jaha bhetyo tei thokdiye hunchayesta patrukar haru desh ra samaj ko lagi virus hun mardiye hunhca,बिना प्रमाण भूख्ने पत्रकारलाई जहाँ भेटियो तेही ठोक्दिए हुन्छयस्ता पत्रकारहरु देश र समाजको लागि virus हुन मर्दिए हुन्छ
2601,in depth le bhanda pani gyanendra shahi le banako video jasto lago lol prachanda lai najodi yo khate youtuuber lai khako pachdaina jasto cha,इन डेप्थ ले भन्दा पनि ज्ञानेन्द्र शाहिले बनाएको भिडियो जस्तो लागो lol prachanda लाई नजोडी यो खाटे youtuuber लाई खाको पच्दैन जस्तो छ  
2602,3 dal lai sakhap naparesamma desh le muhar ferdaina,३ दल लाई साखाप नपरेसम्म देश ले मुहार फेर्दैन  
2603,yo sala prachanda ta sabaibhanda thulo xeparo po rahex  jyanmara atankakari,यो साला प्रचण्ड त सबैभन्दा ठूलो एक्सेपारो पो रहेछ ज्यानमार आतंककारी  
2604,yo pani huna sakx prachnda bolakai din paxi hatauda prachnda ko ni name jodna sakinx vhanne knowledge kp lai thiyo hola ni,यो पनि हुन सक्छ प्रचण्ड बोलको दिन पछि हटाउदा प्रचण्ड को नि नाम जोड्न सकिन्छ भन्ने knowledge kp लाई थियो होला नि  
2605,ooo randiko choro tero baule vaneko prachandle fire garyo vanera gadhaa,ओउ रन्डिको छोरो तेरो बाउले भनेको प्रचण्डले फायर गरेगो भनेर गधा  
2606,parchanda aphu pardhan mantari banne dauma chhan kulman hataunma kaglai bell jastai ho nugen,प्रचण्ड आफु प्रधानमन्त्री बन्ने दाउमा छन् कुलमान हटाउँमा कग्लै बेल जस्तै हो नुगेन  
2607,as you said yedi kulman sir le main stream politics ma aaunu lagnu bhako bhaye ramrai ho jun sukai party bata hoss tara uha le aafno lagansilta ra desh ra janta ko aas na todun ra aafno kartabye nabirsunu yedi uha pani aaru jastai garnu bho bhane ta kallai biswas garnu nepal ma jai nepal,as you said यदि कुलमान सर ले मेन स्ट्रीम politics मा आउनु लागेको भए राम्रै हो जुन सुकै पार्टी बाट होस् तर उहाँ ले आफ्नो लगान्सिल्ता र देश र जनता को आश न तोड्न र आफ्नो कर्तव्य नबिर्सुन यदि उहाँ पनि अरु जस्तै गर्नु भयो भने त कल्लै विश्वास गर्नु नेपाल मा जय नेपाल  
2608,nepal ko bhut bartaman ra bhabishya tinotai andhakar cha kun bato rojne hamle dubai bata haru mai khalto cha,नेपाल को भूत वर्तमान र भविष्य तीनोटै अन्धकार छ कुन बाटो रोज्ने हाम्ले दुबई बाट हर्स मा खाल्टो छ  
2609,haami bholi pani khusi huna paaune chainau bhanda aile nai dukha lagcha,हामी भोली पनि खुशी हुन पाउने छैनौं भन्दा अहिले नै दुखा लाग्छ  
2610,xetri bahun yo desho ko nagarik hoina lutera ho,क्षेत्री बहुन यो देश को नागरिक होइन लुटेरा हो
2611,3 neta mareko din all nepal parti garnu parxa,३ नेता मरेको दिन अल्ल नेपाल पार्टी गर्नुपर्छ  
2612,jaile political yuba haru lai kina yesto rajniti sikako,जाइलै पोलिटिकल युबा हरु लाई किन यस्तो राजनीति सिकाएको  
2613,muji patrukar 12 bhai muji murra muji,मुजी पत्रकार १२ भाइ मुजी मुर्रा मुजी  
2614,aba no teentaukey vaney nara lagauney bela aayo,अब नो तिनटौके भन्छ भने नारा लगाउने बेला आयो  
2615,k saro corruption vako desh raicha nepal,के सारो corruption भएको देश रैछ नेपाल  
2616,209 desh chai haina yo galat ho nepal ma raheko thuprai thou jumla lagayat mugu jilla ma ajai pane batti aoudaina ramro xanga kailey ta batti dheknai poudaina,२०९ देश चै होइन यो गलत हो नेपाल मा रहेको थुप्रै थाउ जम्मला लगायत मुगु जिल्ला मा अझै पनि बत्ती आउदैन राम्रो साँगा कहिले त बत्ती देख्नै पाउदैन  
2617,rip dipak khadka and kp oli,रिप दीपक खड्का र केपी ओली  
2618,radiko chora haru le ta haan ma dhukheya jhai garchu bhanera 3 jana milera 3 crore janta lai beykuff banacha  mz gowaach janta haru ajhai wwe lai real fight bhanera herera basecha toorpey janta haru,रेडिको छोरा हरु ले त हाँ मा धुकेया जाई गर्छु भन्ने ३ जना मिलेर ३ करोड जनता लाई बेयकुफ बनाछा मझ गोवाच जनता हरु अझै WWE लाई रियल Fight भन्ने हेरेर बसेछ तोरपे जनता हरु  
2619,yo biswa dhwasta vayera jala but nepalma kahile pani susasan and pragati hunai sakdaina lekhera rakha,यो बिस्वा ध्वस्त भएर जाला बुट नेपालमा कहिले पनि सुशासन र प्रगति हुनै सक्दैन लेखेर राखा  
2620,ali khojny tarifa vyena esma prachandey ko kura kaha bata aaux trc chuttai kura ho tene hru sarkar ma ni xainan hawa,अलि खोज्ने टारिफ भ्येन यसमा प्रचण्डेको कुरा कहाँ बाट आउँछ TRC चुटै कुरा हो तेन हुरु सरकार मा नि छैन हाव
2621,etti sunda ni nepali ko dimag tattena vane chutiya hai timiharu  jaum andolan ma,एत्ति सुन्दा नि नेपाली को दिमाग तत्तेन भने चुतिया है तिमीहरू जाउं आन्दोलन मा  
2622,batti gayooo batti gayoooo mero maaa,बत्ती गएयो बत्ती गएयो मेरो माया  
2623,apa maobadhi le kunman hamro manxi vanna xadey hunxa chayparo pachaday,आप माओवादी ले कुनम्यान हाम्रो मान्छि वन्ना खडे हुन्छ चायपो पछाडि  
2624,oli chor desh xod,ओली चोर देश खोड  
2625,kulman kand ko sato aru kei rakheko vaye ramro hunthyo ki democratic bro,कुलमान काण्ड को साता अरु केही राखेको भए राम्रो हुन्थ्यो कि डेमोक्रेटिक ब्रो  
2626,timro video hereko dherai samaye bhayo fact ma basera kura gartheau aaja ko yo video chai content banauna ko lagi ra views kamaunako lagi matrai banayeko jasto lagyo daju,तिम्रो भिडियो हेरेको धेरै समय भयो फ्याक्ट मा बसेर कुरा गरथेउ आजको यो भिडियो चै कन्टेन्ट बनाउने को लागि र views कमाउनेको लागि मात्र बनाएको जस्तो लाग्यो दाजु  
2627,yestai para ho bhane timro pani downfall dherai tada dekhdina hai mata,यस्तै पर हो भने तिम्रो पनि downfall धेरै तदा देख्दिन है मता  
2628,yo 3 tauke le desh nai sakne vo,यो 3 टाउके ले देश नै सक्ने वो  
2629,dami video ko ko jaginey ho tyo samaya le nai batauchha,दमि भिडियो को को जागिने हो त्यो समय ले नै बताउँछ  
2630,veda janata haru lai thik paro,वेद जनता हरु लाई ठीक परो
2641,maobadi party yemale ra congress bhanda ali farak xa hai kina bhane maobadi ko nara partaskhya karyakari bewastha lagu garne xa plus yo bhanda aghi prachanda prime minster bhanda 400 corruption ko file khelko thiyo prachanda lai sarkar bata hataunu ko main karan nai yemale ra congress le bhastachari lai jogauna gareko ho kp oli le balen saha lai ashayog gareko bela prachanda le balen lai lokatantra ko sundhar ful hun bhaneko thiyo jo jo naya aako xan yemale ra congress tini haru ko birodh ma lagi rako hunchhan bhane maobadi chhai sadhai naya haru ko paksha ma boli rako hunchha rabi lai pani sath diyekai ho balen harka lai sundhar ful bhanekai ho,माओवादी पार्टी यमले र कंग्रेस भन्दा अलि फरक छ है किन भने माओवादी को नारा पार्टस्क्या कार्यकारी व्यवस्था लागू गर्ने छ plus यो भन्दा अघि प्रचण्ड प्रधानमन्त्री भन्दा ४०० भ्रष्टाचार को फाइल खेलको थियो प्रचण्ड लाई सरकार बाट हटाउनु को मुख्य कारण नै यमले र कंग्रेस ले भ्रष्टचारी लाई जोगाउने गरेको हो केपी ओली ले बलें साहा लाई आशयोग गरेको बेला प्रचण्ड ले बलें लाई लोकतन्त्र को सुन्दर फूल हुन भन्नेको थियो जो जो नयाँ आउँछ यमले र कंग्रेस तिनीहरु को बिरोध मा लागी राक्छन् भने माओवादी छाई सधै नयाँ हरु को पक्ष मा बोलि राक्छ हन्छ रबी लाई पनि साथ दिएकै हो बलें हर्का लाई सुन्दर फूल भन्नेकै हो
2642,84 ko chunab ma maobadi ra rastriya swatantra party ko garera 23 bahumat aayo bhane pratksha karyakari aaune nischit xa,८४ को चुनाव मा माओवादी र राष्ट्रिय स्वन्त्रता पार्टी को गरैरा २३ बहुमत आयो भने प्रत्यक्ष कार्यकारी आउने निश्चित छ
2643,dai tpi le yasari bolnu pauno nai prachand ko den ho,दाई टपी ले यसरी बोल्नु पाउना नै प्रचण्ड को देन हो
2644,kulman ghisingin yakın zamanda nepal elektrik kurumu nea genel müdürü olarak görevden alınması nepalde önemli bir kamuoyu söylemine yol açtı görevden alınması enerji bakanı deepak khadka ve hükümetle artan gerilimlerin doruk noktası gibi görünüyor,कुलमान घिसिङिन यकिन समयमा नेपाल इलेक्ट्रिक कम्पनी न्या जेनेरल म्यानेजर को रुपमा कार्यबाट हटाइएको नेपालमा महत्वपूर्ण एक सार्वजनिक धारणा खोल्यो कार्यबाट हटाउने ऊर्जा मन्त्री दीपक खड्का र सरकारसँग बढ्दो तनावको शिखर जस्तै देखिन्छ
2645,hami aba sunera haina maidan ma aayera ladnu parxa hamro haak ho hami le duniya kar tirnu parya xa mug bhastachari neta haru fasi dinu parxa raja aayexi,हामि अब सुनरा हाइना मैदान मा आएर लड्नु पर्छ हाम्रो हाक हो हामि ले दुनियाँ कर तिर्नु पर्छ मुग भ्रष्टचारी नेता हरु फासी दिनु पर्छ राजा आएसी
2646,a recente remoção de kulman ghising de seu cargo como diretor administrativo da autoridade de eletricidade do nepal nea desencadeou um discurso público significativo no nepal sua demissão parece ser o culminar das crescentes tensões com o ministro da energia deepak khadka e o governo,अ रीसेन्ट रिमुभल अफ कुलमान घिसिङ देस को डाइरेक्टर एडमिनिस्ट्रेटिभ दा अथोरिटी अफ इलेक्ट्रिसिटी ऑफ नेपाल न्या डिस्क्लाइड अन एक डिस्कर्स पब्लिक सिग्निफिकेन्ट इन नेपाल सु डिमिसन पर्सेप्टिबल बीइंग दि कुलमिनर अफ क्रिसेन्ट टेन्सन्स विथ द मिनिस्टर दा एनर्जी दीपक खड्का र द गभर्मेन्ट
2647,kp chor desh xod,केपी चोर देश सोड
2648,yo muji haru lai kaal le kina lagdaina ho xya moreni hunthyo rafiko ban hru,यो मुजी हरु लाई काल ले किन लाग्दैन हो या मोरेनी हुनथ्यो रफिको बन हृ
2649,janta haru jagggah kulman desh ko hira hoooo,जनता हरु जाग्गाह कुलमान देश को हिरा होऊ
2650,khoi kaa chha thos pramad,खै के छ ठोस प्रमाद
2661,yuvaharu netaharu snga rustaa xannetaharlai gali garera video banaidinda yettikai likeviews aunxa vanera assumptions ko adhar ma video banaidine ho ki kyaho brole,युवाहरु नेताहरु संग रस्ता xनेटाहरुलाई गाली गरेर भिडियो बनाइदिन्दा यत्तिकै लाइकव्यूज आउँछन् भन्ने assumptions को आधार मा भिडियो बनाउने हो कि केही brole  
2662,yetttiko channelma yesto wrong analysis xhai expected thiyena hai,यत्तिको channelमा यस्तो wrong analysis छै expected थियो भने है  
2663,andolan garna jum aaba,आन्दोलन गर्न जुम आउँ  
2664,thuika varasta fattaha kp sere chor,थुइका वरस्ता फट्टाहा kp sere chor  
2665,yo mantri ko rajinama magnu paryo,यो मन्त्री को राजीनामा माग्नुपर्छ  
2666,aaafaile gareko kura last ma gayera contradict gariraxa vanya vayana vai timro indepth analysis kp oil yemale deepak khadka urja mantri lagera surubatai jasari pani hataune vaneko sab lai tha xa janata lai ani feri ahile prachanda ly janata ko sentiment pauna lai ra kulman lai chunab ma uthayera jitauna lai yesto hatayeko ho vanxau ani testo plan ma opposition party chai manxa ta vanya ko lato hola yeti rajniti nabujhne prachande ko faida ko lagi kp sere manxan ta vanya kulman lai jasari pani hatayerai xadne paln thyo kp ko sarkar banedekhi ani,आफैले गरेको कुरा last मा गएर contradict गरिराख्या भने वाय तिम्रो in-depth analysis kp oil यमले दीपक खड्का उर्जा मन्त्री लाएर सुरुबाटै जस्तै पनि हटाउने भन्ने सबैलाई थाहा छ जनता लाई अनि फेरि अहिले प्रचण्ड ले जनता को sentiment पाउन लाई र कुलमान लाई चुनाव मा उठाएर जिताउन लाई यस्तो हटाएको हो भन्नु ani यस्तो plan मा opposition party चै मान्छ त भन्ने को lato होला यति राजनीति नबुझ्ने प्रचण्ड को फाइदा को लागि kp sere मान्छन त भन्ने कुलमान लाई जस्तै पनि हटाएरै xadne plan थियो kp को सरकार बनेदेखि ani  
2667,kulman lai janata ly biswash gardaina ra vanya ajhai pani hun party bata uthe pani garxa ta feri k kura gareko ho purano hos naya hos jun party bata uthe ni pauxa vote kulman ly,कुलमान लाई जनता ले विश्वास गर्दैन र भन्ने अझै पनि हुन पार्टी बाट उठे पनि गर्छ त फेरि के कुरा गरेको हो पुरानो होस् नयाँ होस् जुन पार्टी बाट उठे नि पाउँछ vote कुलमान लाई  
2668,parchanda 2 jibrey ho janta le nabujeko kura,परचन्दा २ जिब्रे हो जनता ले नबुझेको कुरा  
2669,yeshta yeshta pardan mantri hunxan hamro deshma,यस्तो यस्तो पर्दान मन्त्री हुनछन् हाम्रो देशमा  
2670,parchande fahtaha nalayek rahexa,परचण्डे फट्टाहा नलायक रहेछा
2671,jati nai k story banaeh pani tyo haru lai kasailey kei garnu sakdainw hawa dari murkha nepali ho sabai,जति नै के स्टोरी बनाउने पनि त्यो हरु लाई कसैले केही गर्न सक्दैन hawa dari murkha nepali ho सबै
2672,bislesan alik galat bhoki sir,विश्लेषण अलिक गलत भोकि sir
2673,khoi janta k saro jhole vako holayesto samma huda pne ago balna sakina neta ko ghr ghr ma,खै जनता के सारो झोलें वाक्यो होला यस्तो सम्म हुँदा पनि अगो बल्न सकिनै नेता को घर घर मा
2674,tin tauke haru chor desh chod oli deuba prachanda desh chod ki sansar nai chod,ती टाउके हरु चोर देश छोड ओली देउबा प्रचण्ड देश छोड कि संसार नै छोड
2675,yiniharuko ghaitoma gham lagdaina tesile bebasta nahi prawirtan garnu parx,यिनिहरुको घैटोमा घाम लाग्दैन तेसैले व्यवस्था होइन प्रवृत्ति गर्नुपर्छ
2676,chutiya prachandele antama kulmanlai pani becherai xodyo gaathe…nasakine vo baaa…yesta xepaare netaharule deshko unnati gardelan vanera k aash garnu,चुतिया प्रचण्डले अन्तमा कुलमानलाई पनि बेचेरै खोड्यो गएथे…नसकिने भौ बाः…यस्ता एक्सपार नेताहरुले देशको उन्नति गरदैनन् भनेर के आश गर्नु
2677,sure jitcha kulman le garda maubadi party nai purai jitna pani sakcha,साँचो जित्छ कुलमान ले गरे माओवादी पार्टी नै पूर्णै जित्न पनि सक्छ
2678,jaba samma nepalmaa kangress amale ra mawobadi rahanchha taba sabasamma nepal bikash huna garo chha yi party harulai bahiskar garau yuba ekjut bhau ra sab bhrasta netaharulai khedau,जबसम्म नेपालमा काँग्रेस आमले र माओवादी रहन्छ भने सबैमा नेपाल विकास हुन गारो छ यी पार्टीहरुलाई बहिष्कार गरौं युबा एकजुट भएर सबै भ्रष्ट नेताहरुको खेलौ
2679,radi ko xora prachanda lai tesai kina muschas,रेडिको छोरा प्रचण्डलाई त्यसै किन मुस्कन्छ
2680,asti line kateko factory ma jodinxa ani ajha pradhi karan ghata ma janxa,अस्ति लाइन काटेको फ्याक्ट्री मा जोडिन्छ अनि अझ प्रधि कारण घाट मा जान्छ
2681,sabailai faida xa especially pratipakshya,सबैलाई फाइदा छ especially प्रतिपक्ष्य  
2682,tara dui tihai ko sarkar le maobadi le vaneko kasari manxa,तर दुई तिहाई को सरकार ले माओवादी ले भनेको कसरी मान्छ  
2683,radi ko chora kp ra tesko chora haru mareko din matrai nepali haru le sukha paoucha,रेडिको छोरा kp र उसको छोरा हरु मरेको दिन मात्र नेपाली हरु ले सुख पाउछ  
2684,kp oli shere prachanda murdabad kulman ghising zindabad,kp ओली शेर प्रचण्ड मुर्दाबाद कुलमान घिसिङ जिंदाबाद  
2685,tmro analysis ho bhai satya hunai parxa vanne xaina,भोलि analysis हो भाइ सत्य हुनै पर्दा भन्ने छैन  
2686,aile aara yo maanxe thik laauna xodyo mula patrakaar,अहिले आउँदा यो मान्छे ठीक लगाउन खोज्यो मुला पत्रकार  
2687,yinai karan le garda nepal aaile ko aabasthama puge ko ho yini lai ta chappal le hanera bhagaunu parxa ani janta ho yadi yo desh lai bachau u ho vane sahi neta chunau natra feri rajtantra lyaune pani uthi ra chan,यिनै कारण ले गर्दा नेपाल अहिले को अवस्थाम पुगेको हो यिनी लाई त चप्पल ले हानेरा भगाउन पर्दा ani जनता हो यदि यो देश लाई बचाउ उ भए सही नेता चुनाउ नत्र फेरि राजतन्त्र ल्याउने पनि उठी र छान  
2688,kulman swatantra rup ma udaunu parxa iam with kulman,कुलमान स्वतन्त्र रुप मा उडाउन पर्दा iam with कुलमान  
2689,3 janai kukur haru muji,३ जना कुकुर हरु मुजी  
2690,prachanda laai galat deykhauna,प्रचण्ड लाई गलत देखाउना
2691,kp shere ra prachande bhrastachari chorharulai ghaati kaatera tukra tukra paarera maarnu parcha nepali janta le,केपी शेर रा प्रचण्डे भ्रष्टाचारी चोरहरूलाई घाटी काटेरा टुक्रा टुक्रा पारेर मार्नु पर्दछ नेपाली जनता ले  
2692,aba kulman ghishing sir lai sidhai 2 karyakaal urjamantri banaunu parcha nepali janta le,अब कुलमान घिशिङ् सर लाई सिधै २ कार्यकाल उर्जामन्त्री बनाउनु पर्दछ नेपाली जनता ले  
2693,kp huni sama yo desh bandina,केपी हुनि सँग यो देश बन्दिन  
2694,sab bhanda dukha lagne kura sankhuwasabha ka janata lai ali kati pani laaj lagxa hola ki nai maile kasto chaai neta lai bhot halexu bhanera,सबै भन्दा दुःख लाग्ने कुरा साँखुवासभा का जनता लाई अलि कति पनि लाज लाग्छ होला कि होइन मैले कस्तो चाहि नेता लाई भोट हालेको भनेर  
2695,estaa gaddari haru lae desh nikala garnu parchha,यस्तो गद्दारीहरू लाई देश निकाल गर्नू पर्दछ  
2696,kp oli lai sabai janta milera bahiskar garna parxa ani balla desh ley gati lina sakxa,केपी ओली लाई सबै जनता मिलेर बहिष्कार गर्नुपर्छ अनि बल्ल देश ले गति लिन सक्छ  
2697,natra jati ramro manxe ayani yasle kam garnai didaina birod garerw,नत्र जाति राम्रो मान्छे आयनी यसले काम गर्नै दिन्दैन बिरोध गरेर्  
2698,ma bata start hai kp chor desh xodd,म बाट स्टार्ट है केपी चोर देश छोड  
2699,kasto video banako vai kulman lai hataune rakhne prachanda pradhanmantri hoina ni kasto bhramak video banako,कस्तो भिडियो बनाएको वाई कुलमान लाई हटाउने रक्षक प्रचण्ड प्रधानमन्त्री होइन नि कस्तो भ्रमात्मक भिडियो बनाएको  
2700,poilo kuro ta yesto hoki urjaa mantri lai jitune janta nai galat nai hun,पोइलो कुरा त यस्तो हो कि उर्जा मन्त्री लाई जित्ने जनता नै गलत नै हुन्छ
2701,mantri parishad ko nirnaya ma pratipaksha ko haat hunna prachanda ko samlagnata pushti hune aadhar xainan ids le yo bisaya ma chai ali thorai homework gareko dekhinxa,मन्त्री परिषद् को निर्णयमा प्रतिपक्षको हात हुन सक्दैन प्रचण्डको सम्बन्धता पुष्टि हुने आधार छैनन् आइडिएसले यो विषयमा चाइ अलि थोरै homework गरेको देखिन्छ।
2702,yesto unstable politics bhako country ma mantri bhayera kaam chhaina nea mai bhayera kaam garna sakinchha kina banna paryo mantri,यस्तो अनिश्चित राजनीति भएको देशमा मन्त्री भएर काम छैन नत्र म मन्त्री भएर काम गर्न सकिन्छ किन भने परे मन्त्री।
2703,yehi tauke harule garney baneako janta bhidauney ane afu haru chai milney ho tarah bheda nepali le bujadainaan k garnu,यही टाउकेहरुले गर्ने भनेको जनता भिदाउनुपर्ने अनि आफुहरु चाइ मिल्ने हो तर भेद नेपालीले बुझ्दैनन् के गर्नु।
2704,yo naathe urja mantri lai korra lagayera hatauna kina nasakya,यो नाथे उर्जा मन्त्रीलाई कोर्रा लगाएर हटाउन किन सकिँदैन।
2705,sana sana youtuber yata hajir vyar yakle arakalai support garm haii tw,साना साना यूट्यूबर यहाँ हाजिर व्यार याक्ले अर्कालाई support गर्छन् haii tw।
2706,k garne ho desh ma nai basne ho ke bhaira jane hok xa bichar,के गर्ने हो देशमा नै बस्ने हो कि बाहिर जाने हो भन्ने विचार।
2707,trc vaneko chaii k hoo ids bro,ट्रिसी भन्ने चाइ के हो आइडिएस ब्रोक।
2708,tw muzi gedey ko chai anek anek angle hunxa hai feri,तिमी मुसि गएको चाइ अनेक अनेक angle हुन्छ haii फेरि।
2709,tero bau parchande milera faleko ho,तेरो Bau परछन्दे मिलेर फलिएको हो।
2710,thik xa raja aau desh jogaau,ठीक छ राजा आउ देश जोगाऊ।
2711,2081 ma kulman ghising urjamantri ma uthna parcha,२०८१ मा कुलमान घिसिङ उर्जामन्त्री मा उठ्न पर्दछ  
2712,natra yo neta haru ley desh becherai khancha randi ko chora haru sabai jana,नत्र यो नेता हरु ले देश बेचेरै खान्छ रंडी को छोरा हरु सबै जना  
2713,2k84 ma ta ini chor neta vanauda desh lootera haru ko 100 patta saff garerai xodnu parx ajhai pani nepal ko janata jagenau vani aafulay aafulai nepal aamako santan vanna xoddeu nepali bhanauda haru neta ko yesto gati bidi bujda pani heri matra basxau vani hami haru nepal aamako saput santan hoinau nepal aamako kaput samjha  yo kura sabai nepali harulai yadd hoss,२०८४ मा ति इनि चोर नेता भनाउदा देश लुटेरा हरु को १०० पट्टा सफा गरेरै खोड्नु पर्दछ अझै पनि नेपाल को जनता जाग्नेउ भने आफुले आफुलाई नेपाल आमाको सन्तान भन्ने खोड्दैन नेपाली भनाउदा हरु नेता को यस्तो गति बुझेदा पनि हेरी मात्र बस्नु पर्ने हो भनी हामी हरु नेपाल आमाको सन्तान होइनौ नेपाल आमाको कपुत सम्झा यो कुरा सबै नेपाली हरुलाई याद होस्  
2714,kulman rw raja ta aahunai parxa aaba jay nepal,कुलमान र्व राजा त आउनै पर्दछ अब जाउ नेपाल  
2715,i think raja aau desh bachau aabiyan lai divert garna lako jasto lagcha kp chor le,आई थिंक राजा आउ देश बचाउ अभियान लाई डिभर्ट गर्न लायक जस्तो लाग्छ KP चोर ले  
2716,rip prachanda shere kp oli,रिप प्रचण्ड शेर KP ओली  
2717,aaba pani kati chup lagera basne change ko lagi ghar ghar bata aafno aawaz uthaam,अब पनि कति चुप लागेर बस्ने चेंज को लागि घर घर बाट आफ्नो आवाज उठाउ  
2718,sab chorai chor le khaye desh aba raja aau desh bachau,सबै चोराई चोर ले खाए देश अब राजा आउ देश बचाउ  
2719,tesai gokul banskota le cheparo bhanya haina hai,त्यसै गोवुल बन्सकोटा ले चेपारो भन्या हैन है  
2720,prachanda lw hata hora  biase nabanana adhuro kura thapaera j ni bolxaa,प्रचण्ड ल्व हट हौरा बिएस नबान्ना अधूरो कुरा थापेर ज नि बोल्या
2721,kp chor mujilaii hatawo desh dekhi  lakhetnu parxa muji ko chor laii,कप चोर मुजिलाई हतावो देश देखि लखेट्नु पर्दछ मुजी को चोर लाई  
2722,jhapa ka janta le purae nepali ko gand nae liye ni oli lae jitayera,झापा का जनता ले पुरै नेपाली को गन्ध नै लिए नि ओली लाई जिताएर  
2723,gu khako dimag haru ho ini 3 jana,गु खाको दिमाग हरु हो इनि ३ जना  
2724,nepali lai khasae chakh xaina nepal bikash garna,नेपाली लाई खासै चाख छैन नेपाल विकास गर्न  
2725,in simple words  chor haru le paisa khana napayechi,इन सिम्पल वर्ड्स चोर हरु ले पैसा खान नपायैछी  
2726,prachanda auta cheparo ho kati khera rang fercha thaha hunna,प्रचण्ड auta cheparo ho kati khera rang fercha thaha hunna  
2727,bro dekhiyo timro level bichara,ब्रो देखियो तिम्रो लेवल बिचारा  
2728,yeni haru mareko din deshjanta le ananda ko saas ferna paucha,नयाँहरु मरेको दिन देशजन्ता ले आनन्द को सास फेरना पाउछ  
2729,jay desh kta hoo mare deu ee tinn otta mc haru lie,जय देश कता होऊ मरे देउ ई तीन ओटा मच हरु लाई  
2730,garva mai marnu k ini haru ley k yrr,गर्व मा मरनु कि इनि हरु ले कि यार
2731,bahun haru milera dubaya,बहुनहरु मिलेर डुबाय
2732,yeni tauke haru lai na fale samma nepal ko kahi hunna wala xaina chor gaddar brastachari,नयाँ टाउकेहरु लाई न फले सम्म नेपाल को कही हुँदैन वाला छैन चोर गद्दार भ्रष्टचारी
2733,byapari lae mantri banauna paine kasto system,व्यापारी ले मन्त्री बनाउने पाइने कस्तो सिस्टम
2734,kp le desh sakkaune vo,केपी ले देश सकाउने वोल
2735,kp oli removed kulman  not prachanda,केपी ओली रिमुभ्ड कुलमान नट प्रचण्ड
2736,aaba feri hamlai aadhayro ma rakhna khojidai xa yoja samma ximeki rastra vanau ya yi jhole haru ko plan yo sabai inverter ko aayat badhauna ho,अब फेरि हामीलाई आध्यरो मा राख्न खोज्दै छ यो जस्तो सम्म समयिक राष्ट्र भनौ या यी झोलाहरु को प्लान यो सबै इन्वर्टर को आयात बढाउने हो
2737,yesto hunhar manxe lai hatayre hamie chup lagerw pasnu hunna yo samaye change ko ho,यस्तो हुनहार मानिसलाई हटाएर हामी चुप लागेर पास्नु हुँदैन यो समय परिवर्तन को हो
2738,jaga nepali daju vaie haru jaga,जाग नेपाली दाजु भाइहरु जाग
2739,euta kura achham k 2064 dekhi prachanda aile samma sansadhmoi chha,एउटा कुरा अचम्म के २०६४ देखि प्रचण्ड अहिले सम्म संसध्मै छ
2740,molai poisa dinus ma sabbai 3 janai lai goli hamdinxu gaun poni dinu porxa,मलाई पैसा दिनुस् मा सबै ३ जना लाई गोली हाम्दिन्छु गाउँ पोनी दिनु पर्दछ
2741,yini haru sab chepera hun,यिनीहरू सबै चेपेरा हुन  
2742,nepal ko neta ko budhi kahile aaoch hola,नेपाल को नेता को बुद्धि कहिले आउँछ होला  
2743,arkako desh ka neta leaders hru kstoh deshko nimti mari metchan uae russia canada chaina bharat poland south korea,अर्काको देश का नेता लिडर्स हुन् कस्तो देशको लागि मारी मेचान UAE Russia Canada छैन भारत Poland South Korea  
2744,ids ley bhim rawal ra oli ko sambanda nih leunu paro,IDS ले भिम रावल र ओली को सम्बन्ध निह् लिनेु परो  
2745,story maa depth xaina halka fulkaa media maa aaye ka samaachaaar baaheekk kehii paayena maile  anyway keep going,स्टोरी मा डेप्थ छैन हल्का फुल्का मिडिया मा आए का समाचार बाहेक केही पाएन मैले  एनीवे keep going  
2746,jata jatai bata faida prachanda lai nai,जतै जतै बाट फाइदा प्रचण्डलाई नै  
2747,j vaye pani tin tauke neta haru madhye prachanda nai thik lagxa malai,ज भए पनि तिन टाउके नेताहरू मध्ये प्रचण्ड नै ठिक लाग्छ मलाई  
2748,yo maobadi birodhi kp oli supporter hokati ma bikyo yo khate,यो माओवादी बिरोधी KP ओली सपोर्टर होकतिमा बिक्यो यो खाटे  
2749,sir kulman ghising barena ni euta video banaunu paryo,सिर कुलमान घिसिङ बरैना नि एउटा भिडियो बनाउनु परो  
2750,ids team ko aajw voli editing ma budjet kam vako jasto xa,IDS टीम को आजव भोलि एडिटिङ मा बजेट कम भएको जस्तो छ
2751,baru ram prachanda duitai chor hun,नयाँ राम प्रचण्ड दुईटा चोर हुन  
2752,kulman ghising ko pachhadi urja mantri yestari pachhadi ko karan k hola,कुलमान घिसिङको पछाडि उर्जा मन्त्री यसरी पछाडि को कारण के होला  
2753,cyber syana parichalan bhaey cha tapai ko channel ma ta cmts pura cyber syana ley bharey xa,साइबर स्याना परिचालन भयो छ तपाईंको च्यानल मा ता सीएमटीएस पूरा साइबर स्याना ले भरिएको छ  
2754,hoina cmt ma cyber syana use bhaxa hai ids,होइन सीएमटी मा साइबर स्याना प्रयोग हुन्छ है आईडीएस  
2755,bichara baburam dherai loyal bhaey cha prachanda ko lagi rakhelnai banaidey cha,बिचरा बाबुराम धेरै लॉयल भयो छ प्रचण्डको लागि राखेनै बनाइदेय छ  
2756,nepal ma basin yuba vaner yoyo garao vanni bana n,नेपाल मा बस्न युवाब भन्ने ययो गरौं भन्ने बनन न  
2757,yesta muji ko banayer hunx,यस्तो मोजी को बनाएर हुन्छ  
2758,muji patrukar 12 bhai muji murra muji,मोजी पत्रकार १२ भाइ मोजी मुर्रा मोजी  
2759,sir malai hjr ko video dherai ramro lagxa euta video manxe ahile europe europe gariraxan jas karan dalal sakriye xan kati ko paisa dubyo yo ni serious kura ho one video plz,सर मलाई HJR को भिडियो धेरै राम्रो लाग्छ एउटा भिडियो मान्छे अहिले Europe Europe गरिराख्छन जस कारण दलाल सक्रिए छन् कति को पैसा डुब्यो यो नि सिरीयस कुरा हो one video plz  
2760,guff handine hawa ma 2065 ma narayankaji kaji shrestha kaile mantri banya rwbabu ram bhattarai matra artha mantru vaka tjiya,गफ handine हवा मा २०६५ मा नारायणकाजी काजी श्रेष्ठ काइले मन्त्री बन्छ रबाबु राम भट्टराई मात्र अर्थ मन्त्री वाक टिज्या
2761,auta prithivi narayan shah ko video haldani hunxa ids,आउटा पृथ्वी नारायण शाह को भिडियो हल्लडनी हुन्छ ids  
2762,afno jeevan lai samriddi banauna ko lagi yeni haru le kati soja sajha nepali lai maree,आफ्नो जीवनलाई समृद्धि बनाउनेको लागि नयाँहरूले कित्ता सोझा साझा नेपालीलाई मारे  
2763,kaile hola hami le politica ko barema inspsire vaerw sunna dekna pawune,कहिले होला हामीले राजनीति को बारेमा inspise vaerw सुनना देख्न पाउने  
2764,3 dal nai main jaro ho nepali janta le bujhnu jaruri cha,3 दल नै मुख्य जरो हो नेपाली जनता ले बुझ्नु जरूरी छ  
2765,desh ra janata lai lootna matra pauna parxa enarule aafaile hageko gu aafaile khanxan tesko badla just paisa ra power dina parxa j pani garxan,देश र जनता लाई लुट्न मात्र पाउना पर्दछ enarule आफैले हागेको गू आफैले खान्छन त्यसको बदला just पैसा र power दिन पर्दछ ज पनी गर्छन  
2766,neta varsta neta haru lai lakhatne din aayo nepal janata ho,नेता वर्गस्त नेता हरूलाई लखत्ने दिन आयो नेपाल जनता हो  
2767,938 shereko photo tw khatra aaxatw,938 शेरको फोटो तव खतरा आएकटव  
2768,hamro desh ko neta snga afu kasari power ma pugne bahek desh banaune vision chaina,हाम्रो देशको नेता संग आफु कसरी power मा पुग्ने बाहेक देश बनाउने vision छैन  
2769,churotey shere sigane sherey corrupted sherey,चुरोटे शेर सिगाने शेरे corrupted शेरे  
2770,938 ok tyo deubako photo chai unexpected thyo hai,938 ok त्यो देउबाको फोटो चाही unexpected थियो hai
2771,friends or foes rakhnu parne thyo,फ्रेंड्स ओर फोस् राख्नु पर्ने थियो  
2772,yo chutiya shere oli prachande sab ekaidin ma ghanista dost hunxan feri ekaidin ma dusman kei varxaina sansar ma navako dhamiraharu afu k ho nai thaha navaka haru hun,यो चुतिया शेर ओली प्रचण्डे सबै एकदिन मा घानिस्टा दोस्त हुन सक्छन फेरि एकदिन मा दुष्मन केही वर्र छैन संसार मा नवको धमिराहरु आफु के हो नै थाहा नवकाहरु हुन  
2773,mawobadi khau badi tesai vaneko hoina,मावोबादी खाऊ बडी त्यसै भनिएको होइन  
2774,yo khate muji budho haru jaba sama mardain nepal ko kehi hune bala xain,यो खाटे मुजी बुढाहरु जबसम्म मार्दैन नेपाल को केही हुने बल छैन  
2775,17000 maaris ahile ti ladaaku khaadi ma,१७००० मारिस अहिले ती लडाकु खाडी मा  
2776,desh maa hamilai aba prachanda ko oli sher bdr deuba prime minister chaiyena,देश मा हामीलाई अब प्रचण्डको ओली शेर बडर देउबा प्राइम मिनिस्टर छैन  
2777,mero xora xori ni mero ghar maa basna sakdaina hola,मेरो छोरा छोरी नि मेरो घर मा बस्न सक्दैन होला  
2778,hatau yo vosadi harulai raja lyau desh bachau,हटाउ यो वसादी हरुलाई राजा ल्याउ देश बचाउ  
2779,photo haru chai jhan dami dami raicha neta daju haruko,फोटोहरु चै झन दमि दमि राछा नेता दाजुहरुको  
2780,kp and sheree vanda chae best xan buda,केपी र शिरी भन्दा चै बेस्ट छन् बुढा
2781,ids team lai dherai dherai badhai tapaiko prastuti ekdam utkrista xa,आइड्स टिम लाई धेरै धेरै बधाई तपाईंको प्रस्तुति एकदम उत्कृष्ठ छ  
2782,yo 2 otai vitra vitra milne ho bhaira na mile jasto garni ho bcoz baburam le gorkhama chunab chadyera parchanda lai jitayeko arukuro chadhdeufaak prachanda faak prachanda,यो २ ओटा भित्र भित्र मिल्ने हो भैरा न मिले जस्तो गर्ने हो बकोज बाबुराम ले गोरखामा चुनाव चढेर पर्दछन्दा लाई जिताएको अरु कुरो चढ्देउफाak प्रचण्ड फाक प्रचण्ड  
2783,modi tmko chutiya bana raha hein aur alag karke people ko bhoomi hadaplena chata hein isme pure indian utuber hat mudhoke pixe padehein,मोदी तिम्को चुतिया बनाउँदै हेन र अलिक गरेर people को भूमि हडप्लेन चाहन्छ भने इस्मे पुरा Indian युटूबर हट मुडहोक पिक्स पढेहैन  
2784,yo 2jana mandaley kartoon ko kura herna sunna mann ta haina malai,यो २ जना मंडली कार्टून को कुरा हेर्न सुन्ना मन त छैन मलाई  
2785,gaali vanda ni ghinlagdo laajlagdo yo 2jana ko rup chha sala mampaka,गाली भन्दा नि घिनलाग्दो लाजलाग्दो यो २ जना को रुप छ सा ल मम्पका  
2786,ids le haleko bhayera matra hereko,आइड्स ले हालेको भएर मात्र हेरेको  
2787,bhai eauta kura melena narayan kaji le janayouddha ladeko thiyenan,भाइ एउटा कुरा मेल्न नारण काजी ले जानयौद्धा लडेको थिएनन  
2788,hamro raja hamro des pran vanda pyaro xa,हाम्रो राजा हाम्रो देश प्राण भन्दा प्यारो छ  
2789,duitai aatankari ra gaddar hun,दुईटा आतंककारी र गद्दार हुन्  
2790,nepali janta lay deyako power ko misuse jolay garxa tyo dherai din tikdana,नेपाली जनता ले दिएको power को misuse Jolay गर्छ त्यो धेरै दिन टिक्दैन
2791,see paxi vdo halnu na pliz tapai ko vdo herna manlagxa ani padnai nam lagdaina,सी पछि भिडियो हल्नु न प्लिज तपाईंको भिडियो हेर्न मनलाग्छ अनि पढ्ने नाम लाग्दैन
2792,prachaney chor desh chod,प्रचण्डे चोर देश छोड
2793,nepali daju bhai maruwa haru india ko agent tukka jatha haru kaput,नेपाली दाजु भाइ मारुवा हरु India को agent टुक्का जथाका हरु कपुत
2794,cream kinne ta upaye thiyena hola tori kai tel lagayera haneko hola prachanda le,क्रीम किन्ने त उपाय थिएन होला टोरी कै तेल लगाएर हानेको होला प्रचण्डले
2795,delly video banaunuhos ke yi chor haruko ta jantaley pni kei bukhaxan ki hajur ko video bat yastai tha payra pni veda janta utai paxadi,दिल्ली भिडियो बनाउनुहोस् के यी चोर हरुको त जन्तली पनि केही बु्झाउँछ कि हजुरको भिडियोबाट यस्तै थाहा पाएर पनि वेद जना उटै पक्षदी
2796,hajur veg hoki nonveg,हजुर वेग होकी नोनवेज
2797,momo tehi aanusar ko vannu parne hunxa fery,मोमो तेही अनुसारको भन्नु पर्ने हुन्छ फेरि
2798,k payo ta janta le kera payo,के पाए त जन्तलीले केरा पाए
2799,paryatak kasaree dherai aauchhan tyo kuraa nabhanne mandir jaadaa dukha paauneko pidaa nabhanne ekapakshiya samachaar banaaune,पर्यटक कसरी धेरै आउँछन् त्यो कुरा नबन्ने मन्दिर जादा दुख पाउँने पीडा नबन्ने एकपक्षीय समाचार बनाउने
2800,taplejung ko vumima bhattaraile kasari chunab jityo,टपलजुङको वुमिमा भट्टारैले कसरी चुनाव जित्यो
