romanized,devanagari
sudur paschim pradesh ko kailali district ma dhangadhi sub metropolitan city chha ra tyaha bhatatpur chok ma dherai bazaar ra hotel haru chha,सुदूर पश्चिम प्रदेशको कैलाली जिल्लामा ढंगडी उपमहानगरपालिका छ र त्यहाँ भट्टपुर चोकमा धेरै बजार र होटलहरू छन्
kanchanpur district ko mahendranagar city india border najikai chha ra banbasa checkpoint bata cross garna sakinchha,कञ्चनपुर जिल्लाको महेन्द्रनगर सहर भारत सीमा नजिकै छ र बनबासा चेकपोइन्टबाट क्रस गर्न सकिन्छ
doti district ko silgadhi bazaar ma historical doti durbar ra old palace ko avashesh haru ajhai pani dekhna paunchha,डोटी जिल्लाको सिलगढी बजारमा हिस्टोरिकल डोटी दरबार र पुरानो राजदरबारको अवशेषहरू अझै पनि देख्न पाउन्छ
bajhang district chainpur bazaar ma dherai traditional metal craft ra silversmith ko dukan haru chha ra tyaha ko handicraft prasiddha chha,बझाङ जिल्ला चैनपुर बजारमा धेरै परम्परागत धातु शिल्प र सिल्भरस्मिथको दुकानहरू छन् र त्यहाँको ह्यान्डिक्राफ्ट प्रसिद्ध छ
bajura district martadi gaau ma dherai difficult geographical terrain bhaeko le development project haru implement garna dherai garho bhaeko chha,बाजुरा जिल्ला मार्तडी गाउँमा धेरै कठिन भौगोलिक इलाका भएकोले विकास परियोजनाहरू इम्प्लिमेन्ट गर्न धेरै गाह्रो भएको छ
achham district mangalsen bazaar ma dherai ancient temple haru chha ra local festival ma dherai manche haru tyaha aauta hunchha,अछाम जिल्ला मंगलसेन बजारमा धेरै प्राचीन मन्दिरहरू छन् र लोकल पर्वमा धेरै मान्छेहरू त्यहाँ आउता हुन्छन्
darchula district ko darchula bazaar india china ra nepal ko tri junction najikai chha ra dherai strategic importance chha,दार्चुला जिल्लाको दार्चुला बजार भारत चीन र नेपालको त्रि जंक्शन नजिकै छ र धेरै स्ट्रेटेजिक महत्त्व छ
baitadi district dasrathchand nagarpaalika ma dherai school ra college haru chha ra education ko lagi prasiddha thau ho,बैतडी जिल्ला दशरथचन्द नगरपालिकामा धेरै स्कुल र कलेजहरू छन् र शिक्षाको लागि प्रसिद्ध ठाउँ हो
dadeldhura district ko amargadhi nagarpaalika ma historical amargadhi fort chha ra tyaha bata surrounding area ko ramro view paunchha,डडेलधुरा जिल्लाको अमरगढी नगरपालिकामा हिस्टोरिकल अमरगढी किल्ला छ र त्यहाँबाट सराउन्डिङ एरियाको राम्रो व्यू पाउन्छ
dipayal silgadhi nagarpaalika doti ko district headquarters ho ra tyaha sunder nagar tira dherai government office haru chha,डिपायल सिलगढी नगरपालिका डोटीको जिल्ला प्रमुख कार्यालय हो र त्यहाँ सुन्दर नगरतिर धेरै सरकारी कार्यालयहरू छन्
kailali district ko tikapur nagarpaalika ma tikapur park chha ra tyaha picnic garna dherai manche haru aauta hunchha,कैलाली जिल्लाको टिकापुर नगरपालिकामा टिकापुर पार्क छ र त्यहाँ पिक्निक गर्न धेरै मान्छेहरू आउता हुन्छन्
kanchanpur district ko punarbas nagarpaalika ma dherai agricultural land chha ra tyaha paddy ra wheat ko farming dherai hunchha,कञ्चनपुर जिल्लाको पुनर्वास नगरपालिकामा धेरै कृषि योग्य जमिन छ र त्यहाँ धान र गहुँको खेती धेरै हुन्छ
bajhang district ko jayaprithivi nagarpaalika ma dherai health post ra bir hospital chha ra swasthya sewako lagi ramro chha,बझाङ जिल्लाको जयपृथ्वी नगरपालिकामा धेरै स्वास्थ्य चौकी र वीर अस्पताल छ र स्वास्थ्य सेवाको लागि राम्रो छ
bajura district ko badimalika nagarpaalika ma badimalika temple chha ra harek barsha dherai yatra aauta hunchha,बाजुरा जिल्लाको बडीमालिका नगरपालिकामा बडीमालिका मन्दिर छ र हरेक वर्ष धेरै यात्रा आउता हुन्छ
achham district ko kamalbazar ma weekly haat bazzar lagchha ra surrounding gaau bata manche haru saman bechna ra kinna aauta hunchha,अछाम जिल्लाको कमलबजारमा हाप्ताको हाट बजार लाग्छ र सराउन्डिङ गाउँबाट मान्छेहरू सामान बेच्न र किन्न आउता हुन्छन्
darchula district ko byas rural municipality ma dherai himalayan peak haru dekhinchha ra trekking ko lagi potential thau ho,दार्चुला जिल्लाको व्यास गाउँपालिकामा धेरै हिमालयन पीकहरू देखिन्छन् र ट्रेकिङको लागि पोटेन्सियल ठाउँ हो
baitadi district ko dasharathchand nagarpaalika india border sanga jodne custom office chha ra cross border trading hunchha,बैतडी जिल्लाको दशरथचन्द नगरपालिका भारत सीमा संग जोड्ने कस्टम अफिस छ र क्रस बोर्डर ट्रेडिङ हुन्छ
dadeldhura district ko aalital rural municipality ma dherai khola ra dharahara haru chha ra irrigation ko lai pani source chha,डडेलधुरा जिल्लाको आलिताल गाउँपालिकामा धेरै खोला र झरनाहरू छन् र सिँचाइको लागि पानी स्रोत छ
doti district ko purbichauki rural municipality ma community forestry dherami successful chha ra vana sanrakshan ramro chha,डोटी जिल्लाको पूर्वीचौकी गाउँपालिकामा कम्युनिटी फरेस्ट्री धेरैमा सफल छ र वन संरक्षण राम्रो छ
kailali district ko godawari nagarpaalika ma godawari lake chha ra winter ma dherai migratory birds haru aauta hunchha,कैलाली जिल्लाको गोदावरी नगरपालिकामा गोदावरी लेक छ र जाडोमा धेरै प्रवासी चराहरू आउता हुन्छन्
kanchanpur district ko bedkot nagarpaalika ma dherai sawmill ra furniture industry chha ra tyaha ko kath ko saman prasiddha chha,कञ्चनपुर जिल्लाको बेडकोट नगरपालिकामा धेरै सामिल र फर्निचर उद्योग छ र त्यहाँको काठको सामान प्रसिद्ध छ
bajhang district ko talkot rural municipality ma dherai gurans ko ban chha ra spring season ma dherai ramro phool haru dekhinchha,बझाङ जिल्लाको तलकोट गाउँपालिकामा धेरै गुराँसको बन छ र वसन्त ऋतुमा धेरै राम्रो फूलहरू देखिन्छन्
bajura district ko tribeni nagarpaalika ma dherai dhunga ko mine chha ra construction ko lai stone supply hunchha,बाजुरा जिल्लाको त्रिवेणी नगरपालिकामा धेरै ढुङ्गाको खानी छ र निर्माणको लागि ढुङ्गा सप्लाई हुन्छ
achham district ko mellekh rural municipality ma dherai organic farming garinchha ra local bazar ma organic produce bechinchha,अछाम जिल्लाको मेलेख गाउँपालिकामा धेरै अर्गानिक खेती गरिन्छ र लोकल बजारमा अर्गानिक उत्पादन बेचिन्छ
darchula district ko malikaarjun rural municipality ma dherai alpine pasture chha ra local goth haru ma livestock palinchha,दार्चुला जिल्लाको मालिकार्जुन गाउँपालिकामा धेरै अल्पाइन चरागाह छ र लोकल गोठहरूमा पशुपालन हुन्छ
baitadi district ko sigas rural municipality ma dherai orange ko bagaicha chha ra winter ma orange harvesting hunchha,बैतडी जिल्लाको सिगास गाउँपालिकामा धेरै सुन्तलाको बगैंचा छ र जाडोमा सुन्तला खेती हुन्छ
dadeldhura district ko ganyapdhura rural municipality ma india sanga jodne border point chha ra daily market lagchha,डडेलधुरा जिल्लाको गन्यापधुरा गाउँपालिकामा भारत संग जोड्ने सीमा बिन्दु छ र दैनिक बजार लाग्छ
doti district ko shyama gaunpalika ma dherai jatropfa ko plantation gariyeko chha ra bio fuel production ko lagi prayas gariyeko chha,डोटी जिल्लाको श्याम गाउँपालिकामा धेरै जट्रोफाको रोपण गरिएको छ र बायो फ्युएल उत्पादनको लागि प्रयास गरिएको छ
kailali district ko chure rural municipality ma chure hill range chha ra tyaha ko vana katta illegal huna dekhiyeko chha,कैलाली जिल्लाको चुरे गाउँपालिकामा चुरे पहाडी श्रृंखला छ र त्यहाँको वन कट्टा अवैध हुन देखिएको छ
kanchanpur district ko krishnapur nagarpaalika ma dherai rice mill haru chha ra tyaha bata polished rice export hunchha,कञ्चनपुर जिल्लाको कृष्णपुर नगरपालिकामा धेरै चामल मिलहरू छन् र त्यहाँबाट पोलिस्ड चामल निर्यात हुन्छ
bajhang district ko saipal rural municipality ma saipal himal dekhinchha ra tyaha trekking garna ko lagi ekdamai remote thau ho,बझाङ जिल्लाको साइपाल गाउँपालिकामा साइपाल हिमाल देखिन्छ र त्यहाँ ट्रेकिङ गर्नको लागि एकदमै रिमोट ठाउँ हो
bajura district ko gaumul rural municipality ma dherai yarsagumba collection garne manche haru season ma aauta hunchha,बाजुरा जिल्लाको गाउमूल गाउँपालिकामा धेरै यार्सागुम्बा संकलन गर्ने मान्छेहरू सिजनमा आउता हुन्छन्
achham district ko ramaroshan rural municipality ma natural hot spring chha ra tyaha swimming pool banaieko chha,अछाम जिल्लाको रामारोशन गाउँपालिकामा प्राकृतिक गर्म पानीको झरना छ र त्यहाँ स्विमिङ पुल बनाइएको छ
darchula district ko vyas nagarpalika ma vyas cave chha ra tyaha religious significance bhaeko le dherai pilgrim aauta hunchha,दार्चुला जिल्लाको व्यास नगरपालिकामा व्यास गुफा छ र त्यहाँ धार्मिक महत्त्व भएकोले धेरै तीर्थयात्री आउता हुन्छन्
baitadi district ko patan nagarpaalika ma patan durbar square chha ra tyaha ko architecture historical importance bhaeko chha,बैतडी जिल्लाको पाटन नगरपालिकामा पाटन दरबार क्षेत्र छ र त्यहाँको वास्तुकला ऐतिहासिक महत्त्व भएको छ
dadeldhura district ko ajaymeru rural municipality ma dherai community school haru chha tara qualified teacher ko kami chha,डडेलधुरा जिल्लाको अजयमेरु गाउँपालिकामा धेरै सामुदायिक विद्यालयहरू छन् तर योग्य टिचरको कमी छ
doti district ko bogatan rural municipality ma dherai ginger ko farming hunchha ra tyaha ko ginger local market ma bikchha,डोटी जिल्लाको बोगटान गाउँपालिकामा धेरै अदुवाको खेती हुन्छ र त्यहाँको अदुवा लोकल मार्केटमा बिक्छ
kailali district ko lamkichuha nagarpaalika ma dherai sugarcane ko farming hunchha ra tyaha chini mill pani chha,कैलाली जिल्लाको लम्कीचुहा नगरपालिकामा धेरै उखुको खेती हुन्छ र त्यहाँ चिनी मिल पनि छ
kanchanpur district ko bhimdatta nagarpaalika ma shuklaphanta wildlife reserve najikai chha ra tyaha jungle safari garna sakinchha,कञ्चनपुर जिल्लाको भीमदत्त नगरपालिकामा शुक्लाफाँट वन्यजन्तु आरक्ष नजिकै छ र त्यहाँ जंगल सफारी गर्न सकिन्छ
bajhang district ko thalara rural municipality ma dherai copper mine ko possibility chha ra exploration kaam chaliraheko chha,बझाङ जिल्लाको थलारा गाउँपालिकामा धेरै तामाको खानीको सम्भावना छ र अन्वेषण काम चलिरहेको छ
bajura district ko jagannath rural municipality ma dherai wind energy potential chha ra tyaha windmill lagauna plan bhaeko chha,बाजुरा जिल्लाको जगन्नाथ गाउँपालिकामा धेरै पवन ऊर्जाको सम्भावना छ र त्यहाँ विण्डमिल लगाउन योजना भएको छ
achham district ko bannigadhi jayagad rural municipality ma dherai khadka ra churi haru chha ra local women haru tyaha banauchhin,अछाम जिल्लाको बान्नीगढी जयगढ गाउँपालिकामा धेरै खुकुरी र चुरीहरू छन् र लोकल महिलाहरू त्यहाँ बनाउँछिन्
darchula district ko mahakali nagarpaalika ma mahakali river ko flow dherai strong chha ra tyaha hydropower project feasibility study bhaeko chha,दार्चुला जिल्लाको महाकाली नगरपालिकामा महाकाली नदीको प्रवाह धेरै स्ट्रङ छ र त्यहाँ हाइड्रोपावर प्रोजेक्ट फिजिबिलिटी अध्ययन भएको छ
baitadi district ko sunarya rural municipality ma dherai solar panel installation bhaeko chha ra alternative energy use badhdai chha,बैतडी जिल्लाको सुनर्य गाउँपालिकामा धेरै सोलर प्यानल स्थापना भएको छ र वैकल्पिक ऊर्जा प्रयोग बढ्दै छ
dadeldhura district ko nawadurga rural municipality ma dherai goat farming hunchha ra tyaha ko khasi ko masu prasiddha chha,डडेलधुरा जिल्लाको नवदुर्गा गाउँपालिकामा धेरै बाख्रा पालन हुन्छ र त्यहाँको खसीको मासु प्रसिद्ध छ
doti district ko kedarsyu rural municipality ma dherai apple ko bagaicha chha ra local apple brand banauna prayas gariyeko chha,डोटी जिल्लाको केदारस्यु गाउँपालिकामा धेरै स्याउको बगैंचा छ र लोकल स्याउ ब्रान्ड बनाउन प्रयास गरिएको छ
kailali district ko tikapur nagarpaalika ma dherai ethnic diversity chha ra tharu culture ko promotion ko lagi museum chha,कैलाली जिल्लाको टिकापुर नगरपालिकामा धेरै जातीय विविधता छ र थारु संस्कृतिको प्रचारको लागि संग्रहालय छ
kanchanpur district ko belauri nagarpaalika ma dherai fishery project chha ra pond ma fish palne gariraheka chha,कञ्चनपुर जिल्लाको बेलौरी नगरपालिकामा धेरै मत्स्यपालन परियोजना छ र पोखरीमा माछा पाल्ने गरिरहेका छ
bajhang district ko surma rural municipality ma dherai traditional healer haru chha ra local jhaankri ko chhop garna aauta hunchha,बझाङ जिल्लाको सुर्मा गाउँपालिकामा धेरै परम्परागत चिकित्सकहरू छन् र लोकल झाँक्रीको छोप गर्न आउता हुन्छ
bajura district ko budhiganga nagarpaalika ma budhiganga river chha ra irrigation project le dherai farmland lahit bhaeko chha,बाजुरा जिल्लाको बुद्धिगंगा नगरपालिकामा बुद्धिगंगा नदी छ र सिँचाइ परियोजनाले धेरै कृषि योग्य जमिन लाभित भएको छ
achham district ko chaurpati rural municipality ma weekly cattle market lagchha ra dherai manche haru gai bhaisi kin bech garna aauta hunchha,अछाम जिल्लाको चौरपाटी गाउँपालिकामा हाप्ताको गोरु बजार लाग्छ र धेरै मान्छेहरू गाई भैंसी किन बेच गर्न आउता हुन्छन्
king mahendra le poush gate b p koirala ko elected government lai dismiss garera royal coup gareka thie,राजा महेन्द्रले पुष गते बी पी कोइरालाको निर्वाचित सरकारलाई खारेज गरेर राजतान्त्रिक कुप गरेका थिए
tyo din king mahendra le army ko sahayog le sarkari office parliament ra radio station haru ko control linu bhayo,त्यो दिन राजा महेन्द्रले सेनाको सहयोगले सरकारी कार्यालय पार्लियामेन्ट र रेडियो स्टेशनहरूको नियन्त्रण लिनु भयो
royal proclamation ma king le bhaneka thie ki political party haru le desh ko sthitilai unstable banaideko chha ra corruption badheko chha,शाही घोषणामा राजाले भनेका थिए कि राजनीतिक दलहरूले देशको स्थितिलाई अस्थिर बनाइदेको छ र भ्रष्टाचार बढेको छ
king mahendra le cabinet ko sabai minister haru lai arrest garaunu bhayo ra b p koirala lai detention center ma rakhinu bhayo,राजा महेन्द्रले मन्त्रिपरिषद्का सबै मन्त्रीहरूलाई गिरफ्तार गराउनु भयो र बी पी कोइरालालाई नजरबन्द केन्द्रमा राखिनु भयो
 ko constitution lai suspend gariyeko thiyo ra king le afno direct rule establish gareka thie,को संविधानलाई निलम्बन गरिएको थियो र राजाले आफ्नो प्रत्यक्ष शासन स्थापना गरेका थिए
king le panchayat system lai restore gare ra political party haru lai illegal ghoshana gareka thie,राजाले पञ्चायत प्रणालीलाई पुनर्स्थापना गरे र राजनीतिक दलहरूलाई अवैध घोषणा गरेका थिए
royal coup ko justification ko rup ma king le bhaneka thie ki democracy le nepal ma anarchy failaeko chha ra development block bhaeko chha,राजतान्त्रिक कुपको औचित्यको रूपमा राजाले भनेका थिए कि लोकतन्त्रले नेपालमा अराजकता फैलाएको छ र विकास अवरुद्ध भएको छ
coup pachhi king mahendra le council of ministers banaunu bhayo ra tyas ma non political figure haru lai include gareka thie,कुप पछि राजा महेन्द्रले मन्त्रिपरिषद बनाउनु भयो र त्यसमा गैरराजनीतिक व्यक्तित्वहरूलाई समावेश गरेका थिए
army ra police le security ko naya instruction haru implement gare ra curfew lagayera public movement restrict gariyeko thiyo,सेना र प्रहरीले सुरक्षाको नयाँ निर्देशनहरू कार्यान्वयन गरे र कर्फ्यू लगाएर सार्वजनिक आवागमन प्रतिबन्धित गरिएको थियो
international community ko reaction mixed thiyo kehi desh haru le royal coup lai condemn gare bhane kehi le recognize gare,अन्तर्राष्ट्रिय समुदायको प्रतिक्रिया मिश्रित थियो केही देशहरूले राजतान्त्रिक कुपलाई निन्दा गरे भने केहीले मान्यता दिए
india le initial ma disappointment express gareko thiyo tara pachhi diplomatic relation normal rakhna khojeko thiyo,भारतले प्रारम्भमा निराशा व्यक्त गरेको थियो तर पछि कूटनीतिक सम्बन्ध सामान्य राख्न खोजेको थियो
king mahendra le afno action ko support ma public referendum ko ghosana gare ra saal ma tyo bhaeko thiyo,राजा महेन्द्रले आफ्नो कार्यको समर्थनमा जनमत सङ्ग्रहको घोषणा गरे र सालमा त्यो भएको थियो
referendum ma panchayat system le landslide victory paako thiyo tara opposition le tyo result lai fraudulent bhaneko thiyo,जनमत सङ्ग्रहमा पञ्चायत प्रणालीले ठूलो जित हासिल गरेको थियो तर विरोधीले त्यो नतिजालाई धाँधली भनेको थियो
coup pachhi king le new constitution saal ma jari gare ra tyas ma panchayat system lai constitutional recognition diyeko thiyo,कुप पछि राजाले नयाँ संविधान सालमा जारी गरे र त्यसमा पञ्चायत प्रणालीलाई संवैधानिक मान्यता दिइएको थियो
political party haru underground ma gaye ra uniharule anti panchayat movement suru gareka thie,राजनीतिक दलहरू भूमिगतमा गए र उनिहरूले विपञ्चायत आन्दोलन सुरु गरेका थिए
king mahendra ko economic policy ma nationalization ko emphasis thiyo ra private sector lai limited role diyeko thiyo,राजा महेन्द्रको आर्थिक नीतिमा राष्ट्रीयकरणको जोड थियो र निजी क्षेत्रलाई सीमित भूमिका दिइएको थियो
royal coup le nepal ko foreign policy ma shift layo ra china sanga ko relation strengthen bhaeko thiyo,राजतान्त्रिक कुपले नेपालको विदेश नीतिमा परिवर्तन ल्यायो र चीनसँगको सम्बन्ध बलियो भएको थियो
king mahendra le east west highway construction jasta national pride project haru suru gareka thie,राजा महेन्द्रले पूर्व पश्चिम राजमार्ग निर्माण जस्ता राष्ट्रिय गौरव परियोजनाहरू सुरु गरेका थिए
coup pachhi press freedom ma restriction aayo ra newspaper haru lai censorship endure garnu paryo,कुप पछि प्रेस स्वतन्त्रतामा प्रतिबन्ध आयो र समाचारपत्रहरूलाई सेंसरसिप सहनु पर्यो
king ko direct rule period ma local government haru lai strengthen gariyeko thiyo ra village development committee haru banaieka thie,राजाको प्रत्यक्ष शासन अवधिमा स्थानीय सरकारहरूलाई सशक्त गरिएको थियो र गाउँ विकास समितिहरू बनाइएका थिए
royal coup ko opposition ma b p koirala le satyagraha suru gare ra jail ma hunger strike gareka thie,राजतान्त्रिक कुपको विरोधमा बी पी कोइरालाले सत्याग्रह सुरु गरे र जेलमा भोक हड्ताल गरेका थिए
king mahendra le land reform program continue gareka thie tara tyo panchayat model anusar implement gariyeko thiyo,राजा महेन्द्रले भूमि सुधार कार्यक्रम जारी राखेका थिए तर त्यो पञ्चायत मोडल अनुसार कार्यान्वयन गरिएको थियो
 ko constitution le king lai executive legislative ra judicial sabai power concentrate gareko thiyo,को संविधानले राजालाई कार्यकारी व्यवस्थापिका र न्यायिक सबै शक्ति केन्द्रित गरेको थियो
coup pachhi nepal ma political prisoner haru ko sankhya badhyo ra human right violation ko report aayeka thie,कुप पछि नेपालमा राजनीतिक बन्दीहरूको संख्या बढ्यो र मानव अधिकार उल्लंघनको रिपोर्ट आएका थिए
king mahendra ko foreign policy ma balance between india ra china maintain garna khojeko thiyo,राजा महेन्द्रको विदेश नीतिमा भारत र चीनबीच सन्तुलन कायम राख्न खोजेको थियो
royal coup le nepal ko development model ma state led approach lai priority diyeko thiyo,राजतान्त्रिक कुपले नेपालको विकास मोडलमा राज्य नेतृत्वको दृष्टिकोणलाई प्राथमिकता दिइएको थियो
coup ko exactly years pachhi poush gate king mahendra ko mrutyu bhaeko thiyo,कुपको ठिक वर्ष पछि पुष गते राजा महेन्द्रको मृत्यु भएको थियो
king mahendra ko successor king birendra le panchayat system lai continue gare tara ko janandolan le tyo pani hatayo,राजा महेन्द्रको उत्तराधिकारी राजा वीरेन्द्रले पञ्चायत प्रणालीलाई जारी राखे तर को जनआन्दोलनले त्यो पनि हटायो
royal coup ko economic consequence negative rahyo ra aid donor haru le assistance ma reduction gareka thie,राजतान्त्रिक कुपको आर्थिक परिणाम नकारात्मक रह्यो र सहायता दाताहरूले सहयोगमा कमी गरेका थिए
king mahendra le education system ma national language emphasis gare ra nepali language lai compulsory subject banaieka thie,राजा महेन्द्रले शिक्षा प्रणालीमा राष्ट्र भाषा जोड गरे र नेपाली भाषालाई अनिवार्य विषय बनाएका थिए
coup pachhi nepal ma scheduled caste ra janajati haru ko representation limited bhaeko thiyo,कुप पछि नेपालमा अनुसूचित जाति र जनजातिहरूको प्रतिनिधित्व सीमित भएको थियो
king mahendra ko era ma infrastructure development bhaye tara political freedom ma restriction rahyo,राजा महेन्द्रको युगमा आधारभूत संरचना विकास भयो तर राजनीतिक स्वतन्त्रतामा प्रतिबन्ध रह्यो
royal coup le nepal ko history ma ek autocratic period ko suruwat gareko thiyo ra tyo years samma chaliyo,राजतान्त्रिक कुपले नेपालको इतिहासमा एक निरंकुश कालको सुरुवात गरेको थियो र त्यो वर्षसम्म चलियो
king mahendra ko action ko legal basis ko constitution ko article ma emergency power ko provision thiyo,राजा महेन्द्रको कार्यको कानुनी आधार को संविधानको धारामा आपतकालीन शक्तिको व्यवस्था थियो
coup pachhi nepal ma election bhaeka thienan tara local level ma panchayat election haru regular basis ma hune garthe,कुप पछि नेपालमा निर्वाचन भएका थिएनन् तर स्थानीय स्तरमा पञ्चायत निर्वाचनहरू नियमित आधारमा हुने गर्थे
king mahendra le national unity ko naam ma ethnic diversity lai suppress gareko accusation aayeko thiyo,राजा महेन्द्रले राष्ट्रिय एकताको नाममा जातीय विविधतालाई दमन गरेको आरोप आएको थियो
royal coup ko anniversary poush gate lai panchayat kaal ma national unity day ko rup ma manainthiyo,राजतान्त्रिक कुपको वार्षिकोत्सव पुष गतेलाई पञ्चायत कालमा राष्ट्रिय एकता दिवसको रूपमा मनाइन्थियो
king mahendra ko decision le nepal ko political development ma regression layo ra democratic process interrupt garyo,राजा महेन्द्रको निर्णयले नेपालको राजनीतिक विकासमा प्रतिगमन ल्यायो र लोकतान्त्रिक प्रक्रिया अवरुद्ध गर्यो
coup pachhi nepal ko foreign aid pattern ma change aayo ra socialist bloc bata aid auna thaleko thiyo,कुप पछि नेपालको विदेशी सहयोग प्रारूपमा परिवर्तन आयो र समाजवादी ब्लकबाट सहयोग आउन थालेको थियो
king mahendra le national development council banae ra five year plan haru ko implementation monitor garthe,राजा महेन्द्रले राष्ट्रिय विकास परिषद् बनाए र पञ्चवर्षीय योजनाहरूको कार्यान्वयन निगरानी गर्थे
royal coup ko long term effect nepal ma democratic institution haru ko weak development rahyo,राजतान्त्रिक कुपको दीर्घकालीन प्रभाव नेपालमा लोकतान्त्रिक संस्थाहरूको कमजोर विकास रह्यो
king mahendra ko period ma nepal le international recognition paako thiyo tara internal suppression badhyo,राजा महेन्द्रको अवधिमा नेपालले अन्तर्राष्ट्रिय मान्यता पाएको थियो तर आन्तरिक दमन बढ्यो
coup ko years pachhi historian haru le king mahendra ko legacy lai mixed evaluation gardachhan,कुपको वर्ष पछि इतिहासकारहरूले राजा महेन्द्रको विरासतलाई मिश्रित मूल्याङ्कन गर्दछन्
royal coup le nepal ko sovereignty ra territorial integrity protect gareko argument pani advanced garirachha,राजतान्त्रिक कुपले नेपालको संप्रभुता र क्षेत्रिय अखण्डता संरक्षण गरेको तर्क पनि प्रस्तुत गरिरहेको छ
king mahendra ko action lai historical context ma herda cold war ko geopolitics le influence gareko thiyo,राजा महेन्द्रको कार्यलाई ऐतिहासिक सन्दर्भमा हेर्दा शीत युद्धको भूराजनीतिले प्रभाव पारेको थियो
coup pachhi nepal ma political activism underground ma shift bhaeko thiyo ra literature ma allegorical protest badhyo,कुप पछि नेपालमा राजनीतिक सक्रियता भूमिगतमा स्थानान्तरण भएको थियो र साहित्यमा रूपकात्मक विरोध बढ्यो
king mahendra ko era ma national symbol haru ko promotion bhaeko thiyo ra national dress national anthem haru popular bhaeka thie,राजा महेन्द्रको युगमा राष्ट्रिय प्रतीकहरूको प्रचार भएको थियो र राष्ट्रिय पोशाक राष्ट्रिय गानहरू लोकप्रिय भएका थिए
royal coup le nepal ko judiciary lai executive ko control ma lyayo ra judicial independence compromise bhaeko thiyo,राजतान्त्रिक कुपले नेपालको न्यायपालिकालाई कार्यकारीको नियन्त्रणमा ल्यायो र न्यायिक स्वतन्त्रता सम्झौता भएको थियो
king mahendra ko decision ko support ma referendum conduct gareko thiyo tara opposition le tyo lai manipulated bhanthyo,राजा महेन्द्रको निर्णयको समर्थनमा जनमत सङ्ग्रह सम्पन्न गरिएको थियो तर विरोधीले त्योलाई हेरफेर गरिएको भन्थ्यो
coup pachhi nepal ma economic inequality badhyo ra limited resource elite group ma concentrate bhaeka thie,कुप पछि नेपालमा आर्थिक असमानता बढ्यो र सीमित संसाधन उच्च वर्गमा केन्द्रित भएका थिए
king mahendra le nationalization ko policy implement gareko thiyo ra bank industry ra transportation sector ma government monopoly bhaeko thiyo,राजा महेन्द्रले राष्ट्रीयकरणको नीति कार्यान्वयन गरेको थियो र बैंक उद्योग र यातायात क्षेत्रमा सरकारी एकाधिकार भएको थियो
royal coup ko immediate consequence ma nepal ko international image authoritarian country ko rup ma portray bhaeko thiyo,राजतान्त्रिक कुपको तात्कालिक परिणाममा नेपालको अन्तर्राष्ट्रिय छवि निरंकुश देशको रूपमा चित्रण भएको थियो
king mahendra ko legacy lai nepal ko history ma ek controversial chapter ko rup ma charcha hunchha,राजा महेन्द्रको विरासतलाई नेपालको इतिहासमा एक विवादास्पद अध्यायको रूपमा चर्चा हुन्छ
rajatantra ra loktantra ko bichmaa farkidai gareko eauta mahatwapurna pratiphalan tyo deshko itihaas maa thiyo,रजतन्त्र र लोकतन्त्रको बिचमा फर्किदै गरेको एउटा महत्वपूर्ण प्रतिफलन त्यो देशको इतिहासमा थियो
uniharu sangai aaera ek chhin deshko bhavishya barema nirabhara garna khojdaa thiye,उनिहरु संगै आएर एक छिन देशको भविष्य बारेमा निर्भर गर्न खोज्दा थिए
youth harule vyaktigata dristikon ra samajik bhawanaalaai ek chhanmaa laun sakiyo,युवहरुले व्यक्तिगत दृष्टिकोण र सामाजिक भावनालाई एक छनमा लाउन सकियो
yasto muddaa maa sabai manisaharu aaphno swar uthauna lai utsuk thiye,यस्तो मुद्दामा सबै मानिसहरु आफ्नो स्वर उठाउनलाई उत्सुक थिए
sarkaar le deko prakashan ra virodhi pakshko chhapaa haru sabai thauma phailiyo,सरकारले दिएको प्रकाशन र विरोधी पक्षको छपाहरु सबै ठाउमा फैलियो
yo nai desh bhari ko pahilo prayas thiyo jahaa jantaale afnai netaa chunna paaunthyo,यो नै देश भरीको पहिलो प्रयास थियो जहाँ जन्ताले आफ्नै नेता छुन्न पाउँथ्यो
tiniharu ko bich rajniti samaj ra arthik awastha sabai eautai prashna sanga jodiyeko thiyo,तिनिहरुको बिच राजनिति समाज र आर्थिक अवस्था सबै एउटै प्रश्न संग जोडिएको थियो
dherai manis haru aaphno mat diye pani pareko nataajik awastha le gardaa anishchit thiyo,धेरै मानिसहरु आफ्नो मत दिए पनि परेको नताजिक अवस्थाले गर्दा अनिश्चित थियो
vidhansabha chunab ko pratikshaa maa desh bhari eauta chhanamama gahiro chintan thiyo,विधानसभा चुनावको प्रतीक्षामा देश भरी एउटा छनमम गहिरो चिन्तन थियो
pahilo patak sabaile aaphno swatantra icchha anusar mat daalna paaeko thiyo,पहिलो पटक सबैले आफ्नो स्वतन्त्र इच्छा अनुसार मत डाल्न पाएको थियो
yo ghatana le aaphno deshko sanbidhaan ra satta sangharsha ko disaa nai paribartit gardiyo,यो घटनाले आफ्नो देशको संविधान र सत्ता संघर्षको दिशा नै परिवर्तित गर्दियो
tiniharu sanga kura gardaa eauta mahatwako bhaawanaa sabai ko chehrama dekhinthyo,तिनिहरु संग कुरा गर्दा एउटा महत्वको भावना सबैको चेहरामा देखिन्थ्यो
desh bhari ko yubaaharu aaja ko din ko lagi prastut thiye,देश भरीको युबाहरु आजको दिनको लागि प्रस्तुत थिए
kaifiyat haru dherai thiye tara sabai ko eauta sajhedaari bhaawanaa dekhinthyo,काइफियतहरु धेरै थिए तर सबैको एउटा सहजेदारी भावना देखिन्थ्यो
antatah yo pratiphalan le samaj ra rajniti maa dherai paribartan lyaayo,अन्ततः यो प्रतिफलनले समाज र राजनितिमा धेरै परिवर्तन ल्यायो
manis haru aaphno mat daalne thaunmaa gaayera bistarai line maa ubhiyera baseka thiye,मानिसहरु आफ्नो मत डाल्ने ठाउँमा गएर बिस्तरै लाइनमा उभिएर बसेका थिए
samayako prabhav le gardaa desh bhari eauta naya chhaap nai dekhiyo,समयको प्रभावले गर्दा देश भरी एउटा नया छाप नै देखियो
sabai paksh haru aaphno prastaab ra vichaar haru janataa samma puraa garera pugaune prayas maa thiye,सबै पक्षहरु आफ्नो प्रस्ताव र विचारहरु जनतासम्म पुरा गरेर पुग्ने प्रयासमा थिए
yo ghantanmaa jantaako awaj ekdam sundar tarikale bujhiyo,यो घटनामा जनताको आवाज एकदम सुन्दर तरिकाले बुझियो
antim nirnaya aaudaa samma sabai manis haru eauta chhanamama aashaa ra aakankshaa sanga thiye,अन्तिम निर्णय आउँदासम्म सबै मानिसहरु एउटा छनमम आशा र आकांक्षा संग थिए
samajik chetana ra raastriya bhaawanaa eautai aawaz maa ubhine thiyo,सामाजिक चेतना र राष्ट्रिय भावना एउटै आवाजमा उभिने थियो
tiniharuko manamaa eauta gahiro prashna thiyo hamro bhavishya kasari hunechha,तिनिहरुको मनमा एउटा गहिरो प्रश्न थियो हाम्रो भविष्य कसरी हुनेछ
yo deshko itihaas maa dherai yuddha ra sangharsha dekhisakeko thiyo tara yo chunaab eauta shantipurna awasar thiyo,यो देशको इतिहासमा धेरै युद्ध र संघर्ष देखिसकेको थियो तर यो चुनाव एउटा शान्तिपूर्ण अवसर थियो
prachaar prasaaran kaaryakram haru radio ra samacharpatra dwaraa dherai phailiyo,प्रचार प्रसारण कार्यक्रमहरु रेडियो र समाचारपत्रद्वारा धेरै फैलियो
youth samuha haru aaphno mat ra vichaar haru bistarai protsahit garna khojdaa thiye,युव समूहहरु आफ्नो मत र विचारहरु बिस्तरै प्रोत्साहित गर्न खोज्दा थिए
yo awasar le gardaa eauta naya umangaa ra utsukataa desh bhari dekhiyo,यो अवसरले गर्दा एउटा नया उमंगा र उत्सुकता देश भरी देखियो
janataa haru aaphno netaa haru sanga kuraa gardaa eauta naya dhangako samvaad suru bhayo,जनताहरु आफ्नो नेताहरु संग कुरा गर्दा एउटा नया ढंगको सम्वाद सुरु भयो
yo pratikriyaa le samajik ra raajnaitik chetana maa eauta badaulo laayeko thiyo,यो प्रतिक्रियाले सामाजिक र राजनैतिक चेतनामा एउटा बडौलो लायेको थियो
tiniharuko aasha ra aakanksha haru eauta naya disaa maa gai,तिनिहरुको आशा र आकांक्षाहरु एउटा नया दिशामा गयो
yo ghatana le pahile dekhinai eauta naya chhaap chhodiyo,यो घटनाले पहिले देखिनै एउटा नया छाप छोडियो
samaj maa eauta naya chetana ra jagruktaa aayo,सामाजमा एउटा नया चेतना र जागरुकता आयो
yo din le gardaa eauta naya itihaas rachiyo,यो दिनले गर्दा एउटा नया इतिहास रचियो
antatah yo pratiphalan le eauta naya daur ko shuruwat gariyo,अन्ततः यो प्रतिफलनले एउटा नया दौरको शुरुवात गरियो
janataa haru aaphno icchha anusar nirnaya lina sakne awasar paaepachha dherai khusi thiye,जनताहरु आफ्नो इच्छा अनुसार निर्णय लिन सक्ने अवसर पाएपछा धेरै खुसी थिए
yo ghatana le gardaa samaj maa eauta naya umangaa ra sajhedaari ko bhaawanaa badhyo,यो घटनाले गर्दा समाजमा एउटा नया उमंगा र सहजेदारीको भावना बढ्यो
tiniharuko sankalp ra icchha haru eauta naya raastriya pahichaan maa parinata bhayo,तिनिहरुको संकल्प र इच्छाहरु एउटा नया राष्ट्रिय पहिचानमा परिणत भयो
yo muhurt le aaphno deshko bhavishya nai naya disaa maa moriyo,यो मुहूर्तले आफ्नो देशको भविष्य नै नया दिशामा मोरियो
samayako prabhaav le gardaa yo ghatana aaja pani manis haruko manamaa baseko chha,समयको प्रभावले गर्दा यो घटना आज पनि मानिस हरुको मनमा बसेको छ
yo itihaasik muhurt le gardaa eauta naya samajik ra raajnaitik chetana ko aagaman bhayo,यो इतिहासिक मुहूर्तले गर्दा एउटा नया सामाजिक र राजनैतिक चेतनाको आगमन भयो
tyo ko jana aandolan ko din ma dherai saayuddha le sarkaari kaaryaalay tira jaana bhaena,त्यो को जन आन्दोलनको दिन म धेरै सायुध्धले सरकारी कार्यालयतिर जान भएन
sabaai nagarik haru le eka dhwani ma prajatantra ko laagi aandolan ma bhag liye tyo chaitra ma,सबै नागरिक हरुले एक ध्वनिमा प्रजातन्त्रको लागि आन्दोलनमा भाग लिए त्यो चैत्र मा
tyo aandolan ma vidyaarthi sena tatha sadharan nagarik haru sabai ekatrita bhayeka thie,त्यो आन्दोलनमा विद्यार्थी सेना तथा साधारण नागरिकहरु सबै एकत्रित भएका थिए
jana aandolan ko saphaltale desh ma bahudaliya prajatantra ko sthapana bhaeko thiyo,जन आन्दोलनको सफलताले देशमा बहुदलीय प्रजातन्त्रको स्थापना भएको थियो
tyo samaya ma radio ra samachaar patra haru nai janata ko mukhya suchana ka srot thie,त्यो समयमा रेडियो र समाचार पत्रहरु नै जनताको मुख्य सूचना का स्रोत थिए
aandolankari haru le rajdhani ko bato bato ma chyapaha raaptiyera basnu bhako thiyo,आन्दोलनकारी हरुले राजधानीको बाटो बाटोमा च्यापाह राप्तीएर बस्नु भएको थियो
sarkari sena le aandolan lai roknako prayaas gare tara janata ko sankhya dherai thiyo,सरकारी सेनाले आन्दोलनलाई रोक्नको प्रयास गरे तर जनताको संख्या धेरै थियो
tyo aandolan ko ek maha dina satti garnu parne ghoshana patra bhetiyeko thiyo,त्यो आन्दोलनको एक महा दिन सत्ती गर्नु पर्ने घोषणा पत्र भेटिएको थियो
dherai manche haru lai tyo aandolan ma goli laageko katha aaja samma suninchha,धेरै मान्छे हरुलाई त्यो आन्दोलनमा गोली लागेको कथा आजसम्म सुनिन्छ
tyo ko aandolan pachhi naya samvidhan banauna kaam suru bhaeko thiyo,त्यो को आन्दोलन पछि नया संविधान बनाउन काम सुरु भएको थियो
aandolan ko bela ma dherai ghar ma radio ko aawaj matrai suninthyo,आन्दोलनको बेलामा धेरै घरमा रेडियोको आवाज मात्रै सुनिन्थ्यो
sarkar le lagaaeko curfew laagi nagarik haru ghara bhitra nai thie,सरकारले लगाएको कर्फ्यू लागी नागरिकहरु घर भित्र नै थिए
tyo aandolan ma kathmandu ko durbar marg ek pramukh prateeka thiyo,त्यो आन्दोलनमा काठमाडौंको दरबार मार्ग एक प्रमुख प्रतीक थियो
vidyaarthi sangathan haru le aandolan lai aage badhauna pramukh bhumika nibheka thie,विद्यार्थी संगठन हरुले आन्दोलनलाई अगाडि बढाउन प्रमुख भूमिका निभेका थिए
tyo aandolan le gareko prabhav aaja samma hamro raajnitima dekhna sakinchha,त्यो आन्दोलनले गरेको प्रभाव आजसम्म हाम्रो राजनीतिमा देख्न सकिन्छ
janata ko boli suni sarkar le antata samjhauta garnu parne avastha aayeko thiyo,जनताको बोली सुनि सरकारले अन्ततः सम्झौता गर्नु पर्ने अवस्था आएको थियो
tyo aandolan ko samaya ma bideshi media le pani dherai samachaar prastaar gareka thie,त्यो आन्दोलनको समयमा विदेशी मिडियाले पनि धेरै समाचार प्रस्तार गरेका थिए
aandolankari haru le haat ma jhandaa ra jhanda lekar hidnu bhako thiyo,आन्दोलनकारी हरुले हातमा झण्डा र झन्डा लेकेर हिड्नु भएको थियो
tyo aandolan pachhi press ko swatantrata ko kuraa uthyo ra samachaar patra kholna paayo,त्यो आन्दोलन पछि प्रेसको स्वतन्त्रताको कुरा उठ्यो र समाचार पत्र खोल्न पायो
 ko jana aandolan bina aaja ko prajatantrik nepali samaj kalpana garnai sakinna,को जन आन्दोलन बिना आजको प्रजातान्त्रिक नेपाली समाज कल्पना गर्नै सकिन्न
yo ghatanaa desh ko itihaas maa ek atyanta dukhad ra rahasyaapurna prakaaran banyo,यो घटना देशको इतिहासमा एक अत्यन्त दुखद र रहस्यपूर्ण प्रकरण बन्यो
ek raatmaa nai parivaar ko bahutai jana sadasya haru hatyaa gariyo,एक रातमा नै परिवारको बहुतै जन सदस्यहरु हत्या गरियो
sabai nepali janaataa ashcharya ra shokamaa dubiyo,सबै नेपाली जनता आश्चर्य र शोकमा डुबियो
tyo din pachi desh bhari ek gambhir chhanamama ra shantataa chhaapiyo,त्यो दिन पछि देश भरी एक गम्भीर छनमम र शान्तता छापियो
ghatana sthal maa dherai anumaan ra kahaaniyaharu phaailiyo tara satya aba samma pani puraa tarikale prakaash maa aayeko chhaina,घटना स्थलमा धेरै अनुमान र कहानीयहरु फैलियो तर सत्य अबसम्म पनि पुरा तरिकाले प्रकाशमा आएको छैन
raaj parivaar ko antarik jhagadaa bahya karana bhanne bichar dherai le raakhe,राज परिवारको आन्तरिक झगडा बाह्य कारण भन्ने विचार धेरैले राखे
tyo bela ko satta sangharsha ra raajniti pani is maa samil bhaeko bhanne dherai ko bichaar thiyo,त्यो बेलाको सत्ता संघर्ष र राजनिति पनि इसमा समिल भएको भन्ने धेरैको विचार थियो
ekai chhan raatima bhayo bhanne kura le manis haru lai ajhai pani ashcharya maa parna baanchha,एकै छन रातिमा भयो भन्ने कुराले मानिस हरुलाई अझै पनि आश्चर्यमा पर्न बाँच्छ
ghatanako baad sarkaar le gareko jaanch prasaashan ra janataa ko prati hawalaharu pani charcha ko bishaya bane,घटनाको बाद सरकारले गरेको जाँच प्रशासन र जनताको प्रति हवालाहरु पनि चर्चाको विषय बने
desh bhari shokako mahaul le gardaa sabai kaaryakram haru sthabhita bhaeka thiye,देश भरी शोकको महौलले गर्दा सबै कार्यक्रमहरु स्थभित भएका थिए
antim sanskaar maa dherai janataa ra videshi pahunchaharu pani upasthit thiye,अन्तिम संस्कारमा धेरै जनता र विदेशी पहुँचाहरु पनि उपस्थित थिए
yo ghatanaa sangai nepali raajtantra ra samaj maa pani dherai paribartan aayo,यो घटना संगै नेपाली राजतन्त्र र समाजमा पनि धेरै परिवर्तन आयो
tyo din dekhi raaj parivaar ra jantaako bich ko sambandha maa pani farak pareko thaa payo,त्यो दिनदेखि राज परिवार र जनताको बिचको सम्बन्धमा पनि फरक परेको ठाउ पायो
ghatanako karan ra motive barema dherai thaauryaharu aaja samma pani charchit chhan,घटनाको कारण र मोटिभ बारेमा धेरै थाउर्यहरु आजसम्म पनि चर्चित छन्
raajdarbar bhittra bhaeko yo hatyaakanda le deshko raajniti maa dherai prabhav paaryo,राजदरबार भित्र भएको यो हत्याकाण्डले देशको राजनितिमा धेरै प्रभाव पार्यो
janataa ko manamaa tyo bela dekhi eauta dara ra ashanka ko bhaawanaa basyo,जनताको मनमा त्यो बेलादेखि एउटा डर र आशंकाको भावना बस्यो
sarkaar le gareko jaanch report haru pani dherai chhamaamaa rahe,सरकारले गरेको जाँच रिपोर्टहरु पनि धेरै छमामा रहे
yo prakaaran sangai desh ko shantipurna chitra maa pani dag lageko bhanne bichar dherai le raakhe,यो प्रकरण संगै देशको शान्तिपूर्ण चित्रमा पनि दाग लागेको भन्ने विचार धेरैले राखे
ghatanako samay maa raheka sewak haruko boliyaan ra gavaahiharu pani charcha maa aaye,घटनाको समयमा रहेका सेवक हरुको बोलियान र गवाहिहरु पनि चर्चामा आये
tyo raatiko kram maa kunai pani chetra aba safe thiyena bhanne bhaawanaa dherai maa basyo,त्यो रातिको क्रममा कुनै पनि क्षेत्र अब सुरक्षित थिएन भन्ने भावना धेरैमा बस्यो
raaj parivaar ko prati samaj maa raheko biswas ra samman maa pani gahiro asar pareko thiyo,राज परिवारको प्रति समाजमा रहेको विश्वास र सम्मानमा पनि गहिरो असर परेको थियो
yo ghatana pachi ko raajniti maa dherai naya player haru aaye ra satta sangharsh ko dhangaa nai paribartit bhayo,यो घटना पछिको राजनितिमा धेरै नया प्लेयरहरु आए र सत्ता संघर्षको ढंगा नै परिवर्तित भयो
dherai aanka ra tathyaharu aba samma pani prakaash maa aasakeka chhainan tara tyo ghantanako dukhad smriti janataa ko manamaa aba samma chha,धेरै आंक र तथ्यहरु अबसम्म पनि प्रकाशमा आसकेका छैनन् तर त्यो घटनाको दुखद स्मृति जनताको मनमा अबसम्म छ
yo itihaasik ghatana le gardaa nepali samaj maa eauta naya raajniti ra satta bikash ko disaa nai paltiyo,यो इतिहासिक घटनाले गर्दा नेपाली समाजमा एउटा नया राजनिति र सत्ता विकासको दिशा नै पल्टियो
raaj parivaar bhitra ko kuraaharu bahira aaudaa dherai le hairaan bhaeka thiye,राज परिवार भित्रको कुराहरु बाहिर आउँदा धेरैले हैरान भएका थिए
sammaan ra maryadaa sangai hatyaa gariyeko parivaar ko prati sabai nepali ko manamaa dukha ra karunako bhaawanaa thiyo,सम्मान र मर्यादा संगै हत्या गरिएको परिवारको प्रति सबै नेपालीको मनमा दुख र करुणाको भावना थियो
ghatanako baad desh bhari eauta gambhirata ra chhanamama ko mahaul banyo,घटनाको बाद देश भरी एउटा गम्भीरता र छनममको महौल बन्यो
sarkaar le gareko jaanch prakriyaa ra antim nirnaya haru pani dherai ko lagi charcha ra vivad ko vishaya bane,सरकारले गरेको जाँच प्रक्रिया र अन्तिम निर्णयहरु पनि धेरैको लागि चर्चा र विवादको विषय बने
yo ghatana sangai eauta yug ko ant ra arko yug ko shuruwat bhayo bhanne bichar pani dherai le raakhe,यो घटना संगै एउटा युगको अन्त र अर्को युगको शुरुवात भयो भन्ने विचार पनि धेरैले राखे
aaja pani tyo ghatanaa barema lekhieka kitaab ra anusandhan haru chalaai maa chhan,आज पनि त्यो घटना बारेमा लेखिएका किताब र अनुसन्धानहरु चलाईमा छन्
ghatanako saakshi raheka manis haruko bhaawanaa ra anubhuti haru aba samma pani mahatwapurna chhan,घटनाको साक्षी रहेका मानिस हरुको भावना र अनुभूतिहरु अबसम्म पनि महत्वपूर्ण छन्
yo ghatana le gardaa nepali raajtantra ko bhavishya nai paribartit bhayeko thiyo,यो घटनाले गर्दा नेपाली राजतन्त्रको भविष्य नै परिवर्तित भएको थियो
tyo bela dekhi raaj parivaar ra jantaako bich eauta naya sambandha ra dastawejhiko suruwat bho,त्यो बेलादेखि राज परिवार र जनताको बिच एउटा नया सम्बन्ध र दस्तावेजिको सुरुवात भो
ghatanako itihaas le gardaa nepali samaj maa raajniti ra shasan barema dherai naya prashna haru uthiyo,घटनाको इतिहासले गर्दा नेपाली समाजमा राजनिति र शासन बारेमा धेरै नया प्रश्नहरु उठियो
yo atyachaar ra dukhad ghatana sangai eauta shikshya ra sandesh pani chha bhanne maanchhe haru dherai chhan,यो अत्याचार र दुखद घटना संगै एउटा शिक्षा र सन्देश पनि छ भन्ने मान्छेहरु धेरै छन्
ghatanako antim satya aba samma pani kasaile thaha paauna sakdainau tara yo ghatana nepali itihaas ko ek kaalo paat ho,घटनाको अन्तिम सत्य अबसम्म पनि कसैले थाहा पाउन सक्दैनौ तर यो घटना नेपाली इतिहासको एक कालो पात हो
sabai nepali ko lagi tyo din ek dukhad smriti ko roop maa raheko chha,सबै नेपालीको लागि त्यो दिन एक दुखद स्मृतिको रूपमा रहेको छ
ghatanako baad ko raajniti maa dherai naya kadam haru rahe jasle gardaa desh ko satta ra shasan vyavasthaa nai badaliyo,घटनाको बादको राजनितिमा धेरै नया कदमहरु रहे जसले गर्दा देशको सत्ता र शासन व्यवस्था नै बदलियो
yo ghatana sangai nepali samaj maa eauta naya chetana ra awasar ko pragati bho,यो घटना संगै नेपाली समाजमा एउटा नया चेतना र अवसरको प्रगति भो
tyo ko samaya ma raja gyanendra le sarkaar lai bagaera sabaai shakti aaphu ma liye,त्यो को समयमा राजा ज्ञानेन्द्रले सरकारलाई बगाएर सबै शक्ति आफुमा लिए
raja le tyo shakti grahan garera desh bhari curfew ra dherai seema haru laagaeka thie,राजाले त्यो शक्ति ग्रहण गरेर देश भरि कर्फ्यू र धेरै सीमाहरु लगाएका थिए
tyo pali direct rule ko kaaran dherai raajnaitik neta haru lai girti gariyeko thiyo,त्यो पलि डाइरेक्ट रूलको कारण धेरै राजनीतिक नेता हरुलाई गिर्ती गरिएको थियो
media ma censorship thiyo ra swatantra samachaar prastaar garnu ekdam gahro thiyo,मिडियामा सेन्सरशिप थियो र स्वतन्त्र समाचार प्रस्तार गर्नु एकदम गाह्रो थियो
raja le tyo nirnay gareko din radio ma ghoshana patra padhi suniyo,राजाले त्यो निर्णय गरेको दिन रेडियोमा घोषणा पत्र पढि सुनियो
desh ko bideshi sahayog tyo samaya ma dherai kam huna thaleko thiyo,देशको विदेशी सहयोग त्यो समयमा धेरै कम हुन थालेको थियो
janata bich ma dherai prakaar ko bhay ra asahamati phailiyeko thiyo,जनता बिचमा धेरै प्रकारको भय र असहमति फैलिएको थियो
tyo direct rule le garda antim ma ko jana aandolan ko bhumika taiyaar bhaeko thiyo,त्यो डाइरेक्ट रूलले गर्दा अन्तिममा को जन आन्दोलनको भूमिका तयार भएको थियो
raja le sarkaar sambhalda pani desh ma shanti sthapita garna saknu bhako thiena,राजाले सरकार सम्भाल्दा पनि देशमा शान्ति स्थापित गर्न सक्नु भएको थिएन
tyo samaya ko ghatana haru le nepali raajnitiko rukh laai purai paribartan gari diyo,त्यो समयको घटना हरुले नेपाली राजनीतिको रुखलाई पुरै परिवर्तन गरि दियो
yo andolan le desh maa loktantra ko punahsthapan ko lagi mahatwapurna bhumika nibhayeko thiyo,यो आन्दोलनले देशमा लोकतन्त्रको पुनःस्थापनको लागि महत्वपूर्ण भूमिका निभाएको थियो
jangbaddh shasan ko virodh maa lakhau manis haru sadak maa utrie,जङ्गबद्ध शासनको विरोधमा लाखौ मानिसहरु सडकमाा उत्रिए
raajdarbar bata aayeko aadesh le pani janataa ko awaj lai dabna sakiyena,राजदरबारबाट आएको आदेशले पनि जनताको आवाजलाई दब्न सकियेन
ghataghat maa chhatra shramik ra sarbasamudayi sangathan haru milera eautai naara lagaye,घटाघटमा छात्र श्रमिक र सर्वसमुदायी संगठनहरु मिलेर एउटै नारा लगाये
loktantra ko lagi ladau naya nepalko nirmaan garau bhanne naara le sabailai prerna diyo,लोकतन्त्रको लागि लडौ नया नेपालको निर्माण गरौ भन्ने नाराले सबैलाई प्रेरणा दियो
raaja le gareko aakhirii ghoshanaa maa sansad punah bulauna ra naya sanwidhaan banaaune kura sametiyo,राजाले गरेको आखिरी घोषणामा संसद पुनः बुलाउन र नया संविधान बनाउने कुरा समेटियो
andolan ko kaaryakram maa netrtwa garne netaa haru jail maa hale pani janataa ko umangaa chhadena,आन्दोलनको कार्यक्रममा नेतृत्व गर्ने नेताहरु जेलमा हाले पनि जनताको उमंगा छाडेन
sadak maa utrisakeka yubaaharu lai prahaar garna aayeka prahariharu pani kai chotaa khaye,सडकमाा उत्रिसकेका युवाहरुलाई प्रहार गर्न आएका प्रहरीहरु पनि कै चोटा खाये
shaharma gaunmaa bazaar ra chowk chowk maa rajyako virodh maa dharna ra prabhatpheri suru bhaeka thiyo,शहरमा गाउँमा बजार र चौक चौकमा राज्यको विरोधमा धर्ना र प्रभातफेरी सुरु भएका थियो
media haru le pani jantaako awaj uthaaune kaaryamaa sakt puryayo,मिडिया हरुले पनि जनताको आवाज उठाउने कार्यमा शक्ति पुर्यायो
aakashani ra samacharpatra haru dwaraa andolan ko jaankari ra prasanga sabai thauma phailiyo,आकाशणी र समाचारपत्रहरुद्वारा आन्दोलनको जानकारी र प्रसङ्ग सबै ठाउमा फैलियो
videsh maa baseka nepali haru pani aaphno deshko sthiti barema chintit thiye,विदेशमा बसेका नेपालीहरु पनि आफ्नो देशको स्थिति बारेमा चिन्तित थिए
andolan kaari haruko mang ra maang sanwidhaan sabha bata samadhan garna sakiyo,आन्दोलनकारी हरुको माग र मांग संविधान सभाबाट समाधान गर्न सकियो
tyo bela ko sarkaar le jantaako mat lai swikarna sakiyena bhanne maanchhe haru andolan maa sarhaeka thiye,त्यो बेलाको सरकारले जनताको मतलाई स्वीकार्न सकिएन भन्ने मान्छेहरु आन्दोलनमा सर्हाएका थिए
ghataghat maa aatank ra daraako mahaul banaayeko bhaepani janataa pichhayadiyena,घटाघटमा आतङ्क र डराउको महौल बनाएको भएपनि जनता पिछाडिदिएन
andolan ko aakhiri din haru maa sabai paksh haru sangai basa ra antim samjhauta bhaeko thiyo,आन्दोलनको आखिरी दिन हरुमा सबै पक्षहरु संगै बस र अन्तिम सम्झौता भएको थियो
naya sanwidhaan banaaune ra desh punarnirmaan garna eauta gathabandhan sarkaar banyo,नया संविधान बनाउने र देश पुनर्निर्माण गर्न एउटा गठबन्धन सरकार बन्यो
raajako shakti kam gari ra jantaako shakti badhaaune naya vyavasthaa suru bhayo,राजाको शक्ति कम गरि र जनताको शक्ति बढाउने नया व्यवस्था सुरु भयो
andolan ko pachhi samjhauta ra milijuli ko bhaawanaa le desh lai aagadi badhaayo,आन्दोलनको पछि सम्झौता र मिलिजुलिको भावनाले देशलाई अगाडि बढायो
sadak maa raheka aam janataa ra netaaharu ko bich maa eauta naya sambandha banauna maadhyam bho,सडकमाा रहेका आम जनता र नेताहरुको बिचमा एउटा नया सम्बन्ध बनाउन माध्यम भो
andolan le gardaa shasan ra raajniti maa naya pidhi haru aaye,आन्दोलनले गर्दा शासन र राजनितिमा नया पिढीहरु आये
jaatiya bhaashaik ra sanghiyata samasyaaharu pani samjhauta bhaera samadhan khojdaa thiye,जातिय भाषाइक र सङ्घीयता समस्याहरु पनि सम्झौता भएर समाधान खोज्दा थिए
shantipurna andolan bhaepani kai jana lai jaan gumauna parne awastha aayo,शान्तिपूर्ण आन्दोलन भएपनि कै जनालाई जान गुमाउन परेको अवस्था आयो
tyo ghatana haru ko smriti maa aaja pani shraddhaanjali dinchhan,त्यो घटना हरुको स्मृतिमा आज पनि श्रद्धाञ्जली दिन्छन्
andolan ko prabhav le gardaa desh maa ek naya raajniti ra satta bikash ko disaa nai bhaeko thiyo,आन्दोलनको प्रभावले गर्दा देशमा एक नया राजनिति र सत्ता विकासको दिशा नै भएको थियो
sadak maa baseka manis haruko saktile gardaa raajako aadesh haru pani badalna bhaeka thiyo,सडकमाा बसेका मानिस हरुको शक्तिले गर्दा राजाको आदेशहरु पनि बदल्न भएका थियो
media ko mukher maa pani andolan lai samarthan garne ra janataako awaj bujhne kaam gareko thiyo,मिडियाको मुखरमा पनि आन्दोलनलाई समर्थन गर्ने र जनताको आवाज बुझ्ने काम गरेको थियो
videshi samuday le pani nepalko andolan lai samarthan ra sahyog gareko thiyo,विदेशी समुदायले पनि नेपालको आन्दोलनलाई समर्थन र सहयोग गरेको थियो
andolan pachhi banaeko naya sanwidhaan maa janataako adhikaar ra swatantrataa ko kuraa le sthan paayeko thiyo,आन्दोलन पछि बनेको नया संविधानमा जनताको अधिकार र स्वतन्त्रताको कुराले स्थान पाएको थियो
shasan vyavasthaa maa jantaako bhagidaari badhi ra satta ko bikendrikaran garna khojdaa thiye,शासन व्यवस्थामा जनताको भागिदारी बढी र सत्ताको विकेन्द्रीकरण गर्न खोज्दा थिए
andolan le gardaa samaj maa raajniti prati eauta naya dristikon ra chetana bistarai phailiyo,आन्दोलनले गर्दा समाजमा राजनिति प्रति एउटा नया दृष्टिकोण र चेतना बिस्तरै फैलियो
tyo bela ko netaa haru ra janataako sambandha aba samma pani charcha ra smritiko bishaya bane,त्यो बेलाको नेताहरु र जनताको सम्बन्ध अबसम्म पनि चर्चा र स्मृतिको विषय बने
andolan ko kaaran desh bhari eauta naya umangaa ra chhanamama ko mahaul dekhiyo,आन्दोलनको कारण देश भरी एउटा नया उमंगा र छनममको महौल देखियो
raja ra praja ko bich ko naya samjhauta ra samvaad ko daur suru bhaeko thiyo,राजा र प्रजाको बिचको नया सम्झौता र सम्वादको दौर सुरु भएको थियो
ghataghat maa dara ra aatank bhaepani janataa sanga sangai basera ladiraheka thiye,घटाघटमा डर र आतङ्क भएपनि जनता संग संगै बसेर लडिरहेका थिए
andolan ko antim phal swarup maa desh lai naya disaa ra sanwidhaan praapt bhayo,आन्दोलनको अन्तिम फल स्वरुपमा देशलाई नया दिशा र संविधान प्राप्त भयो
aaja pani tyo andolan ko yaad maa din bhari sammelan ra sabhaaharu aayojan garchhan,आज पनि त्यो आन्दोलनको यादमा दिन भरी सम्मेलन र सभाहरु आयोजन गर्छन्
ghataghat maa aayojit aandolankari haruko samman ra gaurav ko lagi aaja pani kathaharu chaliraheka chhan,घटाघटमा आयोजित आन्दोलनकारी हरुको सम्मान र गौरवको लागि आज पनि कथाहरु चलिरहेका छन्
andolan le gardaa nepali samaj maa eauta naya chetana ra raajniti ko pragati ko disaa nai paribartit bhayo,आन्दोलनले गर्दा नेपाली समाजमा एउटा नया चेतना र राजनितिको प्रगतिको दिशा नै परिवर्तित भयो
yo aandolan nai thiyo jasle gardaa aaja ko naya nepalko nirmaan ko bhumika tayar bhayeko thiyo,यो आन्दोलन नै थियो जसले गर्दा आजको नया नेपालको निर्माणको भूमिका तयार भएको थियो
sadak maa utrisakeka tyo yubaaharu ko saktile nai desh ko itihaas nai badali haleko thiyo,सडकमाा उत्रिसकेका त्यो युवाहरुको शक्तिले नै देशको इतिहास नै बदलि हालेको थियो
andolan ko kram maa aaphno jaan gumaune veer haruko yaad maa desh bhari smarak ra yaadgaar banaaeka chhan,आन्दोलनको क्रममा आफ्नो जान गुमाउने वीर हरुको यादमा देश भरी स्मारक र यादगार बनाएका छन्
yo itihaasik aandolan le gardaa eauta naya raajniti ra samajik chetana ko aagaman bhayo,यो इतिहासिक आन्दोलनले गर्दा एउटा नया राजनिति र सामाजिक चेतनाको आगमन भयो
aaja pani tyo aandolan ko sandesh ra sikshya nepali samaj ko lagi mahatwapurna chha,आज पनि त्यो आन्दोलनको सन्देश र शिक्षा नेपाली समाजको लागि महत्वपूर्ण छ
tyo ma sambidhaanik ghosanaa pachhi maobadi ra sarkaar bich samjhauta bhayo,त्योमा संविधानिक घोषणा पछि माओवादी र सरकार बिच सम्झौता भयो
sampurna shaanti samjhauta antargat yuddh karyaabandi ra naya nepalko nirman ko bato khulyo,सम्पूर्ण शान्ति सम्झौता अन्तर्गत युद्ध कार्यावधि र नया नेपालको निर्माणको बाटो खुल्यो
tyo shaanti samjhauta le dekhaayo ki ladaai bata shaantiko bato nai deshko bhavishya ho,त्यो शान्ति सम्झौताले देखायो कि लडाइबाट शान्तिको बाटो नै देशको भविष्य हो
maobadi ladaai haru le raakhna lagaeka hathiyaar haru birshikaran karyakram antargat sametiyo,माओवादी लडाइ हरुले राख्न लागेका हथियारहरु बिर्शिकरण कार्यक्रम अन्तर्गत समेटियो
tyo samjhauta pachhi pahilo jan ganatantra nepalko ghoshanaa bhayo ra raajtantra samapti bhayeko thiyo,त्यो सम्झौता पछि पहिलो जन गणतन्त्र नेपालको घोषणा भयो र राजतन्त्र समाप्ति भएको थियो
ra sena ra maobadi yoddha haru lai ekaitha garnu ko laagi ek naya sena rachanako prastaav aayo,र सेना र माओवादी योद्धा हरुलाई एकैथ गर्नुको लागि एक नया सेना रचनाको प्रस्ताव आयो
tyo shaanti karyakram le garda dherai sarkari adhikriti maobadi kshetra ma pharkina sake,त्यो शान्ति कार्यक्रमले गर्दा धेरै सरकारी अधिकृत माओवादी क्षेत्रमा फर्किन सके
ra gaaun ka basi haru lai punah basaai karyakram ko tahat sahayog pugyo,र गाउँ का बासी हरुलाई पुनः बसाई कार्यक्रमको तहत सहयोग पुग्यो
tyo samjhauta le desh lai naya sambidhaan banauna ko laagi ek sambidhaan sabha chunav garna bato diyo,त्यो सम्झौताले देशलाई नया संविधान बनाउनको लागि एक संविधान सभा चुनाव गर्न बाटो दियो
yasto mahatwapurna samjhauta pachhi desh bhari ek naya asha ra umangko mahaul baneko thiyo,यस्तो महत्वपूर्ण सम्झौता पछि देश भरि एक नया आशा र उमंगको महौल बनेको थियो
nepal ko sanvidhan asoj gate president ram baran yadav le dwara ghoshana gariyeko thiyo ra tyo historical day thiyo,नेपालको संविधान असोज गते राष्ट्रपति राम बरण यादवलेद्वारा घोषणा गरिएको थियो र त्यो ऐतिहासिक दिन थियो
sanvidhan le nepal lai secular federal democratic republican state ghoshana gareko thiyo ra king ko institution officially hatayeko thiyo,संविधानले नेपाललाई धर्मनिरपेक्ष संघीय लोकतान्त्रिक गणतन्त्र राज्य घोषणा गरेको थियो र राजा संस्था आधिकारिक रूपमा हटाएको थियो
constitution of nepal le provinces ko sanghiyan structure establish gareko thiyo ra pradesh haru lai autonomous power diyeko thiyo,संविधान अफ नेपालले प्रदेशहरूको सङ्घीय संरचना स्थापना गरेको थियो र प्रदेशहरूलाई स्वायत्त शक्ति दिइएको थियो
sanvidhan ko drafting constituent assembly le gareko thiyo ra tyo assembly ko second term ma finalize bhaeko thiyo,संविधानको मस्यौदा संविधान सभाले गरेको थियो र त्यो सभाको दोस्रो कार्यकालमा अन्तिम रूप दिइएको थियो
fundamental rights ko extensive list sanvidhan ma include gariyeko thiyo ra marginalized community haru lai special protection diyeko thiyo,मौलिक अधिकारहरूको विस्तृत सूची संविधानमा समावेश गरिएको थियो र सीमान्तकृत समुदायहरूलाई विशेष संरक्षण दिइएको थियो
sanvidhan le proportional inclusive ra participatory principle lai adopt gareko thiyo ra affirmative action ko provision rakhieko thiyo,संविधानले समानुपातिक समावेशी र सहभागिताको सिद्धान्तलाई अंगीकृत गरेको थियो र सकारात्मक कार्यको व्यवस्था राखिएको थियो
constitution of nepal ma citizenship ko provision lai gender equal banaieko thiyo ra nepali naari haru lai afno ama bau ko naam ma citizenship paune hak diyeko thiyo,संविधान अफ नेपालमा नागरिकताको व्यवस्थालाई लिङ्ग समान बनाइएको थियो र नेपाली नारीहरूलाई आफ्नो आमा बाबुको नाममा नागरिकता पाउने हक दिइएको थियो
right to equality social justice ra elimination of discrimination ko guarantee sanvidhan ma diyeko thiyo,समानताको अधिकार सामाजिक न्याय र भेदभाव उन्मूलनको ग्यारेन्टी संविधानमा दिइएको थियो
sanvidhan le local government lai strong power diyeko thiyo ra local unit haru establish gariyeko thiyo,संविधानले स्थानीय सरकारलाई बलियो शक्ति दिइएको थियो र स्थानीय इकाइहरू स्थापना गरिएको थियो
constitution of nepal ma natural resource management ko authority pradesh ra local level lai diyeko thiyo,संविधान अफ नेपालमा प्राकृतिक संसाधन व्यवस्थापनको अधिकार प्रदेश र स्थानीय स्तरलाई दिइएको थियो
judiciary lai independent banaune provision sanvidhan ma rakhieko thiyo ra constitutional council ko formation gariyeko thiyo,न्यायपालिकालाई स्वतन्त्र बनाउने व्यवस्था संविधानमा राखिएको थियो र संवैधानिक परिषद्को गठन गरिएको थियो
sanvidhan le president ko role ceremonial rakhieko thiyo ra executive power prime minister ra cabinet sanga diyeko thiyo,संविधानले राष्ट्रपतिको भूमिका औपचारिक राखिएको थियो र कार्यकारी शक्ति प्रधानमन्त्री र मन्त्रिपरिषद्सँग दिइएको थियो
constitution of nepal ma directive principles ko concept liyeko thiyo ra socialist oriented economy ko aspiration express gariyeko thiyo,संविधान अफ नेपालमा निदेशक सिद्धान्तको अवधारणा लिइएको थियो र समाजवादी उन्मुख अर्थतन्त्रको आकांक्षा व्यक्त गरिएको थियो
fundamental duties ko list pani sanvidhan ma diyeko thiyo ra citizen haru ko responsibility define gariyeko thiyo,मौलिक कर्तव्यहरूको सूची पनि संविधानमा दिइएको थियो र नागरिकहरूको जिम्मेवारी परिभाषित गरिएको थियो
sanvidhan ghoshana garna bhanda pahila madhesh ra tharuhat area ma protest haru bhaeka thiyo ra amendment ko demand uthieko thiyo,संविधान घोषणा गर्न भन्दा पहिला मधेश र थरुहट क्षेत्रमा प्रदर्शनहरू भएका थिए र संशोधनको माग उठेको थियो
constitution of nepal promulgation pachhi first amendment gariyeko thiyo ra marginalize community haru ko demand address gariyeko thiyo,संविधान अफ नेपाल प्रख्यापन पछि पहिलो संशोधन गरिएको थियो र सीमान्तकृत समुदायहरूको माग सम्बोधन गरिएको थियो
sanvidhan le state restructuring commission ko formation ko provision rakhieko thiyo ra federal demarcation finalize garna sahayog gareko thiyo,संविधानले राज्य पुनर्संरचना आयोगको गठनको व्यवस्था राखिएको थियो र संघीय सीमांकन अन्तिम रूप दिन सहयोग गरेको थियो
constitution of nepal ma language policy ko provision rakhieko thiyo ra nepali lai official language ra aru mother tongue haru lai recognition diyeko thiyo,संविधान अफ नेपालमा भाषा नीतिको व्यवस्था राखिएको थियो र नेपालीलाई आधिकारिक भाषा र अरू मातृभाषाहरूलाई मान्यता दिइएको थियो
sanvidhan le environment protection ko fundamental right banaieko thiyo ra sustainable development ko principle adopt gariyeko thiyo,संविधानले पर्यावरण संरक्षणको मौलिक अधिकार बनाइएको थियो र दीर्घकालीन विकासको सिद्धान्त अंगीकृत गरिएको थियो
right to information transparency ra accountability ko guarantee sanvidhan ma diyeko thiyo,सूचनाको अधिकार पारदर्शिता र जवाफदेहीको ग्यारेन्टी संविधानमा दिइएको थियो
constitution of nepal ma social security ko right lai fundamental right ko rup ma recognize gariyeko thiyo,संविधान अफ नेपालमा सामाजिक सुरक्षाको अधिकारलाई मौलिक अधिकारको रूपमा मान्यता दिइएको थियो
sanvidhan le commission for the investigation of abuse of authority ko formation ko provision rakhieko thiyo,संविधानले अधिकार दुरुपयोग अनुसन्धान आयोगको गठनको व्यवस्था राखिएको थियो
judicial council ko formation le judge haru ko appointment transfer ra disciplinary action transparent process anusar garna sahayog gareko thiyo,न्यायिक परिषद्को गठनले न्यायाधीशहरूको नियुक्ति स्थानान्तरण र अनुशासनात्मक कारबाही पारदर्शी प्रक्रिया अनुसार गर्न सहयोग गरेको थियो
constitution of nepal ma public service commission lai independent constitutional body banaieko thiyo,संविधान अफ नेपालमा लोक सेवा आयोगलाई स्वतन्त्र संवैधानिक निकाय बनाइएको थियो
sanvidhan le education health ra employment ko right lai fundamental right ko rup ma include gariyeko thiyo,संविधानले शिक्षा स्वास्थ्य र रोजगारीको अधिकारलाई मौलिक अधिकारको रूपमा समावेश गरिएको थियो
constitution of nepal promulgation pachhi election commission le three tier election conduct gareko thiyo,संविधान अफ नेपाल प्रख्यापन पछि निर्वाचन आयोगले तीन तह निर्वाचन सम्पन्न गरेको थियो
sanvidhan le minority right ko protection ko laagi national commission for dalit ko formation ko provision rakhieko thiyo,संविधानले अल्पसंख्यक अधिकार संरक्षणको लागि राष्ट्रिय दलित आयोगको गठनको व्यवस्था राखिएको थियो
constitution of nepal ma women commission indigenous nationalities commission ra madhesi commission ko formation ko provision rakhieko thiyo,संविधान अफ नेपालमा महिला आयोग आदिवासी जनजाति आयोग र मधेशी आयोगको गठनको व्यवस्था राखिएको थियो
sanvidhan le child right ko protection lai special priority diyeko thiyo ra child friendly justice system ko concept liyeko thiyo,संविधानले बाल अधिकार संरक्षणलाई विशेष प्राथमिकता दिइएको थियो र बालमैत्री न्याय प्रणालीको अवधारणा लिइएको थियो
constitution of nepal ma foreign policy ko principle non alignment peaceful coexistence ra mutual respect rakhieko thiyo,संविधान अफ नेपालमा विदेश नीतिको सिद्धान्त गुटनिरपेक्षता शान्तिपूर्ण सहअस्तित्व र पारस्परिक सम्मान राखिएको थियो
sanvidhan le international treaty ra agreement haru ko implementation ko laagi domestic law harmonization ko requirement rakhieko thiyo,संविधानले अन्तर्राष्ट्रिय सन्धि र सम्झौताहरूको कार्यान्वयनको लागि घरेलु कानून समन्वयको आवश्यकता राखिएको थियो
constitution of nepal ma state of emergency ko procedure strict banaieko thiyo ra fundamental right suspension limit gariyeko thiyo,संविधान अफ नेपालमा आपतकालीन अवस्थाको प्रक्रिया कडा बनाइएको थियो र मौलिक अधिकार निलम्बन सीमित गरिएको थियो
sanvidhan le constitutional court ko concept rakhieko thiyo ra constitutional dispute haru resolve garna special mechanism diyeko thiyo,संविधानले संवैधानिक अदालतको अवधारणा राखिएको थियो र संवैधानिक विवादहरू समाधान गर्न विशेष प्रक्रिया दिइएको थियो
constitution of nepal ma impeachment process ko provision rakhieko thiyo ra president vice president ra judge haru lai impeachment garna sakinchha,संविधान अफ नेपालमा महाभियोग प्रक्रियाको व्यवस्था राखिएको थियो र राष्ट्रपति उपराष्ट्रपति र न्यायाधीशहरूलाई महाभियोग गर्न सकिन्छ
sanvidhan le periodic election ko guarantee diyeko thiyo ra election commission lai independent power diyeko thiyo,संविधानले आवधिक निर्वाचनको ग्यारेन्टी दिइएको थियो र निर्वाचन आयोगलाई स्वतन्त्र शक्ति दिइएको थियो
constitution of nepal ma local government finance commission ko formation ko provision rakhieko thiyo,संविधान अफ नेपालमा स्थानीय सरकार वित्त आयोगको गठनको व्यवस्था राखिएको थियो
sanvidhan le right to constitutional remedy ko provision rakhieko thiyo ra supreme court lai writ jurisdiction diyeko thiyo,संविधानले संवैधानिक उपचारको अधिकारको व्यवस्था राखिएको थियो र सर्वोच्च अदालतलाई रिट अधिकार क्षेत्र दिइएको थियो
constitution of nepal promulgation pachhi international community le positive reaction diyeko thiyo ra nepal lai congratulate gareko thiyo,संविधान अफ नेपाल प्रख्यापन पछि अन्तर्राष्ट्रिय समुदायले सकारात्मक प्रतिक्रिया दिएको थियो र नेपाललाई बधाई दिएको थियो
sanvidhan le national security council ko formation ko provision rakhieko thiyo ra security policy ko coordination garna sahayog gareko thiyo,संविधानले राष्ट्रिय सुरक्षा परिषद्को गठनको व्यवस्था राखिएको थियो र सुरक्षा नीतिको समन्वय गर्न सहयोग गरेको थियो
constitution of nepal ma attorney general ko office lai independent constitutional body banaieko thiyo,संविधान अफ नेपालमा महान्यायाधिवक्ताको कार्यालयलाई स्वतन्त्र संवैधानिक निकाय बनाइएको थियो
sanvidhan le audit institution lai strong banaieko thiyo ra auditor general lai constitutional status diyeko thiyo,संविधानले अडिट संस्थालाई बलियो बनाइएको थियो र महालेखा परीक्षकलाई संवैधानिक दर्जा दिइएको थियो
constitution of nepal ma national human rights commission lai constitutional status diyeko thiyo,संविधान अफ नेपालमा राष्ट्रिय मानव अधिकार आयोगलाई संवैधानिक दर्जा दिइएको थियो
sanvidhan le election constituency delimitation commission ko formation ko provision rakhieko thiyo,संविधानले निर्वाचन क्षेत्र सीमांकन आयोगको गठनको व्यवस्था राखिएको थियो
constitution of nepal ma political party registration ra regulation ko provision rakhieko thiyo,संविधान अफ नेपालमा राजनीतिक दल दर्ता र नियमनको व्यवस्था राखिएको थियो
sanvidhan le minority language preservation ra promotion ko responsibility state lai diyeko thiyo,संविधानले अल्पसंख्यक भाषा संरक्षण र प्रवर्द्धनको जिम्मेवारी राज्यलाई दिइएको थियो
constitution of nepal ma cultural heritage protection ko fundamental duty banaieko thiyo,संविधान अफ नेपालमा सांस्कृतिक सम्पदा संरक्षणको मौलिक कर्तव्य बनाइएको थियो
sanvidhan le victim justice ko concept liyeko thiyo ra crime victim haru lai compensation paune hak diyeko thiyo,संविधानले पीडित न्यायको अवधारणा लिइएको थियो र अपराध पीडितहरूलाई मुआवजा पाउने हक दिइएको थियो
constitution of nepal ma cooperative federalism ko principle adopt gariyeko thiyo ra pradesh sarkar ra kendriya sarkar ko bech ko relation define gariyeko thiyo,संविधान अफ नेपालमा सहकारी संघीयताको सिद्धान्त अंगीकृत गरिएको थियो र प्रदेश सरकार र केन्द्र सरकारको बीचको सम्बन्ध परिभाषित गरिएको थियो
sanvidhan le land reform ko policy lai constitutional guarantee diyeko thiyo ra agricultural land ceiling ko provision rakhieko thiyo,संविधानले भूमि सुधारको नीतिलाई संवैधानिक ग्यारेन्टी दिइएको थियो र कृषि योग्य जमिन सीमा कोठाको व्यवस्था राखिएको थियो
constitution of nepal ma industrial policy ko objective employment generation ra poverty reduction rakhieko thiyo,संविधान अफ नेपालमा औद्योगिक नीतिको उद्देश्य रोजगारी सिर्जना र गरीबी न्यूनीकरण राखिएको थियो
sanvidhan le tourism lai national priority sector banaieko thiyo ra tourism promotion ko responsibility state lai diyeko thiyo,संविधानले पर्यटनलाई राष्ट्रिय प्राथमिकता क्षेत्र बनाइएको थियो र पर्यटन प्रवर्द्धनको जिम्मेवारी राज्यलाई दिइएको थियो
constitution of nepal ma sports development ko fundamental right ko rup ma recognition diyeko thiyo,संविधान अफ नेपालमा खेलकुद विकासलाई मौलिक अधिकारको रूपमा मान्यता दिइएको थियो
sanvidhan le consumer right ko protection ko laagi provision rakhieko thiyo ra consumer court ko formation ko concept diyeko thiyo,संविधानले उपभोक्ता अधिकार संरक्षणको लागि व्यवस्था राखिएको थियो र उपभोक्ता अदालतको गठनको अवधारणा दिइएको थियो
constitution of nepal ma foreign employment ko protection ra welfare ko laagi policy banaune responsibility state lai diyeko thiyo,संविधान अफ नेपालमा विदेश रोजगारी संरक्षण र कल्याणको लागि नीति बनाउने जिम्मेवारी राज्यलाई दिइएको थियो
sanvidhan le senior citizen haru ko social security ko right lai fundamental right banaieko thiyo,संविधानले वरिष्ठ नागरिकहरूको सामाजिक सुरक्षाको अधिकारलाई मौलिक अधिकार बनाइएको थियो
constitution of nepal ma disaster management ko national policy banaune provision rakhieko thiyo,संविधान अफ नेपालमा विपद् व्यवस्थापनको राष्ट्रिय नीति बनाउने व्यवस्था राखिएको थियो
sanvidhan le climate change adaptation ra mitigation ko responsibility state lai diyeko thiyo,संविधानले जलवायु परिवर्तन अनुकूलन र न्यूनीकरणको जिम्मेवारी राज्यलाई दिइएको थियो
constitution of nepal promulgation ko years pachhi pani tyo sanvidhan ko full implementation ongoing process nai chha,संविधान अफ नेपाल प्रख्यापनको वर्ष पछि पनि त्यो संविधानको पूर्ण कार्यान्वयन चालू प्रक्रिया नै छ
simal ko jungle maa samudaay forestry program le bamboo ra timber manage garchha,सिमालको जंगलमा समुदाय फोरेस्ट्री प्रोग्रामले बाँस र टिम्बर म्यानेज गर्छ
wildlife reserve maa hiran ra banteng haru surakshit chan,वन्यजन्तु आरक्षमा हिरण र बाँटेंगहरू सुरक्षित छन्
agroforestry ko kshetra maa farmer haru dal ra tree ko sahi prayog sikchhan,एग्रोफोरेस्ट्रि क्षेत्रमा किसानहरू दाल र रूखको सही प्रयोग सिक्छन्
himal ko parvat chain maa trekking route ra campsite establish bhayeko chan,हिमालको पर्वत चेनमा ट्रेकिङ रुट र क्याम्पसाइट स्थापना भएको छ
nadi ko kinara maa monsoon ko bela maa suraksha ra flood preparedness garchhan,नदीको किनारमा मनसुनको बेला सुरक्षा र फ्लड प्रिपेयरनेस गर्छन्
terai ko maidaan maa sheet ko samaya maa drought le fasal ko upaj hani garchha,तराईको मैदानमा शीतको समयमा सुख्खाले फसलको उपज हानि गर्छ
chure ko jungle maa herbs ra medicinal plant haru collect garincha,चुरेको जंगलमा हर्ब्स र मेडिसिनल प्लान्टहरू कलेकट गरिन्छ
baagmati nadi ko kinara maa gaau le flood wall ra embankment construction garchha,बागमती नदीको किनारमा गाउँले फ्लड वाल र इम्बैंकमेन्ट निर्माण गर्छ
pokhara ko sarowar maa fish farming ra ecotourism promote bhayeko cha,पोखराको सरोवरमा माछा फार्मिङ र इको टुरिज्म प्रमोट भएको छ
himal ko snow le gaau maa water source supply garchha,हिमालको स्नोले गाउँमा पानी स्रोत सप्लाई गर्छ
flood prone area maa community maa early warning system ra evacuation plan prepare garchhan,फ्लड प्रोन् एरियामा समुदायमा अर्ली वार्निङ सिस्टम र इभाकुएसन प्लान तयार गर्छन्
basanta ko bela maa river bank maa wild flowers ra herbs bikash garchhan,वसन्तको बेला नदी किनारमा वनस्पति र हर्ब्स बिक्रस गर्छन्
sheet ko samaya maa hill maa forest fire ko suraksha plan implement garchhan,शीतको समयमा पहाडमा जंगल आगोको सुरक्षा प्लान इम्प्लिमेन्ट गर्छन्
jungli janwar haru wildlife reserve maa feed ra shelter paunchhan,जङ्गली जनावरहरू वन्यजन्तु आरक्षमा फिड र शेल्टर पाउँछन्
community forestry maa gaau le timber harvesting ra replanting ko niyam follow garchha,कम्युनिटी फोरेस्ट्रिमा गाउँले टिम्बर हार्भेस्टिङ र रिप्लान्टिङको नियम फलो गर्छन्
agroforestry maa farmer haru soil fertility ra biodiversity maintain garchhan,एग्रोफोरेस्ट्रिमा किसानहरू माटोको उर्वरता र बायोडाइभर्सिटी मर्मत गर्छन्
himal ko path maa trekking guide ra rescue team hamesha tayar rahanchhan,हिमालको पथमा ट्रेकिङ गाइड र रेस्क्यु टिम सधैं तयार रहन्छन्
nadi maa monsoon ko bela maa bridge ra boat ko suraksha maintain garincha,नदीमा मनसुनको बेला पुल र डुङ्गाको सुरक्षा मर्मत गरिन्छ
plains maa summer ko bela maa irrigation system ko upayog garchhan,मैदानमा गर्मीको बेला सिँचाइ सिस्टमको प्रयोग गर्छन्
baadh ko samaya maa gaau le sandbag ra temporary embankment construct garchhan,बाढीको समयमा गाउँले स्यान्डब्याग र टेम्पोररी इम्बैंकमेन्ट निर्माण गर्छन्
himal ko glacier le river ko flow maintain garchha,हिमालको ग्लेशियरले नदीको फ्लो मर्मत गर्छ
river bank maa gaau le flood prone area maa tree plantation garchhan,नदी किनारमा गाउँले फ्लड प्रोन् एरियामा रूख रोप्छन्
forest maa community maa awareness program le wildlife ra environment ko raksha sikauchha,जंगलमा समुदायमा अवेयरनेस प्रोग्रामले वन्यजन्तु र वातावरणको रक्षा सिकाउँछ
lake maa monsoon ko bela maa water level observe ra maintain garchhan,तालमा मनसुनको बेला पानी स्तर अर्ब्जरव र मर्मत गर्छन्
jungli janwar ko habitat maa illegal hunting roknu parchha,जङ्गली जनावरको ह्याबिट्याटमा इलीगल हन्टिङ रोक्नु पर्छ
river ko delta maa flood prevention ra soil conservation methods implement garchhan,नदीको डेल्टामा फ्लड प्रिभेन्सन र माटो संरक्षण विधि इम्प्लिमेन्ट गर्छन्
himal ko shikhar maa snowfall le local village maa water resource supply garchha,हिमालको शिखरमा स्नोफॉलले लोकल गाउँमा पानी स्रोत सप्लाई गर्छ
plains maa autumn ko bela maa harvested crops lai storage garincha,मैदानमा शरद्को बेला हार्भेस्टेड क्रप्सलाई स्टोरेज गरिन्छ
community forestry maa local youth haru ko participation le sustainable management hunchha,कम्युनिटी फोरेस्ट्रिमा लोकल युवाहरूको भागीदारीले दिगो व्यवस्थापन हुन्छ
lake ko kinara maa tourists ko attraction ra wildlife ko suraksha maintain garchhan,तालको किनारमा पर्यटकको आकर्षण र वन्यजन्तुको सुरक्षा मर्मत गर्छन्
flood prone area maa early warning siren ra community drill hunchha,बाढीको सम्भावित क्षेत्रमा अर्ली वार्निङ सायरन र कम्युनिटी ड्रिल हुन्छ
himal ko river maa microhydro project le local gaau maa electricity supply garchha,हिमालको नदीमा माइक्रो हाइड्रो प्रोजेक्टले लोकल गाउँमा बिजुली सप्लाई गर्छ
gaau ko vikas committee le sadak ra paani ko project implement garchha,गाउँको विकास कमिटीले सडक र पानीको प्रोजेक्ट इम्प्लिमेन्ट गर्छ
ward office maa nagarik haru lai certificate ra citizen service provide garincha,वार्ड अफिसमा नागरिकहरूलाई सर्टिफिकेट र सेवा प्रदान गरिन्छ
local election maa yuvaa haru vote exercise garna encourage garincha,लोकल इलेक्शनमा युवाहरू भोट अभ्यास गर्न उत्साहित गरिन्छ
political party le manifesto maa health ra education ko vikas mention garchha,राजनीतिक पार्टीले म्यानिफेस्टोमा स्वास्थ्य र शिक्षाको विकास उल्लेख गर्छ
gaau ko ward le community center ra library establish garchha,गाउँको वार्डले कम्युनिटी सेन्टर र लाइब्रेरी स्थापना गर्छ
womens group le gender equality ra literacy ko karyakram organise garchhan,महिला समूहले जेंडर इक्वालिटी र लिटरेसीको कार्यक्रम अर्गनाइज गर्छन्
environmental protest maa gaau ko yuvaa haru participate garincha,वातावरणीय विरोधमा गाउँका युवाहरू सहभागी गरिन्छ
political campaign maa party worker haru public awareness ra doortodoor outreach garchhan,राजनीतिक क्याम्पेनमा पार्टी वर्करहरूले सार्वजनिक जागरूकता र ढोकादेखि ढोका पुग्ने प्रयास गर्छन्
nagarpalika ko office maa development proposal ra budget approval garincha,नगरपालिकाको अफिसमा विकास प्रपोजल र बजेट अप्रूभ गरिन्छ
district election maa political leader haru debate ra discussion garchhan,जिल्ला इलेक्शनमा राजनीतिक नेता हरू डिबेट र डिस्कस गर्छन्
village elder haru gaau ko development committee maa guide garchhan,गाउँका वृद्धाहरू विकास कमिटीमा गाइड गर्छन्
youth initiative maa education awareness ra sanitation project implement garchha,युवा इनिसिएटिभमा शिक्षा जागरूकता र सरसफाई प्रोजेक्ट इम्प्लिमेन्ट हुन्छ
political party le environment protection ko policy propose garchha,राजनीतिक पार्टीले वातावरण संरक्षणको नीति प्रस्ताव गर्छ
nagarpaalika ko ward maa public hearing ra grievance redress program organize garchha,नगरपालिकाको वार्डमा सार्वजनिक सुनुवाइ र ग्रीभेन्स रेड्रेस प्रोग्राम अर्गनाइज हुन्छ
womens cooperative maa microfinance ra skill development ko karyakram run garincha,महिला सहकारीमा माइक्रोफाइनान्स र स्किल डेभलपमेन्टको कार्यक्रम सञ्चालन गरिन्छ
environmental activist haru nadi ko pollution roknu ko lagi rally garchhan,वातावरणीय कार्यकर्ता हरू नदीको प्रदूषण रोक्न र्याली गर्छन्
district election maa candidates le public ko samasya ra solution ko proposal discuss garchhan,जिल्ला इलेक्शनमा क्यान्डिडेटहरूले सार्वजनिक समस्याहरू र समाधानको प्रपोजल डिस्कस गर्छन्
ward office maa nagarik haru lai marriage ra birth registration service provide garincha,वार्ड अफिसमा नागरिकहरूलाई विवाह र जन्म दर्ता सेवा प्रदान गरिन्छ
political party le infrastructure development ra irrigation project highlight garchha,राजनीतिक पार्टीले पूर्वाधार विकास र सिँचाइ प्रोजेक्ट हाइलाइट गर्छ
youth organization maa tree plantation ra community cleanup drive organize garchhan,युवा संगठनमा रूख रोपण र कम्युनिटी क्लिन अप ड्राइभ अर्गनाइज गर्छन्
municipal council maa budget discuss ra approve hunchha,नगरपालिकाको काउन्सिलमा बजेट डिस्कस र अप्रूभ हुन्छ
womens awareness group maa health education ra hygiene training provide garincha,महिला जागरूकता समूहमा स्वास्थ्य शिक्षा र हाइजिन ट्रेनिङ प्रदान गरिन्छ
village election maa candidate haru manifesto ra plan public samjhauncha,गाउँ इलेक्शनमा क्यान्डिडेटहरू म्यानिफेस्टो र योजना सार्वजनिक सम्झाउँछन्
political rally maa party supporter haru flag ra banner carry garchhan,राजनीतिक र्यालीमा पार्टी समर्थकहरू झण्डा र ब्यानर बोक्छन्
district level governance maa officer haru development ko planning garchhan,जिल्ला स्तरको शासनमा अफिसरहरू विकासको योजना गर्छन्
nagarpaalika ko ward maa citizen feedback ra suggestion collection hunchha,नगरपालिकाको वार्डमा नागरिक फिडब्याक र सुझाव सङ्कलन हुन्छ
environmental movement maa youth haru water conservation ra forest protection advocate garchhan,वातावरणीय आन्दोलनमा युवाहरू पानी संरक्षण र जंगल संरक्षणको वकालत गर्छन्
political party le election campaign maa doortodoor visit garincha,राजनीतिक पार्टीले इलेक्शन क्याम्पेनमा ढोकादेखि ढोका भ्रमण गर्छ
ward office maa nagarik haru lai social security ra pension ko karyakram provide garincha,वार्ड अफिसमा नागरिकहरूलाई सामाजिक सुरक्षा र पेन्सनको कार्यक्रम प्रदान गरिन्छ
village development committee maa health post ra school ko construction supervise garchhan,गाउँ विकास कमिटीमा स्वास्थ्य पोस्ट र स्कूलको निर्माण सुपरभाइज गर्छन्
womens group maa skill training ra handicraft production promote garchhan,महिला समूहमा सीप प्रशिक्षण र हस्तकला उत्पादन प्रमोट गर्छन्
environmental activist le gaau maa river cleaning drive organize garchhan,वातावरणीय कार्यकर्ताले गाउँमा नदी सफाइ ड्राइभ अर्गनाइज गर्छन्
political leader haru media maa policy ra program ko samjha garchhan,राजनीतिक नेता हरू मिडियामा नीति र कार्यक्रमको सम्झा गर्छन्
municipal council maa infrastructure project ko proposal discuss garincha,नगरपालिकाको काउन्सिलमा पूर्वाधार प्रोजेक्टको प्रपोजल डिस्कस गरिन्छ
youth group maa education awareness ra health checkup camp organize garincha,युवा समूहमा शिक्षा जागरूकता र स्वास्थ्य जाँच शिविर अर्गनाइज गरिन्छ
ward office maa nagarik haru lai death ra birth certificate provide garincha,वार्ड अफिसमा नागरिकहरूलाई मृत्य र जन्म सर्टिफिकेट प्रदान गरिन्छ
village election maa candidate haru public meeting maa plan ra vision explain garchhan,गाउँ इलेक्शनमा क्यान्डिडेटहरू सार्वजनिक मिटिङमा योजना र भिजन एक्स्प्लेन गर्छन्
womens cooperative maa microenterprise ra savings program run garchha,महिला सहकारीमा माइक्रो इन्टरप्राइज र सेभिङ्स प्रोग्राम सञ्चालन हुन्छ
environmental protest maa youth haru slogan ra placard le awareness failauchhan,वातावरणीय विरोधमा युवाहरू स्लोगन र प्लेकार्डले जागरूकता फैलाउँछन्
district election maa party worker haru gaau haru visit garera voter contact garincha,जिल्ला इलेक्शनमा पार्टी वर्करहरूले गाउँहरू भ्रमण गरेर भोटर कन्ट्याक्ट गर्छन्
nagarpalika ko office maa staff haru citizen complaint ko action report prepare garchhan,नगरपालिकाको अफिसमा कर्मचारीहरू नागरिक कम्प्लेन्टको एक्सन रिपोर्ट तयार गर्छन्
political party le manifesto maa road ra irrigation ko development highlight garchha,राजनीतिक पार्टीले म्यानिफेस्टोमा सडक र सिँचाइको विकास हाइलाइट गर्छ
ward level governance maa public hearing ra suggestion collection garincha,वार्ड स्तरको शासनमा सार्वजनिक सुनुवाइ र सुझाव सङ्कलन गरिन्छ
environmental activist haru gaau maa tree plantation drive ra river cleaning organize garchhan,वातावरणीय कार्यकर्ताहरू गाउँमा रूख रोपण ड्राइभ र नदी सफाइ अर्गनाइज गर्छन्
youth initiative maa education ra health awareness program implement garchha,युवा इनिसिएटिभमा शिक्षा र स्वास्थ्य जागरूकता कार्यक्रम इम्प्लिमेन्ट हुन्छ
village development committee maa budget ra development plan ko monitoring garchhan,गाउँ विकास कमिटीमा बजेट र विकास योजनाको मोनिटरिङ गर्छन्
nagarpaalikaa ko ward maa health post ra school ko maintenance garincha,नगरपालिकाको वार्डमा स्वास्थ्य पोस्ट र स्कूलको मर्मत गरिन्छ
political rally maa candidate haru voter sampark ra public meeting organize garchhan,राजनीतिक र्यालीमा क्यान्डिडेटहरू भोटर सम्पर्क र सार्वजनिक मिटिङ अर्गनाइज गर्छन्
womens awareness group maa gaau maa gender equality ra literacy ko karyakram run garincha,महिला जागरूकता समूहमा गाउँमा लिंग समानता र साक्षरता कार्यक्रम सञ्चालन हुन्छ
gaau maa tihar ko bela maa deep ra rangoli le ghar sajauchha,गाउँमा तिहारको बेला दीप र रंगोलीले घर सजाउँछ
dashain ko din maa badee haru lai tika ra jamara lagayera samman garincha,दसैँको दिनमा बडाहरूलाई टीका र जमरा लगाएर सम्मान गरिन्छ
teej ko festival maa mahila haru gaana ra naach sanga vrat rakchhan,तीजको फेस्टिवलमा महिला हरू गाना र नाचसँग व्रत राख्छन्
bratabandha ko ceremony maa yuvaa ko upanayan garincha ra community le celebration garchha,ब्रतबन्धको सेरेमनीमा युवाको उपनयन गरिन्छ र समुदायले सेलिब्रेशन गर्छ
holi ko bela maa rang ra gulal le gaau ra sahar rangin hunchha,होलीको बेला रङ र गुलालले गाउँ र शहर रंगिन हुन्छ
chhewar festival maa rajbhandari le ritual perform garchhan,छेवार फेस्टिवलमा राजभण्डारीले रिचुअल परफर्म गर्छन्
tharu samudaay ko festival maa folk dance ra lok geet perform garchhan,थारू समुदायको फेस्टिवलमा लोक डान्स र लोक गीत प्रदर्शन गर्छन्
limbu ritual maa shaman le puja ra ancestor worship perform garchhan,लिम्बू रिचुअलमा शामनले पूजा र पूर्वज पूजाको परफर्म गर्छन्
rai ritual maa clan members le community feast ra traditional game garincha,राई रिचुअलमा क्ल्यान सदस्यहरूले समुदाय भोज र परम्परागत खेल गर्छन्
harvest celebration maa gaau ko manchhe haru dhime baja ra dance perform garchhan,हर्वेस्ट सेलिब्रेशनमा गाउँका मानिसहरू ढिमे बाजा र डान्स प्रदर्शन गर्छन्
temple maa nagarik haru puja garera blessings linu garchhan,मन्दिरमा नागरिकहरू पूजा गरेर आशीर्वाद लिनु गर्छन्
monastery maa monks le daily prayer ra meditation practice garchhan,मठमा भिक्षुहरूले दैनिक प्रार्थना र ध्यान अभ्यास गर्छन्
pilgrimage maa devotee haru holy river ko kinara visit garchhan,तीर्थयात्रामा भक्तहरूले पवित्र नदीको किनारा भ्रमण गर्छन्
shrine maa ritual items ra offerings arrange garincha,श्राइनमा रिचुअल आइटम र अफरिङ्स अरेंज गरिन्छ
gaau maa weaving ko haat maa local woman haru handmade cloth bikri garchhan,गाउँमा वीभिङको हाटमा महिला हरू ह्याण्डमेड कपडा बिक्री गर्छन्
pottery ko workshop maa artisan haru clay pot ra utensil banauchhan,पोटरीको वर्कशपमा कारीगरहरू क्ले पोट र युटेन्सिल बनाउँछन्
painting ko exhibition maa local artist haru artwork display garchhan,पेन्टिङको एग्जिबिशनमा लोकल आर्टिस्टहरू आर्टवर्क डिस्प्ले गर्छन्
folk music program maa gaau ko yuvaa ra budhaa haru participate garchhan,फोक म्युजिक प्रोग्राममा गाउँका युवाहरू र वृद्धाहरू सहभागी हुन्छन्
storytelling session maa gaau ko budhaa haru purano kahani sunauchhan,स्टोरीटेलिङ सेसनमा गाउँका वृद्धाहरू पुरानो कहानी सुनाउँछन्
gaau maa dashain ko bela maa deer ra buffalo ko puja garincha,गाउँमा दसैँको बेला बँदेल र भैंसीको पूजा गरिन्छ
temple maa nagarik haru lamp jalayera wish maangchhan,मन्दिरमा नागरिकहरूले दीप जलाएर इच्छा माग्छन्
chhewar festival maa community maa ritual dance ra music ko pradarshan hunchha,छेवार फेस्टिवलमा समुदायमा रिचुअल डान्स र म्युजिकको प्रदर्शन हुन्छ
tharu community maa festival maa traditional costume ra mask lagayera performance garincha,थारू समुदायमा फेस्टिवलमा परम्परागत पोशाक र मास्क लगाएर पर्फर्मेंस गरिन्छ
limbu ritual maa shaman le ancestral shrine maa puja perform garchhan,लिम्बू रिचुअलमा शामनले पूर्वज श्राइनमा पूजा प्रदर्शन गर्छन्
rai ritual maa villagers le traditional sports ra cultural program run garchhan,राई रिचुअलमा गाउँले परम्परागत खेल र सांस्कृतिक कार्यक्रम सञ्चालन गर्छन्
harvest festival maa dhime baja bajayera local dance perform garincha,हर्वेस्ट फेस्टिवलमा ढिमे बाजा बजाएर लोकल डान्स प्रदर्शन गरिन्छ
holi ko bela maa gaau maa rang ra water splash garchhan,होलीको बेला गाउँमा रङ र पानी छर्किन्छ
temple maa devotee haru mantra ucharan ra puja garincha,मन्दिरमा भक्तहरूले मन्त्र उच्चारण र पूजा गर्छन्
monastery maa monks le scripture ko path ra daily chant practice garchhan,मठमा भिक्षुहरूले स्क्रिप्चरको पाठ र दैनिक च्यान्ट अभ्यास गर्छन्
pilgrimage maa devotee haru holy hill ra temple ko tour garchhan,तीर्थयात्रामा भक्तहरूले पवित्र पहाड र मन्दिरको भ्रमण गर्छन्
shrine maa local priest le ritual items arrange ra blessing provide garchhan,श्राइनमा लोकल पुरोहितले रिचुअल आइटम अरेंज र आशीर्वाद प्रदान गर्छन्
weaving ko haat maa gaau ki mahila haru colorful cloth banauchhan ra bikri garchhan,वीभिङको हाटमा गाउँकी महिलाहरू रंगीन कपडा बनाउँछिन् र बिक्री गर्छन्
pottery workshop maa local artisan haru clay utensils ra decorative items banauchhan,पोटरी वर्कशपमा लोकल कारीगरहरू क्ले युटेन्सिल र डेकोरेटिभ आइटम बनाउँछन्
painting ko class maa yuvaa haru landscape ra cultural painting sikchhan,पेन्टिङ क्लासमा युवाहरू ल्यान्डस्केप र सांस्कृतिक पेन्टिङ सिक्छन्
folk music program maa gaau ko yuvaa haru drum ra flute bajayera gaauchhan,फोक म्युजिक प्रोग्राममा गाउँका युवाहरू ढोल र बांसुरी बजाएर गाउँछन्
storytelling maa budhaa haru historical ra mythological kahani sunauchhan,स्टोरीटेलिङमा वृद्धाहरू ऐतिहासिक र मिथकीय कहानी सुनाउँछन्
tihar ko festival maa diyeko light ra garland le gaau sajauchha,तिहारको फेस्टिवलमा दिएको लाइट र गार्ल्यान्डले गाउँ सजाउँछ
dashain maa gaau maa buffalo ko puja ra tika lagayera samaroha hunchha,दसैँमा गाउँमा भैंसीको पूजा र टीका लगाएर समारोह हुन्छ
teej maa mahila haru vrat rakhera folk song ra dance perform garchhan,तीजमा महिलाहरू व्रत राखेर लोक गीत र नाच प्रदर्शन गर्छन्
bratabandha ceremony maa youth ko sacred thread lagayera religious ritual perform garchha,ब्रतबन्ध सेरेमनीमा युवाको पवित्र धागो लगाएर धार्मिक रिचुअल प्रदर्शन हुन्छ
holi maa village maa rang gulal ra spring flowers ko celebration hunchha,होलीमा गाउँमा रङ गुलाल र वसन्त फूलको सेलिब्रेशन हुन्छ
chhewar maa rajbhandari ra community members le ritual dance perform garchhan,छेवारमा राजभण्डारी र समुदाय सदस्यहरूले रिचुअल डान्स प्रदर्शन गर्छन्
tharu festival maa folk song ra traditional dance le cultural heritage preserve garchha,थारू फेस्टिवलमा लोक गीत र परम्परागत नाचले सांस्कृतिक धरोहर संरक्षण गर्छ
limbu ritual maa clan members le ancestral worship ra cultural program organize garchhan,लिम्बू रिचुअलमा क्ल्यान सदस्यहरूले पूर्वज पूज र सांस्कृतिक कार्यक्रम अर्गनाइज गर्छन्
rai ritual maa villagers le seasonal celebration ra traditional game sanga cultural unity establish garchhan,राई रिचुअलमा गाउँले मौसमी सेलिब्रेशन र परम्परागत खेलसँग सांस्कृतिक एकता स्थापना गर्छन्
harvest festival maa gaau ko manchhe haru drum flute ra folk song perform garchhan,हर्वेस्ट फेस्टिवलमा गाउँका मानिसहरू ढोल बांसुरी र लोक गीत प्रदर्शन गर्छन्
temple maa nagarik haru puja garera prarthana ra offerings provide garchhan,मन्दिरमा नागरिकहरू पूजा गरेर प्रार्थना र अफरिङ्स प्रदान गर्छन्
monastery maa monk haru daily meditation scripture reading ra ritual perform garchhan,मठमा भिक्षुहरूले दैनिक ध्यान स्क्रिप्चर र रिचुअल प्रदर्शन गर्छन्
pilgrimage maa devotee haru holy river hill ra shrine visit garincha,तीर्थयात्रामा भक्तहरूले पवित्र नदी पहाड र श्राइन भ्रमण गर्छन्
shrine maa priest le ritual items prepare ra blessing provide garincha,श्राइनमा पुरोहितले रिचुअल आइटम तयार र आशीर्वाद प्रदान गर्छन्
weaving ko haat maa gaau ko mahila haru colorful cloth ra handicraft banauchhan,वीभिङको हाटमा गाउँकी महिलाहरू रंगीन कपडा र हस्तकला बनाउँछन्
pottery maa artisan haru traditional clay pot ra decorative item prepare garincha,पोटरीमा कारीगरहरू परम्परागत माटोको भाँडा र डेकोरेटिभ आइटम तयार गर्छन्
painting maa yuvaa haru landscape folk tale ra cultural painting sikchhan,पेन्टिङमा युवाहरू ल्यान्डस्केप लोककथा र सांस्कृतिक पेन्टिङ सिक्छन्
folk music program maa gaau ko budhaa haru historical song gaera cultural heritage maintain garchhan,फोक म्युजिक प्रोग्राममा गाउँका वृद्धाहरू ऐतिहासिक गीत गाउँर सांस्कृतिक धरोहर मर्मत गर्छन्
storytelling session maa budhaa haru traditional kahani ra moral story sunauchhan,स्टोरीटेलिङ सेसनमा वृद्धाहरू परम्परागत कहानी र नैतिक कहानी सुनाउँछन्
gaau maa mobile health clinic le vaccination ra maternal care provide garchha,गाउँमा मोबाइल हेल्थ क्लिनिकले भ्याक्सिनेशन र मातृ क्यर प्रोभाइड गर्छ
baglung district ko baglung nagarpaalika kali gandaki highway ko important junction ma chha ra commercial center ko rup ma bikash bhaeko chha,बागलुङ जिल्लाको बागलुङ नगरपालिका काली गण्डकी हाइवेको इम्पोर्टेन्ट जंक्शनमा छ र व्यावसायिक केन्द्रको रूपमा विकास भएको छ
myagdi district ko beni bazaar dhaulagiri trek ko base camp jana ko laagi suru thau ho ra myagdi khola ra kali gandaki ko confluence ma chha,म्याग्दी जिल्लाको बेनी बजार धौलागिरि ट्रेकको बेस क्याम्प जानको लागि सुरु ठाउँ हो र म्याग्दी खोला र काली गण्डकीको संगममा छ
kaski district ko lekhnath nagarpaalika begnas lake ra rupa lake jasto dherani lake haru chha ra tyaha fishing ra boating popular chha,कास्की जिल्लाको लेखनाथ नगरपालिका बेगनास लेक र रुपा लेक जस्ता धेरैनी लेकहरू छन् र त्यहाँ माछा मार्ने र बोटिङ पपुलर छ
lamjung district ko sundarbazar nagarpaalika marshyangdi hydropower project najikai chha ra tyaha bato ko expansion bhaeko chha,लमजुङ जिल्लाको सुन्दरबजार नगरपालिका मर्स्याङ्दी जलविद्युत् परियोजना नजिकै छ र त्यहाँ बाटोको विस्तार भएको छ
manang district ko manang bazaar high altitude medicine study ko laagi research center chha ra himalayan rescue association ko office chha,मनाङ जिल्लाको मनाङ बजार हाई अल्टिच्युड मेडिसिन अध्ययनको लागि अनुसन्धान केन्द्र छ र हिमालयन रेस्क्यु एसोसिएशनको कार्यालय छ
mustang district ko lomanthang walled city ancient kingdom ko capital thiyo ra tyaha ko unique tibetan architecture conserved chha,मुस्ताङ जिल्लाको लोमन्थाङ वालेड सिटी प्राचीन राज्यको राजधानी थियो र त्यहाँको युनिक तिब्बती वास्तुकला संरक्षित छ
syangja district ko chapakot nagarpaalika dherai organic coffee ko farming hunchha ra syangja coffee brand nepal bhari chalaeko chha,स्याङ्जा जिल्लाको चापाकोट नगरपालिका धेरै अर्गानिक कफीको खेती हुन्छ र स्याङ्जा कफी ब्रान्ड नेपालभरि चलाइएको छ
gorkha district ko palungtar nagarpaalika dherani hydroelectric project ko construction chaliraheko chha ra local employment badheko chha,गोरखा जिल्लाको पालुङटार नगरपालिका धेरैनी जलविद्युत् परियोजनाको निर्माण चलिरहेको छ र स्थानिय रोजगारी बढेको छ
tanahun district ko shyamgha rural municipality ma dherai community forestry project successful chha ra vana sanrakshan ramro chha,तनहुँ जिल्लाको श्यामघा गाउँपालिकामा धेरै सामुदायिक वानिकी परियोजना सफल छ र वन संरक्षण राम्रो छ
nawalpur district ko madhyabindu nagarpaalika chitwan udaipur highway ko major stoppage ho ra dherani vehicle haru tyaha rokne garchha,नवलपुर जिल्लाको मध्यबिन्दु नगरपालिका चितवन उदयपुर हाइवेको मेजर स्टपेज हो र धेरैनी वाहनहरू त्यहाँ रोक्ने गर्छन्
parbat district ko phalebas nagarpaalika modi khola ko riparian area ma chha ra tyaha ko natural beauty dherai ramro chha,पर्वत जिल्लाको फलेबास नगरपालिका मोदी खोलाको रिपेरियन एरियामा छ र त्यहाँको प्राकृतिक सुन्दरता धेरै राम्रो छ
baglung district ko dhorpatan nagarpaalika dhorpatan hunting reserve najikai chha ra tyaha legal hunting season ma dherani hunter haru aauta hunchha,बागलुङ जिल्लाको धोरपाटन नगरपालिका धोरपाटन हन्टिङ रिजर्भ नजिकै छ र त्यहाँ कानुनी शिकार सिजनमा धेरैनी शिकारीहरू आउँछन्
myagdi district ko annapurna rural municipality dhaulagiri range ko base ma chha ra trekking route ma dherani homestay haru chha,म्याग्दी जिल्लाको अन्नपूर्ण गाउँपालिका धौलागिरि श्रृंखलाको आधारमा छ र ट्रेकिङ रुटमा धेरैनी होमस्टेहरू छन्
kaski district ko machhapuchchhre rural municipality fishtail mountain ko base ma chha ra dherani budget hotel haru chha,कास्की जिल्लाको माछापुच्छ्रे गाउँपालिका फिस्टेल हिमालको आधारमा छ र धेरैनी बजेट होटलहरू छन्
lamjung district ko dordi rural municipality marshyangdi river ko upper basin ma chha ra rafting ko laagi popular stretch ho,लमजुङ जिल्लाको दोर्दी गाउँपालिका मर्स्याङ्दी नदीको माथिल्लो बेसिनमा छ र राफ्टिङको लागि पपुलर स्ट्रेच हो
manang district ko nason rural municipality annapurna conservation area ko antargat chha ra conservation project haru active chha,मनाङ जिल्लाको नासोँ गाउँपालिका अन्नपूर्ण संरक्षण क्षेत्रको अन्तर्गत छ र संरक्षण परियोजनाहरू सक्रिय छन्
mustang district ko gharpajhong rural municipality upper mustang ko restricted area najikai chha ra special permit chahine chha,मुस्ताङ जिल्लाको घरपजोंग गाउँपालिका अप्पर मुस्ताङको प्रतिबन्धित क्षेत्र नजिकै छ र विशेष परमिट चाहिने छ
syangja district ko kaligandaki rural municipality kaligandaki corridor ma chha ra highway expansion project chaliraheko chha,स्याङ्जा जिल्लाको कालीगण्डकी गाउँपालिका कालीगण्डकी करिडरमा छ र राजमार्ग विस्तार परियोजना चलिरहेको छ
gorkha district ko aarughat rural municipality budhi gandaki river ko bank ma chha ra dherani suspension bridge haru chha,गोरखा जिल्लाको आरूघाट गाउँपालिका बुढी गण्डकी नदीको बैंकमा छ र धेरैनी झोलुङ्गे पुलहरू छन्
tanahun district ko bandipur rural municipality bandipur bazaar historical newari town ho ra tyaha bata himalayan range ko panoramic view paunchha,तनहुँ जिल्लाको बन्दिपुर गाउँपालिका बन्दिपुर बजार ऐतिहासिक नेवारी शहर हो र त्यहाँबाट हिमालयन रेन्जको प्यानोरामिक व्यू पाउन्छ
nawalpur district ko binayi trifal rural municipality dherani bamboo forest chha ra local craft ko laagi raw material paunchha,नवलपुर जिल्लाको बिनायी त्रिफल गाउँपालिका धेरैनी बाँसको जंगल छ र स्थानीय हस्तशिल्पको लागि कच्चा पदार्थ पाउन्छ
parbat district ko bihadi rural municipality modi khola ko watershed area ma chha ra drinking water project le dherai gaun lahit bhaeko chha,पर्वत जिल्लाको विहादी गाउँपालिका मोदी खोलाको वाटरशेड एरियामा छ र पिउने पानी परियोजनाले धेरै गाउँ लाभित भएको छ
baglung district ko jaimuni nagarpaalika baglung bazaar ko commercial hub ho ra dherani bank ra financial institution haru chha,बागलुङ जिल्लाको जैमुनी नगरपालिका बागलुङ बजारको व्यावसायिक हब हो र धेरैनी बैंक र वित्तिय संस्थाहरू छन्
myagdi district ko mangala rural municipality dhaulagiri icefall trek ko starting point ho ra tyaha ko trail ekdamai challenging chha,म्याग्दी जिल्लाको मंगला गाउँपालिका धौलागिरि आइसफल ट्रेकको स्टार्टिङ पोइन्ट हो र त्यहाँको ट्रेल एकदमै च्यालेन्जिङ छ
kaski district ko rupa rural municipality rupa lake ko conservation ko laagi community participation ramro chha ra ecotourism badhdai chha,कास्की जिल्लाको रुपा गाउँपालिका रुपा लेकको संरक्षणको लागि सामुदायिक सहभागिता राम्रो छ र इकोटुरिज्म बढ्दै छ
lamjung district ko rainas nagarpaalika historical lamjung durbar ko avashesh chha ra tyaha archaeology department le excavation gareko chha,लमजुङ जिल्लाको राईनास नगरपालिका ऐतिहासिक लमजुङ दरबारको अवशेष छ र त्यहाँ पुरातत्व विभागले उत्खनन गरेको छ
manang district ko chame rural municipality manang district ko headquarters ho ra tyaha government office haru concentration ma chha,मनाङ जिल्लाको चामे गाउँपालिका मनाङ जिल्लाको प्रमुख कार्यालय हो र त्यहाँ सरकारी कार्यालयहरू एकाग्रतामा छन्
mustang district ko thasang rural municipality muktinath temple najikai chha ra dherani pilgrim haru tyaha aauta hunchha,मुस्ताङ जिल्लाको थासाङ गाउँपालिका मुक्तिनाथ मन्दिर नजिकै छ र धेरैनी तीर्थयात्रीहरू त्यहाँ आउँछन्
syangja district ko waling nagarpaalika syangja district ko largest city ho ra seti river ko bank ma commercial centre bhaeko chha,स्याङ्जा जिल्लाको वालिङ नगरपालिका स्याङ्जा जिल्लाको सबैभन्दा ठुलो शहर हो र सेती नदीको बैंकमा व्यावसायिक केन्द्र भएको छ
gorkha district ko sahakhola rural municipality saha khola hydropower project najikai chha ra local tarkaari supply badheko chha,गोरखा जिल्लाको सहाखोला गाउँपालिका सहा खोला जलविद्युत् परियोजना नजिकै छ र स्थानीय तरकारी आपूर्ति बढेको छ
tanahun district ko devghat rural municipality devghat religious site ho ra trishuli ra kali gandaki ko confluence ma chha,तनहुँ जिल्लाको देवघाट गाउँपालिका देवघाट धार्मिक स्थल हो र त्रिशूली र काली गण्डकीको संगममा छ
nawalpur district ko bulingtar rural municipality chitwan nawalparasi highway ko expansion le connectivity dherai improve bhaeko chha,नवलपुर जिल्लाको बुलिङटार गाउँपालिका चितवन नवलपरासी हाइवेको विस्तारले कनेक्टिभिटी धेरै इम्प्रुभ भएको छ
parbat district ko painyu rural municipality painyu daha lake chha ra local community le conservation gareko chha,पर्वत जिल्लाको पैँयु गाउँपालिका पैँयु दह लेक छ र स्थानीय समुदायले संरक्षण गरेको छ
baglung district ko bareng rural municipality bareng khola ko catchment area ma chha ra spring source haru conservation bhaeko chha,बागलुङ जिल्लाको बरेङ गाउँपालिका बरेङ खोलाको क्याचमेन्ट एरियामा छ र सोतो स्रोतहरू संरक्षण भएको छ
myagdi district ko dhaulagiri rural municipality dhaulagiri base camp najikai chha ra climbing expedition haru ko laagi staging area ho,म्याग्दी जिल्लाको धौलागिरि गाउँपालिका धौलागिरि बेस क्याम्प नजिकै छ र आरोहण अभियानहरूको लागि स्टेजिङ एरिया हो
bagmati pradesh ko kathmandu district ko kathmandu metropolis nepal ko capital ho ra basantapur durbar square unesco world heritage site ho,बागमती प्रदेशको काठमाडौं जिल्लाको काठमाडौं महानगरपालिका नेपालको राजधानी हो र बसन्तपुर दरबार क्षेत्र युनेस्को विश्व सम्पदा क्षेत्र हो
lalitpur district ko patan metropolis patan durbar square ko laagi prasiddha chha ra tyaha ko ancient newari architecture ramailo lagchha,ललितपुर जिल्लाको पाटन महानगरपालिका पाटन दरबार क्षेत्रको लागि प्रसिद्ध छ र त्यहाँको प्राचीन नेवारी वास्तुकला रमाइलो लाग्छ
bhaktapur district ko bhaktapur nagarpaalika nyatapola temple ra fifty five window durbar ko laagi historical importance bhaeko chha,भक्तपुर जिल्लाको भक्तपुर नगरपालिका न्यातपोल मन्दिर र पचपन्ने झ्याल दरबारको लागि ऐतिहासिक महत्त्व भएको छ
kavrepalanchok district ko dhulikhel nagarpaalika himalayan panorama ko laagi popular viewpoint ho ra tyaha bata panoramic mountain view paunchha,काभ्रेपलाञ्चोक जिल्लाको धुलिखेल नगरपालिका हिमालयन प्यानोरामाको लागि लोकप्रिय दृश्यावलोकन स्थल हो र त्यहाँबाट प्यानोरामिक पहाडी दृश्य पाउन्छ
nuwakot district ko bidur nagarpaalika historical nuwakot durbar chha ra prithvi narayan shah le unification campaign ma tyaha ko use gareka thie,नुवाकोट जिल्लाको बिदुर नगरपालिका ऐतिहासिक नुवाकोट दरबार छ र पृथ्वीनारायण शाहले एकीकरण अभियानमा त्यहाँको प्रयोग गरेका थिए
sindhupalchok district ko chautara nagarpaalika sindhupalchok ko district headquarters ho ra melamchi water project ko beneficiary area ho,सिन्धुपाल्चोक जिल्लाको चौतारा नगरपालिका सिन्धुपाल्चोकको जिल्ला प्रमुख कार्यालय हो र मेलम्चि पानी परियोजनाको लाभान्वित क्षेत्र हो
rasuwa district ko dhunche nagarpaalika langtang national park ko entry point ho ra tyaha bata langtang trek suru hunchha,रसुवा जिल्लाको धुँचे नगरपालिका लाङटाङ नेशनल पार्कको प्रवेश बिन्दु हो र त्यहाँबाट लाङटाङ ट्रेक सुरु हुन्छ
dhading district ko nilkantha nagarpaalika trishuli river ra malekhu khola ko confluence ma chha ra rafting ko laagi popular thau ho,धादिङ जिल्लाको निलकण्ठ नगरपालिका त्रिशूली नदी र मलेखु खोलाको संगममा छ र राफ्टिङको लागि लोकप्रिय ठाउँ हो
chitwan district ko bharatpur metropolis chitwan national park najikai chha ra tourism ra medical hub ko rup ma bikash bhaeko chha,चितवन जिल्लाको भरतपुर महानगरपालिका चितवन नेशनल पार्क नजिकै छ र पर्यटन र चिकित्सा केन्द्रको रूपमा विकास भएको छ
makwanpur district ko hetauda sub metropolis hetauda industrial district ko rup ma chha ra dherani factory haru tyaha chha,मकवानपुर जिल्लाको हेटौंडा उपमहानगरपालिका हेटौंडा औद्योगिक जिल्लाको रूपमा छ र धेरैनी कारखानाहरू त्यहाँ छन्
kathmandu district ko kirtipur nagarpaalika historical kirtipur fort chha ra tyaha bata kathmandu valley ko view ramro paunchha,काठमाडौं जिल्लाको कीर्तिपुर नगरपालिका ऐतिहासिक कीर्तिपुर किल्ला छ र त्यहाँबाट काठमाडौं उपत्यकाको दृश्य राम्रो पाउन्छ
lalitpur district ko mahalaxmi nagarpaalika pulchowk engineering campus najikai chha ra educational institution haru concentration ma chha,ललितपुर जिल्लाको महालक्ष्मी नगरपालिका पुल्चोक इन्जिनियरिङ क्याम्पस नजिकै छ र शैक्षिक संस्थाहरू एकाग्रतामा छन्
bhaktapur district ko madhyapur thimi nagarpaalika pottery ra mask making tradition ko laagi prasiddha chha ra local handicraft bikchha,भक्तपुर जिल्लाको मध्यपुर थिमी नगरपालिका माटोको भाँडो र मुखौटा बनाउने परम्पराको लागि प्रसिद्ध छ र स्थानीय हस्तशिल्प बिक्छ
kavrepalanchok district ko panauti nagarpaalika panauti historical town ho ra indreshwar temple ko laagi archaeological importance chha,काभ्रेपलाञ्चोक जिल्लाको पनौती नगरपालिका पनौती ऐतिहासिक शहर हो र इन्द्रेश्वर मन्दिरको लागि पुरातात्विक महत्त्व छ
nuwakot district ko kakani rural municipality kakani hill station ho ra tyaha bata kathmandu valley ra himalayan range ko view paunchha,नुवाकोट जिल्लाको ककनी गाउँपालिका ककनी पहाडी स्टेशन हो र त्यहाँबाट काठमाडौं उपत्यका र हिमालयन श्रृंखलाको दृश्य पाउन्छ
sindhupalchok district ko bahrabise nagarpaalika araniko highway ko important junction ho ra china border trade ko laagi transit point ho,सिन्धुपाल्चोक जिल्लाको बाह्रबिसे नगरपालिका अरनिको राजमार्गको महत्त्वपूर्ण जंक्शन हो र चीन सीमा व्यापारको लागि पारगमन बिन्दु हो
rasuwa district ko gosaikunda rural municipality sacred gosaikunda lake chha ra janai purnima ma dherani pilgrim haru tyaha aauta hunchha,रसुवा जिल्लाको गोसाइकुण्ड गाउँपालिका पवित्र गोसाइकुण्ड लेक छ र जनै पूर्णिमामा धेरैनी तीर्थयात्रीहरू त्यहाँ आउँछन्
dhading district ko gangajamuna rural municipality gangajamuna rural municipality organic farming ko laagi model gaun banaieko chha,धादिङ जिल्लाको गंगाजमुना गाउँपालिका गंगाजमुना गाउँपालिका जैविक खेतीको लागि मोडेल गाउँ बनाइएको छ
chitwan district ko ratnanagar nagarpaalika sauraha tourism area najikai chha ra jungle safari ko laagi base camp ho,चितवन जिल्लाको रत्ननगर नगरपालिका सौराहा पर्यटन क्षेत्र नजिकै छ र जंगल सफारीको लागि बेस क्याम्प हो
makwanpur district ko manahari rural municipality makwanpur gadhi historical fort chha ra unification history sanga related chha,मकवानपुर जिल्लाको मनहरी गाउँपालिका मकवानपुर गढी ऐतिहासिक किल्ला छ र एकीकरण इतिहाससँग सम्बन्धित छ
kathmandu district ko tokha nagarpaalika tokha green valley ma chha ra dherani vegetable farming project haru tyaha chaliraheka chha,काठमाडौं जिल्लाको टोखा नगरपालिका टोखा हरित उपत्यकामा छ र धेरैनी तरकारी खेती परियोजनाहरू त्यहाँ चलिरहेका छन्
lalitpur district ko godawari nagarpaalika godawari botanical garden chha ra phulbari ko picnic spot popular chha,ललितपुर जिल्लाको गोदावरी नगरपालिका गोदावरी वनस्पति उद्यान छ र फूलबारीको पिक्निक स्पट लोकप्रिय छ
bhaktapur district ko changunarayan nagarpaalika changunarayan temple unesco world heritage site ho ra oldest temple ko rup ma chha,भक्तपुर जिल्लाको चाँगुनारायण नगरपालिका चाँगुनारायण मन्दिर युनेस्को विश्व सम्पदा क्षेत्र हो र सबैभन्दा पुरानो मन्दिरको रूपमा छ
kavrepalanchok district ko namobuddha nagarpaalika namobuddha pilgrimage site ho ra tyaha bauddhist stupa ra monastery haru chha,काभ्रेपलाञ्चोक जिल्लाको नमोबुद्ध नगरपालिका नमोबुद्ध तीर्थ स्थल हो र त्यहाँ बौद्ध स्तुप र मठहरू छन्
nuwakot district ko tadi rural municipality tadi bazaar agriculture market ko laagi prasiddha chha ra haat bazaar lagne thau ho,नुवाकोट जिल्लाको तादी गाउँपालिका तादी बजार कृषि बजारको लागि प्रसिद्ध छ र हाट बजार लाग्ने ठाउँ हो
sindhupalchok district ko lisankhu pakhar rural municipality bhote koshi river ra sankhu khola ko confluence ma chha,सिन्धुपाल्चोक जिल्लाको लिसंखु पाखर गाउँपालिका भोटे कोशी नदी र सांखु खोलाको संगममा छ
rasuwa district ko kalikasthan rural municipality kalika temple chha ra local festival ma dherani manche haru tyaha aauta hunchha,रसुवा जिल्लाको कालिकास्थान गाउँपालिका कालिका मन्दिर छ र स्थानीय पर्वमा धेरैनी मानिसहरू त्यहाँ आउँछन्
dhading district ko rubi valley rural municipality rubi valley trekking ko laagi emerging destination ho ra offbeat trail chha,धादिङ जिल्लाको रुबी भ्याली गाउँपालिका रुबी भ्याली ट्रेकिङको लागि उदयोन्मुख गन्तव्य हो र अफबीट ट्रेल छ
chitwan district ko ikauna rural municipality ikauna community forest ko laagi ramro management system chha ra wildlife conservation ramro chha,चितवन जिल्लाको इकौना गाउँपालिका इकौना सामुदायिक वनको लागि राम्रो व्यवस्थापन प्रणाली छ र वन्यजन्तु संरक्षण राम्रो छ
makwanpur district ko bagmati rural municipality bagmati river ko origin najikai chha ra bagmati cleanup campaign active chha,मकवानपुर जिल्लाको बागमती गाउँपालिका बागमती नदीको उद्गम नजिकै छ र बागमती सफाई अभियान सक्रिय छ
kathmandu district ko nagarjun nagarpaalika nagarjun forest reserve chha ra hiking trail bata kathmandu valley ko view paunchha,काठमाडौं जिल्लाको नागार्जुन नगरपालिका नागार्जुन वन आरक्ष छ र हाइकिङ ट्रैलबाट काठमाडौं उपत्यकाको दृश्य पाउन्छ
lalitpur district ko mahankal rural municipality mahankal temple chha ra tyaha bata phulchoki hill ko scenic view paunchha,ललितपुर जिल्लाको महाङ्काल गाउँपालिका महाङ्काल मन्दिर छ र त्यहाँबाट फुल्चोकी पहाडको मनोरम दृश्य पाउन्छ
bhaktapur district ko siddhapokhari rural municipality siddhapokhari pond chha ra local irrigation source ko rup ma prayog hunchha,भक्तपुर जिल्लाको सिद्धपोखरी गाउँपालिका सिद्धपोखरी पोखरी छ र स्थानीय सिँचाइ स्रोतको रूपमा प्रयोग हुन्छ
kavrepalanchok district ko bansbari rural municipality bansbari community forestry dherami successful chha ra carbon credit project chha,काभ्रेपलाञ्चोक जिल्लाको बाँसबारी गाउँपालिका बाँसबारी सामुदायिक वानिकी धेरैमा सफल छ र कार्बन क्रेडिट परियोजना छ
nuwakot district ko likhu rural municipality likhu khola ko bank ma chha ra micro hydropower project le local electricity supply garchha,नुवाकोट जिल्लाको लिखु गाउँपालिका लिखु खोलाको बैंकमा छ र सानो जलविद्युत् परियोजनाले स्थानीय विद्युत् आपूर्ति गर्छ
sindhupalchok district ko jugal rural municipality jugal himal range dekhinchha ra tyaha trekking ko emerging destination ho,सिन्धुपाल्चोक जिल्लाको जुगल गाउँपालिका जुगल हिमाल श्रृंखला देखिन्छ र त्यहाँ ट्रेकिङको उदयोन्मुख गन्तव्य हो
rasuwa district ko uttaragaya rural municipality uttaragaya rural municipality china border najikai chha ra border trade potential chha,रसुवा जिल्लाको उत्तरगया गाउँपालिका उत्तरगया गाउँपालिका चीन सीमा नजिकै छ र सीमा व्यापार सम्भाव्यता छ
dhading district ko thakre rural municipality thakre gaunpalika organic coffee production ko laagi prasiddha chha ra coffee cooperative chha,धादिङ जिल्लाको थाक्रे गाउँपालिका थाक्रे गाउँपालिका जैविक कफी उत्पादनको लागि प्रसिद्ध छ र कफी सहकारी छ
chitwan district ko madi nagarpaalika madi valley ma chha ra agriculture ko laagi fertile land chha ra paddy farming dherai hunchha,चितवन जिल्लाको मदी नगरपालिका मदी उपत्यकामा छ र कृषिको लागि उर्वर जमिन छ र धान खेती धेरै हुन्छ
makwanpur district ko bakaiya rural municipality bakaiya gaunpalika local orange production ko laagi prasiddha chha ra haat bazaar lagchha,मकवानपुर जिल्लाको बकैया गाउँपालिका बकैया गाउँपालिका स्थानीय सुन्तला उत्पादनको लागि प्रसिद्ध छ र हाट बजार लाग्छ
ma madhesh pradesh ko dhanusha jilla maa janakpur ko itihaas barea bujhna local maanchhe sanga kuraa gardai base,म मधेश प्रदेशको धनुषा जिल्लामा जनकपुरको इतिहास बारे बुझ्न स्थानीय मानिससँग कुरा गर्दै बसेँ
nepal maa mahila haru ko political participation badhdai chha ra uniharu le sadasya ra mantri jaasta pada samet paayeka chhan,नेपालमा महिला हरूको राजनीतिक भागीदारी बढ्दै छ र उनीहरूले सदस्य र मन्त्री जस्ता पद समेत पाएका छन्
nepal ko local government maa mahila haru ko representation ek tihaai chha ra yo compulsory chha,नेपालको स्थानीय सरकारमा महिला हरूको प्रतिनिधित्व एक तिहाइ छ र यो कम्पल्सरी छ
nepal maa mahila haru le education ko kshetra maa dherai progress gareka chhan ra literacy rate badheko chha,नेपालमा महिला हरूले शिक्षाको क्षेत्रमा धेरै प्रोग्रेस गरेका छन् र साक्षरता दर बढेको छ
nepal ko mahila haru le business ra entrepreneurship maa pani aaphno sthaan banaauna lageka chhan,नेपालको महिला हरूले बिजनेस र इन्टरप्रिन्योरशिपमा पनि आफ्नो स्थान बनाउन लागेका छन्
nepal maa mahila haru ko laagi microfinance ko sahayog le uniharu ko economic empowerment maa sahayog gareko chha,नेपालमा महिला हरूको लागि माइक्रोफाइनान्सको सहयोगले उनीहरूको आर्थिक सशक्तिकरणमा सहयोग गरेको छ
nepal ko mahila haru le agriculture sector maa pani pradhan bhumika nibhaauchhan,नेपालको महिला हरूले कृषि क्षेत्रमा पनि प्रधान भूमिका निभाउँछन्
nepal maa mahila haru ko health ko kshetra maa dherai improvement aayeko chha ra maternal mortality rate ghateko chha,नेपालमा महिला हरूको स्वास्थ्यको क्षेत्रमा धेरै सुधार आएको छ र मातृ मृत्यु दर घटेको छ
nepal ko mahila haru le social work maa pani dherai contribution gareka chhan,नेपालको महिला हरूले सामाजिक कार्यमा पनि धेरै योगदान गरेका छन्
nepal maa mahila haru ko laagi legal protection chha ra gender based violence ko birodh maa kanun banaaieko chha,नेपालमा महिला हरूको लागि कानुनी संरक्षण छ र जेन्डर आधारित हिंसाको विरोधमा कानुन बनाइएको छ
nepal ko mahila haru le media ra journalism maa pani aaphno bhumika dekhaauchhan,नेपालको महिला हरूले मिडिया र जर्नलिज्ममा पनि आफ्नो भूमिका देखाउँछन्
nepal maa mahila haru ko property ra inheritance ko adhikaar chha,नेपालमा महिला हरूको सम्पत्ति र उत्तराधिकारको अधिकार छ
nepal ko mahila haru le science ra technology ko kshetra maa pani aaphno participation badhaauchhan,नेपालको महिला हरूले विज्ञान र प्रविधिको क्षेत्रमा पनि आफ्नो भागीदारी बढाउँछन्
nepal maa mahila haru ko leadership quality laai samaj le samjhera aadar garchha,नेपालमा महिला हरूको नेतृत्व क्षमतालाई समाजले सम्झेर आदर गर्छ
nepal ko mahila haru le sports maa pani dherama medal jitiraheka chhan,नेपालको महिला हरूले खेलकुदमा पनि धेरमा मेडल जितिरहेका छन्
nepal maa mahila haru ko laagi skill development training haru hunchha,नेपालमा महिला हरूको लागि कौशल विकास प्रशिक्षण हरू हुन्छ
nepal ko mahila haru le art ra culture ko preservation maa pani sahayog garchhan,नेपालको महिला हरूले कला र संस्कृतिको संरक्षणमा पनि सहयोग गर्छन्
nepal maa mahila haru ko digital literacy badhdai chha,नेपालमा महिला हरूको डिजिटल साक्षरता बढ्दै छ
nepal ko mahila haru le environmental conservation maa pani bhaag linchhan,नेपालको महिला हरूले पर्यावरण संरक्षणमा पनि भाग लिन्छन्
nepal maa mahila haru ko laagi childcare facility ko abhaaw chha,नेपालमा महिला हरूको लागि बालवालिका हेरचाह सुविधाको अभाव छ
nepal ko mahila haru le peace building ra conflict resolution maa pani sahayog garchhan,नेपालको महिला हरूले शान्ति निर्माण र द्वन्द्व समाधानमा पनि सहयोग गर्छन्
nepal maa mahila haru ko laagi safe public transport ko samasya chha,नेपालमा महिला हरूको लागि सुरक्षित सार्वजनिक यातायातको समस्या छ
nepal ko mahila haru le cooperative movement maa pani sahayog gareka chhan,नेपालको महिला हरूले सहकारी आन्दोलनमा पनि सहयोग गरेका छन्
nepal maa mahila haru ko economic contribution laai gdp maa include gariyeko chhaina,नेपालमा महिला हरूको आर्थिक योगदानलाई जीडीपीमा इन्क्लुड गरिएको छैन
nepal ko mahila haru le disaster management maa pani important role nibhaauchhan,नेपालको महिला हरूले प्रकोप व्यवस्थापनमा पनि महत्वपूर्ण भूमिका निभाउँछन्
nepal maa mahila haru ko laagi mental health awareness kami chha,नेपालमा महिला हरूको लागि मानसिक स्वास्थ्य जागरूकता कमी छ
nepal ko mahila haru le traditional knowledge ra practice haru laai bachaayera rakhiraheka chhan,नेपालको महिला हरूले परम्परागत ज्ञान र प्रथाहरूलाई बचाएर राखिरहेका छन्
nepal maa mahila haru ko political empowerment maa civil society ko sahayog chha,नेपालमा महिला हरूको राजनीतिक सशक्तिकरणमा नागरिक समाजको सहयोग छ
nepal ko mahila haru le tourism sector maa pani dherai contribution garchhan,नेपालको महिला हरूले पर्यटन क्षेत्रमा पनि धेरै योगदान गर्छन्
nepal maa mahila haru ko laagi financial literacy ko program haru chhan,नेपालमा महिला हरूको लागि आर्थिक साक्षरताको कार्यक्रम हरू छन्
nepal ko mahila haru le community development maa pani pradhan bhumika nibhaauchhan,नेपालको महिला हरूले समुदाय विकासमा पनि प्रधान भूमिका निभाउँछन्
nepal maa mahila haru ko laagi gender budget chha,नेपालमा महिला हरूको लागि लैङ्गिक बजेट छ
nepal ko mahila haru le human rights ko kshetra maa pani kaam garchhan,नेपालको महिला हरूले मानव अधिकारको क्षेत्रमा पनि काम गर्छन्
nepal maa mahila haru ko laagi domestic violence ko against legal aid chha,नेपालमा महिला हरूको लागि घरेलु हिंसाको बिरुद्ध कानुनी सहायता छ
nepal ko mahila haru le renewable energy ko promotion maa pani sahayog garchhan,नेपालको महिला हरूले नवीकरणीय ऊर्जाको प्रवर्धनमा पनि सहयोग गर्छन्
nepal maa mahila haru ko laagi leadership training haru hunchha,नेपालमा महिला हरूको लागि नेतृत्व प्रशिक्षण हरू हुन्छ
nepal ko mahila haru le water management maa pani important role nibhaauchhan,नेपालको महिला हरूले पानी व्यवस्थापनमा पनि महत्वपूर्ण भूमिका निभाउँछन्
nepal maa mahila haru ko laagi sexual harassment ko against protection chha,नेपालमा महिला हरूको लागि यौन उत्पीडनको बिरुद्ध संरक्षण छ
nepal ko mahila haru le social media ko use gardai aaphno aawaj uthaauchhan,नेपालको महिला हरूले सामाजिक संजालको प्रयोग गर्दै आफ्नो आवाज उठाउँछन्
nepal maa mahila haru ko laagi entrepreneurship development program haru chhan,नेपालमा महिला हरूको लागि उद्यमिता विकास कार्यक्रम हरू छन्
nepal ko mahila haru le climate change adaptation maa pani sahayog garchhan,नेपालको महिला हरूले जलवायु परिवर्तन अनुकूलनमा पनि सहयोग गर्छन्
nepal maa mahila haru ko laagi vocational training ko opportunity chha,नेपालमा महिला हरूको लागि व्यावसायिक ट्रेनिङ्को अपरचुनिटी छ
nepal ko mahila haru le conflict affected area maa pani rehabilitation ko kaam garchhan,नेपालको महिला हरूले द्वन्द्व प्रभावित क्षेत्रमा पनि पुनर्स्थापनाको काम गर्छन्
nepal maa mahila haru ko laagi financial inclusion ko initiative haru chhan,नेपालमा महिला हरूको लागि वित्तीय समावेशनको पहल हरू छन्
nepal ko mahila haru le rural development maa pani dherama contribution gareka chhan,नेपालको महिला हरूले ग्रामीण विकासमा पनि धेरमा योगदान गरेका छन्
nepal maa mahila haru ko laagi legal awareness program haru chhan,नेपालमा महिला हरूको लागि कानुनी जागरूकता कार्यक्रम हरू छन्
nepal ko mahila haru le cultural diversity ko preservation maa pani sahayog garchhan,नेपालको महिला हरूले सांस्कृतिक विविधताको संरक्षणमा पनि सहयोग गर्छन्
nepal maa mahila haru ko laagi political education ko kami chha,नेपालमा महिला हरूको लागि राजनीतिक शिक्षाको कमी छ
nepal ko mahila haru le public health campaign haru maa pani bhaag linchhan,नेपालको महिला हरूले सार्वजनिक स्वास्थ्य अभियान हरूमा पनि भाग लिन्छन्
nepal maa mahila haru ko laagi land ownership ko samasya chha,नेपालमा महिला हरूको लागि जग्गा स्वामित्वको समस्या छ
nepal ko mahila haru le education quality improvement maa pani sahayog garchhan,नेपालको महिला हरूले शिक्षा गुणस्तर सुधारमा पनि सहयोग गर्छन्
nepal maa mahila haru ko laagi digital security ko jaankaari kami chha,नेपालमा महिला हरूको लागि डिजिटल सुरक्षाको जानकारी कमी छ
nepal ko mahila haru le sustainable development maa pani important role nibhaauchhan,नेपालको महिला हरूले सतत विकासमा पनि महत्वपूर्ण भूमिका निभाउँछन्
nepal maa mahila haru ko laagi reproductive health service chha,नेपालमा महिला हरूको लागि प्रजनन स्वास्थ्य सेवा छ
nepal ko mahila haru le food security maa pani sahayog garchhan,नेपालको महिला हरूले खाद्य सुरक्षामा पनि सहयोग गर्छन्
nepal maa mahila haru ko laagi networking opportunity chha,नेपालमा महिला हरूको लागि नेटवर्किङ अपरचुनिटी छ
nepal ko mahila haru le technology adoption maa pani dherai progress gareka chhan,नेपालको महिला हरूले प्रविधि अपनाउनमा पनि धेरै प्रगति गरेका छन्
nepal maa mahila haru ko laagi child marriage ko against campaign chha,नेपालमा महिला हरूको लागि बाल विवाहको बिरुद्ध अभियान छ
nepal ko mahila haru le public policy making maa pani bhaag linchhan,नेपालको महिला हरूले सार्वजनिक नीति निर्माणमा पनि भाग लिन्छन्
nepal ko mahila haru ko bhumika samaj ra arthik kshetra duwai maa dherai mahattwapoorn chha,नेपालको महिला हरूको भूमिका समाज र आर्थिक क्षेत्र दुईमा धेरै महत्त्वपूर्ण छ
nepal maa mahila haru le ghar ko kaam baata baahira kaam samet sabai kaam garchhan,नेपालमा महिला हरूले घरको कामबाट बाहिर काम समेत सबै काम गर्छन्
nepal maa mahila haru ko laagi vocational training ko opportunity chha,नेपालमा महिला हरूको लागि व्यावसायिक प्रशिक्षणको अपरचुनिटी छ
america ko economy sansaar ko sabai bhanda thulo economy ho ra dollar international currency ho,अमेरिकाको अर्थतन्त्र संसारको सबैभन्दा ठूलो अर्थतन्त्र हो र डलर अन्तर्राष्ट्रिय मुद्रा हो
america maa technology ra innovation ko kshetra maa leadership chha ra google apple facebook jaasta company haru yahaa bata aayeka hun,अमेरिकामा प्रविधि र नवीनताको क्षेत्रमा नेतृत्व छ र गुगल एपल फेसबुक जस्ता कम्पनी हरू यहाँबाट आएका हुन्
america ko hollywood sansaar bhar maa popular chha ra film industry le dherai influence garchha,अमेरिकाको हलिउड संसार भरमा पपुलर छ र चलचित्र उद्योगले धेरै प्रभाव गर्छ
america ko higher education sansaar ko sabai bhanda ramro maanchheko chha ra dherama international student haru aaune garchhan,अमेरिकाको उच्च शिक्षा संसारको सबैभन्दा राम्रो मानिनेछ र धेरमा अन्तर्राष्ट्रिय विद्यार्थी हरू आउने गर्छन्
america maa diversity dherai chha ra dherama immigrant haru le aaphno culture lyaayeka chhan,अमेरिकामा विविधता धेरै छ र धेरमा आप्रवासी हरूले आफ्नो संस्कृति ल्याएका छन्
america ko foreign policy sansaar bhar maa influence garchha ra yo superpower ko roop maa raheko chha,अमेरिकाको विदेश नीति संसार भरमा प्रभाव गर्छ र यो महाशक्तिको रूपमा रहेको छ
america ko military strength sansaar ko sabai bhanda baliyo chha ra nato ko leader ho,अमेरिकाको सैन्य शक्ति संसारको सबैभन्दा बलियो छ र नेटोको नेता हो
america maa loktantra ra human rights ko promotion ko baare maa dherai kuraa gariyeko hunchha,अमेरिकामा लोकतन्त्र र मानव अधिकारको प्रवर्धनको बारेमा धेरै कुरा गरिएको हुन्छ
america ko space exploration maa nasa le dherama achievement haru paayeko chha,अमेरिकाको अन्तरिक्ष अन्वेषणमा नासाले धेरमा उपलब्धि हरू पाएको छ
america maa healthcare system expensive chha ra tyahaa insurance ko aabashyakta hunchha,अमेरिकामा स्वास्थ्य सेवा प्रणाली महँगो छ र त्यहाँ बीमाको आवश्यकता हुन्छ
america ko presidential election sansaar bhar maa heriyeko hunchha ra yo global impact garchha,अमेरिकाको राष्ट्रपति निर्वाचन संसार भरमा हेरिएको हुन्छ र यो वैश्विक प्रभाव गर्छ
america maa gun culture chha ra gun violence ek serious problem ho,अमेरिकामा बन्दुक संस्कृति छ र बन्दुक हिंसा एक गम्भीर समस्या हो
america ko fast food chain haru sansaar bhar maa phayela chhan ra mcdonalds kfc jaasta company haru prasiddha chhan,अमेरिकाको फास्ट फूड चेन हरू संसार भरमा फैलिएका छन् र म्याकडोनल्ड्स केएफसी जस्ता कम्पनी हरू प्रसिद्ध छन्
america maa silicon valley technology innovation ko center ho,अमेरिकामा सिलिकन भ्याली प्रविधि नवीनताको केन्द्र हो
america ko music industry le pop rock jazz jaasta genre haru popular gareko chha,अमेरिकाको संगीत उद्योगले पप रक जाज जस्ता शैली हरू पपुलर गरेको छ
america maa income inequality ko samasya chha ra dhaniko antar dherai chha,अमेरिकामा आय असमानताको समस्या छ र धनिको अन्तर धेरै छ
america ko wall street financial market ko center ho ra yo global economy laai influence garchha,अमेरिकाको वाल स्ट्रिट वित्तीय बजारको केन्द्र हो र यो विश्व अर्थतन्त्रलाई प्रभाव गर्छ
america maa national park haru chhan ra tyo natural beauty ko laagi prasiddha chha,अमेरिकामा राष्ट्रिय निकुञ्ज हरू छन् र त्यो प्राकृतिक सुन्दरताको लागि प्रसिद्ध छ
america ko sports industry dherai developed chha ra nfl nba mlb jaasta league haru prasiddha chhan,अमेरिकाको खेल उद्योग धेरै विकसित छ र एनएफएल एनबीए एमएलबी जस्ता लिग हरू प्रसिद्ध छन्
america maa protestant christianity pradhan dharma ho tara religious freedom chha,अमेरिकामा प्रोटेस्टेन्ट ईसाई धर्म प्रधान धर्म हो तर धार्मिक स्वतन्त्रता छ
america ko civil rights movement le sansaar bhar maa influence gareko thiyo,अमेरिकाको नागरिक अधिकार आन्दोलनले संसार भरमा प्रभाव गरेको थियो
america maa opioid crisis ek serious public health issue ho,अमेरिकामा अफिओइड संकट एक गम्भीर सार्वजनिक स्वास्थ्य समस्या हो
america ko higher education maa student loan debt ek major problem ho,अमेरिकाको उच्च शिक्षामा विद्यार्थी ऋण ऋण एक प्रमुख समस्या हो
america maa climate change ko denial garn e kohi chhan ra policy maa debate hunchha,अमेरिकामा जलवायु परिवर्तनको इनकार गर्ने कोही छन् र नीतिमा बहस हुन्छ
america ko fashion industry global trend set garchha,अमेरिकाको फेसन उद्योग विश्व प्रवृत्ति सेट गर्छ
america maa prison system maa dherama captive raheka chhan ra yo social issue ho,अमेरिकामा कारागार प्रणालीमा धेरमा बन्दी रहेका छन् र यो सामाजिक समस्या हो
america ko constitution sansaar ko sabai bhanda puraano written constitution ho,अमेरिकाको संविधान संसारको सबैभन्दा पुरानो लिखित संविधान हो
america maa homelessness ko samasya chha ra dherama sahara haru chhan,अमेरिकामा बेघरत्वको समस्या छ र धेरमा शहर हरू छन्
america ko airline industry developed chha ra dherama international flight haru hunchha,अमेरिकाको विमानन उद्योग विकसित छ र धेरमा अन्तर्राष्ट्रिय उडान हरू हुन्छ
america maa social media platform haru facebook twitter instagram jaasta sansaar bhar maa popular chhan,अमेरिकामा सामाजिक संजाल प्लेटफर्म हरू फेसबुक ट्विटर इन्स्टाग्राम जस्ता संसार भरमा पपुलर छन्
america ko agricultural sector mechanized chha ra dherama food export garchha,अमेरिकाको कृषि क्षेत्र यान्त्रिकृत छ र धेरमा खाद्य निर्यात गर्छ
america maa political polarization badhdai chha ra democratic republican duwai party haru bich maa division chha,अमेरिकामा राजनीतिक ध्रुवीकरण बढ्दै छ र डेमोक्रेटिक रिपब्लिकन दुई पार्टी हरू बीचमा विभाजन छ
america ko supreme court ko decision important hunchha ra yo legal precedent set garchha,अमेरिकाको सर्वोच्च अदालतको निर्णय महत्त्वपूर्ण हुन्छ र यो कानुनी पूर्वदृष्टान्त सेट गर्छ
america maa innovation ko laagi patent system chha ra yo technology development maa sahayog garchha,अमेरिकामा नवीनताको लागि पेटेन्ट प्रणाली छ र यो प्रविधि विकासमा सहयोग गर्छ
america ko national debt ekdam uchchai chha ra yo economic stability ko laagi chunauti ho,अमेरिकाको राष्ट्रिय ऋण एकदम उच्च छ र यो आर्थिक स्थिरताको लागि चुनौति हो
america maa veterans ko laagi support system chha ra military service laai sammaan gariyeko hunchha,अमेरिकामा पूर्व सैनिक हरूको लागि सहयोग प्रणाली छ र सैन्य सेवालाई सम्मान गरिएको हुन्छ
america ko television industry le global entertainment maa contribution gareko chha,अमेरिकाको टेलिभिजन उद्योगले विश्व मनोरञ्जनमा योगदान गरेको छ
america maa racial tension ko samasya aajhai pani chha,अमेरिकामा जातीय तनावको समस्या अझै पनि छ
america ko startup culture dherai developed chha ra entrepreneurship laai promote gariyeko chha,अमेरिकाको स्टार्टअप संस्कृति धेरै विकसित छ र उद्यमितालाई प्रोत्साहन गरिएको छ
america maa public transportation system city anusaar farak hunchha,अमेरिकामा सार्वजनिक यातायात प्रणाली सहर अनुसार फरक हुन्छ
america ko art museum haru maa dherama priceless collection haru chhan,अमेरिकाको कला संग्रहालय हरूमा धेरमा अनमोल संग्रह हरू छन्
america maa consumer culture strong chha ra shopping ko laagi credit card use hunchha,अमेरिकामा उपभोक्ता संस्कृति बलियो छ र खरिद गर्नको लागि क्रेडिट कार्ड प्रयोग हुन्छ
america ko higher education maa research funding dherai chha,अमेरिकाको उच्च शिक्षामा अनुसन्धान कोष धेरै छ
america maa immigration policy maa debate hunchha ra border security ko issue chha,अमेरिकामा आप्रवास नीतिमा बहस हुन्छ र सीमा सुरक्षाको समस्या छ
america ko national anthem ra flag laai sammaan gariyeko hunchha,अमेरिकाको राष्ट्रिय गान र झण्डालाई सम्मान गरिएको हुन्छ
america maa community service ra volunteerism laai importance diyeko hunchha,अमेरिकामा समुदाय सेवा र स्वयंसेवालाई महत्व दिइएको हुन्छ
america ko tech giant haru le data privacy ko issue create gareka chhan,अमेरिकाको प्रविधि दानव हरूले डाटा गोपनीयताको समस्या सिर्जना गरेका छन्
america maa national identity diverse chha tara american dream ko concept chha,अमेरिकामा राष्ट्रिय पहिचान विविध छ तर अमेरिकी सपनाको अवधारणा छ
america ko foreign aid budget dherai chha ra yo global development maa sahayog garchha,अमेरिकाको विदेशी सहायता बजेट धेरै छ र यो विश्व विकासमा सहयोग गर्छ
america maa gun control ko baare maa political debate hunchha,अमेरिकामा बन्दुक नियन्त्रणको बारेमा राजनीतिक बहस हुन्छ
amreekaa ko music festival haru dherama popular chhan ra woodstock jaasta festival haru itihaas banaayeka chhan,अमेरिकाको संगीत उत्सव हरू धेरमा पपुलर छन् र वुडस्टक जस्ता उत्सव हरू इतिहास बनाएका छन्
amreekaa maa road trip culture chha ra highway system developed chha,अमेरिकामा सडक यात्रा संस्कृति छ र राजमार्ग प्रणाली विकसित छ
amreekaa ko space force military ko naya branch ho,अमेरिकाको अन्तरिक्ष सेना सैन्यको नयाँ शाखा हो
amreekaa maa labor union haru ko history chha ra workers right ko laagi ladhaai bhaeko chha,अमेरिकामा श्रमिक संघ हरूको इतिहास छ र कामदार अधिकारको लागि लडाइ भएको छ
amreekaa ko comic book industry le superhero genre popular gareko chha,अमेरिकाको कमिक बुक उद्योगले सुपरहिरो शैली पपुलर गरेको छ
amreekaa maa national emergency management system chha ra fema le disaster response garchha,अमेरिकामा राष्ट्रिय आपतकालीन व्यवस्थापन प्रणाली छ र फेमाले प्रकोप प्रतिक्रिया गर्छ
amreekaa ko judicial system independent chha ra jury system chha,अमेरिकाको न्यायिक प्रणाली स्वतन्त्र छ र ज्युरी प्रणाली छ
amreekaa maa presidential library haru chhan ra tyahaa former president haru ko legacy rakshyaa gariyeko hunchha,अमेरिकामा राष्ट्रपति पुस्तकालय हरू छन् र त्यहाँ पूर्व राष्ट्रपति हरूको विरासत संरक्षण गरिएको हुन्छ
sudur paschim pradesh ko kailali district ma dhangadhi sub metropolitan city chha ra tyaha bhatatpur chok ma dherai bazaar ra hotel haru chha,सुदूर पश्चिम प्रदेशको कैलाली जिल्लामा ढंगडी उपमहानगरपालिका छ र त्यहाँ भट्टपुर चोकमा धेरै बजार र होटलहरू छन्
kanchanpur district ko mahendranagar city india border najikai chha ra banbasa checkpoint bata cross garna sakinchha,कञ्चनपुर जिल्लाको महेन्द्रनगर सहर भारत सीमा नजिकै छ र बनबासा चेकपोइन्टबाट क्रस गर्न सकिन्छ
doti district ko silgadhi bazaar ma historical doti durbar ra old palace ko avashesh haru ajhai pani dekhna paunchha,डोटी जिल्लाको सिलगढी बजारमा हिस्टोरिकल डोटी दरबार र पुरानो राजदरबारको अवशेषहरू अझै पनि देख्न पाउन्छ
bajhang district chainpur bazaar ma dherai traditional metal craft ra silversmith ko dukan haru chha ra tyaha ko handicraft prasiddha chha,बझाङ जिल्ला चैनपुर बजारमा धेरै परम्परागत धातु शिल्प र सिल्भरस्मिथको दुकानहरू छन् र त्यहाँको ह्यान्डिक्राफ्ट प्रसिद्ध छ
bajura district martadi gaau ma dherai difficult geographical terrain bhaeko le development project haru implement garna dherai garho bhaeko chha,बाजुरा जिल्ला मार्तडी गाउँमा धेरै कठिन भौगोलिक इलाका भएकोले विकास परियोजनाहरू इम्प्लिमेन्ट गर्न धेरै गाह्रो भएको छ
achham district mangalsen bazaar ma dherai ancient temple haru chha ra local festival ma dherai manche haru tyaha aauta hunchha,अछाम जिल्ला मंगलसेन बजारमा धेरै प्राचीन मन्दिरहरू छन् र लोकल पर्वमा धेरै मान्छेहरू त्यहाँ आउता हुन्छन्
darchula district ko darchula bazaar india china ra nepal ko tri junction najikai chha ra dherai strategic importance chha,दार्चुला जिल्लाको दार्चुला बजार भारत चीन र नेपालको त्रि जंक्शन नजिकै छ र धेरै स्ट्रेटेजिक महत्त्व छ
baitadi district dasrathchand nagarpaalika ma dherai school ra college haru chha ra education ko lagi prasiddha thau ho,बैतडी जिल्ला दशरथचन्द नगरपालिकामा धेरै स्कुल र कलेजहरू छन् र शिक्षाको लागि प्रसिद्ध ठाउँ हो
dadeldhura district ko amargadhi nagarpaalika ma historical amargadhi fort chha ra tyaha bata surrounding area ko ramro view paunchha,डडेलधुरा जिल्लाको अमरगढी नगरपालिकामा हिस्टोरिकल अमरगढी किल्ला छ र त्यहाँबाट सराउन्डिङ एरियाको राम्रो व्यू पाउन्छ
dipayal silgadhi nagarpaalika doti ko district headquarters ho ra tyaha sunder nagar tira dherai government office haru chha,डिपायल सिलगढी नगरपालिका डोटीको जिल्ला प्रमुख कार्यालय हो र त्यहाँ सुन्दर नगरतिर धेरै सरकारी कार्यालयहरू छन्
kailali district ko tikapur nagarpaalika ma tikapur park chha ra tyaha picnic garna dherai manche haru aauta hunchha,कैलाली जिल्लाको टिकापुर नगरपालिकामा टिकापुर पार्क छ र त्यहाँ पिक्निक गर्न धेरै मान्छेहरू आउता हुन्छन्
kanchanpur district ko punarbas nagarpaalika ma dherai agricultural land chha ra tyaha paddy ra wheat ko farming dherai hunchha,कञ्चनपुर जिल्लाको पुनर्वास नगरपालिकामा धेरै कृषि योग्य जमिन छ र त्यहाँ धान र गहुँको खेती धेरै हुन्छ
bajhang district ko jayaprithivi nagarpaalika ma dherai health post ra bir hospital chha ra swasthya sewako lagi ramro chha,बझाङ जिल्लाको जयपृथ्वी नगरपालिकामा धेरै स्वास्थ्य चौकी र वीर अस्पताल छ र स्वास्थ्य सेवाको लागि राम्रो छ
bajura district ko badimalika nagarpaalika ma badimalika temple chha ra harek barsha dherai yatra aauta hunchha,बाजुरा जिल्लाको बडीमालिका नगरपालिकामा बडीमालिका मन्दिर छ र हरेक वर्ष धेरै यात्रा आउता हुन्छ
achham district ko kamalbazar ma weekly haat bazzar lagchha ra surrounding gaau bata manche haru saman bechna ra kinna aauta hunchha,अछाम जिल्लाको कमलबजारमा हाप्ताको हाट बजार लाग्छ र सराउन्डिङ गाउँबाट मान्छेहरू सामान बेच्न र किन्न आउता हुन्छन्
darchula district ko byas rural municipality ma dherai himalayan peak haru dekhinchha ra trekking ko lagi potential thau ho,दार्चुला जिल्लाको व्यास गाउँपालिकामा धेरै हिमालयन पीकहरू देखिन्छन् र ट्रेकिङको लागि पोटेन्सियल ठाउँ हो
baitadi district ko dasharathchand nagarpaalika india border sanga jodne custom office chha ra cross border trading hunchha,बैतडी जिल्लाको दशरथचन्द नगरपालिका भारत सीमा संग जोड्ने कस्टम अफिस छ र क्रस बोर्डर ट्रेडिङ हुन्छ
dadeldhura district ko aalital rural municipality ma dherai khola ra dharahara haru chha ra irrigation ko lai pani source chha,डडेलधुरा जिल्लाको आलिताल गाउँपालिकामा धेरै खोला र झरनाहरू छन् र सिँचाइको लागि पानी स्रोत छ
doti district ko purbichauki rural municipality ma community forestry dherami successful chha ra vana sanrakshan ramro chha,डोटी जिल्लाको पूर्वीचौकी गाउँपालिकामा कम्युनिटी फरेस्ट्री धेरैमा सफल छ र वन संरक्षण राम्रो छ
kailali district ko godawari nagarpaalika ma godawari lake chha ra winter ma dherai migratory birds haru aauta hunchha,कैलाली जिल्लाको गोदावरी नगरपालिकामा गोदावरी लेक छ र जाडोमा धेरै प्रवासी चराहरू आउता हुन्छन्
kanchanpur district ko bedkot nagarpaalika ma dherai sawmill ra furniture industry chha ra tyaha ko kath ko saman prasiddha chha,कञ्चनपुर जिल्लाको बेडकोट नगरपालिकामा धेरै सामिल र फर्निचर उद्योग छ र त्यहाँको काठको सामान प्रसिद्ध छ
bajhang district ko talkot rural municipality ma dherai gurans ko ban chha ra spring season ma dherai ramro phool haru dekhinchha,बझाङ जिल्लाको तलकोट गाउँपालिकामा धेरै गुराँसको बन छ र वसन्त ऋतुमा धेरै राम्रो फूलहरू देखिन्छन्
bajura district ko tribeni nagarpaalika ma dherai dhunga ko mine chha ra construction ko lai stone supply hunchha,बाजुरा जिल्लाको त्रिवेणी नगरपालिकामा धेरै ढुङ्गाको खानी छ र निर्माणको लागि ढुङ्गा सप्लाई हुन्छ
achham district ko mellekh rural municipality ma dherai organic farming garinchha ra local bazar ma organic produce bechinchha,अछाम जिल्लाको मेलेख गाउँपालिकामा धेरै अर्गानिक खेती गरिन्छ र लोकल बजारमा अर्गानिक उत्पादन बेचिन्छ
darchula district ko malikaarjun rural municipality ma dherai alpine pasture chha ra local goth haru ma livestock palinchha,दार्चुला जिल्लाको मालिकार्जुन गाउँपालिकामा धेरै अल्पाइन चरागाह छ र लोकल गोठहरूमा पशुपालन हुन्छ
baitadi district ko sigas rural municipality ma dherai orange ko bagaicha chha ra winter ma orange harvesting hunchha,बैतडी जिल्लाको सिगास गाउँपालिकामा धेरै सुन्तलाको बगैंचा छ र जाडोमा सुन्तला खेती हुन्छ
dadeldhura district ko ganyapdhura rural municipality ma india sanga jodne border point chha ra daily market lagchha,डडेलधुरा जिल्लाको गन्यापधुरा गाउँपालिकामा भारत संग जोड्ने सीमा बिन्दु छ र दैनिक बजार लाग्छ
doti district ko shyama gaunpalika ma dherai jatropfa ko plantation gariyeko chha ra bio fuel production ko lagi prayas gariyeko chha,डोटी जिल्लाको श्याम गाउँपालिकामा धेरै जट्रोफाको रोपण गरिएको छ र बायो फ्युएल उत्पादनको लागि प्रयास गरिएको छ
kailali district ko chure rural municipality ma chure hill range chha ra tyaha ko vana katta illegal huna dekhiyeko chha,कैलाली जिल्लाको चुरे गाउँपालिकामा चुरे पहाडी श्रृंखला छ र त्यहाँको वन कट्टा अवैध हुन देखिएको छ
kanchanpur district ko krishnapur nagarpaalika ma dherai rice mill haru chha ra tyaha bata polished rice export hunchha,कञ्चनपुर जिल्लाको कृष्णपुर नगरपालिकामा धेरै चामल मिलहरू छन् र त्यहाँबाट पोलिस्ड चामल निर्यात हुन्छ
bajhang district ko saipal rural municipality ma saipal himal dekhinchha ra tyaha trekking garna ko lagi ekdamai remote thau ho,बझाङ जिल्लाको साइपाल गाउँपालिकामा साइपाल हिमाल देखिन्छ र त्यहाँ ट्रेकिङ गर्नको लागि एकदमै रिमोट ठाउँ हो
bajura district ko gaumul rural municipality ma dherai yarsagumba collection garne manche haru season ma aauta hunchha,बाजुरा जिल्लाको गाउमूल गाउँपालिकामा धेरै यार्सागुम्बा संकलन गर्ने मान्छेहरू सिजनमा आउता हुन्छन्
achham district ko ramaroshan rural municipality ma natural hot spring chha ra tyaha swimming pool banaieko chha,अछाम जिल्लाको रामारोशन गाउँपालिकामा प्राकृतिक गर्म पानीको झरना छ र त्यहाँ स्विमिङ पुल बनाइएको छ
darchula district ko vyas nagarpalika ma vyas cave chha ra tyaha religious significance bhaeko le dherai pilgrim aauta hunchha,दार्चुला जिल्लाको व्यास नगरपालिकामा व्यास गुफा छ र त्यहाँ धार्मिक महत्त्व भएकोले धेरै तीर्थयात्री आउता हुन्छन्
baitadi district ko patan nagarpaalika ma patan durbar square chha ra tyaha ko architecture historical importance bhaeko chha,बैतडी जिल्लाको पाटन नगरपालिकामा पाटन दरबार क्षेत्र छ र त्यहाँको वास्तुकला ऐतिहासिक महत्त्व भएको छ
dadeldhura district ko ajaymeru rural municipality ma dherai community school haru chha tara qualified teacher ko kami chha,डडेलधुरा जिल्लाको अजयमेरु गाउँपालिकामा धेरै सामुदायिक विद्यालयहरू छन् तर योग्य टिचरको कमी छ
doti district ko bogatan rural municipality ma dherai ginger ko farming hunchha ra tyaha ko ginger local market ma bikchha,डोटी जिल्लाको बोगटान गाउँपालिकामा धेरै अदुवाको खेती हुन्छ र त्यहाँको अदुवा लोकल मार्केटमा बिक्छ
kailali district ko lamkichuha nagarpaalika ma dherai sugarcane ko farming hunchha ra tyaha chini mill pani chha,कैलाली जिल्लाको लम्कीचुहा नगरपालिकामा धेरै उखुको खेती हुन्छ र त्यहाँ चिनी मिल पनि छ
kanchanpur district ko bhimdatta nagarpaalika ma shuklaphanta wildlife reserve najikai chha ra tyaha jungle safari garna sakinchha,कञ्चनपुर जिल्लाको भीमदत्त नगरपालिकामा शुक्लाफाँट वन्यजन्तु आरक्ष नजिकै छ र त्यहाँ जंगल सफारी गर्न सकिन्छ
bajhang district ko thalara rural municipality ma dherai copper mine ko possibility chha ra exploration kaam chaliraheko chha,बझाङ जिल्लाको थलारा गाउँपालिकामा धेरै तामाको खानीको सम्भावना छ र अन्वेषण काम चलिरहेको छ
bajura district ko jagannath rural municipality ma dherai wind energy potential chha ra tyaha windmill lagauna plan bhaeko chha,बाजुरा जिल्लाको जगन्नाथ गाउँपालिकामा धेरै पवन ऊर्जाको सम्भावना छ र त्यहाँ विण्डमिल लगाउन योजना भएको छ
achham district ko bannigadhi jayagad rural municipality ma dherai khadka ra churi haru chha ra local women haru tyaha banauchhin,अछाम जिल्लाको बान्नीगढी जयगढ गाउँपालिकामा धेरै खुकुरी र चुरीहरू छन् र लोकल महिलाहरू त्यहाँ बनाउँछिन्
darchula district ko mahakali nagarpaalika ma mahakali river ko flow dherai strong chha ra tyaha hydropower project feasibility study bhaeko chha,दार्चुला जिल्लाको महाकाली नगरपालिकामा महाकाली नदीको प्रवाह धेरै स्ट्रङ छ र त्यहाँ हाइड्रोपावर प्रोजेक्ट फिजिबिलिटी अध्ययन भएको छ
baitadi district ko sunarya rural municipality ma dherai solar panel installation bhaeko chha ra alternative energy use badhdai chha,बैतडी जिल्लाको सुनर्य गाउँपालिकामा धेरै सोलर प्यानल स्थापना भएको छ र वैकल्पिक ऊर्जा प्रयोग बढ्दै छ
dadeldhura district ko nawadurga rural municipality ma dherai goat farming hunchha ra tyaha ko khasi ko masu prasiddha chha,डडेलधुरा जिल्लाको नवदुर्गा गाउँपालिकामा धेरै बाख्रा पालन हुन्छ र त्यहाँको खसीको मासु प्रसिद्ध छ
doti district ko kedarsyu rural municipality ma dherai apple ko bagaicha chha ra local apple brand banauna prayas gariyeko chha,डोटी जिल्लाको केदारस्यु गाउँपालिकामा धेरै स्याउको बगैंचा छ र लोकल स्याउ ब्रान्ड बनाउन प्रयास गरिएको छ
kailali district ko tikapur nagarpaalika ma dherai ethnic diversity chha ra tharu culture ko promotion ko lagi museum chha,कैलाली जिल्लाको टिकापुर नगरपालिकामा धेरै जातीय विविधता छ र थारु संस्कृतिको प्रचारको लागि संग्रहालय छ
kanchanpur district ko belauri nagarpaalika ma dherai fishery project chha ra pond ma fish palne gariraheka chha,कञ्चनपुर जिल्लाको बेलौरी नगरपालिकामा धेरै मत्स्यपालन परियोजना छ र पोखरीमा माछा पाल्ने गरिरहेका छ
bajhang district ko surma rural municipality ma dherai traditional healer haru chha ra local jhaankri ko chhop garna aauta hunchha,बझाङ जिल्लाको सुर्मा गाउँपालिकामा धेरै परम्परागत चिकित्सकहरू छन् र लोकल झाँक्रीको छोप गर्न आउता हुन्छ
bajura district ko budhiganga nagarpaalika ma budhiganga river chha ra irrigation project le dherai farmland lahit bhaeko chha,बाजुरा जिल्लाको बुद्धिगंगा नगरपालिकामा बुद्धिगंगा नदी छ र सिँचाइ परियोजनाले धेरै कृषि योग्य जमिन लाभित भएको छ
achham district ko chaurpati rural municipality ma weekly cattle market lagchha ra dherai manche haru gai bhaisi kin bech garna aauta hunchha,अछाम जिल्लाको चौरपाटी गाउँपालिकामा हाप्ताको गोरु बजार लाग्छ र धेरै मान्छेहरू गाई भैंसी किन बेच गर्न आउता हुन्छन्
unification campaign ko pahilo kadam ma nuwakot ma bhaeko pahilo yudh thiyo ra tyas ma prithvi narayan shah le bishesh sena niyojan gareka thie,एकीकरण अभियानको पहिलो कदममा नुवाकोटमा भएको पहिलो युद्ध थियो र त्यसमा पृथ्वीनारायण शाहले विशेष सेना नियोजन गरेका थिए
kirtipur ko pahilo attack ma bhaeko thiyo tara tyo asaphal raheko le prithvi narayan shah le punah yojana banaunu paryo,कीर्तिपुरको पहिलो आक्रमणमा भएको थियो तर त्यो असफल रहेकोले पृथ्वीनारायण शाहले पुनः योजना बनाउनु पर्यो
kirtipur ma doosro successful attack ma bhaeko thiyo ra tyas pachhi valley ko bagmati pradesh ko bhag haru surrender garna thale,कीर्तिपुरमा दोस्रो सफल आक्रमणमा भएको थियो र त्यस पछि उपत्यकाको बागमती प्रदेशको भागहरू आत्मसमर्पण गर्न थाले
kathmandu valley ma kirtipur ko capture pachhi kantipur patan ra bhaktapur jasta city haru ma economic blockade lagu gariyeko thiyo,काठमाडौं उपत्यकामा कीर्तिपुरको कब्जा पछि कान्तिपुर पाटन र भक्तपुर जस्ता सहरहरूमा आर्थिक नाकाबन्दी लागू गरिएको थियो
 ko ashoj gate indra jatra ko bela prithvi narayan shah le kantipur ma surprise attack gare ra tyaha ko raja jaya prakash malla lai parajit gare,को असोज गते इन्द्र जात्राको बेला पृथ्वीनारायण शाहले कान्तिपुरमा आकस्मिक आक्रमण गरे र त्यहाँको राजा जय प्रकाश मल्ललाई पराजित गरे
kantipur ko capture pachhi patan ra bhaktapur le ko end tira surrender garyo ra tyas sangai kathmandu valley ko unification pura bhayo,कान्तिपुरको कब्जा पछि पाटन र भक्तपुरले को अन्त्यतिर आत्मसमर्पण गर्यो र त्यस सँगै काठमाडौं उपत्यकाको एकीकरण पूरा भयो
prithvi narayan shah le diplomatic strategy ko rup ma regional power haru sanga treaty garna pahuncha banaayeka thie,पृथ्वीनारायण शाहले कूटनीतिक रणनीतिको रूपमा क्षेत्रीय शक्तिहरूसँग सम्झौता गर्न पहुँच बनाएका थिए
unification kaal ma prithvi narayan shah le british east india company sanga trade restriction lagayera economic independence kayasth gare,एकीकरण कालमा पृथ्वीनारायण शाहले ब्रिटिश ईस्ट इण्डिया कम्पनीसँग व्यापार प्रतिबन्ध लगाएर आर्थिक स्वतन्त्रता कायम गरे
gorkha sena ko organization ma prithvi narayan shah le modern weapon haru ko import garera traditional warfare technique sanga milayeka thie,गोरखा सेनाको संगठनमा पृथ्वीनारायण शाहले आधुनिक हतियारहरूको आयात गरेर परम्परागत युद्ध प्रविधिसँग मिलाएका थिए
kirtipur ko doosro yudh ma prithvi narayan shah le sena lai guerrilla warfare train gareka thie ra tyo successful rahyo,कीर्तिपुरको दोस्रो युद्धमा पृथ्वीनारायण शाहले सेनालाई गोरिल्ला युद्ध तालिम दिएका थिए र त्यो सफल रह्यो
unification pachhi prithvi narayan shah le nepal ko capital gorkha bata kathmandu sarayeka ra kathmandu lai asal thapana gare,एकीकरण पछि पृथ्वीनारायण शाहले नेपालको राजधानी गोरखाबाट काठमाडौं सारेका र काठमाडौंलाई असल थापना गरे
prithvi narayan shah ko dibya upadesh ma nepal lai chaar varna chhattis jati ko fulbari bhanne concept present gareka chha,पृथ्वीनारायण शाहको दिव्य उपदेशमा नेपाललाई चार वर्ण छत्तीस जातिको फुलबारी भन्ने अवधारणा प्रस्तुत गरेको छ
unification campaign ma khas ra magar jati ko sena haru le prabhari bhumika nibhe ra prithvi narayan shah le uniharu lai puraskrit gare,एकीकरण अभियानमा खस र मगर जातिको सेनाहरूले प्रभारी भूमिका निभे र पृथ्वीनारायण शाहले उनिहरूलाई पुरस्कृत गरे
nuwakot ko pahilo yudh ma prithvi narayan shah ko chhora bahadur shah le sena ko netritva gareka thie ra tyo jit ma mahatwapurna bhumika thiyo,नुवाकोटको पहिलो युद्धमा पृथ्वीनारायण शाहको छोरा बहादुर शाहले सेनाको नेतृत्व गरेका थिए र त्यो जितमा महत्वपूर्ण भूमिका थियो
kathmandu valley ma economic blockade le local economy lai prabhavit gareko thiyo ra tyasle surrender garna badhya banaayeko thiyo,काठमाडौं उपत्यकामा आर्थिक नाकाबन्दीले स्थानीय अर्थतन्त्रलाई प्रभावित गरेको थियो र त्यसले आत्मसमर्पण गर्न बाध्य बनाएको थियो
prithvi narayan shah le unification pachhi administrative system lai centralize gare ra bhakari pratha suru gare,पृथ्वीनारायण शाहले एकीकरण पछि प्रशासनिक प्रणालीलाई केन्द्रीकृत गरे र भकारी प्रथा सुरु गरे
kirtipur ko attack ma prithvi narayan shah lai aankh ma arrow lagda accident bhaeko thiyo ra tyas pachhi uniharu le helmet peharne gare,कीर्तिपुरको आक्रमणमा पृथ्वीनारायण शाहलाई आँखमा तीर लाग्दा दुर्घटना भएको थियो र त्यस पछि उनिहरूले हेल्मेट पेहर्ने गरे
unification campaign ma prithvi narayan shah le intelligence network ramro sanga establish gareka thie ra spy haru utilize gare,एकीकरण अभियानमा पृथ्वीनारायण शाहले गुप्तचर नेटवर्क राम्रोसँग स्थापना गरेका थिए र जासुसहरू उपयोग गरे
british east india company le nepal lai support nagareko tara prithvi narayan shah le tyo influence lai neutralize garna sakka thie,ब्रिटिश ईस्ट इण्डिया कम्पनीले नेपाललाई सहयोग नगरेको तर पृथ्वीनारायण शाहले त्यो प्रभावलाई निष्क्रिय गर्न सक्का थिए
unification ko time ma regional power like lamjung palpa tanahun ra makwanpur sanga yudh haru bhaeka thie,एकीकरणको समयमा क्षेत्रीय शक्ति लामजुङ पाल्पा तनहुँ र मकवानपुरसँग युद्धहरू भएका थिए
prithvi narayan shah le makwanpur ko attack ma gareka thie ra tyas ma successful bhayera eastern expansion ko marg khole,पृथ्वीनारायण शाहले मकवानपुरको आक्रमणमा गरेका थिए र त्यसमा सफल भएर पूर्वी विस्तारको मार्ग खोले
kathmandu valley capture pachhi prithvi narayan shah le malla raja haru lai respectful treatment diyeka thie ra uniharu lai retire garna diyeko thiyo,काठमाडौं उपत्यका कब्जा पछि पृथ्वीनारायण शाहले मल्ल राजाहरूलाई आदरपूर्ण व्यवहार दिएका थिए र उनिहरूलाई अवकाश गर्न दिइएको थियो
unification campaign ko total duration years jati ko rahyo ra tyas ma ota sano rajya haru ekatrit bhaeka thie,एकीकरण अभियानको कुल अवधि वर्ष जतिको रह्यो र त्यसमा ओटा साना राज्यहरू एकतृत भएका थिए
prithvi narayan shah le nepal ko border east mai river dekhi west kali river samma expand gareka thie,पृथ्वीनारायण शाहले नेपालको सीमा पूर्व माई नदीदेखि पश्चिम काली नदीसम्म विस्तार गरेका थिए
unification pachhi administrative division lai ota district ma organize gariyeko thiyo ra each district ma governor niyukti gariyeko thiyo,एकीकरण पछि प्रशासनिक विभाजनलाई ओटा जिल्लामा संगठन गरिएको थियो र प्रत्येक जिल्लामा गभर्नर नियुक्ति गरिएको थियो
prithvi narayan shah ko foreign policy ma non alignment ra balanced diplomacy ko principle follow gareka thie,पृथ्वीनारायण शाहको विदेश नीतिमा गुटनिरपेक्षता र सन्तुलित कूटनीतिको सिद्धान्त पालना गरेका थिए
kathmandu valley unification pachhi prithvi narayan shah le new legal code muluki ain ko drafting suru gareka thie,काठमाडौं उपत्यका एकीकरण पछि पृथ्वीनारायण शाहले नयाँ कानूनी संहिता मुलुकी ऐनको मस्यौदा सुरु गरेका थिए
unification campaign ma prithvi narayan shah ko senior commander kalu pandey ra shreeharsh pant jasta leader haru le prabhari bhumika nibhe,एकीकरण अभियानमा पृथ्वीनारायण शाहको वरिष्ठ कमाण्डर कालु पाँडे र श्रीहर्ष पन्त जस्ता नेताहरूले प्रभारी भूमिका निभे
gorkha sena ma discipline ra loyalty lai prithvi narayan shah le utmost importance diyeka thie ra desh bhakti ko bhav badayeka thie,गोरखा सेनामा अनुशासन र निष्ठालाई पृथ्वीनारायण शाहले सर्वोच्च महत्त्व दिएका थिए र देशभक्तिको भाव बढाएका थिए
unification kaal ma prithvi narayan shah le local industry promotion gareka thie ra foreign trade ma restriction rakheka thie,एकीकरण कालमा पृथ्वीनारायण शाहले स्थानीय उद्योग प्रोत्साहन गरेका थिए र विदेशी व्यापारमा प्रतिबन्ध राखेका थिए
kirtipur ko siege ma prithvi narayan shah le water source block gareka thie ra tyasle city lai surrender garna badhya banaayeko thiyo,कीर्तिपुरको घेराबन्दीमा पृथ्वीनारायण शाहले पानी स्रोत ब्लक गरेका थिए र त्यसले सहरलाई आत्मसमर्पण गर्न बाध्य बनाएको थियो
unification pachhi cultural integration lai prithvi narayan shah le promote gareka thie ra different ethnic group haru lai equal rights diyeka thie,एकीकरण पछि सांस्कृतिक एकीकरणलाई पृथ्वीनारायण शाहले प्रोत्साहन गरेका थिए र विभिन्न जातीय समूहहरूलाई समान अधिकार दिएका थिए
prithvi narayan shah le military reform ma modern training technique haru introduce gareka thie ra regular drill system suru gare,पृथ्वीनारायण शाहले सैन्य सुधारमा आधुनिक तालिम प्रविधिहरू परिचय गरेका थिए र नियमित ड्रिल प्रणाली सुरु गरे
unification campaign ko financing ko laagi prithvi narayan shah le land revenue system reform gareka thie ra tax collection efficient banayeka thie,एकीकरण अभियानको वित्तपोषणको लागि पृथ्वीनारायण शाहले भूमि राजस्व प्रणाली सुधार गरेका थिए र कर संकलन कार्यक्षम बनाएका थिए
kathmandu valley ma malla period ko art ra architecture lai prithvi narayan shah le protect gareka thie ra tyas ko preservation ko order diyeka thie,काठमाडौं उपत्यकामा मल्ल कालको कला र वास्तुकलालाई पृथ्वीनारायण शाहले संरक्षण गरेका थिए र त्यसको संरक्षणको आदेश दिएका थिए
unification pachhi prithvi narayan shah le diplomatic relation tibet ra china sanga establish gareka thie ra trade agreement haru gareka thie,एकीकरण पछि पृथ्वीनारायण शाहले कूटनीतिक सम्बन्ध तिब्बत र चीनसँग स्थापना गरेका थिए र व्यापार सम्झौताहरू गरेका थिए
prithvi narayan shah ko death ma bhaeko thiyo tara unification process tyas pachhi pani uniharu ko successor haru le jari rakhe,पृथ्वीनारायण शाहको मृत्युमा भएको थियो तर एकीकरण प्रक्रिया त्यस पछि पनि उनिहरूको उत्तराधिकारीहरूले जारी राखे
unification campaign ma prithvi narayan shah ko leadership quality decisive ra strategic thiyo ra uniharu le situational awareness ramro gare,एकीकरण अभियानमा पृथ्वीनारायण शाहको नेतृत्व गुण निर्णायक र रणनीतिक थियो र उनिहरूले स्थितिजन्य जागरूकता राम्रो गरे
gorkha rajya ko initial size sano thiyo tara prithvi narayan shah ko drishti le nepal ko current map ko adhar banayeko thiyo,गोरखा राज्यको प्रारम्भिक आकार सानो थियो तर पृथ्वीनारायण शाहको दृष्टिले नेपालको वर्तमान नक्साको आधार बनाएको थियो
unification ma public support lai prithvi narayan shah le dherai importance diyeka thie ra local leader haru sanga alliance gareka thie,एकीकरणमा जनता सहयोगलाई पृथ्वीनारायण शाहले धेरै महत्त्व दिएका थिए र स्थानीय नेताहरूसँग गठबन्धन गरेका थिए
kathmandu valley ko capture pachhi prithvi narayan shah le shah dynasty ko coronation ceremony gareka thie ra new administrative capital ghoshana gare,काठमाडौं उपत्यका कब्जा पछि पृथ्वीनारायण शाहले शाह वंशको राज्याभिषेक समारोह गरेका थिए र नयाँ प्रशासनिक राजधानी घोषणा गरे
unification campaign ko historical record prithvi narayan shah ko court historian abhiman singh basnyat le lekhieka chhan,एकीकरण अभियानको ऐतिहासिक अभिलेख पृथ्वीनारायण शाहको दरबारी इतिहासकार अभिमान सिंह बास्न्यातले लेखिएका छन्
prithvi narayan shah le military tactics ma innovation liyeka thie ra night attack ra ambush technique haru frequently use garthe,पृथ्वीनारायण शाहले सैन्य रणनीतिमा नवीनता लिएका थिए र राति आक्रमण र घात प्रविधिहरू प्रायः प्रयोग गर्थे
unification pachhi economic policy ma prithvi narayan shah le land redistribution program suru gareka thie ra farmer haru lai support gare,एकीकरण पछि आर्थिक नीतिमा पृथ्वीनारायण शाहले भूमि पुनर्वितरण कार्यक्रम सुरु गरेका थिए र किसानहरूलाई सहयोग गरे
kathmandu valley ko malla raja haru ko treasury capture garepachhi prithvi narayan shah le tyo fund military campaign ma invest gare,काठमाडौं उपत्यकाको मल्ल राजाहरूको खजाना कब्जा गरेपछि पृथ्वीनारायण शाहले त्यो कोष सैन्य अभियानमा लगानी गरे
unification ma prithvi narayan shah ko wife queen indra kumari devi le diplomatic role nibhekin ra regional alliance ma sahayog garekin,एकीकरणमा पृथ्वीनारायण शाहको पत्नी रानी इन्द्र कुमारी देवीले कूटनीतिक भूमिका निभेकिन र क्षेत्रीय गठबन्धनमा सहयोग गरेकिन
prithvi narayan shah ko legacy nepal ko national unity ko symbol ko rup ma chha ra uniharu ko jayanti nepal ma national holiday ho,पृथ्वीनारायण शाहको विरासत नेपालको राष्ट्रिय एकताको प्रतीकको रूपमा छ र उनिहरूको जयन्ती नेपालमा राष्ट्रिय बिदा हो
unification campaign complete hunda samma prithvi narayan shah le afno health issue bhayeko tapani active leadership diyeka thie,एकीकरण अभियान पूरा हुँदासम्म पृथ्वीनारायण शाहले आफ्नो स्वास्थ्य समस्या भएको तापनि सक्रिय नेतृत्व दिएका थिए
gorkha sena ko morale high rakhnu prithvi narayan shah ko leadership ko pradhan tatwa thiyo ra uniharu le sena sanga direct communicate garthe,गोरखा सेनाको मनोबल उच्च राख्नु पृथ्वीनारायण शाहको नेतृत्वको प्रधान तत्त्व थियो र उनिहरूले सेनासँग प्रत्यक्ष सम्पर्क गर्थे
unification pachhi nepal ko capital kathmandu ma prithvi narayan shah le darbar school establish gareka thie ra education system ko suruwat gare,एकीकरण पछि नेपालको राजधानी काठमाडौंमा पृथ्वीनारायण शाहले दरबार स्कूल स्थापना गरेका थिए र शिक्षा प्रणालीको सुरुवात गरे
prithvi narayan shah ko political philosophy ma hindu ra buddhist tradition ko synthesis dekhinchha ra secular approach ko adhar thiyo,पृथ्वीनारायण शाहको राजनीतिक दर्शनमा हिन्दू र बुद्धिस्ट परम्पराको संश्लेषण देखिन्छ र धर्मनिरपेक्ष दृष्टिकोणको आधार थियो
unification campaign ma prithvi narayan shah le local language ra culture lai respect gareka thie ra linguistic diversity protect gare,एकीकरण अभियानमा पृथ्वीनारायण शाहले स्थानीय भाषा र संस्कृतिलाई सम्मान गरेका थिए र भाषिक विविधता संरक्षण गरे
kathmandu valley unification pachhi prithvi narayan shah le trade route haru secure gareka thie ra trans himalayan trade promote gare,काठमाडौं उपत्यका एकीकरण पछि पृथ्वीनारायण शाहले व्यापार मार्गहरू सुरक्षित गरेका थिए र ट्रान्स हिमालयन व्यापार प्रोत्साहन गरे
prithvi narayan shah ko military strategy ma geography ko understanding ramro thiyo ra strategic location haru capture garna priority diyeko thiyo,पृथ्वीनारायण शाहको सैन्य रणनीतिमा भूगोलको बुझाइ राम्रो थियो र रणनीतिक स्थानहरू कब्जा गर्न प्राथमिकता दिइएको थियो
unification campaign complete huda samma prithvi narayan shah le ota battle haru ladhnu paryo ra tyas ma successful rahnu bhayo,एकीकरण अभियान पूरा हुँदासम्म पृथ्वीनारायण शाहले ओटा युद्धहरू लड्नु पर्यो र त्यसमा सफल रहनु भयो
prithvi narayan shah ko leadership nepal ko history ma turning point thiyo ra modern nepal ko foundation stone tyahai rakhieko thiyo,पृथ्वीनारायण शाहको नेतृत्व नेपालको इतिहासमा मोडपोइन्ट थियो र आधुनिक नेपालको आधारशिला त्यहै राखिएको थियो
jung bahadur rana le shakti kendrit gardai rana shaasan ko aadhaar sthapit garyo,जङ्गबहादुर राणाले शक्ति केन्द्रित गर्दै राणा शासनको आधार स्थापित गर्‍यो
kot parva pachi darbaar ko raajnitik sanrachanaa purai badliyeera rana yug suru bhayo,कोत पर्वपछि दरबारको राजनीतिक संरचना पुरै बदलिएर राणा युग सुरु भयो
hami rana shaasan ko sthapanaa kasari sainik shakti ra darbaar niyantran bataa bhaeko bhani padhdai thiyau,हामी राणा शासनको स्थापना कसरी सैनिक शक्ति र दरबार नियन्त्रणबाट भएको भनी पढ्दै थियौँ
jung bahadur rana le pradhan mantri ko pad lai vanshaanu ghatak rupmaa banaaeko thiyo,जङ्गबहादुर राणाले प्रधानमन्त्रीको पदलाई वंशानुगत रूपमा बनाएको थियो
rani rajyalakshmi ko raajnitik chaal asafal bhaepachi rana haru ko pakad majboot bhayo,रानी राज्यलक्ष्मीको राजनीतिक चाल असफल भएपछि राणाहरूको पकड मजबुत भयो
rana shaasan maa raajaa naam ko matrai pratik bhaera sabai shakti rana haru maa kendrit bhayo,राणा शासनमा राजा नामको मात्रै प्रतीक भएर सबै शक्ति राणाहरूमा केन्द्रित भयो
hami rana yug maa shikshaa ra prashaasan kasari simit haath maa rahyo bhani bujhdai thiyau,हामी राणा युगमा शिक्षा र प्रशासन कसरी सीमित हातमा रह्यो भनी बुझ्दै थियौँ
jung bahadur rana le sena ra kaanun duvai maa aafno adhikaar sthir garyo,जङ्गबहादुर राणाले सेना र कानुन दुवैमा आफ्नो अधिकार स्थिर गर्‍यो
rana shaasan ko suruwaat sangaai darbaar bhitra ko birudha paksh purai dabaiyo,राणा शासनको सुरुवातसँगै दरबारभित्रको विरुद्ध पक्ष पुरै दबाइयो
hami itihaas maa rana yug lai kendrit shakti ra bhay ko raajneeti ko udaharan bhanera herchhau,हामी इतिहासमा राणा युगलाई केन्द्रित शक्ति र भयको राजनीतिका उदाहरण भनेर हेर्छौँ
jung bahadur rana le muluki ain laagoo gardai kaanuni pranali sudhaar garyo,जङ्गबहादुर राणाले मुलुकी ऐन लागू गर्दै कानुनी प्रणाली सुधार गर्‍यो
rana shaasan ko sthapanaa le sadharan jantaa ko raajnitik awaj dherai barsa dabaaiyo,राणा शासनको स्थापनाले साधारण जनताको राजनीतिक आवाज धेरै वर्ष दबाइयो
hami rana yug maa bidesh neeti kasari briten sanga nikaṭ bhaeko bhani charchaa garyau,हामी राणा युगमा विदेश नीति कसरी ब्रिटेनसँग नजिक भएको भनी चर्चा गर्‍यौँ
jung bahadur rana ko sakriyataale pradhan mantri pad sabai bhanda shaktishaali banayo,जङ्गबहादुर राणाको सक्रियताले प्रधानमन्त्री पद सबैभन्दा शक्तिशाली बनायो
rana shaasan ko suru bhaeko din bataa shikshaa ra suchanaa maa kathor niyantran raakhiyo,राणा शासन सुरु भएको दिनदेखि शिक्षा र सूचनामा कठोर नियन्त्रण राखियो
hami rana yug le nepal ko samajik sanrachanaa kasari pariwartan garyo bhani sochdai thiyau,हामी राणा युगले नेपालको सामाजिक संरचना कसरी परिवर्तन गर्‍यो भनी सोच्दै थियौँ
jung bahadur rana le aafno vansha ko surakshaa laagi satta vanshaanu banayo,जङ्गबहादुर राणाले आफ्नो वंशको सुरक्षाका लागि सत्ता वंशानुगत बनायो
rana shaasan maa pad ra adhikaar janmaka aadhaar maa baantine pratha basyo,राणा शासनमा पद र अधिकार जन्मका आधारमा बाँडिने प्रथा बस्यो
hami itihaas padhda rana shaasan ko suruwaat ek yojanabaddha shakti grahan bhaeko dekchhau,हामी इतिहास पढ्दा राणा शासनको सुरुवात एक योजनाबद्ध शक्ति ग्रहण भएको देख्छौँ
jung bahadur rana le darbaar bhitra ra bahira dubai thaaumaa bhay ko mahaul banaayo,जङ्गबहादुर राणाले दरबारभित्र र बाहिर दुवै ठाउँमा भयको माहोल बनायो
rana yug maa raajnitik virodh laai desh droh ko rupmaa herine garthe,राणा युगमा राजनीतिक विरोधलाई देशद्रोहको रूपमा हेरिने गर्थ्यो
hami rana shaasan ko sthapanaa le nepal ko loktantrik yatra dherai pachhi dhakelyo bhani maanchhau,हामी राणा शासनको स्थापनाले नेपालको लोकतान्त्रिक यात्रा धेरै पछि धकेल्यो भनी मान्छौँ
jung bahadur rana le sena maa naya pad ra sanrachanaa banaaera aafno niyantran baliyo,जङ्गबहादुर राणाले सेनामा नयाँ पद र संरचना बनाएर आफ्नो नियन्त्रण बलियो गर्‍यो
rana shaasan ko prabhav le gaau ra shahar duvai thaaumaa asamaanataa badhyo,राणा शासनको प्रभावले गाउँ र सहर दुवै ठाउँमा असमानता बढ्यो
hami rana yug ko adhyayan bataa shakti ra jimmedaari ko santulan sikdai thiyau,हामी राणा युगको अध्ययनबाट शक्ति र जिम्मेदारीको सन्तुलन सिक्दै थियौँ
ma ko pahilo samanya chunaav ko itihaas padhdai tyo samaya ko rajnitik parivesh bujhdaichhu,म को पहिलो सामान्य चुनावको इतिहास पढ्दै त्यो समयमा राजनीतिक परिवेश बुझ्दैछु
hami rashtriya congress party ko bhumika ra tyo samaya ko opposition ko sthiti barea charchaa gardai thiyau,हामी राष्ट्रिय कांग्रेस पार्टीको भूमिका र त्यो समयमा विपक्षको स्थिति बारे चर्चा गर्दै थियौँ
timi ko election maa purna matadaan ko mahatwa ra loktantrik prakriyaa herdaichhau,तिमी को चुनावमा पूर्ण मतदानको महत्त्व र लोकतान्त्रिक प्रक्रिया हेर्दैछौ
ma tyo samaya maa parliament ko sadasya haru ko sankhyaa ra viseshata bujhdaichhu,म त्यो समयमा पार्लियामेन्टका सदस्यहरूको संख्या र विशेषता बुझ्दैछु
hami election ko natija le rashtriya neta haru ko satta kasari prabhaavit garyo bhani samjhidai thiyau,हामी चुनावको नतिजाले राष्ट्रिय नेताहरूको सत्ता कसरी प्रभावित गर्‍यो भनी सम्झिँदै थियौँ
usle bibhinn party haru ko vijay ra haar ko tarka bujhna sahayog garyo,उसले विभिन्न पार्टीहरूको विजय र हारको तर्क बुझ्न सहयोग गर्‍यो
timi pradesh ra jilla anusar election ko parinaam ko visleshan gardai chhau,तिमी प्रदेश र जिल्ला अनुसार चुनावको परिणामको विश्लेषण गर्दै छौ
ma ko pahilo samanya chunaav pachi ko loktantrik prabhaav herera shikshya ko mahatwa bujhdaichhu,म को पहिलो सामान्य चुनावपछि लोकतान्त्रिक प्रभाव हेरेर शिक्षाको महत्त्व बुझ्दैछु
haami tyo samaya ko voter turnout ra matdaan ko pravritti barea kuraa garyau,हामी त्यो समयमा भोटर टर्नआउट र मतदानको प्रवृत्ति बारे कुरा गर्‍यौँ
usle pradhan mantri ko chayan ra sarkaar ko gathan ko prakriyaa bujhna madat garyo,उसले प्रधान मन्त्रीको चयन र सरकारको गठनको प्रक्रिया बुझ्न मदत गर्‍यो
timi election pachi ko samajik ra arthik paribartan herera rajnitik prabhav bujhdai chhau,तिमी चुनावपछि सामाजिक र आर्थिक परिवर्तन हेरेर राजनीतिक प्रभाव बुझ्दै छौ
ma rashtriya party haru ko niti ra prachaar paddhati ko tulana gardai thie,म राष्ट्रिय पार्टीहरूको नीति र प्रचार पद्धति तुलना गर्दै थिएँ
haami election maa naya neta haru ko uday ra purana neta haru ko sthiti barea charchaa garyau,हामी चुनावमा नयाँ नेताहरूको उदय र पुराना नेताहरूको स्थिति बारे चर्चा गर्‍यौँ
usle tyo samaya ko pradhan mantri ra cabinet ko gathan ko mahatwa bujhaaeko thiyo,उसले त्यो समयमा प्रधान मन्त्री र क्याबिनेटको गठनको महत्त्व बुझाएको थियो
timi loktantrik prakriyaa maa matdaan ko daayitva ra jimmedaari bujhdai chhau,तिमी लोकतान्त्रिक प्रक्रियामा मतदानको दायित्व र जिम्मेवारी बुझ्दै छौ
ma election ko natija le rashtriya ra pradeshik rajnitik santulan kasari prabhaavit garyo bhani sochdai chhu,म चुनावको नतिजाले राष्ट्रिय र प्रादेशिक राजनीतिक सन्तुलन कसरी प्रभावित गर्‍यो भनी सोच्दैछु
haami voter ko abhipray ra samudaay ko pratikriyaa barea tarka garyau,हामी भोटरको अभिप्राय र समुदायको प्रतिक्रिया बारे तर्क गर्‍यौँ
usle election pachi ko sarkaar ko niti ra neeti nirnay barea udaharan diyeko thiyo,उसले चुनावपछि सरकारको नीति र निर्णय बारे उदाहरण दिएको थियो
timi ko pahilo samanya chunaav ko mahattva ra itihaasik sandarbha bujhdai chhau,तिमी को पहिलो सामान्य चुनावको महत्त्व र ऐतिहासिक सन्दर्भ बुझ्दै छौ
ma tyo samaya ko opposition party haru ko pratikriyaa ra aabha ko visleshan gardai thie,म त्यो समयमा विपक्षी पार्टीहरूको प्रतिक्रिया र प्रभावको विश्लेषण गर्दै थिएँ
haami election ko prakriyaa maa voter ko sakriyata ra samajik prabhaav barea kuraa garyau,हामी चुनावको प्रक्रियामा भोटरको सक्रियता र सामाजिक प्रभाव बारे कुरा गर्‍यौँ
usle rashtriya neta haru ko netritwa ra matdaan ko mahatwa bujhna sahayog garyo,उसले राष्ट्रिय नेताहरूको नेतृत्व र मतदानको महत्त्व बुझ्न सहयोग गर्‍यो
timi election pachi ko pradhan mantri ra cabinet ko nirnay prabhaav bujhdai chhau,तिमी चुनावपछि प्रधान मन्त्री र क्याबिनेटको निर्णय प्रभाव बुझ्दै छौ
ma voter education ko mahatwa ra tyo samaya maa matdaan ko pravritti herdaichhu,म भोटर शिक्षाको महत्त्व र त्यो समयमा मतदानको प्रवृत्ति हेर्दैछु
haami ko election ko natija le rashtriya ra sthaniya star maa rajnitik sthiti kasari badliye bhani charchaa garyau,हामी को चुनावको नतिजाले राष्ट्रिय र स्थानीय स्तरमा राजनीतिक स्थिति कसरी बदलिए भनी चर्चा गर्‍यौँ
usle election ko parinaam ko arthik ra samajik prabhav bujhaaeko thiyo,उसले चुनावको परिणामको आर्थिक र सामाजिक प्रभाव बुझाएको थियो
timi pahilo samanya chunaav ko natija ko tulana baad ko election sanga garera bujhdai chhau,तिमी पहिलो सामान्य चुनावको नतिजाको तुलना पछि भएको चुनावसँग गरेर बुझ्दै छौ
ma ko election pachi ko rashtriya ra pradeshik neta haru ko sthiti herdaichhu,म को चुनावपछि राष्ट्रिय र प्रादेशिक नेताहरूको स्थिति हेर्दैछु
haami election maa voter ko awareness ra bhumika barea tarka garyau,हामी चुनावमा भोटरको जागरूकता र भूमिका बारे तर्क गर्‍यौँ
usle rashtriya congress party ko vijay ra haar ko karan bujhaaeko thiyo,उसले राष्ट्रिय कांग्रेस पार्टीको विजय र हारको कारण बुझाएको थियो
timi election pachi ko sarkaar ko niti ra neeti maa pariwartan herdaichhau,तिमी चुनावपछि सरकारको नीति र निर्णयमा परिवर्तन हेर्दैछौ
ma ko pahilo samanya chunaav ko itihaasik mahatwa ra shiksha bujhdaichhu,म को पहिलो सामान्य चुनावको ऐतिहासिक महत्त्व र शिक्षा बुझ्दैछु
haami election ko prakriyaa ra rashtriya ra sthaniya neta haru ko bhumika barea charchaa garyau,हामी चुनावको प्रक्रिया र राष्ट्रिय र स्थानीय नेताहरूको भूमिका बारे चर्चा गर्‍यौँ
usle voter ko matdaan ko daayitva ra jimmedaari ko mahatwa bujhaaeko thiyo,उसले भोटरको मतदानको दायित्व र जिम्मेवारीको महत्त्व बुझाएको थियो
timi pahilo samanya chunaav ko natija le rashtriya rajnitik parivesh kasari badliye bhani sochdai chhau,तिमी पहिलो सामान्य चुनावको नतिजाले राष्ट्रिय राजनीतिक परिवेश कसरी बदलिए भनी सोच्दै छौ
ma election pachi ko pradhan mantri ko netritwa ra loktantrik prakriyaa herdaichhu,म चुनावपछि प्रधान मन्त्रीको नेतृत्व र लोकतान्त्रिक प्रक्रिया हेर्दैछु
haami ko pahilo samanya chunaav ko parinaam ko visleshan garera rajnitik shiksha sikdai thiyau,हामी को पहिलो सामान्य चुनावको परिणामको विश्लेषण गरेर राजनीतिक शिक्षा सिक्दै थियौँ
usle election pachi ko sarkaar ko nirnay ra raajneetik sthiti bujhaaeko thiyo,उसले चुनावपछि सरकारको निर्णय र राजनीतिक स्थिति बुझाएको थियो
timi pahilo samanya chunaav ko itihaas ra loktantrik prabhaav bujhdai chhau,तिमी पहिलो सामान्य चुनावको इतिहास र लोकतान्त्रिक प्रभाव बुझ्दै छौ
ma rashtriya ra opposition party haru ko prati prajaa ko drishtikon herdaichhu,म राष्ट्रिय र विपक्षी पार्टीहरूको प्रति प्रजाको दृष्टिकोण हेर्दैछु
haami election ko natija le loktantrik bikash kasari prabhaavit garyo bhani charchaa garyau,हामी चुनावको नतिजाले लोकतान्त्रिक विकास कसरी प्रभावित गर्‍यो भनी चर्चा गर्‍यौँ
usle voter education ra matdaan ko mahattwa bujhaaeko thiyo,उसले भोटर शिक्षा र मतदानको महत्त्व बुझाएको थियो
timi pahilo samanya chunaav ko natija ko arthik ra samajik prabhaav bujhdai chhau,तिमी पहिलो सामान्य चुनावको नतिजाको आर्थिक र सामाजिक प्रभाव बुझ्दै छौ
nepal ma ko kranti ra saal ma bhaeko janandolan le rana shasan ko ant garyo ra loktantra ko suruwat layo,नेपालमा को क्रान्ति र सालमा भएको जनआन्दोलनले राणा शासनको अन्त्य गर्यो र लोकतन्त्रको सुरुवात लायो
 saal ko february gate tribhuvan bir bikram shah dev le rana prime minister mohun shumsher sanga samjhauta pachi delhi bata nepal pharkeka thie,सालको फेब्रुअरी गते त्रिभुवन वीर विक्रम शाह देवले राणा प्रधानमन्त्री मोहन शम्शेरसँग सम्झौता पछि दिल्लीबाट नेपाल फर्केका थिए
delhi samjhauta anusar rana haru le shah raja lai feri singhasan ma basna diyeko thiyo ra nepal ma sambaidhanik rajtantra ko suruwat bhaeko thiyo,दिल्ली सम्झौता अनुसार राणाहरूले शाह राजालाई फेरी सिंहासनमा बस्न दिइएको थियो र नेपालमा संवैधानिक राजतन्त्रको सुरुवात भएको थियो
 ko kranti ma nepal ra congress party le pradhan bhumika nibheko thiyo ra b p koirala jasta neta haru ko netritvama janata sadak ma aayeka thie,को क्रान्तिमा नेपाली काँग्रेस पार्टीले प्रधान भूमिका निभेको थियो र बी पी कोइराला जस्ता नेताहरूको नेतृत्वमा जनता सडकमा आएका थिए
rana shasan ko years ko ant garna lai raja tribhuvan le afno palace bata bhaagera delhi gai raheka thie ra tyas pachhi janandolan intensify bhaeko thiyo,राणा शासनको वर्षको अन्त्य गर्न लागि राजा त्रिभुवनले आफ्नो दरबारबाट भागेर दिल्ली गई रहेका थिए र त्यस पछि जनआन्दोलन तीव्र भएको थियो
raja tribhuvan ko india pravas pachhi rana haru le gyanendra lai yuvaraj ghoshit gare tara janata le tyas lai swikar garena,राजा त्रिभुवनको भारत प्रवास पछि राणाहरूले ज्ञानेन्द्रलाई युवराज घोषित गरे तर जनताले त्यसलाई स्वीकार गरेनन्
delhi bata raja tribhuvan ko pharki pachhi mohun shumsher jang bahadur rana le power share garna badhyo bhaeko thiyo,दिल्लीबाट राजा त्रिभुवनको फर्कि पछि मोहन शम्शेर जङ्ग बहादुर राणाले शक्ति बाँडफाँड गर्न बाध्यो भएको थियो
 falgun gate ko delhi samjhauta anusar interim government banaeko thiyo ra b p koirala pahilo janata ko pratinidhi bhaeka thie,फागुन गतेको दिल्ली सम्झौता अनुसार अन्तरिम सरकार बनाइएको थियो र बी पी कोइराला पहिलो जनताको प्रतिनिधि भएका थिए
rana shasan ko ant pachhi nepal ma pahilo janata ko sarkar banaeko thiyo ra tyas le new constitution banauna suru gareko thiyo,राणा शासनको अन्त्य पछि नेपालमा पहिलो जनताको सरकार बनाइएको थियो र त्यसले नयाँ संविधान बनाउन सुरु गरेको थियो
 ko kranti le nepal ma multi party system ko prathama adhar haleko thiyo ra political prisoner haru lai riha gariyeko thiyo,को क्रान्तिले नेपालमा बहुदलीय प्रणालीको प्राथमिक आधार हालेको थियो र राजनीतिक बन्दीहरूलाई रिहा गरिएको थियो
raja tribhuvan ko leadership ma bhaeko yas kranti le nepal lai international arena ma ek independent nation ko rupma prastut gareko thiyo,राजा त्रिभुवनको नेतृत्वमा भएको यस क्रान्तिले नेपाललाई अन्तर्राष्ट्रिय क्षेत्रमा एक स्वतन्त्र राष्ट्रको रूपमा प्रस्तुत गरेको थियो
 saal ko janandolan ma nepal bhari dherai satyagraha ra hartal haru aayojana bhaeka thie ra security force sanga confrontation bhaeka thiyo,सालको जनआन्दोलनमा नेपालभरि धेरै सत्याग्रह र हड्तालहरू आयोजना भएका थिए र सुरक्षा बलसँग टकराव भएको थियो
rana haru ko opposition party nepal ra congress ko underground network le kranti ko lagi ground work gareko thiyo,राणाहरूको विपक्षी पार्टी नेपाली काँग्रेसको भूमिगत नेटवर्कले क्रान्तिको लागि आधारभूत कार्य गरेको थियो
 ko february ma raja tribhuvan le royal proclamation jari gare ra rana shasan officially terminate gariyeko thiyo,को फेब्रुअरीमा राजा त्रिभुवनले शाही घोषणा जारी गरे र राणा शासन आधिकारिक रूपमा समाप्त गरिएको थियो
kranti pachhi banaeko interim cabinet ma rana haru ra congress representative haru dubai ko participation thiyo,क्रान्ति पछि बनेको अन्तरिम मन्त्रिपरिषदमा राणाहरू र काँग्रेस प्रतिनिधिहरू दुबैको सहभागिता थियो
 ko kranti le nepal ko education system ma sudhar layo ra birta pratha hataye jaatiya bhedbhav ko biruddhama kanun banaieko thiyo,को क्रान्तिले नेपालको शिक्षा प्रणालीमा सुधार ल्यायो र बिर्ता प्रथा हटाए जातीय भेदभावको विरुद्धमा कानून बनाइएको थियो
raja tribhuvan ko delhi pravas pachhi nepal ma hune protest haru dherai violent bhaeka thie ra dherai manche haru injured bhaeka thie,राजा त्रिभुवनको दिल्ली प्रवास पछि नेपालमा हुने प्रदर्शनहरू धेरै हिंसात्मक भएका थिए र धेरै मानिसहरू घाइते भएका थिए
 ko kranti pachhi nepal ma press freedom ko suruwat bhaeko thiyo ra gorkhapatra jasto newspaper haru independent bhaeka thie,को क्रान्ति पछि नेपालमा प्रेस स्वतन्त्रताको सुरुवात भएको थियो र गोरखापत्र जस्तो समाचारपत्रहरू स्वतन्त्र भएका थिए
delhi samjhauta ma raja tribhuvan ra mohun shumsher jang bahadur rana ko bechma three tier government ko concept present gariyeko thiyo,दिल्ली सम्झौतामा राजा त्रिभुवन र मोहन शम्शेर जङ्ग बहादुर राणाको बीचमा तीन तह सरकारको अवधारणा प्रस्तुत गरिएको थियो
 ko janandolan ma student haru ko prabhari bhumika thiyo ra tribhuvan university ko student haru protest ko agradut thie,को जनआन्दोलनमा विद्यार्थीहरूको प्रभारी भूमिका थियो र त्रिभुवन विश्वविद्यालयका विद्यार्थीहरू प्रदर्शनको अग्रदूत थिए
kranti pachhi nepal ma civil service reform suru bhaeko thiyo ra rana period ko bureaucracy ma sudhar gariyeko thiyo,क्रान्ति पछि नेपालमा नागरिक सेवा सुधार सुरु भएको थियो र राणा कालको नौकरशाहीमा सुधार गरिएको थियो
 saal ma nepal le united nations ma membership ko laagi apply gareko thiyo ra tyo kranti ko diplomacy ko parinam thiyo,सालमा नेपालले संयुक्त राष्ट्र सङ्घमा सदस्यताको लागि आवेदन गरेको थियो र त्यो क्रान्तिको कूटनीतिको परिणाम थियो
raja tribhuvan ko foreign policy le nepal lai cold war ko bipolar world ma non aligned position ma rakhna sahayog gareko thiyo,राजा त्रिभुवनको विदेश नीतिले नेपाललाई शीत युद्धको द्विध्रुवीय संसारमा गुटनिरपेक्ष स्थितिमा राख्न सहयोग गरेको थियो
 ko kranti pachhi nepal ma independent judiciary ko sthanapan bhaeko thiyo ra supreme court ko formation process suru bhaeko thiyo,को क्रान्ति पछि नेपालमा स्वतन्त्र न्यायपालिकाको स्थापना भएको थियो र सर्वोच्च अदालतको गठन प्रक्रिया सुरु भएको थियो
rana kal ma banned bhaeko political party haru lai pachhi legal status diyeko thiyo ra uniharuko operation lai kanuni banaya,राणा कालमा प्रतिबन्धित भएका राजनीतिक दलहरूलाई पछि कानूनी दर्जा दिइएको थियो र उनिहरूको सञ्चालनलाई कानूनी बनायो
 falgun gate ma raja tribhuvan le delhi bata nepal ko interim government ko gathan ko ghosana gareka thie,फागुन गतेमा राजा त्रिभुवनले दिल्लीबाट नेपालको अन्तरिम सरकारको गठनको घोषणा गरेका थिए
kranti ko samay ma nepal bhari hune secret meeting haru biratnagar janakpur pokhara jasta shahar haru ma bhaeka thie,क्रान्तिको समयमा नेपालभरि हुने गोप्य बैठकहरू बिराटनगर जनकपुर पोखरा जस्ता सहरहरूमा भएका थिए
 ko kranti le nepal ko economic policy ma sudhar layo ra planned development ko suruwat bhaeko thiyo,को क्रान्तिले नेपालको आर्थिक नीतिमा सुधार ल्यायो र योजनाबद्ध विकासको सुरुवात भएको थियो
raja tribhuvan ko leadership lai international community le ramro sanga swikar gareko thiyo ra nepal ko sovereignty strengthen bhaeko thiyo,राजा त्रिभुवनको नेतृत्वलाई अन्तर्राष्ट्रिय समुदायले राम्रोसँग स्वीकार गरेको थियो र नेपालको संप्रभुता बलियो भएको थियो
 ko janandolan ma dherai martyr haru bhaeka thie ra tyo din haru lai nepal ko itihas ma democratic movement ko golden period bhaninchha,को जनआन्दोलनमा धेरै शहीदहरू भएका थिए र त्यो दिनहरूलाई नेपालको इतिहासमा लोकतान्त्रिक आन्दोलनको स्वर्णिम काल भनिन्छ
kranti pachhi nepal ma five year plan ko implementation suru bhaeko thiyo ra national planning commission banaieko thiyo,क्रान्ति पछि नेपालमा पञ्चवर्षीय योजनाको कार्यान्वयन सुरु भएको थियो र राष्ट्रिय योजना आयोग बनाइएको थियो
 saal ko delhi samjhauta ma nepal india friendship treaty ko punaravalan pani gariyeko thiyo ra border issue haru address gariyeko thiyo,सालको दिल्ली सम्झौतामा नेपाल भारत मैत्री सन्धिको पुनरावलोकन पनि गरिएको थियो र सीमा मुद्दाहरू सम्बोधन गरिएको थियो
raja tribhuvan ko drishti le nepal lai sambaidhanik rajtantra ra parliamentary loktantra ko marg ma lagayeko thiyo,राजा त्रिभुवनको दृष्टिले नेपाललाई संवैधानिक राजतन्त्र र पार्लियामेन्टरी लोकतन्त्रको मार्गमा लगाएको थियो
 ko kranti pachhi nepal ma civil right haru ko expansion bhaeko thiyo ra women haru lai pani voting right diyeko thiyo,को क्रान्ति पछि नेपालमा नागरिक अधिकारहरूको विस्तार भएको थियो र महिलाहरूलाई पनि मतदान अधिकार दिइएको थियो
rana shasan ko ant pachhi nepal ma industrial development ko suruwat bhaeko thiyo ra private sector lai encourage gariyeko thiyo,राणा शासनको अन्त्य पछि नेपालमा औद्योगिक विकासको सुरुवात भएको थियो र निजी क्षेत्रलाई प्रोत्साहित गरिएको थियो
 ko janandolan le nepal ko social structure ma pani paribartan layo ra jaatiya bhedbhav ko kshetrama sudhar aayo,को जनआन्दोलनले नेपालको सामाजिक संरचनामा पनि परिवर्तन ल्यायो र जातीय भेदभावको क्षेत्रमा सुधार आयो
raja tribhuvan ko foreign visit haru le nepal ko international image improve gareko thiyo ra diplomatic relation haru expand bhaeka thiyo,राजा त्रिभुवनको विदेश भ्रमणहरूले नेपालको अन्तर्राष्ट्रिय छवि सुधार गरेको थियो र कूटनीतिक सम्बन्धहरू विस्तार भएका थिए
 ko kranti pachhi nepal ma public service commission banaieko thiyo ra government job ma merit based selection suru bhaeko thiyo,को क्रान्ति पछि नेपालमा लोक सेवा आयोग बनाइएको थियो र सरकारी नोकरीमा योग्यतामा आधारित चयन सुरु भएको थियो
rana period ko censorship system lai pachhi hatako thiyo ra literature ra art haru ko free expression lai badawa diyeko thiyo,राणा कालको सेंसरशिप प्रणालीलाई पछि हटाएको थियो र साहित्य र कलाहरूको स्वतन्त्र अभिव्यक्तिलाई बढावा दिइएको थियो
 ko february ma raja tribhuvan le afno palace chodera bhaagda nepal bhari political earthquake aayeko thiyo,को फेब्रुअरीमा राजा त्रिभुवनले आफ्नो दरबार छोडेर भाग्दा नेपालभरि राजनीतिक भूकम्प आएको थियो
kranti pachhi nepal ko foreign policy ma non alignment ko principle lai clearly define gariyeko thiyo ra panchsheel principle adopt gariyeko thiyo,क्रान्ति पछि नेपालको विदेश नीतिमा गुटनिरपेक्षताको सिद्धान्तलाई स्पष्ट रूपमा परिभाषित गरिएको थियो र पञ्चशील सिद्धान्त अंगीकृत गरिएको थियो
 ko janandolan ma middle class ra educated youth haru ko bada sajhedari thiyo ra uniharule movement lai momentum diyeka thie,को जनआन्दोलनमा मध्यम वर्ग र शिक्षित युवाहरूको ठूलो सहभागिता थियो र उनिहरूले आन्दोलनलाई गतिशीलता दिएका थिए
raja tribhuvan ko health issue bhayeko tapani pani uniharu le kranti ko leadership diyeka thie ra uniharu ko sacrifice lai historical importance chha,राजा त्रिभुवनको स्वास्थ्य समस्या भएको तापनि पनि उनिहरूले क्रान्तिको नेतृत्व दिएका थिए र उनिहरूको बलिदानलाई ऐतिहासिक महत्त्व छ
 ko kranti le nepal ma modern political party ko foundation haleko thiyo ra party constitution haru banauna suru bhaeko thiyo,को क्रान्तिले नेपालमा आधुनिक राजनीतिक दलको आधार हालेको थियो र दल संविधानहरू बनाउन सुरु भएको थियो
rana shasan ko ant pachhi nepal ma law reform commission banaieko thiyo ra civil code haru revise gariyeko thiyo,राणा शासनको अन्त्य पछि नेपालमा कानून सुधार आयोग बनाइएको थियो र नागरिक संहिताहरू संशोधन गरिएको थियो
 ko delhi samjhauta ma nepal ko interim constitution ko drafting ko process pani include gariyeko thiyo ra constituent assembly ko idea diyeko thiyo,को दिल्ली सम्झौतामा नेपालको अन्तरिम संविधानको मस्यौदाको प्रक्रिया पनि समावेश गरिएको थियो र संविधान सभाको विचार दिइएको थियो
raja tribhuvan ko historical proclamation le nepal ko janata lai rana shasan bata mukti dilayeko thiyo ra new era ko aagaman ghosana gareko thiyo,राजा त्रिभुवनको ऐतिहासिक घोषणाले नेपालको जनतालाई राणा शासनबाट मुक्ति दिलाएको थियो र नयाँ युगको आगमन घोषणा गरेको थियो
 ko janandolan le nepal ko history ma ek nai pahilo successful mass movement ko udaharan pradan gareko chha ra tyas ko anusaran ra ko andolan bhaeka thiyo,को जनआन्दोलनले नेपालको इतिहासमा एक नै पहिलो सफल जनआन्दोलनको उदाहरण प्रदान गरेको छ र त्यसको अनुसरण र को आन्दोलन भएका थिए
nepal ma pahilo jana nirbachan saal falgun gate bata suru bhayeko thiyo ra tyo pani bicameral parliament ko lagi thiyo,नेपालमा पहिलो जन निर्वाचन साल फागुन गतेबाट सुरु भएको थियो र त्यो पनि द्विसदनीय पार्लियामेन्टको लागि थियो
pahilo jana nirbachan ma total seats ko pratinidhi sabha ra seats ko mahasabha ko lagi voting bhaeko thiyo,पहिलो जन निर्वाचनमा कुल सिटको प्रतिनिधि सभा र सिटको महासभाको लागि मतदान भएको थियो
jana nirbachan ma nepal ra congress party le seats jiteko thiyo ra b p koirala pradhan mantri bhaeka thie,जन निर्वाचनमा नेपाली काँग्रेस पार्टीले सिट जितेको थियो र बी पी कोइराला प्रधानमन्त्री भएका थिए
gorkha parishad le seats prapta gareko thiyo ra tyo pachhi ko pramukh opposition party bhaeko thiyo,गोरखा परिषदले सिट प्राप्त गरेको थियो र त्यो पछिको प्रमुख विपक्षी दल भएको थियो
pahilo jana nirbachan ma voter turnout percent jati thiyo ra dherai thau ma traditional method le voting gariyeko thiyo,पहिलो जन निर्वाचनमा मतदाता सहभागिता प्रतिशत जति थियो र धेरै ठाउँमा परम्परागत विधिले मतदान गरिएको थियो
raja mahendra le saal ko constitution jari gareko thiyo ra tyas anusar nai jana nirbachan aayojana gariyeko thiyo,राजा महेन्द्रले सालको संविधान जारी गरेको थियो र त्यस अनुसार नै जन निर्वाचन आयोजना गरिएको थियो
pahilo jana nirbachan ma total lakh voter haru register bhaeka thiyo ra tyas bela adult franchise ko principle lai adopt gariyeko thiyo,पहिलो जन निर्वाचनमा कुल लाख मतदाताहरू दर्ता भएका थिए र त्यस बेला वयस्क मताधिकारको सिद्धान्तलाई अंगीकृत गरिएको थियो
election commission nepal ko pahilo election commissioner subarna shamsher rana thie ra uniharu le nirbachan samagri tayar gareka thie,निर्वाचन आयोग नेपालको पहिलो निर्वाचन आयुक्त सुवर्ण शम्शेर राणा थिए र उनिहरूले निर्वाचन सामग्री तयार गरेका थिए
pahilo jana nirbachan ma ota district haru ma voting center kholeko thiyo ra security ko laagi police ra military deploy gariyeko thiyo,पहिलो जन निर्वाचनमा ओटा जिल्लाहरूमा मतदान केन्द्र खोलिएको थियो र सुरक्षाको लागि प्रहरी र सेना तैनाथ गरिएको थियो
 saal ko constitution le nepal lai constitutional monarchy ra parliamentary loktantra ghoshana gareko thiyo,सालको संविधानले नेपाललाई संवैधानिक राजतन्त्र र पार्लियामेन्टरी लोकतन्त्र घोषणा गरेको थियो
pahilo jana nirbachan pachhi b p koirala ko government le land reform program suru gareko thiyo ra birta pratha hatako thiyo,पहिलो जन निर्वाचन पछि बी पी कोइरालाको सरकारले भूमि सुधार कार्यक्रम सुरु गरेको थियो र बिर्ता प्रथा हटाएको थियो
election campaign ma nepal ra congress le aarthik samajik sudhar ko promise gareko thiyo ra pani bijuli ko bikash ko boli diyeko thiyo,निर्वाचन अभियानमा नेपाली काँग्रेसले आर्थिक सामाजिक सुधारको प्रतिबद्धता गरेको थियो र पानी बिजुलीको विकासको बोली दिएको थियो
gorkha parishad le traditional value ra monarchy ko strong support ko platform ma abhiyan gareko thiyo,गोरखा परिषदले परम्परागत मूल्य र राजतन्त्रको बलियो समर्थनको प्लेटफर्ममा अभियान गरेको थियो
pahilo jana nirbachan ma communist party haru le dherai seat jitna sakeko thienan tara uniharuko presence le political spectrum broaden gareko thiyo,पहिलो जन निर्वाचनमा कम्युनिस्ट पार्टीहरूले धेरै सिट जित्न सकेको थिएनन् तर उनिहरूको उपस्थितिले राजनीतिक स्पेक्ट्रम विस्तार गरेको थियो
raja mahendra le poush gate loktantra lai dismiss gareko thiyo ra panchayat system lai restore gareko thiyo,राजा महेन्द्रले पुष गते लोकतन्त्रलाई खारेज गरेको थियो र पञ्चायत प्रणालीलाई पुनर्स्थापना गरेको थियो
pahilo jana nirbachan ko result anusar pratinidhi sabha ma nepal ra congress ko clear majority thiyo ra opposition ma ota party thie,पहिलो जन निर्वाचनको नतिजा अनुसार प्रतिनिधि सभामा नेपाली काँग्रेसको स्पष्ट बहुमत थियो र विपक्षमा ओटा दल थिए
election ma international observer haru ko presence thiyo ra uniharule nepal ko pahilo jana nirbachan lai transparent bhaneka thie,निर्वाचनमा अन्तर्राष्ट्रिय पर्यवेक्षकहरूको उपस्थिति थियो र उनिहरूले नेपालको पहिलो जन निर्वाचनलाई पारदर्शी भनेका थिए
pahilo jana nirbachan pachhi banaeko government le nepal india ko ko treaty ko revision ko prayas gareko thiyo,पहिलो जन निर्वाचन पछि बनेको सरकारले नेपाल भारतको को सन्धिको संशोधनको प्रयास गरेको थियो
 saal ko constitution anusar raja mahendra le afno emergency power use garera ma loktantra suspend gareka thie,सालको संविधान अनुसार राजा महेन्द्रले आफ्नो आपतकालीन शक्ति प्रयोग गरेरमा लोकतन्त्र निलम्बन गरेका थिए
pahilo jana nirbachan ma candidate haru ko election expense limit set gariyeko thiyo ra tyo time ma dherai campaign cost lagdaina thiyo,पहिलो जन निर्वाचनमा उम्मेदवारहरूको निर्वाचन खर्च सीमा निर्धारण गरिएको थियो र त्यो समयमा धेरै अभियान लागत लाग्दैन थियो
election commission le voter education ko laagi radio program haru chalayeko thiyo ra newspaper ma advertisement publish gariyeko thiyo,निर्वाचन आयोगले मतदाता शिक्षाको लागि रेडियो कार्यक्रमहरू चलाएको थियो र समाचारपत्रमा विज्ञापन प्रकाशित गरिएको थियो
pahilo jana nirbachan ma women candidate haru ko sankhya ali thiyo tara few women haru le seat jiteka thie,पहिलो जन निर्वाचनमा महिला उम्मेदवारहरूको संख्या अलि थियो तर केही महिलाहरूले सिट जितेका थिए
 ko jana nirbachan le nepal ma modern election process ko foundation haleko thiyo ra democratic tradition ko suruwat gareko thiyo,को जन निर्वाचनले नेपालमा आधुनिक निर्वाचन प्रक्रियाको आधार हालेको थियो र लोकतान्त्रिक परम्पराको सुरुवात गरेको थियो
raja mahendra ko dissolution of parliament pachhi b p koirala ra unika sathi haru lai jail ma halaeyeko thiyo,राजा महेन्द्रको पार्लियामेन्ट विघटन पछि बी पी कोइराला र उनका साथीहरूलाई जेलमा हालाएको थियो
pahilo jana nirbachan ma voting method ma ballot paper ko prayog gariyeko thiyo ra voter haru le candidate ko naam ma nishan lagauthie,पहिलो जन निर्वाचनमा मतदान विधिमा ब्यालट पेपरको प्रयोग गरिएको थियो र मतदाताहरूले उम्मेदवारको नाममा निशान लगाउथिए
election result declare huna days jati lagako thiyo kinaki manual counting process dherai time consume garthiyo,निर्वाचन नतिजा घोषणा हुन दिन जति लागेको थियो किनकि म्यानुअल गणना प्रक्रिया धेरै समय खप्ती गर्थियो
pahilo jana nirbachan pachhi banaeko parliament le civil liberty haru ko expansion gareko thiyo ra fundamental right haru protect gareko thiyo,पहिलो जन निर्वाचन पछि बनेको पार्लियामेन्टले नागरिक स्वतन्त्रताहरूको विस्तार गरेको थियो र मौलिक अधिकारहरू संरक्षण गरेको थियो
 ko jana nirbachan ma terai region ma dherai seat nepal ra congress le jiteko thiyo ra hill region ma mixed result aayeko thiyo,को जन निर्वाचनमा तराई क्षेत्रमा धेरै सिट नेपाली काँग्रेसले जितेको थियो र पहाडी क्षेत्रमा मिश्रित नतिजा आएको थियो
raja mahendra ko ko coup le pahilo elected government ko ant gareko thiyo ra direct rule suru gareko thiyo,राजा महेन्द्रको को कुपले पहिलो निर्वाचित सरकारको अन्त्य गरेको थियो र प्रत्यक्ष शासन सुरु गरेको थियो
pahilo jana nirbachan ma international media coverage thiyo ra nepal ko democratic transition lai positive light ma heriyeko thiyo,पहिलो जन निर्वाचनमा अन्तर्राष्ट्रिय मिडिया कवरेज थियो र नेपालको लोकतान्त्रिक परिवर्तनलाई सकारात्मक रोशनीमा हेरिएको थियो
election commission le voter list tayar garna lai national census data ko adhar liyeko thiyo ra tyas ma error dherai thiyo,निर्वाचन आयोगले मतदाता सूची तयार गर्न लागि राष्ट्रिय जनगणना डाटाको आधार लिएको थियो र त्यसमा त्रुटि धेरै थियो
pahilo jana nirbachan ko experience le nepal ma election management ko institutional capacity build gareko thiyo,पहिलो जन निर्वाचनको एक्स्पिरिएन्सले नेपालमा निर्वाचन व्यवस्थापनको संस्थागत क्षमता निर्माण गरेको थियो
 ko constitution le raja lai military ko supreme commander banaeko thiyo ra tyasle pachhi ko political crisis ma role play gareko thiyo,को संविधानले राजालाई सेनाको सर्वोच्च कमाण्डर बनाएको थियो र त्यसले पछिको राजनीतिक संकटमा भूमिका निभाएको थियो
pahilo jana nirbachan ma candidate haru ko qualification minimum age years ra nepal ko nagarik hunu parthiyo,पहिलो जन निर्वाचनमा उम्मेदवारहरूको योग्यता न्यूनतम उमेर वर्ष र नेपालको नागरिक हुनु पर्थियो
raja mahendra ko panchayat system le party politics ban gareko thiyo ra years samma multi party election bhaena,राजा महेन्द्रको पञ्चायत प्रणालीले दलीय राजनीति प्रतिबन्ध गरेको थियो र वर्षसम्म बहुदलीय निर्वाचन भएन
pahilo jana nirbachan le nepal ko political culture ma professional politician haru ko utthan gareko thiyo,पहिलो जन निर्वाचनले नेपालको राजनीतिक संस्कृतिमा पेशेवर राजनीतिज्ञहरूको उत्थान गरेको थियो
 ko jana nirbachan pachhi banaeko government le foreign policy ma non alignment continue gareko thiyo,को जन निर्वाचन पछि बनेको सरकारले विदेश नीतिमा गुटनिरपेक्षता जारी राखेको थियो
election ma nepal ra congress ko symbol umbrella thiyo ra gorkha parishad ko symbol plough thiyo,निर्वाचनमा नेपाली काँग्रेसको प्रतीक छाता थियो र गोरखा परिषदको प्रतीक हलो थियो
pahilo jana nirbachan ko result le nepal ma peaceful power transfer ko possibility dekhaeko thiyo,पहिलो जन निर्वाचनको नतिजाले नेपालमा शान्तिपूर्ण शक्ति हस्तान्तरणको सम्भावना देखाएको थियो
raja mahendra ko ko move le international community ko reaction mixed thiyo ra kehi desh haru le criticize gare,राजा महेन्द्रको को कदमले अन्तर्राष्ट्रिय समुदायको प्रतिक्रिया मिश्रित थियो र केही देशहरूले आलोचना गरे
pahilo jana nirbachan ma election dispute haru ko settlement ko laagi election tribunal banaieko thiyo,पहिलो जन निर्वाचनमा निर्वाचन विवादहरूको निपटानको लागि निर्वाचन अधिकरण बनाइएको थियो
 ko jana nirbachan le nepal ko loktantra ko pahilo experiment ko rup ma historical importance bhaeko chha,को जन निर्वाचनले नेपालको लोकतन्त्रको पहिलो प्रयोगको रूपमा ऐतिहासिक महत्त्व भएको छ
raja mahendra ko dissolution of elected government ko legal justification ko constitution ko article ma emergency power thiyo,राजा महेन्द्रको निर्वाचित सरकार विघटनको कानुनी औचित्य को संविधानको धारामा आपतकालीन शक्ति थियो
pahilo jana nirbachan ma rural area haru ma voting center pugna gaaro thiyo ra dherai manche haru le voting garna paidaina thie,पहिलो जन निर्वाचनमा ग्रामीण क्षेत्रहरूमा मतदान केन्द्र पुग्न गाह्रो थियो र धेरै मानिसहरूले मतदान गर्न पाइदैन थिए
election commission le voting process ma transparency maintain garna lai candidate representative haru lai counting observe garna diyeko thiyo,निर्वाचन आयोगले मतदान प्रक्रियामा पारदर्शिता कायम गर्न लागि उम्मेदवार प्रतिनिधिहरूलाई गणना हेर्न दिइएको थियो
pahilo jana nirbachan ko legacy nepal ko democratic movement ma ek milestone ko rup ma chha ra tyas le pachhiko generation lai inspire gareko chha,पहिलो जन निर्वाचनको विरासत नेपालको लोकतान्त्रिक आन्दोलनमा एक माइलस्टोनको रूपमा छ र त्यसले पछिको पुस्तालाई प्रेरित गरेको छ
pulchowk campus ko robotics lab ma student haru le solar powered drone haru ko prototype banayera teslai krishi prayog ma prayog gare,पुल्चोक क्याम्पसको रोबोटिक्स ल्याबमा विद्यार्थीहरूले सौर्य ऊर्जा चालित ड्रोनहरूको प्रोटोटाइप बनाएर तेसलाई कृषि प्रयोगमा प्रयोग गरे
chitwan national park ko kathmandu paschim highway sangam ma baneko eco tourism hub le prakritik sampada lai sampadanma parivartan gareko chha,चितवन राष्ट्रिय निकुञ्जको काठमाडौँ पश्चिम हाइवे सङ्गममा बनेको इको टुरिज्म हबले प्राकृतिक सम्पदालाई सम्पदामा परिवर्तन गरेको छ
kavrepalanchok jilla ko panchkhal ma sthit model school le smart board ra projector haru ko prayog garda padhai ko gunastariya badhyo,काभ्रेपलाञ्चोक जिल्लाको पाँचखालमा स्थित मोडल स्कूलले स्मार्ट बोर्ड र प्रोजेक्टरहरूको प्रयोग गर्दा पढाइको गुणस्तरियता बढ्यो
taplejung ko phungling bazar ma baneko micro hydro project le thulo bijuli ko aayat lai kam gardai desh nirbharata ko kadam rakhya,ताप्लेजुङको फुङलिङ बजारमा बनेको माइक्रो हाइड्रो परियोजनाले ठूलो बिजुलीको आयातलाई कम गर्दै देश निर्भरताको कदम राख्या
morang ko biratnagar ma sthit koshi zonal hospital le telemedicine ko sahayata le durgam thau ko rogi lai upachar puryaune prayas gareko chha,मोरङको विराटनगरमा स्थित कोशी क्षेत्रीय अस्पतालले टेलिमेडिसिनको सहायताले दुर्गम ठाउँको रोगीलाई उपचार पुर्याउने प्रयास गरेको छ
lamjung ko besishahar ma krishi yantra pradarshan melale kisan lai tractor ra seed drill ko upyogita ko baarema jaankaari diyeko thiyo,लमजुङको बेसीशाहरमा कृषि यन्त्र प्रदर्शन मेलाले किसानलाई ट्र्याक्टर र सीड ड्रिलको उपयोगिताको बारेमा जानकारी दिएको थियो
kathmandu ra hetauda bichka naya aawaranik sadak le yatra samay thulo kami garda samay ra lagat bachat bhako chha,काठमाडौँ र हेटौँडा बीचका नयाँ आवरणिक सडकले यात्रा समय ठूलो कमी गर्दा समय र लागत बचत भएको छ
nepal academy le sanchar media ma samskritik sandarbh haru lai sahi dhang le prastut garnu parne aawashyakta raheko bataye,नेपाल एकेडेमीले सञ्चार माध्यममा सांस्कृतिक सन्दर्भहरूलाई सही ढङ्गले प्रस्तुत गर्नु पर्ने आवश्यकता रहेको बताए
madan mani dixit ko lekhan le nepali samaj ma raheko thulo mansikta parivartan haru lai nischal rupma kalam ma ukale,मदन मणि दीक्षितको लेखनले नेपाली समाजमा रहेको ठूलो मानसिकता परिवर्तनहरूलाई निश्चल रूपमा कलममा उकाले
nepal ko chhayaun thau haru ma climate resilience ko lagi bamboo ko upyog gari ek ikai ghar haru banayera prayog suru bhaeko chha,नेपालको छायाउँ ठाउँहरूमा जलवायु प्रतिरोधकताको लागि बाँसको उपयोग गरी एक एकै घरहरू बनाएर प्रयोग सुरू भएको छ
dang ko ghorahi ma sthit national wheat research program le uunno gehu prajati haru ko seeds vilat pani nirdharit gardai chha,दाङको घोराहीमा स्थित राष्ट्रिय गहुँ अनुसन्धान कार्यक्रमले उन्नत गहुँ प्रजातिहरूको बीउ विलात पनि निर्धारित गर्दै छ
kailali jilla ko dhangadhiki ma baneko solar microgrid le thulo bijuli aayat nabhayeko thau harumaa sthir bijuli upalabdha garauxa,कैलाली जिल्लाको धनगढीमा बनेको सौर्य माइक्रोग्रिडले ठूलो बिजुली आयात नभएको ठाउँहरूमा स्थिर बिजुली उपलब्ध गराउँछ
rasuwa ko gosaikunda tal ma janma din haru ko aasama thulo bhid hune hunchha jasma prakritik sampada ra sanskritik manniyata milcha,रसुवाको गोसाइकुण्ड तालमा जन्म दिनहरूको आशामा ठूलो भीड हुने हुन्छ जसमा प्राकृतिक सम्पदा र सांस्कृतिक मान्यता मिल्छ
nepal army le himalaya ko thulo bhukamp pachhi sarokar gari durgam thau haru ma road banayera udhar pugne prayaas garya,नेपाली सेनाले हिमालको ठूलो भूकम्प पछि सरोकार गरी दुर्गम ठाउँहरूमा सडक बनाएर उद्धार पुग्ने प्रयास गर्या
kathmandu university le digital literacy program antargat rural teacher haru lai online padhaiko prashikshan diyeko chha,काठमाडौँ विश्वविद्यालयले डिजिटल साक्षरता कार्यक्रम अन्तर्गत ग्रामीण टिचरहरूलाई अनलाइन पढाइको प्रशिक्षण दिएको छ
jhapa ko bhadrapur ma sthit eastern regional agricultural research station le alu ra makai ko naya prajati haru ko prayog gardai chha,झापाको भद्रपुरमा स्थित पूर्वी क्षेत्रीय कृषि अनुसन्धान केन्द्रले आलु र मकैको नयाँ प्रजातिहरूको प्रयोग गर्दै छ
bheri sub region ko surkhet ma baneko drip irrigation model farm le pani bachat garne sahit phalful ko utpadan thulo badhayo,भेरी उपक्षेत्रको सुर्खेतमा बनेको ड्रिप सिँचाइ मोडल फार्मले पानी बचत गर्ने सहित फलफूलको उत्पादन ठूलो बढायो
nepal music association le kathmandu ma aayojana gareko geet sangalo mahotsab ma anupam kafle ra mukti raj pandey le sangeet saanjha gare,नेपाल सङ्गीत सङ्घले काठमाडौँमा आयोजना गरेको गीत सङ्गालो महोत्सवमा अनुपम काफ्ले र मुक्ति राज पाण्डेले सङ्गीत साझा गरे
ramesh dahal ko nirdeshan ma suru bhaeko jhola chha film le ghumanteyuwa ko jibanko kathaa lai manobhaab ma utarne prayas garyo,रमेश दाहालको निर्देशनमा सुरू भएको झोला छा फिल्मले घुमन्तेयुवाको जीवनको कथालाई मनोभावमा उतार्ने प्रयास गर्यो
maobadi yuddhako pachhi janajati haru ko rajnitik pratinidhi tatha prashasan ma sammelan badhyo tara samaan abasar paune thau kam chha,माओवादी युद्धको पछि जनजातिहरूको राजनीतिक प्रतिनिधि तथा प्रशासनमा सम्मेलन बढ्यो तर समान अवसर पाउने ठाउँ कम छ
triyuga engineering college le ai aur machine learning ko lagi open lab khole ra tyaha student ra startup haru milera prayog gardai chhan,त्रियुगा इन्जिनियरिङ कलेजले एआई र मेसिन लर्निङको लागि ओपन ल्याब खोले र त्यहाँ विद्यार्थी र स्टार्टअपहरू मिलेर प्रयोग गर्दै छन्
banke jilla ko kohalpur ma sthit sugauli krishi anushandhan kendra le til ko uunno prajati haru ko parikshan gari sakyo,बाँके जिल्लाको कोहलपुरमा स्थित सुगौली कृषि अनुसन्धान केन्द्रले तिलको उन्नत प्रजातिहरूको परीक्षण गरि सक्यो
nepal electricity authority le chitwan jilla ko narayangadh ma baneko kv substation le madheshi bhaag ma bijuli ko vitaran sudhare,नेपाल विद्युत् प्राधिकरणले चितवन जिल्लाको नारायणगढमा बनेको केभी सबस्टेशनले मधेशी भागमा बिजुलीको वितरण सुधारे
dolakha ko jiri ma mobile veterinary unit le pashu palan ma sahayog garda gau palika le aarthik fayada paaye,दोलखाको जिरीमा मोबाइल भेटेरिनरी युनिटले पशु पालनमा सहयोग गर्दा गाउँपालिकाले आर्थिक फाइदा पाए
kathmandu valley ko newa samaj le yartaharle jaadui sanskriti ra parampara lai bachauna sajilo raheko bataye,काठमाडौँ उपत्यकाको नेवा समाजले यात्राहरूले जादुई संस्कृति र परम्परालाई बचाउन सजिलो रहेको बताए
nepal film development board le digital restauration project antargat purano chitrakar haru ko film haru lai naya upakaran le sudhareko chha,नेपाल चलचित्र विकास बोर्डले डिजिटल पुनर्स्थापना परियोजना अन्तर्गत पुरानो चित्रकारहरूको फिल्महरूलाई नयाँ उपकरणले सुधारेको छ
khumbu pasang lhamu rural municipality le sagarmatha national park bhitra parne gauharu ma alternative energy ko prayog badhaune prayas gareko chha,खुम्बु पासाङ ल्हामु गाउँपालिकाले सगरमाथा राष्ट्रिय निकुञ्ज भित्र पर्ने गाउँहरूमा वैकल्पिक ऊर्जाको प्रयोग बढाउने प्रयास गरेको छ
prithvi narayan campus le education technology ko prayog le padhai ko gunastariya badhauda online assessment system pani suru gareko chha,पृथ्वी नारायण क्याम्पसले शिक्षा प्रविधिको प्रयोगले पढाइको गुणस्तरियता बढाउँदा अनलाइन मूल्याङ्कन प्रणाली पनि सुरू गरेको छ
siraha ko lakhnau ma sthit maithili cultural academy le lok geet ra jhyaure nritya ko darpal ma prashikshan aayojan gareko chha,सिराहाको लखनऊमा स्थित मैथिली सांस्कृतिक एकेडेमीले लोक गीत र झ्याउरे नृत्यको दरपलमा प्रशिक्षण आयोजन गरेको छ
bajura ko jagnath rural municipality le rainwater harvesting ko prayog le dhulo pani lai upyogi banaera krishi ma sahayog gareko chha,बाजुराको जगन्नाथ गाउँपालिकाले वर्षाजल संग्रहणको प्रयोगले धूलो पानीलाई उपयोगी बनाएर कृषिमा सहयोग गरेको छ
nuwakot ko bidur nagar palika ma baneko community biogas plant le gharbari level ma ooran thyo upalabdha gareko chha,नुवाकोटको विदुर नगरपालिकामा बनेको सामुदायिक बायोग्यास संयन्त्रले घरबारी स्तरमा उराँ थ्यो उपलब्ध गराएको छ
gaurishankar conservation area ma sthit roluwabeshi thau le climate change ko prabhaab le himpadanko halchal lai badhda dekhiyeko chha,गौरीशङ्कर संरक्षण क्षेत्रमा स्थित रोलुवाबेशी ठाउँले जलवायु परिवर्तनको प्रभावले हिमपातको हलचललाई बढ्दा देखिएको छ
tinau jalbidyut aayojanale palpa jilla ko tansen bazar ma bijuli ko avashyakta poora garne sahit aarthik bibhinnata badhaeko chha,तिनाउ जलविद्युत् आयोजनाले पाल्पा जिल्लाको तानसेन बजारमा बिजुलीको आवश्यकता पूरा गर्ने सहित आर्थिक विविधता बढाएको छ
nepal academy of music and drama le kathmandu ma suru gareko theatre lab le tarun natyakar haru lai abhyas ra manch ko avasar diyeko chha,नेपाल सङ्गीत र नाट्य एकेडेमीले काठमाडौँमा सुरू गरेको थिएटर ल्याबले तरुण नाट्यकारहरूलाई अभ्यास र मञ्चको अवसर दिएको छ
dinesh adhikari ko nirdeshan ma baneko kagbeni film le upper mustang ko thulo thulo parivartan haru lai camera ma samlagne tryas garyo,दिनेश अधिकारीको निर्देशनमा बनेको काग्बेनी फिल्मले अपर मुस्ताङको ठूलो ठूलो परिवर्तनहरूलाई क्यामेरामा सम्लग्ने त्र्यास गर्यो
nepal ko samajik nagrik adhikar haru ko lagi jan andolan le rajnitik dal haru ma thulo chhaap chhodaeko chha,नेपालको सामाजिक नागरिक अधिकारहरूको लागि जन आन्दोलनले राजनीतिक दलहरूमा ठूलो छाप छोडेको छ
purbanchal university le cloud based research repository sahit ko prashikshan diye faculty lai digital publication ko lagi tayar gareko chha,पूर्वाञ्चल विश्वविद्यालयले क्लाउड आधारित अनुसन्धान भण्डार सहितको प्रशिक्षण दिए फ्याकल्टीलाई डिजिटल प्रकाशनको लागि तयार गरेको छ
kanchanpur ko mahendranagar ma sthit far western krishi vikas kendra le arhar ra mas ko uunno prajati haru ko parikshan gari rakhya chha,कञ्चनपुरको महेन्द्रनगरमा स्थित सुदूरपश्चिम कृषि विकास केन्द्रले अरहर र मसको उन्नत प्रजातिहरूको परीक्षण गरि राख्या छ
makwanpur ko hetauda upatyaka ma baneko national grid interconnection le bijuli ko avashyakta lai sthir ra nirdharit banayera rakhya,मकवानपुरको हेटौँडा उपत्यकामा बनेको राष्ट्रिय ग्रिड अन्तर्जोडले बिजुलीको आवश्यकतालाई स्थिर र निर्धारित बनाएर राख्या
nuwakot ko kispang ma sthit community health center le maternal health ko lagi antenatal care ko avasar badhaeko chha,नुवाकोटको किस्पाङमा स्थित सामुदायिक स्वास्थ्य केन्द्रले मातृ स्वास्थ्यको लागि एन्टिनेटल केयरको अवसर बढाएको छ
lamjung jilla ko kwhola thar ma thulo thulo hawa chakki haru banauna yojanit aayojanale desh bhari energy diversification ma yogdan diyo,लमजुङ जिल्लाको ख्वोला थारमा ठूलो ठूलो हावा चक्कीहरू बनाउन योजनित आयोजनाले देशभरि ऊर्जा विविधीकरणमा योगदान दियो
bharat nepal maitri sadak le birgunj ra raxaul bichko vyaapar lai thulo badhaauna sahayog gareko chha,भारत नेपाल मैत्री सडकले विरगञ्ज र रक्सौल बीचको व्यापारलाई ठूलो बढाउन सहयोग गरेको छ
kathmandu university school of medical sciences le community based medical education ko lagi dhanagadhi ma branch kholeko chha,काठमाडौँ विश्वविद्यालय मेडिकल विज्ञान विद्यालयले सामुदायिक आधारित चिकित्सा शिक्षाको लागि धनगढीमा शाखा खोलेको छ
taplejung jilla ko pathibhara teertha yatra ma nepal army le sadak sudhar garda sarokar gari udhar pugne prayas garya,ताप्लेजुङ जिल्लाको पाथीभरा तीर्थ यात्रामा नेपाली सेनाले सडक सुधार गर्दा सरोकार गरी उद्धार पुग्ने प्रयास गर्या
sindhupalchok ko melamchi jal aayojanale kathmandu upatyaka ma pani ki paryaptata ra gunastariya badhauna sahayog gareko chha,सिन्धुपाल्चोकको मेलम्छी जल आयोजनाले काठमाडौँ उपत्यकामा पानीकी पर्याप्तता र गुणस्तरियता बढाउन सहयोग गरेको छ
lalitpur mahalaxmi nagarpaalika le intangible cultural heritage lai digital archive ma sanskar garda newari bhasa ko sampada lai rakhna sahayog gareko chha,ललितपुर महालक्ष्मी नगरपालिकाले अदृश्य सांस्कृतिक विरासतलाई डिजिटल अभिलेखमा संस्कार गर्दा नेवारी भाषाको सम्पदालाई राख्न सहयोग गरेको छ
mugu ko soru ma sthit himalayan conservation programme le snow leopard ko sanshyaanko karan ra bachatko upaya haru khalas gareko chha,मुगुको सोरुमा स्थित हिमालयन संरक्षण कार्यक्रमले स्नो लेपर्डको संख्याङ्को कारण र बचतको उपायहरू खलास गरेको छ
sudur paschim pradesh ko mahakali nadi nepal ra india ko beech ko natural border ho ra tyas ko origin himalayan range ma chha,सुदूर पश्चिम प्रदेशको महाकाली नदी नेपाल र भारतको बीचको प्राकृतिक सीमा हो र त्यसको उद्गम हिमालयन श्रृंखलामा छ
karnali nadi sudur paschim pradesh ko sabai bhanda lamba nadi ho ra tyo china ko tibet bata aayera nepal ma prabesh garchha,कर्णाली नदी सुदूर पश्चिम प्रदेशको सबैभन्दा लामो नदी हो र त्यो चीनको तिब्बतबाट आएर नेपालमा प्रवेश गर्छ
seti nadi kailali district ma bahne mahatwapurna nadi ho ra tyas le chure hill range lai cross garchha ra irrigation ko laagi prayog hunchha,सेती नदी कैलाली जिल्लामा बग्ने महत्वपूर्ण नदी हो र त्यसले चुरे पहाडी श्रृंखलालाई क्रस गर्छ र सिँचाइको लागि प्रयोग हुन्छ
bheri nadi ko dhaireng tributary sudur paschim pradesh ko dang district bata suru hunchha ra tyas ko pani agricultural purpose ko laagi upyog hunchha,भेरी नदीको धाइरेंग सहायक नदी सुदूर पश्चिम प्रदेशको दाङ जिल्लाबाट सुरु हुन्छ र त्यसको पानी कृषि उद्देश्यको लागि उपयोग हुन्छ
mohana nadi kanchanpur district ko terai ma bahne nadi ho ra monsoon season ma tyas ko pani level dherai badhchha ra flood auna sakchha,मोहना नदी कञ्चनपुर जिल्लाको तराईमा बग्ने नदी हो र मनसुन सिजनमा त्यसको पानी स्तर धेरै बढ्छ र बाढी आउन सक्छ
kandra nadi bajhang district ko pahadi ilaka ma bahne nadi ho ra tyas ko stream local pani ko pradhan source ho,कान्द्रा नदी बझाङ जिल्लाको पहाडी इलाकामा बग्ने नदी हो र त्यसको धारा स्थानीय पानीको प्रधान स्रोत हो
lungri khola achham district ma bahne chhoto nadi ho ra tyas le local kheti ko laagi pani provide garchha,लुङ्ग्री खोला अछाम जिल्लामा बग्ने सानो नदी हो र त्यसले स्थानीय खेतीको लागि पानी प्रदान गर्छ
surnaya nadi baitadi district ma bahne nadi ho ra tyas ko catchment area ma dherai community forest haru chha,सुर्नाया नदी बैतडी जिल्लामा बग्ने नदी हो र त्यसको जलाधार क्षेत्रमा धेरै सामुदायिक वनहरू छन्
dhauliganga nadi darchula district ma bahne himalayan glacier bata aayeko nadi ho ra hydropower potential ekdamai high chha,धौलीगंगा नदी दार्चुला जिल्लामा बग्ने हिमालयन ग्लेशियरबाट आएको नदी हो र जलविद्युत् सम्भाव्यता एकदमै उच्च छ
chaulagain khola doti district ma bahne khola ho ra tyas ko pani drinking water supply project ko laagi utilize hunchha,चौलगाइँ खोला डोटी जिल्लामा बग्ने खोला हो र त्यसको पानी पिउने पानी आपूर्ति परियोजनाको लागि उपयोग हुन्छ
gadgada khola kailali district ko chure region ma bahne seasonal stream ho ra summer ma sukkinchha,गडगडा खोला कैलाली जिल्लाको चुरे क्षेत्रमा बग्ने मौसमी धारा हो र गर्मीमा सुक्खिन्छ
khadkawada nadi kanchanpur district ma bahne nadi ho ra tyas ko bank ma dherani agricultural land chha,खड्कावाडा नदी कञ्चनपुर जिल्लामा बग्ने नदी हो र त्यसको किनारामा धेरैनी कृषि योग्य जमिन छ
tila nadi bajura district ma bahne himalayan origin ko nadi ho ra tyas ko pani mineral content dherai chha,तिला नदी बाजुरा जिल्लामा बग्ने हिमालयन उद्गमको नदी हो र त्यसको पानीमा खनिज तत्त्व धेरै छ
seti river ko tributary sanphobheri nadi dadeldhura district ma bahne nadi ho ra tyas ko pani quality ekdamai ramro chha,सेती नदीको सहायक नदी सान्फोभेरी नदी डडेलधुरा जिल्लामा बग्ने नदी हो र त्यसको पानीको गुणस्तर एकदमै राम्रो छ
budhiganga nadi bajura ra achham district haru ma bahne nadi ho ra irrigation project haru tyas math dependant chha,बुद्धिगंगा नदी बाजुरा र अछाम जिल्लाहरूमा बग्ने नदी हो र सिँचाइ परियोजनाहरू त्यसमा निर्भर छन्
karnali ko major tributary humla karnali nadi humla district bata aayeko chha ra tyas ko flow ekdamai turbulent chha,कर्णालीको प्रमुख सहायक नदी हुम्ला कर्णाली नदी हुम्ला जिल्लाबाट आएको छ र त्यसको प्रवाह एकदमै तीव्र छ
mahakali nadi ko sharda barrage india le nirman gareko chha ra tyas bata irrigation ra hydropower ko laagi pani divert garchha,महाकाली नदीको शारदा ब्यारेज भारतले निर्माण गरेको छ र त्यसबाट सिँचाइ र जलविद्युत्को लागि पानी डाइभर्ट गर्छ
seti river ko dam construction ko plan chha ra tyas le kailali ra kanchanpur district ma flood control ma sahayog garchha,सेती नदीको बाँध निर्माणको योजना छ र त्यसले कैलाली र कञ्चनपुर जिल्लामा बाढी नियन्त्रणमा सहयोग गर्छ
bheri nadi ko pani quality test gareko ma tyas ma dherai mineral ra sediment paieko chha,भेरी नदीको पानीको गुणस्तर परीक्षण गरेकोमा त्यसमा धेरै खनिज र तलब माती पाइएको छ
mohana nadi ko estuary ma dherani aquatic species paunchha ra local fisherman haru tyaha maachha marne garchha,मोहना नदीको मुहानमा धेरैनी जलजीव प्रजाति पाउन्छ र स्थानीय माझीहरू त्यहाँ माछा मार्ने गर्छन्
kandra nadi ko upper catchment ma community forestry le soil erosion control ma ramro sahayog gareko chha,कान्द्रा नदीको माथिल्लो जलाधारमा सामुदायिक वानिकीले माटोको क्षरण नियन्त्रणमा राम्रो सहयोग गरेको छ
lungri khola ma seasonal fish migration herna paunchha ra local conservation group le tyas ko protection ko lagi campaign gareko chha,लुङ्ग्री खोलामा मौसमी माछा स्थानान्तरण हेर्न पाउन्छ र स्थानीय संरक्षण समूहले त्यसको संरक्षणको लागि अभियान गरेको छ
surnaya nadi ko watershed management project le local water table improve gareko chha ra spring revival bhaeko chha,सुर्नाया नदीको जलाधार व्यवस्थापन परियोजनाले स्थानीय भूजल तहलाई सुधार गरेको छ र सोतो पुनरुत्थान भएको छ
dhauliganga nadi ma proposed hydropower project ko environmental impact assessment report public gari sakieko chha,धौलीगंगा नदीमा प्रस्तावित जलविद्युत् परियोजनाको पर्यावरणीय प्रभाव मूल्याङ्कन प्रतिवेदन सार्वजनिक गरि सकिएको छ
chaulagain khola ko drinking water scheme le dherai gaun ko pani ko samasya solve gareko chha,चौलगाइँ खोलाको पिउने पानी योजनाले धेरै गाउँको पानीको समस्या समाधान गरेको छ
gadgada khola ko recharge zone ma illegal sand mining bhaeko report chha ra authority le tyas ma control kasari garcha bhanne chintana chha,गडगडा खोलाको रिचार्ज जोनमा अवैध बालुवा खननी भएको रिपोर्ट छ र प्राधिकारीले त्यसमा कसरी नियन्त्रण गर्छ भन्ने चिन्तना छ
khadkawada nadi ko flood plain ma settlement badaeko chha ra risk mapping project le vulnerable area identify gareko chha,खड्कावाडा नदीको बाढी मैदानमा बसोबास बढाएको छ र जोखिम मानचित्रण परियोजनाले संवेदनशील क्षेत्र पहिचान गरेको छ
tila nadi ko glacial melt water le summer ma pani ko abundant supply garchha tara climate change le future ma asar huna sakchha,तिला नदीको हिमनदी पिघ्लने पानीले गर्मीमा पानीको प्रचुर आपूर्ति गर्छ तर जलवायु परिवर्तनले भविष्यमा असर हुन सक्छ
sanphobheri nadi ko water quality monitoring station le regular testing garchha ra result public ma publish hunchha,सान्फोभेरी नदीको पानी गुणस्तर निगरानी केन्द्रले नियमित परीक्षण गर्छ र नतीजा सार्वजनिकमा प्रकाशित हुन्छ
budhiganga nadi ko multipurpose project le irrigation ra electricity duitai provide garchha ra local economy lai sahayog garchha,बुद्धिगंगा नदीको बहुउद्देश्यीय परियोजनाले सिँचाइ र विद्युत् दुवै प्रदान गर्छ र स्थानीय अर्थतन्त्रलाई सहयोग गर्छ
humla karnali nadi ko rapids rafting ko laagi ekdamai challenging course ho ra adventure tourism ko potential chha,हुम्ला कर्णाली नदीको चट्टानी प्रवाह राफ्टिङको लागि एकदमै चुनौतीपूर्ण कोर्स हो र साहसिक पर्यटनको सम्भाव्यता छ
sharda barrage ko water sharing treaty nepal ra india ko beech ko contentious issue ho ra punah samjhauta ko awashyakta chha,शारदा ब्यारेजको पानी बाँडफाँड सम्झौता नेपाल र भारतको बीचको विवादास्पद मुद्दा हो र पुनः सम्झौताको आवश्यकता छ
seti dam ko opposition local community bata aayeko chha kinaki tyas le dherai agricultural land dubne chha bhanne chinta chha,सेती बाँधको विरोध स्थानीय समुदायबाट आएको छ किनकि त्यसले धेरै कृषि योग्य जमिन डुब्ने छ भन्ने चिन्ता छ
bheri nadi ko sedimentation level badhdaigayeko chha ra tyas le irrigation canal haru block garna thaleko chha,भेरी नदीको तलब मातीको स्तर बढ्दैगएको छ र त्यसले सिँचाइ नहरहरू ब्लक गर्न थालेको छ
mohana nadi ko biodiversity assessment ma dherani endangered fish species paieka chha ra conservation measure chahine chha,मोहना नदीको जैविक विविधता मूल्याङ्कनमा धेरैनी लोपोन्मुख माछा प्रजाति पाइएका छन् र संरक्षण उपाय चाहिने छ
kandra nadi ko spring source mapping project le water resource management ma sahayog gareko chha,कान्द्रा नदीको सोतो स्रोत मानचित्रण परियोजनाले जलस्रोत व्यवस्थापनमा सहयोग गरेको छ
lungri khola ko watershed committee le community awareness program conduct garchha ra pani bachat abhiyan chalauchha,लुङ्ग्री खोलाको जलाधार समितिले सामुदायिक जागरूकता कार्यक्रम आयोजना गर्छ र पानी बचत अभियान चलाउँछ
surnaya nadi ko riparian vegetation restore garna tree plantation campaign successful bhaeko chha,सुर्नाया नदीको तटीय वनस्पति पुनर्स्थापना गर्न रूख रोपण अभियान सफल भएको छ
dhauliganga hydropower project ko construction le local road access improve gareko chha ra market facility aayeko chha,धौलीगंगा जलविद्युत् परियोजनाको निर्माणले स्थानीय सडक पहुँच सुधार गरेको छ र बजार सुविधा आएको छ
chaulagain khola ko water user committee le monthly meeting garchha ra pani distribution ko lagi fair system banaeko chha,चौलगाइँ खोलाको पानी प्रयोगकर्ता समितिले मासिक बैठक गर्छ र पानी वितरणको लागि निष्पक्ष प्रणाली बनाइएको छ
gadgada khola ko illegal mining control garna local police ra forest office le joint operation gareko chha,गडगडा खोलाको अवैध खननी नियन्त्रण गर्न स्थानीय प्रहरी र वन कार्यालयले संयुक्त अभियान गरेको छ
khadkawada nadi ko embankment construction flood prone area ma security provide gareko chha,खड्कावाडा नदीको तटबन्ध निर्माणले बाढी प्रवण क्षेत्रमा सुरक्षा प्रदान गरेको छ
tila nadi ko glacial lake outburst flood monitoring system install gariyeko chha ra early warning device chha,तिला नदीको हिमनदी झील फुट्ने बाढी निगरानी प्रणाली स्थापना गरिएको छ र प्रारम्भिक चेतावनी उपकरण छ
sanphobheri nadi ko water treatment plant proposal nagarpaalika le approve gareko chha ra fund allocate bhaeko chha,सान्फोभेरी नदीको पानी उपचार संयत्र प्रस्ताव नगरपालिकाले स्वीकृत गरेको छ र कोष आवण्टन भएको छ
budhiganga project ko affected family haru lai resettlement package provide gariyeko chha ra compensation distribution chaliraheko chha,बुद्धिगंगा परियोजनाको प्रभावित फ्यामिलीहरूलाई पुनर्वास प्याकेज प्रदान गरिएको छ र मुआवजा वितरण चलिरहेको छ
humla karnali rafting expedition ko laagi professional guide training program conduct gariyeko chha ra safety standard set gariyeko chha,हुम्ला कर्णाली राफ्टिङ अभियानको लागि पेशेवर गाइड तालिम कार्यक्रम आयोजना गरिएको छ र सुरक्षा मानक सेट गरिएको छ
sharda barrage ko maintenance responsibility india sanga chha tara nepal le pani monitoring committee ma representation gareko chha,शारदा ब्यारेजको मर्मतसम्भार जिम्मेवारी भारतसँग छ तर नेपालले पनि निगरानी समितिमा प्रतिनिधित्व गरेको छ
seti dam ko environmental management plan public hearing pachhi finalize gariyeko chha ra implementation monitor gariraheko chha,सेती बाँधको पर्यावरण व्यवस्थापन योजना सार्वजनिक सुनुवाइ पछि अन्तिम रूप दिइएको छ र कार्यान्वयन निगरानी गरिरहेको छ
bheri nadi ko water quality deterioration ko karan industrial waste discharge suspect gariyeko chha ra investigation chaliraheko chha,भेरी नदीको पानी गुणस्तर कम हुनुको कारण औद्योगिक फोहोर पानी निकास संदेह गरिएको छ र अनुसन्धान चलिरहेको छ
bheri nadi karnali pradesh ko surkhet valley ma bahne mahatwapurna nadi ho ra tyas ko pani agricultural irrigation ko laagi dherai upyog hunchha,भेरी नदी कर्णाली प्रदेशको सुर्खेत उपत्यकामा बग्ने महत्वपूर्ण नदी हो र त्यसको पानी कृषि सिँचाइको लागि धेरै उपयोग हुन्छ
seti nadi karnali pradesh ko achham ra doti jilla ma bahne nadi ho ra tyas ko catchment area ma dherai community forest haru chha,सेती नदी कर्णाली प्रदेशको अछाम र डोटी जिल्लामा बग्ने नदी हो र त्यसको जलाधार क्षेत्रमा धेरै सामुदायिक वनहरू छन्
tila nadi karnali pradesh ko kalikot district ma bahne glacier fed nadi ho ra tyas ko pani mineral content dherai hunchha,तिला नदी कर्णाली प्रदेशको कालीकोट जिल्लामा बग्ने हिमनदी पोषित नदी हो र त्यसको पानीमा खनिज तत्त्व धेरै हुन्छ
mugu karnali nadi mugu district ma bahne himalayan origin ko nadi ho ra tyas ko rapids ekdamai treacherous hunchha,मुगु कर्णाली नदी मुगु जिल्लामा बग्ने हिमालयन उद्गमको नदी हो र त्यसको चट्टानी प्रवाह एकदमै खतरनाक हुन्छ
humla karnali nadi humla district ko northern part ma bahne nadi ho ra tyas le deep gorge haru create gareko chha,हुम्ला कर्णाली नदी हुम्ला जिल्लाको उत्तरी भागमा बग्ने नदी हो र त्यसले गहिरो गर्जहरू सिर्जना गरेको छ
sani bheri nadi dolpa district ma bahne nadi ho ra tyas ko valley ma dherai remote settlement haru chha,सानी भेरी नदी डोल्पा जिल्लामा बग्ने नदी हो र त्यसको उपत्यकामा धेरै टाढाको बसोबासहरू छन्
thuli bheri nadi dolpa district ko dunai bazaar najikai bahne nadi ho ra tyas ko bank ma dherai agricultural land chha,ठूली भेरी नदी डोल्पा जिल्लाको दुनै बजार नजिकै बग्ने नदी हो र त्यसको किनारामा धेरै कृषि योग्य जमिन छ
maha kali nadi karnali pradesh ko darchula district ma bahne transboundary nadi ho ra tyas le nepal india border define garchha,महा काली नदी कर्णाली प्रदेशको दार्चुला जिल्लामा बग्ने सीमापार नदी हो र त्यसले नेपाल भारत सीमा परिभाषित गर्छ
budhi ganga nadi karnali pradesh ko bajura district ma bahne nadi ho ra irrigation project haru ko laagi pradham water source ho,बुढी गंगा नदी कर्णाली प्रदेशको बाजुरा जिल्लामा बग्ने नदी हो र सिँचाइ परियोजनाहरूको लागि प्रमुख पानी स्रोत हो
seti river ko tributary kandra nadi achham district ma bahne nadi ho ra drinking water supply scheme haru tyas math dependant chha,सेती नदीको सहायक नदी कान्द्रा नदी अछाम जिल्लामा बग्ने नदी हो र पिउने पानी आपूर्ति योजनाहरू त्यसमा निर्भर छ
karnali nadi ko ghaghara nadi india ma prabesh pachhi ganga nadi ma milne garchha ra tyas ko basin dherai fertile chha,कर्णाली नदीको घाघरा नदी भारतमा प्रवेश पछि गंगा नदीमा मिल्ने गर्छ र त्यसको बेसिन धेरै उर्वर छ
bheri nadi ko pani quality test ma tyas ma dissolved oxygen level ramro paieko chha ra aquatic life ko laagi favorable chha,भेरी नदीको पानी गुणस्तर परीक्षणमा त्यसमा घुलित अक्सिजन स्तर राम्रो पाइएको छ र जलजीवको लागि अनुकूल छ
tila nadi ko glacial melt water le summer ma irrigation ko laagi sufficient pani provide garchha,तिला नदीको हिमनदी पिघ्लने पानीले गर्मीमा सिँचाइको लागि पर्याप्त पानी प्रदान गर्छ
mugu karnali nadi ko flow turbulence dherai hune le hydropower generation ko laagi challenging project consideration chha,मुगु कर्णाली नदीको प्रवाह अशान्ति धेरै हुनेले जलविद्युत् उत्पादनको लागि चुनौतीपूर्ण परियोजना विचार छ
humla karnali nadi ko canyon area ma rafting expedition dherai risky hunchha ra experienced guide ko awashyakta parchha,हुम्ला कर्णाली नदीको क्यान्यन क्षेत्रमा राफ्टिङ अभियान धेरै जोखिमपूर्ण हुन्छ र एक्स्पिरिएन्सी गाइडको आवश्यकता पर्छ
sani bheri nadi ko watershed community forestry project le soil conservation ma ramro sahayog gareko chha,सानी भेरी नदीको जलाधार सामुदायिक वानिकी परियोजनाले माटो संरक्षणमा राम्रो सहयोग गरेको छ
thuli bheri nadi ko bank erosion control ko laagi bio engineering technique prayog gariyeko chha,ठूली भेरी नदीको किनार क्षरण नियन्त्रणको लागि जैव इन्जिनियरिङ प्रविधि प्रयोग गरिएको छ
maha kali nadi ko sharda barrage treaty nepal india water sharing agreement ko ek important component ho,महा काली नदीको शारदा ब्यारेज सम्झौता नेपाल भारत पानी बाँडफाँड सम्झौताको एक महत्वपूर्ण अंग हो
budhi ganga nadi ko multipurpose project le irrigation ra electricity duitai ko supply garchha ra local employment generate garchha,बुढी गंगा नदीको बहुउद्देश्यीय परियोजनाले सिँचाइ र विद्युत् दुवैको आपूर्ति गर्छ र स्थानीय रोजगारी सिर्जना गर्छ
kandra nadi ko spring rejuvenation program le water discharge increase gareko chha ra drought mitigation ma sahayog gareko chha,कान्द्रा नदीको सोतो पुनर्जीवन कार्यक्रमले पानीको निकासी बढाएको छ र खडेरी न्यूनीकरणमा सहयोग गरेको छ
karnali nadi ko basin area ma climate change ko asar le water flow pattern ma fluctuation dekhinchha,कर्णाली नदीको बेसिन क्षेत्रमा जलवायु परिवर्तनको असरले पानी प्रवाह प्रारूपमा उतारचढाव देखिन्छ
bheri nadi ko flood plain agriculture dherai productive chha tara flood risk management system chahinchha,भेरी नदीको बाढी मैदान कृषि धेरै उत्पादक छ तर बाढी जोखिम व्यवस्थापन प्रणाली चाहिन्छ
seti nadi ko sediment load dherai hune le irrigation canal haru blockage ko samasya aairaheko chha,सेती नदीको तलब मातीको भार धेरै हुनेले सिँचाइ नहरहरू अवरोधको समस्या आइरहेको छ
tila nadi ko glacial lake outburst flood monitoring system installation bhaeko chha ra early warning mechanism chha,तिला नदीको हिमनदी झील फुट्ने बाढी निगरानी प्रणाली स्थापना भएको छ र प्रारम्भिक चेतावनी प्रणाली छ
mugu karnali nadi ko hydropower potential assessment study le promising result dekhaeko chha,मुगु कर्णाली नदीको जलविद्युत् सम्भाव्यता मूल्याङ्कन अध्ययनले आशाप्रद नतिजा देखाएको छ
humla karnali nadi ko whitewater rafting season spring ra autumn ma limited hunchha ra professional operator haru matra service dinchha,हुम्ला कर्णाली नदीको वाइटवाटर राफ्टिङ सिजन बसन्त र शरद ऋतुमा सीमित हुन्छ र पेशेवर सञ्चालकहरू मात्र सेवा दिन्छन्
sani bheri nadi ko water quality monitoring station le regular parameter check garchha ra data archive hunchha,सानी भेरी नदीको पानी गुणस्तर निगरानी केन्द्रले नियमित प्यारामिटर जाँच गर्छ र डाटा संग्रह हुन्छ
thuli bheri nadi ko fishing reserve area ma endangered fish species ko conservation measure implementation bhaeko chha,ठूली भेरी नदीको माछा पालन आरक्ष क्षेत्रमा लोपोन्मुख माछा प्रजाति संरक्षण उपाय कार्यान्वयन भएको छ
maha kali nadi ko river training work le bank stabilization gareko chha ra flood damage minimize gareko chha,महा काली नदीको नदी प्रशिक्षण कार्यले किनार स्थिरीकरण गरेको छ र बाढी क्षति न्यूनीकरण गरेको छ
budhi ganga nadi ko project affected family haru lai resettlement colony ma basobas garna sahayog puraeko chha,बुढी गंगा नदीको परियोजना प्रभावित फ्यामिलीहरूलाई पुनर्वास क्षेत्रमा बसोबास गर्न सहयोग पुराएको छ
kandra nadi ko catchment treatment plant le drinking water contamination risk kam gareko chha,कान्द्रा नदीको जलाधार उपचार संयत्रले पिउने पानी दूषित हुनुको जोखिम कम गरेको छ
karnali nadi ko basin wide management plan integrated water resource development ko laagi necessary chha,कर्णाली नदीको बेसिन व्यापी व्यवस्थापन योजना एकीकृत जलस्रोत विकासको लागि आवश्यक छ
bheri nadi ko water sharing dispute local level ma dekhinchha ra conflict resolution mechanism weak chha,भेरी नदीको पानी बाँडफाँड विवाद स्थानीय स्तरमा देखिन्छ र विवाद समाधान प्रणाली कमजोर छ
seti nadi ko river corridor mapping project le encroachment identification ma sahayog gareko chha,सेती नदीको नदी करिडर मानचित्रण परियोजनाले अतिक्रमण पहिचानमा सहयोग गरेको छ
tila nadi ko glacial retreat monitoring satellite imagery dwara garirachha ra data analysis alarming trend dekhauchha,तिला नदीको हिमनदी पछि हट्नु निगरानी उपग्रह छविद्वारा गरिरहेको छ र डाटा विश्लेषण चिन्ताजनक प्रवृत्ति देखाउँछ
mugu karnali nadi ko bridge construction project le remote village haru sanga road connectivity diyeko chha,मुगु कर्णाली नदीको पुल निर्माण परियोजनाले टाढाका गाउँहरूसँग सडक जडान दिएको छ
humla karnali nadi ko riverbed mining illegal chha tara control garna effective mechanism chaina,हुम्ला कर्णाली नदीको नदीतल खननी अवैध छ तर नियन्त्रण गर्न प्रभावकारी प्रणाली छैन
sani bheri nadi ko micro hydropower plant le local electricity demand puraune gareko chha,सानी भेरी नदीको सानो जलविद्युत् संयत्रले स्थानीय विद्युत् माग पुराउने गरेको छ
thuli bheri nadi ko water mill traditional grinding technology ajhai pani practice hunchha,ठूली भेरी नदीको पानी चक्की परम्परागत पिसाई प्रविधि अझै पनि प्रचलनमा छ
maha kali nadi ko joint technical committee nepal india dwara form gariyeko chha ra regular meeting hunchha,महा काली नदीको संयुक्त प्राविधिक समिति नेपाल भारतद्वारा गठन गरिएको छ र नियमित बैठक हुन्छ
budhi ganga nadi ko canal system maintenance water user committee le afai garchha,बुढी गंगा नदीको नहर प्रणाली मर्मतसम्भार पानी प्रयोगकर्ता समितिले आफैं गर्छ
kandra nadi ko watershed awareness program le community participation badhayeko chha,कान्द्रा नदीको जलाधार जागरूकता कार्यक्रमले सामुदायिक सहभागिता बढाएको छ
karnali nadi ko dolphin conservation area babai river confluence najikai chha ra endangered gangetic dolphin protect garchha,कर्णाली नदीको डल्फिन संरक्षण क्षेत्र बबई नदी संगम नजिकै छ र लोपोन्मुख गंगेटिक डल्फिन संरक्षण गर्छ
bheri nadi ko river island haru ma seasonal farming hunchha ra flood pachhi punah cultivation hunchha,भेरी नदीको नदी टापूहरूमा मौसमी खेती हुन्छ र बाढी पछि पुनः खेती हुन्छ
seti nadi ko water quality deterioration industrial effluent discharge sanga linked chha,सेती नदीको पानी गुणस्तर कमी औद्योगिक मैला पानी निकासीसँग जोडिएको छ
tila nadi ko glacial lake moraine monitoring regular hunchha ra early warning system upgrade bhaeko chha,तिला नदीको हिमनदी झील मोरेइन निगरानी नियमित हुन्छ र प्रारम्भिक चेतावनी प्रणाली अद्यावधिक भएको छ
mugu karnali nadi ko fishing ban spawning season ma lagu hunchha ra local community le enforce garchha,मुगु कर्णाली नदीको माछा मार्ने प्रतिबन्ध अण्डा दिने सिजनमा लागू हुन्छ र स्थानीय समुदायले लागू गर्छ
humla karnali nadi ko river crossing traditional rope way dwara hunchha ra modern bridge ko awashyakta chha,हुम्ला कर्णाली नदीको नदी पार परम्परागत रस्सी बाटोद्वारा हुन्छ र आधुनिक पुलको आवश्यकता छ
sani bheri nadi ko water testing kit local school ma distribute gariyeko chha ra student haru le monitor garchha,सानी भेरी नदीको पानी परीक्षण किट स्थानीय विद्यालयमा वितरण गरिएको छ र विद्यार्थीहरूले निगरानी गर्छन्
thuli bheri nadi ko riverbank plantation project le biodiversity improve gareko chha,ठूली भेरी नदीको नदीकिनार रोपण परियोजनाले जैविक विविधता सुधार गरेको छ
maha kali nadi ko flood forecasting system india sanga ko data sharing agreement anusar chalchha,महा काली नदीको बाढी पूर्वानुमान प्रणाली भारतसँगको डाटा साझेदारी सम्झौता अनुसार चल्छ
budhi ganga nadi ko project ko environmental audit periodic basis ma hunchha ra report public domain ma rakhinchha,बुढी गंगा नदीको परियोजनाको पर्यावरणीय अडिट आवधिक आधारमा हुन्छ र प्रतिवेदन सार्वजनिक डोमेनमा राखिन्छ
kandra nadi ko spring source protection local community le afno initiative ma gareko chha,कान्द्रा नदीको सोतो स्रोत संरक्षण स्थानीय समुदायले आफ्नो पहलमा गरेको छ
karnali nadi ko basin development authority ko formation ko proposal government level ma charcha bhaeko chha,कर्णाली नदीको बेसिन विकास प्राधिकरणको गठनको प्रस्ताव सरकारी स्तरमा चर्चा भएको छ
bheri nadi ko river water sharing calculator mobile app development bhaeko chha ra farmer haru le tyas ko prayog garchha,भेरी नदीको नदी पानी बाँडफाँड क्यालकुलेटर मोबाइल एप विकास भएको छ र किसानहरूले त्यसको प्रयोग गर्छन्
seti nadi ko pollution control board le industrial unit haru lai compliance order issue gareko chha,सेती नदीको प्रदूषण नियन्त्रण बोर्डले औद्योगिक एकाइहरूलाई अनुपालन आदेश जारी गरेको छ
tila nadi ko climate change adaptation plan local level policy ma integrate gariyeko chha,तिला नदीको जलवायु परिवर्तन अनुकूलन योजना स्थानीय स्तर नीतिमा समेकित गरिएको छ
mugu karnali nadi ko river guide training institute establishment ko lagi feasibility study bhaeko chha,मुगु कर्णाली नदीको नदी गाइड तालिम संस्थान स्थापनाको लागि व्यवहार्यता अध्ययन भएको छ
humla karnali nadi ko traditional water mill restoration project le cultural heritage conserve gareko chha,हुम्ला कर्णाली नदीको परम्परागत पानी चक्की पुनर्स्थापना परियोजनाले सांस्कृतिक सम्पदा संरक्षण गरेको छ
sani bheri nadi ko water user association le conflict mediation committee form gareko chha,सानी भेरी नदीको पानी प्रयोगकर्ता सङ्घले विवाद मध्यस्थता समिति गठन गरेको छ
thuli bheri nadi ko fish ladder construction migratory fish species ko laagi help gareko chha,ठूली भेरी नदीको माछा सीढी निर्माण प्रवासी माछा प्रजातिको लागि सहयोग गरेको छ
maha kali nadi ko joint inspection nepal india border officials dwara harek chhaya mahina garirachha,महा काली नदीको संयुक्त निरीक्षण नेपाल भारत सीमा अधिकारीद्वारा हरेक छै महिना गरिरहेको छ
budhi ganga nadi ko project ko social audit independent agency dwara gariyeko chha,बुढी गंगा नदीको परियोजनाको सामाजिक अडिट स्वतन्त्र एजेन्सीद्वारा गरिएको छ
kandra nadi ko rainwater harvesting promotion spring recharge ma sahayog gareko chha,कान्द्रा नदीको वर्षापानी संग्रह प्रचार सोतो रिचार्जमा सहयोग गरेको छ
lumbini pradesh ko narayani nadi chitwan ra nawalparasi district haru ma bahne pradhan nadi ho ra tyo gandaki nadi ko major tributary ho,लुम्बिनी प्रदेशको नारायणी नदी चितवन र नवलपरासी जिल्लाहरूमा बग्ने प्रधान नदी हो र त्यो गण्डकी नदीको प्रमुख सहायक नदी हो
rapti nadi chitwan national park ko bagmati pradesh ra lumbini pradesh ko bich ko boundary nadi ho ra tyas ko flood plain dherai fertile chha,राप्ती नदी चितवन नेशनल पार्कको बागमती प्रदेश र लुम्बिनी प्रदेशको बिचको सीमा नदी हो र त्यसको बाढी मैदान धेरै उर्वर छ
tinau nadi palpa district ko tansen bazaar najikai bahne nadi ho ra tyas ko historical importance rana period ko irrigation system sanga chha,तिनाउ नदी पाल्पा जिल्लाको तानसेन बजार नजिकै बग्ने नदी हो र त्यसको ऐतिहासिक महत्त्व राणा कालको सिँचाइ प्रणालीसँग छ
bagmati nadi lumbini pradesh ko kapilvastu district ma prabesh garne gandaki nadi ko aru pradhan tributary ho,बागमती नदी लुम्बिनी प्रदेशको कपिलवस्तु जिल्लामा प्रवेश गर्ने गण्डकी नदीको अर्को प्रधान सहायक नदी हो
kothi khola arghakhanchi district ma bahne nadi ho ra tyas ko pani local irrigation ko pradham source ho,कोठी खोला अर्घाखाँची जिल्लामा बग्ने नदी हो र त्यसको पानी स्थानीय सिँचाइको प्रधान स्रोत हो
jangha khola gulmi district ko tamghas area ma bahne nadi ho ra micro hydropower generation ko laagi potential chha,जङ्घा खोला गुल्मी जिल्लाको तम्घास क्षेत्रमा बग्ने नदी हो र सानो जलविद्युत् उत्पादनको लागि सम्भाव्यता छ
dano khola nawalparasi west ma bahne seasonal stream ho ra monsoon ma flood risk create garchha,दानो खोला नवलपरासी पश्चिममा बग्ने मौसमी धारा हो र मनसूनमा बाढी जोखिम सिर्जना गर्छ
banganga nadi kapilvastu district ko taulihawa najikai bahne nadi ho ra historical ramgram stupa area najikai chha,बंगंगा नदी कपिलवस्तु जिल्लाको तौलिहवा नजिकै बग्ने नदी हो र ऐतिहासिक रामग्राम स्तुप क्षेत्र नजिकै छ
hardi nadi rolipa district ma bahne nadi ho ra tyas ko bank erosion control ko laagi bio engineering work gariyeko chha,हार्दी नदी रोल्पा जिल्लामा बग्ने नदी हो र त्यसको किनार क्षरण नियन्त्रणको लागि जैव इन्जिनियरिङ कार्य गरिएको छ
jhimruk khola pyuthan district ma bahne nadi ho ra jhimruk hydropower project ko laagi pani source ho,झिम्रुक खोला प्यूठान जिल्लामा बग्ने नदी हो र झिम्रुक जलविद्युत् परियोजनाको लागि पानी स्रोत हो
madi khola lumbini pradesh ko dang district ma bahne nadi ho ra tyas ko valley agriculture ko laagi ramro chha,मदी खोला लुम्बिनी प्रदेशको दाङ जिल्लामा बग्ने नदी हो र त्यसको उपत्यका कृषिको लागि राम्रो छ
daraundi khola gulmi district ma bahne nadi ho ra traditional water mill haru ko laagi pani utilize hunchha,दरौंदी खोला गुल्मी जिल्लामा बग्ने नदी हो र परम्परागत पानी चक्कीहरूको लागि पानी उपयोग हुन्छ
chamelia nadi lumbini pradesh ko eastern part ma bahne nadi ho ra tyas ko catchment area ma dherai community forest chha,चमेलिया नदी लुम्बिनी प्रदेशको पूर्वी भागमा बग्ने नदी हो र त्यसको जलाधार क्षेत्रमा धेरै सामुदायिक वन छ
babai nadi lumbini pradesh ko dang ra banke district haru ma bahne nadi ho ra tyas ko pani wildlife conservation area ma important chha,बबई नदी लुम्बिनी प्रदेशको दाङ र बन्के जिल्लाहरूमा बग्ने नदी हो र त्यसको पानी वन्यजन्तु संरक्षण क्षेत्रमा महत्वपूर्ण छ
karra nadi kapilvastu district ma bahne nadi ho ra tyas ko pani quality test ma contamination report bhaeko chha,कर्रा नदी कपिलवस्तु जिल्लामा बग्ने नदी हो र त्यसको पानी गुणस्तर परीक्षणमा दूषित भएको रिपोर्ट भएको छ
ghattekhola arghakhanchi district ma bahne khola ho ra spring source recharge program le water flow sustain gareko chha,घट्टेखोला अर्घाखाँची जिल्लामा बग्ने खोला हो र सोतो स्रोत रिचार्ज कार्यक्रमले पानी प्रवाह कायम गरेको छ
lungri khola pyuthan district ma bahne khola ho ra drinking water project ko laagi intake point established chha,लुङ्ग्री खोला प्यूठान जिल्लामा बग्ने खोला हो र पिउने पानी परियोजनाको लागि इन्टेक पोइन्ट स्थापित छ
jhimruk khola ko cascade hydropower development plan ma multiple small project haru ko construction chaliraheko chha,झिम्रुक खोलाको क्यास्केड जलविद्युत् विकास योजनामा बहुविध साना परियोजनाहरूको निर्माण चलिरहेको छ
madi khola ko valley ma organic farming promotion project le chemical fertilizer use kam gareko chha,मदी खोलाको उपत्यकामा जैविक खेती प्रवर्द्धन परियोजनाले रासायनिक मल प्रयोग कम गरेको छ
daraundi khola ko traditional mill restoration cultural heritage department le fund provide gareko chha,दरौंदी खोलाको परम्परागत चक्की पुनर्स्थापना सांस्कृतिक सम्पदा विभागले कोष प्रदान गरेको छ
chamelia nadi ko watershed management soil conservation ko laagi contour trench construction gariyeko chha,चमेलिया नदीको जलाधार व्यवस्थापन माटो संरक्षणको लागि कन्टूर खाल्डो निर्माण गरिएको छ
babai nadi ko corridor wildlife movement ko laagi important chha ra camera trap study regular hunchha,बबई नदीको करिडर वन्यजन्तु आवागमनको लागि महत्वपूर्ण छ र क्यामेरा ट्र्याप अध्ययन नियमित हुन्छ
karra nadi ko pollution source industrial discharge suspect gariyeko chha ra investigation team le sample collect gareko chha,कर्रा नदीको प्रदूषण स्रोत औद्योगिक मैला पानी निकास संदेह गरिएको छ र अनुसन्धान दलले नमूना संकलन गरेको छ
narayani nadi ko dolphin conservation area devtal ghat najikai chha ra gangetic dolphin ko population monitor garirachha,नारायणी नदीको डल्फिन संरक्षण क्षेत्र देवताल घाट नजिकै छ र गंगेटिक डल्फिनको जनसंख्या निगरानी गरिरहेको छ
rapti nadi ko flood early warning system community radio dwara disseminate hunchha,राप्ती नदीको बाढी प्रारम्भिक चेतावनी प्रणाली सामुदायिक रेडियोद्वारा प्रसारण हुन्छ
tinau nadi ko historical canal system restoration irrigation department le survey gareko chha,तिनाउ नदीको ऐतिहासिक नहर प्रणाली पुनर्स्थापना सिँचाइ विभागले सर्वेक्षण गरेको छ
bagmati nadi ko water quality improvement sewage treatment plant construction ko plan nagarpaalika le banaeko chha,बागमती नदीको पानी गुणस्तर सुधार मलजल उपचार संयत्र निर्माणको योजना नगरपालिकाले बनाएको छ
kothi khola ko spring source protection local women group le afno initiative ma fencing gareko chha,कोठी खोलाको सोतो स्रोत संरक्षण स्थानीय महिला समूहले आफ्नो पहलमा फेन्सिङ गरेको छ
jangha khola ko micro hydro project le local grid ma electricity supply garchha,जङ्घा खोलाको सानो जलविद्युत् परियोजनाले स्थानीय ग्रिडमा विद्युत् आपूर्ति गर्छ
dano khola ko flood plain settlement mapping disaster management authority le gareko chha,दानो खोलाको बाढी मैदान बसोबास मानचित्रण आपतकालीन व्यवस्थापन प्राधिकरणले गरेको छ
banganga nadi ko archaeological importance ancient kapilvastu kingdom sanga related chha,बंगंगा नदीको पुरातात्विक महत्त्व प्राचीन कपिलवस्तु राज्यसँग सम्बन्धित छ
hardi nadi ko fish sanctuary local fishery department le establish gareko chha ra fishing ban lagu chha,हार्दी नदीको माछा आरक्ष स्थानीय मत्स्य विभागले स्थापना गरेको छ र माछा मार्ने प्रतिबन्ध लागू छ
jhimruk hydropower ko reservoir fishing ko laagi open chha ra license system chha,झिम्रुक जलविद्युत्को जलाशय माछा मार्नेको लागि खुल्ला छ र इजाजतपत्र प्रणाली छ
madi khola ko irrigation canal system farmer group le maintain garchha,मदी खोलाको सिँचाइ नहर प्रणाली किसान समूहले मर्मतसम्भार गर्छ
daraundi khola ko water mill association le traditional technology preserve gareko chha,दरौंदी खोलाको पानी चक्की सङ्घले परम्परागत प्रविधि संरक्षण गरेको छ
chamelia nadi ko river training work flood control department dwara execute gariyeko chha,चमेलिया नदीको नदी प्रशिक्षण कार्य बाढी नियन्त्रण विभागद्वारा कार्यान्वयन गरिएको छ
babai nadi ko water quality monitoring station real time data transmit garchha,बबई नदीको पानी गुणस्तर निगरानी केन्द्र रियल टाइम डाटा प्रसारण गर्छ
karra nadi ko industrial effluent treatment plant compulsory banaieko chha,कर्रा नदीको औद्योगिक मैला पानी उपचार संयत्र अनिवार्य बनाइएको छ
narayani nadi ko basin planning integrated approach ko laagi study team formation bhaeko chha,नारायणी नदीको बेसिन योजना एकीकृत दृष्टिकोणको लागि अध्ययन दल गठन भएको छ
rapti nadi ko biodiversity assessment university le research project ko roop ma gareko chha,राप्ती नदीको जैविक विविधता मूल्याङ्कन विश्वविद्यालयले अनुसन्धान परियोजनाको रूपमा गरेको छ
tinau nadi ko traditional irrigation water sharing custom ajhai practice hunchha,तिनाउ नदीको परम्परागत सिँचाइ पानी बाँडफाँड प्रथाअझै पनि प्रचलनमा छ
bagmati nadi ko dolphin conservation volunteer group le awareness campaign chalarchha,बागमती नदीको डल्फिन संरक्षण स्वयंसेवक समूहले जागरूकता अभियान चलारहेको छ
kothi khola ko spring recharge rainwater harvesting project successful bhaeko chha,कोठी खोलाको सोतो रिचार्ज वर्षापानी संग्रह परियोजना सफल भएको छ
jangha khola ko community electricity cooperative le tariff fix gareko chha,जङ्घा खोलाको सामुदायिक विद्युत् सहकारीले ट्यारिफ निर्धारण गरेको छ
dano khola ko flood risk zoning map local government le publish gareko chha,दानो खोलाको बाढी जोखिम क्षेत्रीकरण नक्सा स्थानीय सरकारले प्रकाशित गरेको छ
banganga nadi ko archaeological excavation department of archaeology le permit gareko chha,बंगंगा नदीको पुरातात्विक उत्खनन पुरातत्व विभागले अनुमति दिएको छ
hardi nadi ko fish breeding center fingerling production garchha,हार्दी नदीको माछा प्रजनन केन्द्रले फिंगरलिङ उत्पादन गर्छ
jhimruk reservoir ko water level monitoring automatic gauge station ma hunchha,झिम्रुक जलाशयको पानी स्तर निगरानी स्वचालित गेज स्टेशनमा हुन्छ
madi khola ko farmer managed irrigation system water rotation schedule chha,मदी खोलाको किसान व्यवस्थापित सिँचाइ प्रणाली पानी घुमाउरे तालिका छ
daraundi khola ko water mill tourism package local tour operator le offer garchha,दरौंदी खोलाको पानी चक्की पर्यटन प्याकेज स्थानीय पर्यटन सञ्चालकले प्रस्ताव गर्छ
chamelia nadi ko soil erosion control check dam construction watershed committee le gareko chha,चमेलिया नदीको माटो क्षरण नियन्त्रण चेक ड्याम निर्माण जलाधार समितिले गरेको छ
babai nadi ko wildlife corridor study camera trap data analysis ongoing chha,बबई नदीको वन्यजन्तु करिडर अध्ययन क्यामेरा ट्र्याप डाटा विश्लेषण चालू छ
karra nadi ko pollution fine system industry haru lai lagu gariyeko chha,कर्रा नदीको प्रदूषण जरिवाना प्रणाली उद्योगहरूलाई लागू गरिएको छ
narayani nadi ko water sharing agreement different province sanga chha,नारायणी नदीको पानी बाँडफाँड सम्झौता विभिन्न प्रदेशसँग छ
rapti nadi ko community based flood warning system volunteer network chha,राप्ती नदीको सामुदायिक आधारित बाढी चेतावनी प्रणाली स्वयंसेवक नेटवर्क छ
tinau nadi ko heritage canal walk tourist attraction ko roop ma develop gariyeko chha,तिनाउ नदीको सम्पदा नहर हिड्न पर्यटक आकर्षणको रूपमा विकास गरिएको छ
bagmati nadi ko dolphin census annual basis ma garirachha,बागमती नदीको डल्फिन गणना वार्षिक आधारमा गरिरहेको छ
kothi khola ko spring water bottling small industry operate hunchha,कोठी खोलाको सोतो पानी बोतल भर्ने सानो उद्योग सञ्चालन हुन्छ
jangha khola ko electricity cooperative le local street light operate garchha,जङ्घा खोलाको विद्युत् सहकारीले स्थानीय सडक बत्ती सञ्चालन गर्छ
dano khola ko flood shelter construction disaster management fund bata bhako chha,दानो खोलाको बाढी आश्रय निर्माण आपतकालीन व्यवस्थापन कोषबाट भएको छ
banganga nadi ko museum kapilvastu archaeological finding display garchha,बंगंगा नदीको संग्रहालय कपिलवस्तु पुरातात्विक खोज प्रदर्शन गर्छ
hardi nadi ko fishing license revenue local government income source ho,हार्दी नदीको माछा मार्ने इजाजतपत्र राजश्व स्थानीय सरकारको आय स्रोत हो
jhimruk reservoir ko fishing competition annual event ko roop ma hunchha,झिम्रुक जलाशयको माछा मार्ने प्रतियोगिता वार्षिक कार्यक्रमको रूपमा हुन्छ
madi khola ko water user committee conflict mediation garchha,मदी खोलाको पानी प्रयोगकर्ता समिति विवाद मध्यस्थता गर्छ
daraundi khola ko traditional mill festival cultural tourism promote garchha,दरौंदी खोलाको परम्परागत चक्की उत्सव सांस्कृतिक पर्यटन प्रवर्द्धन गर्छ
chamelia nadi ko check dam sedimentation measurement regular hunchha,चमेलिया नदीको चेक ड्याम तलब माती मापन नियमित हुन्छ
babai nadi ko wildlife monitoring report department of forest publish garchha,बबई नदीको वन्यजन्तु निगरानी प्रतिवेदन वन विभागले प्रकाशित गर्छ
karra nadi ko industrial monitoring squad surprise inspection garchha,कर्रा नदीको औद्योगिक निगरानी दल आकस्मिक निरीक्षण गर्छ
digital classroom maa teacher haru online lesson padhauchhan ra vidyarthi abhyas garchhan,डिजिटल क्लासरुममा टिचरहरू अनलाइन पाठ पढाउँछन् र विद्यार्थी अभ्यास गर्छन्
agrotech project maa farmer haru lai irrigation ra crop management sikauchhan,एग्रो टेक प्रोजेक्टमा किसानहरूलाई सिँचाइ र फसल व्यवस्थापन सिकाउँछन्
renewable energy project maa worker haru solar panel ra microhydro maintain garchhan,नवीकरणीय ऊर्जा प्रोजेक्टमा मजदूरहरू सोलर प्यानल र माइक्रो हाइड्रो मर्मत गर्छन्
teacher haru examination maa vidyarthi lai guidance ra practice dinchan,टिचरहरू एक्जाममा विद्यार्थीलाई मार्गदर्शन र अभ्यास दिन्छन्
hospital maa nurses haru rogiko parikshan ra medicine provide garchhan,अस्पतालमा नर्सहरू रोगीको परीक्षण र औषधि प्रदान गर्छन्
digital classroom maa yuvaa haru online lesson maa interaction ra discussion garchhan,डिजिटल क्लासरुममा युवाहरू अनलाइन पाठमा इन्टर्याक्शन र डिस्कस गर्छन्
government office maa staff haru citizen service ra report tayar garchhan,सरकारी अफिसमा कर्मचारीहरू नागरिक सेवा र रिपोर्ट तयार गर्छन्
construction maa engineer haru blueprint anusaar kaam supervise garchhan,निर्माणमा इन्जिनियरहरू ब्लुप्रिन्ट अनुसार काम सुपरभाइज गर्छन्
artisan haru local craft sikayera gaau ra bazaar maa bikri garchhan,कारीगरहरू लोकल क्राफ्ट सिकाएर गाउँ र बजारमा बिक्री गर्छन्
vocational training maa student haru carpentry ra stitching ko practical sikchhan,भोक्याशनल ट्रेनिङमा विद्यार्थीहरू कार्पेन्ट्री र स्टिचिङको प्रयोगिक सिक्छन्
hospital maa doctor haru surgery ra treatment maa complete dhyan dinchan,अस्पतालमा डाक्टरहरू सर्जरी र उपचारमा पूर्ण ध्यान दिन्छन्
construction maa worker haru concrete mix ra brick laying maa dinbhar kaam garchhan,निर्माणमा मजदूरहरू कङ्क्रिट मिक्स र ब्रिक लेइङमा दिनभर काम गर्छन्
government project maa staff haru gaau development ra community awareness program organize garchhan,सरकारी प्रोजेक्टमा कर्मचारीहरू गाउँ विकास र कम्युनिटी अवेयरनेस प्रोग्राम अर्गनाइज गर्छन्
artisan haru traditional weaving ra pottery sikayera market maa bikri garchhan,कारीगरहरू ट्रेडिशनल वीभिङ र पोटरी सिकाएर मार्केटमा बिक्री गर्छन्
teacher haru school maa morning assembly ra lesson padhauchhan,टिचरहरू स्कूलमा बिहानको एसेम्बली र पाठ पढाउँछन्
hospital maa nurse haru patient lai medicine ra nutrition guidance dinchan,अस्पतालमा नर्सहरू रोगीलाई औषधि र पोषण मार्गदर्शन दिन्छन्
government karmachari haru karyalaya maa citizen complaint ra proposal manage garchhan,सरकारी कर्मचारीहरू कार्यालयमा नागरिक कम्प्लेन्ट र प्रपोजल म्यानेज गर्छन्
vocational training maa student haru electrician ra plumber ko practical sikchhan,भोक्याशनल ट्रेनिङमा विद्यार्थीहरू इलेक्ट्रिसियन र प्लम्बरको प्रयोगिक सिक्छन्
digital classroom maa teacher haru local language maa lesson padhauchhan ra vidyarthi participatory abhyas garchhan,डिजिटल क्लासरुममा टिचरहरू लोकल भाषामा पाठ पढाउँछन् र विद्यार्थी सहभागी अभ्यास गर्छन्
agrotech maa farmer haru lai fertilizer ra irrigation system ko prayog sikauchhan,एग्रो टेकमा किसानहरूलाई मल र सिँचाइ सिस्टमको प्रयोग सिकाउँछन्
renewable energy project maa worker haru microhydro ra solar panel maintain garna sikchhan,नवीकरणीय ऊर्जा प्रोजेक्टमा मजदूरहरू माइक्रो हाइड्रो र सोलर प्यानल मर्मत गर्न सिक्छन्
teacher haru examination maa vidyarthi lai padhai ko review garna madat garchhan,टिचरहरू एक्जाममा विद्यार्थीलाई पढाईको रिभ्यू गर्न मदत गर्छन्
government office maa staff haru development project ko report ra documentation prepare garchhan,सरकारी अफिसमा कर्मचारीहरू विकास प्रोजेक्टको रिपोर्ट र डकुमेन्टेसन तयार गर्छन्
hospital maa doctor haru patient ko health record maintain garincha,अस्पतालमा डाक्टरहरू रोगीको हेल्थ रेकर्ड मर्मत गरिन्छ
construction maa engineer haru blueprint anusaar work schedule maintain garchhan,निर्माणमा इन्जिनियरहरू ब्लुप्रिन्ट अनुसार वर्क शेड्युल मर्मत गर्छन्
artisan haru bazaar maa traditional instrument ra handmade item bikri garchhan,कारीगरहरू बजारमा ट्रडिशनल इन्स्ट्रुमेन्ट र ह्याण्डमेड आइटम बिक्री गर्छन्
college maa teacher haru students lai theory ra practical lesson sanga guide garchhan,कलेजमा टिचरहरू विद्यार्थीलाई थ्योरी र प्राक्टिकल पाठ संग गाइड गर्छन्
digital classroom maa vidyarthi haru lesson maa participate garera interaction garchhan,डिजिटल क्लासरुममा विद्यार्थीहरू पाठमा सहभागी भएर इन्टर्याक्शन गर्छन्
kisaan haru gaau ko sahakari samiti maa fasal bikri ra irrigation manage garchhan,किसानहरू गाउँको सहकारी समितिमा फसल बिक्री र सिँचाइ म्यानेज गर्छन्
budhaa haru yuvaa lai sanskar ra leadership sikauchhan,वृद्धाहरू युवालाई संस्कार र नेतृत्व सिकाउँछन्
maas ko tarkari ra lentil soup sanga bhojan garnu parincha,मासुको तरकारी र दालसँग भोजन गर्नुपर्छ
mango season maa aam ko ras piyo janchha,आमको मौसममा आमको रस पिउँ जाँच्छ
mango ko season maa gaau maa aam ko ras banayera sale hunchha,आमको मौसममा गाउँमा आमको रस बनाएर सेल हुन्छ
jeep maa basera pahad ko dherai distance cover garincha,जीपमा बसेर पहाडको धेरै दूरी कभर गरिन्छ
festival maa village elder le puja ra ritual perform garchhan,फेस्टिवलमा गाउँका वृद्धाले पूजा र रिचुअल परफर्म गर्छन्
street vendor le roasted maize ra local pickle bikri garchhan,स्ट्रिट भेन्डरले रोस्टेड मकै र लोकल अचार बिक्री गर्छन्
doctor haru outpatient maa parikshan garchhan ra treatment bata rogiko upachar garincha,डाक्टरहरू आउटपेशेन्टमा परीक्षण गर्छन् र उपचारबाट रोगीको उपचार गरिन्छ
khaptad rashtriya nija chapar ma basne prakrutik vanaspati haru ko sanrakshan kaam dherai kathin bhaeko chha tatra pani saphala bhaeko chha,खप्तड राष्ट्रिय निज चापरमा बस्ने प्रकृतिक वनस्पतिहरूको संरक्षण काम धेरै कठिन भएको छ ततापनि सफल भएको छ
langtang rashtriya nija chapar ma red panda haru lai conservation area ma special breeding program chalaieko chha,लाङटाङ राष्ट्रिय निज चापरमा रेड पाण्डाहरूलाई संरक्षण क्षेत्रमा विशेष प्रजनन कार्यक्रम चलाइएको छ
api nampa conservation area ma basne ethnic samudaya haru ra vana jantu ko sajhedaari wala conservation model apanaieko chha,अपि नम्पा संरक्षण क्षेत्रमा बस्ने एथनिक समुदायहरू र वन जन्तुको सहजेदारी वाला संरक्षण मोडेल अपनाइएको छ
annapurna conservation area ko antargat basne manche haru le ecotourism badhauna dheraal samarthan gareka chhan,अन्नपूर्ण संरक्षण क्षेत्रको अन्तर्गत बस्ने मान्छेहरूले इकोटुरिज्म बढाउन धेरै समर्थन गरेका छन्
kanchenjunga conservation area ma basne himalayan black bear haru lai crop raiding bata bachaauna dherai prayas gariraheka chha,कञ्चनजङ्घा संरक्षण क्षेत्रमा बस्ने हिमालयन ब्ल्याक बेअरहरूलाई क्रप रेडिङबाट बचाउन धेरै प्रयास गरिरहेका छ
manaslu conservation area ma trekking gariraheka yaatri haru lai local guide haru le wildlife ko barema jankari dinchhan,मनास्लु संरक्षण क्षेत्रमा ट्रेकिङ गरिरहेका यात्रीहरूलाई लोकल गाइडहरूले वाइल्डलाइफको बारेमा जानकारी दिन्छन्
dsp bishnu pradip basyal rautahat police ko information officer le bhaneka chhan ki duvai suspect narcotic drugs control act anusar investigation ma chhan,डीएसपी विष्णु प्रदीप बस्याल रौतहट प्रहरीको इन्फर्मेसन अफिसरले भनेका छन् कि दुवै सस्पेक्ट नार्कोटिक ड्रग्स कन्ट्रोल ऐन अनुसार इन्भेस्टिगेसनमा छन् 
rautaahat district police office le bhaneko chha ki apf bop sarmujwa ra motipur narkatiya police post ko joint team le,रौतहट जिल्ला प्रहरी कार्यालयले भनेको छ कि एपीएफ बीओपी सरमुज्वा र मोटीपुर नर्कटिया पुलिस पोस्टको जोइन्ट टिमले
unle nepal ko prathama mahila pradhanamantri ko roop ma itihaas rachiyo ra unko interim sarkar le chunaav aayojana garne thiye,उनले नेपालको प्रथम महिला प्रधानमन्त्रीको रूपमा इतिहास रचियो र उनको अन्तरिम सरकारले निर्वाचन आयोजना गर्ने थिये
unle banaras hindu university bata raajnitisaastrama ma asthaar garin ra tribhuvan university bata kaanoonma snaatak upaadhi haasil gareki thiin,उनले बनारस हिन्दू विश्वविद्यालयबाट राजनीतिशास्त्रमा एमए गरिन् र त्रिभुवन विश्वविद्यालयबाट कानूनमा स्नातक उपाधि हासिल गरेकी थिइन्
pokhara engineering college le drone aur sensor based soil mapping ko prayog le kisan lai khaad ra bija ko upyukt matra batayera raheko chha,पोखरा इन्जिनियरिङ कलेजले ड्रोन र सेन्सर आधारित माटो म्यापिङको प्रयोगले किसानलाई खाद र बीउको उपयुक्त मात्र बताइरहेको छ
kavre palanchok ko namobuddha ma sthit sthanik krishi pasal le bijuli chalit seed cleaner ra moisture meter ko prayog garda kisan lai thulo fayada pahunchiraheko chha,काभ्रेपलाञ्चोकको नामोबुद्धमा स्थित स्थानीय कृषि पसलले बिजुली चालित बीउ क्लिनर र मोइस्चर मिटरको प्रयोग गर्दा किसानलाई ठूलो फाइदा पुग्निरहेको छ
nepal ko pratham digital radio station kalika fm le kathmandu bhariko uthanle sanskritik karyakram haru lai pramukhata diye prastuti gari rakhya chha,नेपालको प्रथम डिजिटल रेडियो स्टेशन कालिका एफएमले काठमाडौँभरिको उठानले सांस्कृतिक कार्यक्रमहरूलाई प्रमुखता दिए प्रस्तुति गरि राख्या छ
dayahiti ko sangh ko nritya dal le gaijatra ko bela ma thulo bazar harumaa lok nritya ko pradarshan gari samudaya lai ekatako anubhuti diyeko chha,दयाहिटीको सङ्घको नृत्य दलले गाईजात्राको बेलामा ठूलो बजारहरूमा लोक नृत्यको प्रदर्शन गरी समुदायलाई एकताको अनुभूति दिएको छ
prakash sapkota ko nirdeshan ma baneko bato man pareko film le ghumanteyuwa ko ekanta ra asamarthata lai manobhaaw ma utarne prayas garyo,प्रकाश सापकोटाको निर्देशनमा बनेको बाटो मन परेको फिल्मले घुमन्तेयुवाको एकान्त र असमर्थतालाई मनोभावमा उतार्ने प्रयास गर्यो
nepali congress ra cpn maoist kendrako milan bela madheshi dal haru le sajilo raheko manan gari nirdharit mang sametiyeko thiyo,नेपाली कांग्रेस र सीपीएन माओवादी केन्द्रको मिलन बेला मधेशी दलहरूले सजिलो रहेको मानन गरी निर्धारित माग समेटिएको थियो
saptari jilla ko agnisair ma sthit model orchard le aam ra kharbuja ko high density plantation ko prashikshan gari rakhya chha,सप्तरी जिल्लाको अग्निसाइरमा स्थित मोडल अर्कार्डले आम र खरबुजाको हाई डेन्सिटी प्लान्टेशनको प्रशिक्षण गरि राख्या छ
dhading jilla ko rachhe thumka ma baneko micro hydro le pahadiko thulo thulo thau harumaa pani bijuli upalabdha gari sakne dakhala diyeko chha,धादिङ जिल्लाको राच्छे थुम्कामा बनेको माइक्रो हाइड्रोले पहाडको ठूलो ठूलो ठाउँहरूमा पनि बिजुली उपलब्ध गरि सक्ने दाखला दिएको छ
sindhuli ko kamalamai nagarpaalika le dahi gundruk ra sinki jasto sthanik khaadya padarth haru lai brand banayera bazarikaran gareko chha,सिन्धुलीको कमलामाई नगरपालिकाले दही गुन्द्रुक र सिँकी जस्तो स्थानीय खाद्य पदार्थहरूलाई ब्राण्ड बनाएर बजारीकरण गरेको छ
nuwakot ko bidur nagar palika ma thulo bhukampa pachhi baneko earthquake resistant house haru le gharpariwar ko suraksha ra sthirata ko anubhuti diyeko chha,नुवाकोटको विदुर नगरपालिकामा ठूलो भूकम्प पछि बनेको भूकम्प प्रतिरोधी घरहरूले घरपरिवारको सुरक्षा र स्थिरताको अनुभूति दिएको छ
kathmandu ko patan dhoka ma sthit national archives le digital scanning antargat nepal ko itihas ra lipi haru lai sajilo pahunchauna prayas gareko chha,काठमाडौँको पाटन ढोकामा स्थित राष्ट्रिय अभिलेखागारले डिजिटल स्क्यानिङ अन्तर्गत नेपालको इतिहास र लिपिहरूलाई सजिलो पुग्न सक्ने प्रयास गरेको छ
hariyokha ma sthit nepal music conservatory le tarun sangeetkar haru lai western instrument sahit classical nepali sangeet ko milan garda prayas gareko chha,हरियोखामा स्थित नेपाल सङ्गीत संरक्षणालयले तरुण सङ्गीतकारहरूलाई पश्चिमी वाद्य सहित क्लासिकल नेपाली सङ्गीतको मिलन गर्दा प्रयास गरेको छ
bharat ra nepal ko sanghiya sadak jodai kathmandu kolkatabari expressway nirmaan garda kalanki dekhi birgunj samma ko yatra ra vyaapar ko gunastariya thulo badhauna sahayog huna sakcha,भारत र नेपालको सङ्घीय सडक जोड्दै काठमाडौँ कोलकातासम्म एक्सप्रेसवे निर्माण गर्दा कालिङ्कीदेखि विरगञ्ज सम्मको यात्रा र व्यापारको गुणस्तरियता ठूलो बढाउन सहयोग हुन सक्छ
dang ko lamahi ma sthit national dairy research centre le desi gai ko doodh utpadan ma thulo sudhar lai samvedhan gari rakhya chha,दाङको लमहीमा स्थित राष्ट्रिय डेयरी अनुसन्धान केन्द्रले देसी गाईको दूध उत्पादनमा ठूलो सुधारलाई सम्बेधन गरि राख्या छ
kailash manasarovar yatra haru ko lagi dhanagadhi bata uttar chini samma ko sadak sudhar garda thulo budget ra samaya lageko chha,कैलाश मानसरोवर यात्राहरूको लागि धनगढीबाट उत्तर चीनी सम्मको सडक सुधार गर्दा ठूलो बजेट र समय लागेको छ
rasuwa ko dhandakharka ma sthit community forestry user group le carbon credit ko aadhar ma aarthik laabh paayera van arakshan ma prayas gardai chha,रसुवाको धान्डाखर्कामा स्थित सामुदायिक वन उपभोक्ता समूहले कार्बन क्रेडिटको आधारमा आर्थिक लाभ पाएर वन अरक्षणमा प्रयास गर्दै छ
pokhara ko fewa tal ke bichma thulo plastic waste nikalna nepal army le samudaya sahit milkar karyakram aayojan gareko chha,पोखराको फेवा तालको बीचमा ठूलो प्लास्टिक फोहोर निकाल्न नेपाली सेनाले समुदाय सहित मिल्कर कार्यक्रम आयोजन गरेको छ
baglung ko jomsom bazar ma sthit sky runner helicopter service le thulo bhukampa pachhi durgam thau harumaa sarokar pugne prayas gareko chha,बागलुङको जोमसोम बजारमा स्थित स्काइ रनर हेलिकप्टर सेवाले ठूलो भूकम्प पछि दुर्गम ठाउँहरूमा सरोकार पुग्ने प्रयास गरेको छ
nepal olympic committee le kathmandu ma suru gareko elite athlete development center le tarun kheladi lai international pratispardha ma taiyaar gardai chha,नेपाल ओलम्पिक समितिले काठमाडौँमा सुरू गरेको एलिट एथलिट विकास केन्द्रले तरुण खेलाडीलाई अन्तर्राष्ट्रिय प्रतिस्पर्धामा तयार गर्दै छ
taplejung ko chichila ma sthit high altitude research station le himalayan biodiversity ra climate parivartan ko adhyayan gari rakhya chha,ताप्लेजुङको चिचिलामा स्थित उच्च अक्षांश अनुसन्धान केन्द्रले हिमालयन जैविक विविधता र जलवायु परिवर्तनको अध्ययन गरि राख्या छ
kathmandu ra pokhara bichko naya railway project le yatra samay thulo kami garda desh bhitra ko paryatan lai badhaauna sakcha,काठमाडौँ र पोखरा बीचको नयाँ रेलवे परियोजनाले यात्रा समय ठूलो कमी गर्दा देश भित्रको पर्यटनलाई बढाउन सक्छ
sunsari jilla ko inarwa ma sthit agro processing unit le alu ra pyaj lai chips ra powder ma parivartan gari bazarma pahunchiraheko chha,सुनसरी जिल्लाको इनरुवामा स्थित कृषि प्रसंस्करण एकाइले आलु र प्याजलाई चिप्स र पाउडरमा परिवर्तन गरी बजारमा पुग्निरहेको छ
gorkha ko palungtar airport le pahadiko kshetra haruma health emergency ra disaster response lai drut banayera raheko chha,गोर्खाको पालुङटार विमानस्थलले पहाडको क्षेत्रहरूमा स्वास्थ्य आपतकाल र आपदा प्रतिक्रियालाई द्रुत बनाइरहेको छ
janakpur dham ma sthit maithili theatre group manjusha le lok kathaa haru lai nritya natikama rupantaran gari sanskriti lai jiwindai rakheko chha,जनकपुर धाममा स्थित मैथिली थिएटर समूह मञ्जुषाले लोक कथाहरूलाई नृत्य नाटिकामा रूपान्तरण गरी संस्कृतिलाई जिवँदै राखेको छ
bardiya national park ma sthit elephant breeding center le hasti samudaya ko sthirata ra biodiversity lai sahayog gari rakhya chha,बर्दिया राष्ट्रिय निकुञ्जमा स्थित हात्ती प्रजनन केन्द्रले हस्ती समुदायको स्थिरता र जैविक विविधतालाई सहयोग गरि राख्या छ
chitwan jilla ko bharatpur ma sthit national zoological garden le bengal tiger ra one horned rhino ko sajilo prajanan ma sahayog gareko chha,चितवन जिल्लाको भरतपुरमा स्थित राष्ट्रिय जनावर बगैँचाले बङ्गाल टाइगर र एक सिङ्गे गैँडाको सजिलो प्रजननमा सहयोग गरेको छ
nepal ko pahilo ai startup saral data analytics le krishi swasthya ra shiksha kshetra ma predictive modeling ko prayog gardai chha,नेपालको पहिलो एआई स्टार्टअप सरल डाटा एनालिटिक्सले कृषि स्वास्थ्य र शिक्षा क्षेत्रमा पूर्वानुमान मोडलिङको प्रयोग गर्दै छ
jhapa ko kankai nagarpaalika le sthanik chiyako kheti lai organic certification diye bazarikaran gareko prayas le kisan ko aamadani badhaeko chha,झापाको कंकाई नगरपालिकाले स्थानीय चियाको खेतीलाई अङ्ग्रेजी प्रमाणीकरण दिएर बजारीकरण गरेको प्रयासले किसानको आम्दानी बढाएको छ
sankhuwasabha ko chainpur ma sthit community library le digital literacy ra ebook access ko sahayata le gau bhariko balak balika lai jaankaari pahunchaeko chha,सङ्खुवासभाको चैनपुरमा स्थित सामुदायिक पुस्तकालयले डिजिटल साक्षरता र इ पुस्तक पहुँचको सहायताले गाउँभरिको बालक बालिकालाई जानकारी पुग्निएको छ
kathmandu ko thapathali ma sthit nepal academy of science and technology le solar cell efficiency badhauna nano coating ko prayog gardai chha,काठमाडौँको थापाथलीमा स्थित नेपाल विज्ञान र प्रविधि एकेडेमीले सौर्य कोषिका कार्यक्षमता बढाउन न्यानो कोटिङको प्रयोग गर्दै छ
dolpa ko shey gompa ma sthit buddhist manuscript archive le ancient text haru lai digital format ma sampadan gari sanskriti lai jiwindai rakheko chha,डोल्पाको शे गुम्बामा स्थित बौद्ध हस्तलिखित अभिलेखागारले प्राचीन पाठहरूलाई डिजिटल स्वरूपमा सम्पादन गरी संस्कृतिलाई जिवँदै राखेको छ
banepa ko panauti ma sthit heritage conservation trust le purano newari ghar haru lai earthquake resistant technology sahit punar nirmaan gari raheko chha,बनेपाको पनौतीमा स्थित विरासत संरक्षण न्यासले पुरानो नेवारी घरहरूलाई भूकम्प प्रतिरोधी प्रविधि सहित पुनर्निर्माण गरि रहेको छ
kanchanpur ko krishnapur nagarpaalika le sthanik gud sahitko khassi ko pasal banayera bazar haru ma nirdharit gudko quality control gari rakhya chha,कञ्चनपुरको कृष्णपुर नगरपालिकाले स्थानीय गुँद सहितको खसीको पसल बनाएर बजारहरूमा निर्धारित गुँदको गुणस्तर नियन्त्रण गरि राख्या छ
kathmandu university le climate smart agriculture ko lagi open data platform launch gareko chha jasma kisan le apno khet ko data halera advice paune chhan,काठमाडौँ विश्वविद्यालयले जलवायु अनुकूल कृषि गर्नका लागि ओपन डाटा प्लेटफर्म लञ्च गरेको छ जसमा किसानले आफ्नो खेतको डाटा हालेर सल्लाह पाउने छन्
mustang ko lo manthang ma sthit cave painting project le prehistoric art ra tibetan buddhist prabhaab ko sangam lai adhyayan gari raheko chha,मुस्ताङको लो मान्थाङमा स्थित गुफा चित्र परियोजनाले प्रागैतिहासिक कला र तिब्बती बौद्ध प्रभावको सङ्गमलाई अध्ययन गरि रहेको छ
sindhupalchok ko bahrabise ma sthit community seed bank le deshi gahu dhaan ra makai ko biu lai prajatiya roop ma sampadan gareko chha,सिन्धुपाल्चोकको बाह्रबीसमा स्थित सामुदायिक बीउ बैंकले देशी गहुँ धान र मकैको बीउलाई प्रजातिय रूपमा सम्पादन गरेको छ
ilam ko mai pokhari ma sthit bird sanctuary le endangered red panda ra himalayan monal ko arakshan gari sanskriti ra prakriti ko milan lai jiwit rakheko chha,इलामको माई पोखरीमा स्थित चरा अभयारण्यले लुप्तप्राय रातो पाण्डा र हिमाली मोनालको अरक्षण गरी संस्कृति र प्रकृतिको मिलनलाई जिवँदै राखेको छ
kathmandu ko jawalakhel ma sthit national folk museum le jhyauli dholak ra madal jasto bajakaran haru ko pradarshan gari sanskriti lai jiwindai rakheko chha,काठमाडौँको जवलाखेलमा स्थित राष्ट्रिय लोक संग्रहालयले झ्याउली ढोलक र मादल जस्तो बाजाकरणहरूको प्रदर्शन गरी संस्कृतिलाई जिवँदै राखेको छ
nuwakot ko trishuli bazar ma sthit rural tech hub le mobile app development workshop gari tarun haru lai freelance market ma jodne prayas gareko chha,नुवाकोटको त्रिशूली बजारमा स्थित ग्रामीण प्रविधि हबले मोबाइल एप विकास कार्यशाला गरी तरुणहरूलाई फ्रिलान्स मार्केटमा जोड्ने प्रयास गरेको छ
taplejung ko phedi ma sthit yak farm le climate change ko prabhaab le chyangra palan ko rupantaran lai samvedhan gari rakhya chha,ताप्लेजुङको फेदीमा स्थित याक फार्मले जलवायु परिवर्तनको प्रभावले छ्याङ्रा पालनको रूपान्तरणलाई सम्बेधन गरि राख्या छ
kathmandu jilla ko taudaha lake ma sthit wetland research center le endangered gharial ra mugger crocodile ko prajanan ma sahayog gareko chha,काठमाडौँ जिल्लाको तौडाहाँ तालमा स्थित आद्रभूमि अनुसन्धान केन्द्रले लुप्तप्राय घडियाल र मगर मगरमच्छको प्रजननमा सहयोग गरेको छ
pokhara ko bindhyabasini temple ke bichka thulo sadak le dharahara samma ko bhid ra yatra samay thulo kami gareko chha,पोखराको विन्ध्यवासिनी मन्दिरको बीचका ठूलो सडकले धरहरा सम्मको भीड र यात्रा समय ठूलो कमी गरेको छ
lalitpur ko patan museum le digital curation antargat newari manuscript haru lai online platform ma upalabdha gari sanskriti lai bishwa samaksh prastut gareko chha,ललितपुरको पाटन संग्रहालयले डिजिटल क्यूरेशन अन्तर्गत नेवारी हस्तलिखितहरूलाई अनलाइन मञ्चमा उपलब्ध गरी संस्कृतिलाई विश्व समक्ष प्रस्तुत गरेको छ
aaja chitwan national park ma gharial ra onehorned rhinoceros ko protection ra conservation ko sthiti majboot gareko chha,आज चितवन नेशनल पार्कमा घेरियल र वनहर्न्ड राइनोको संरक्षण र कन्सर्भेसनको स्थिति मजबूत गरेको छ
chitwan national park ko deep jungle ma thulo bhalu ra ghoraguma haru le thulo thulo barkharu chhandai rahanchha,चितवन राष्ट्रिय निकुञ्जको गहिरो जङ्गलमा ठूलो भालु र घोडागुमा हरूले ठूलो ठूलो बर्खरू छाँडै रहन्छन्
bardiya national park ma sthit elephant grass ko uchchai das meter samma pugne bela chitua haru tyaha basobas garchhan,बर्दिया राष्ट्रिय निकुञ्जमा स्थित हात्ती घाँसको उचाइ दश मिटरसम्म पुग्ने बेला चितुवा हरू त्यहाँ बसोबास गर्छन्
shuklaphanta national park ko khairi tarai ma ek jodi gaida haru le thulo thulo chij haru ukalda dekhiye,शुक्लाफाँटा राष्ट्रिय निकुञ्जको खैरी तराईमा एक जोडी गैँडाहरूले ठूलो ठूलो चिजहरू उकाल्दा देखिए
koshi tappu wildlife reserve ma thulo bhukampa pachi barasinghe ko samudaya ma thulo kami aayeko dekhiyeko chha,कोशी टप्पु वन्यजन्तु आरक्षमा ठूलो भूकम्प पछि बाह्रसिङ्गेको समुदायमा ठूलो कमी आएको देखिएको छ
parsa national park ko simaliya jungle ma thulo thulo sal ko rukharu le chitua haru lai chhipne thau ko roop ma kaam garchhan,पर्सा राष्ट्रिय निकुञ्जको सिमलिया जङ्गलमा ठूलो ठूलो सालको रूखहरूले चितुवा हरूलाई छिप्ने ठाउँको रूपमा काम गर्छन्
langtang national park ko himal ko tal ma blue sheep haru le dudh ko jasto thulo thulo thau ma charne dekhiyechha,लाङटाङ राष्ट्रिय निकुञ्जको हिमालको तलमा नीलो भेडाहरूले दूधको जस्तो ठूलो ठूलो ठाउँमा चर्ने देखिएछ
rukum ma sthit dolpa snow leopard conservation project le camera trap data analisis garda thulo pramaan ma snow leopard dekhiye,रुकुममा स्थित डोल्पा स्नो लेपर्ड संरक्षण परियोजनाले क्यामेरा ट्र्याप डाटा विश्लेषण गर्दा ठूलो प्रमाणमा स्नो लेपर्ड देखिए
shey phoksundo national park ko phoksundo tal ke chhaap ma thulo thulo himalayan tahr haru le ghas charne dekhiyechha,शे फोक्सुण्डो राष्ट्रिय निकुञ्जको फोक्सुण्डो तालको छापमा ठूलो ठूलो हिमालयन थारहरूले घाँस चर्ने देखिएछ
makalu barun national park ko upper zone ma red panda haru le bamboo ko kagat khayera thulo thulo din bitayera basobas garchhan,मकालु बरुण राष्ट्रिय निकुञ्जको माथिल्लो क्षेत्रमा रातो पाण्डाहरूले बाँसको कागत खाएर ठूलो ठूलो दिन बिताएर बसोबास गर्छन्
kanchenjunga conservation area ma thulo thulo musk deer haru le ghas charne bela chhitikka awaz nikale,कञ्चनजङ्घा संरक्षण क्षेत्रमा ठूलो ठूलो कस्तूरी हरिणहरूले घाँस चर्ने बेला छिटिक्क आवाज निकाले
banke national park ko sal forest ma ghoraguma ra chitua haru le ek arka lai dherai bela herchhan tara thulo yuddha gardaina,बाँके राष्ट्रिय निकुञ्जको साल जङ्गलमा घोडागुमा र चितुवाहरूले एक अर्कालाई धेरै बेला हेर्छन् तर ठूलो युद्ध गर्दैनन्
sagarmatha national park ko gorakshep thau ma yak le thulo thulo thau ma charne dekhiyechha jaha himalayan monal pani chhachal parthyo,सगरमाथा राष्ट्रिय निकुञ्जको गोरक्षेप ठाउँमा याकले ठूलो ठूलो ठाउँमा चर्ने देखिएछ जहाँ हिमाली मोनाल पनि छछल पर्थ्यो
shuklaphanta ma sthit gharial breeding center le one hundred fifty gharial hatchling release gare ra talaiyo ma thulo sajha parne gareko chha,शुक्लाफाँटामा स्थित घडियाल प्रजनन केन्द्रले एक सय पचास घडियाल ह्याचलिङ छोडेको र तालाइयोमा ठूलो साझा पर्ने गरेको छ
chitwan ko amaltari jungle ma thulo bhalu le sal ko thulo rukh ma thulo thau ko chhilka banayera basobas gareko dekhiyeko chha,चितवनको अमलतारी जङ्गलमा ठूलो भालुले सालको ठूलो रूखमा ठूलो ठाउँको छिल्का बनाएर बसोबास गरेको देखिएको छ
bardiya ko kamdiya jungle ma thulo chitua le thulo thulo deer lai pakadne prayas gareko dekhiyeko chha,बर्दियाको कम्डिया जङ्गलमा ठूलो चितुवाले ठूलो ठूलो हरिणलाई पकड्ने प्रयास गरेको देखिएको छ
koshi tappu ma winter ma thulo thulo number ma siberian crane haru aayera thulo thau ma basobas garchhan,कोशी टप्पुमा जाडोमा ठूलो ठूलो सङ्ख्यामा साइबेरियन क्रेनहरू आएर ठूलो ठाउँमा बसोबास गर्छन्
rukum ko dolpa jungle ma snow leopard le blue sheep ko peeche lagaune bela thulo chal kharchhaye,रुकुमको डोल्पा जङ्गलमा स्नो लेपर्डले नीलो भेडाको पछे लाग्दा ठूलो चाल खर्च गर्छ
makalu barun ko upper himal ma thulo thulo yak haru le baraf tala ghas khayera jeevan jalgirahe,मकालु बरुणको माथिल्लो हिमालमा ठूलो ठूलो याकहरूले बरफ तल घाँस खाएर जीवन जाल्गिरहेका छन्
langtang ko syafrubesi jungle ma thulo thulo musk deer haru le sal ko chhaya ma chhipera ghas charirahe,लाङटाङको स्याफ्रुबेसी जङ्गलमा ठूलो ठूलो कस्तूरी हरिणहरूले सालको छायाँमा छिपेर घाँस चरिरहेका छन्
chitwan national park ma thulo thulo number ko gaida ra chitua haru le ekai thau ma ghas charne dekhiyechha,चितवन राष्ट्रिय निकुञ्जमा ठूलो ठूलो सङ्ख्याको गैँडा र चितुवाहरूले एकै ठाउँमा घाँस चर्ने देखिएछ
bardiya national park ko gulariya jungle ma thulo bhalu le sal ko thulo thau ko chhilka banayera basobas gareko dekhiyeko chha,बर्दिया राष्ट्रिय निकुञ्जको गुलरिया जङ्गलमा ठूलो भालुले सालको ठूलो ठाउँको छिल्का बनाएर बसोबास गरेको देखिएको छ
shuklaphanta national park ko khairi jungle ma thulo thulo ghoraguma haru le thulo thulo barkharu chhandai rahanchhan,शुक्लाफाँटा राष्ट्रिय निकुञ्जको खैरी जङ्गलमा ठूलो ठूलो घोडागुमा हरूले ठूलो ठूलो बर्खरू छाँडै रहन्छन्
koshi tappu wildlife reserve ma thulo thulo number ko barasinghe haru le ghas charne dekhiyechha,कोशी टप्पु वन्यजन्तु आरक्षमा ठूलो ठूलो सङ्ख्याको बाह्रसिङ्गे हरूले घाँस चर्ने देखिएछ
parsa national park ko simaliya jungle ma thulo thulo chitua haru le thulo thulo deer lai pakadne prayas gareko dekhiyeko chha,पर्सा राष्ट्रिय निकुञ्जको सिमलिया जङ्गलमा ठूलो ठूलो चितुवाहरूले ठूलो ठूलो हरिणलाई पकड्ने प्रयास गरेको देखिएको छ
langtang national park ko himal ko tal ma thulo thulo blue sheep haru le dudh ko jasto thulo thulo thau ma charne dekhiyechha,लाङटाङ राष्ट्रिय निकुञ्जको हिमालको तलमा ठूलो ठूलो नीलो भेडाहरूले दूधको जस्तो ठूलो ठूलो ठाउँमा चर्ने देखिएछ
rukum ma sthit dolpa snow leopard conservation project le camera trap data analisis garda thulo thulo number ma snow leopard dekhiye,रुकुममा स्थित डोल्पा स्नो लेपर्ड संरक्षण परियोजनाले क्यामेरा ट्र्याप डाटा विश्लेषण गर्दा ठूलो ठूलो सङ्ख्यामा स्नो लेपर्ड देखिए
makalu barun national park ko upper zone ma thulo thulo red panda haru le bamboo ko kagat khayera thulo thulo din bitayera basobas garchhan,मकालु बरुण राष्ट्रिय निकुञ्जको माथिल्लो क्षेत्रमा ठूलो ठूलो रातो पाण्डाहरूले बाँसको कागत खाएर ठूलो ठूलो दिन बिताएर बसोबास गर्छन्
banke national park ko sal forest ma thulo thulo ghoraguma ra chitua haru le ek arka lai dherai bela herchhan tara thulo yuddha gardaina,बाँके राष्ट्रिय निकुञ्जको साल जङ्गलमा ठूलो ठूलो घोडागुमा र चितुवाहरूले एक अर्कालाई धेरै बेला हेर्छन् तर ठूलो युद्ध गर्दैनन्
sagarmatha national park ko gorakshep thau ma thulo thulo yak haru le thulo thulo thau ma charne dekhiyechha jaha himalayan monal pani chhachal parthyo,सगरमाथा राष्ट्रिय निकुञ्जको गोरक्षेप ठाउँमा ठूलो ठूलो याकहरूले ठूलो ठूलो ठाउँमा चर्ने देखिएछ जहाँ हिमाली मोनाल पनि छछल पर्थ्यो
shuklaphanta ma sthit gharial breeding center le thulo thulo number ma gharial hatchling release gare ra talaiyo ma thulo sajha parne gareko chha,शुक्लाफाँटामा स्थित घडियाल प्रजनन केन्द्रले ठूलो ठूलो सङ्ख्यामा घडियाल ह्याचलिङ छोडेको र तालाइयोमा ठूलो साझा पर्ने गरेको छ
kathmandu ko newspaper haru ma pratyek din naya khabar haru chhapinchha,काठमाडौंको अखबार हरुमा प्रत्येक दिन नयाँ खबरहरु छापिन्छ
kathmandu ko mobile company haru ko service center haru dherai thau ma chha,काठमाडौंको मोबाइल कम्पनी हरुको सेवा केन्द्रहरु धेरै ठाउँमा छ
kathmandu ko university campus haru ma bihana beluka vidyarthi haru dherai dekhinchha,काठमाडौंको विश्वविद्यालय क्याम्पस हरुमा बिहान बेलुका विद्यार्थीहरु धेरै देखिन्छ
