romanized,devanagari
maile hijo beluka ghar farkida bato bhari paani pareko dekhera chhata bokera hidna paryo,मैले हिजो बेलुका घर फर्किँदा बाटो भरि पानी परेको देखेर छाता बोकेर हिँड्न पर्यो
aaja bihana aamaale mitho chiya banaaidinu bhayepachi sabai jana sangai basera kura gardai khaayau,आज बिहान आमाले मिठो चिया बनाइदिनु भएपछी सबै जना सँगै बसेर कुरा गर्दै खायौँ
hamro gaauko purano paati najikai mancheharu beluka bhayera geet gaaudai ramailo gardai thiye,हाम्रो गाउँको पुरानो पाटी नजिकैमान्छेहरु बेलुका भएर गीत गाउँदै रमाइलो गर्दै थिए
timi hijo kina school najikako pasalma ekkai choti dherai kitaab kinnu bhayeko thiyo,तिमी हिजो किन स्कुल नजिकको पसलमा एकैचोटि धेरै किताब किन्नु भएको थियो
mero saathi bihana dekhi parikshako tayari gardai basyo tara uslai ajhai dherai padhna baaki chha,मेरो साथी बिहानदेखि परीक्षाको तयारी गर्दै बस्यो तर उसलाई अझै धेरै पढ्न बाँकी छ
aamaale bhanchhama mitho tarkari pakaudai hunuhunthyo ra bahira bata masu ko basna pani aaudai thiyo,आमाले भान्छामा मिठो तरकारी पकाउँदै हुनुहुन्थ्यो र बाहिरबाटमासुको बास्ना पनि आउँदै थियो
hijo raati dherai jado bhayepachi ma sirak odhera chhito sutna khojdai thiye tara nidaauna sakina,हिजो राति धेरै जाडो भएपछी म सिरक ओढेर छिटो सुत्न खोज्दै थिएँ तर निदाउन सकिनँ
hamile aaja schoolma naya khelko abhyas gardai sabai saathiharu sanga dherai haansdai bitayau,हामीले आज स्कुलमा नयाँ खेलको अभ्यास गर्दै सबै साथीहरु सँग धेरै हाँस्दै बितायौँ
gaauko mathillo dada bata herda tala ko khola ra hariyo ban ekdam ramro dekhinthyo,गाउँकोमाथिल्लो डाँडा बाट हेर्दा तलको खोला र हरियो वन एकदम राम्रो देखिन्थ्यो
bubaa kaam bata thakai lagera ghar aaunu bhayepachi chupchaap basera samachar herdai hunuhunthyo,बुबा कामबाट थकाइ लागेर घर आउनु भएपछी चुपचाप बसेर समाचार हेर्दै हुनुहुन्थ्यो
saanobela dekhi sangai kheleko saathi bidesh janu paryo bhanda sabailai naramailo laagyo,सानोबेला देखि सँगै खेलेको साथी विदेश जानु पर्यो भन्दा सबैलाई नरमाइलो लाग्यो
maile aaja pustakaalayabata liyeko upanyaas padhera dherai naya kura bujhna paaye jasto laagyo,मैले आज पुस्तकालयबाट लिएको उपन्यास पढेर धेरै नयाँ कुरा बुझ्न पाए जस्तो लाग्यो
hamro ghar agaadiko baari maa fulharu phulepachi wari pari sabai ramro baasna failiyeko thiyo,हाम्रो घर अगाडिको बारीमा फूलहरु फुलेपछी वरिपरि सबै राम्रो बास्ना फैलिएको थियो
timi kina yati chhito risaaune gareko bhanda usle chup lagera tala herna thalyo,तिमी किन यति छिटो रिसाउने गरेको भन्दा उसले चुप लागेर तल हेर्न थाल्यो
hijo saanjha bazaar jada bato bhari mancheharu dashainko kinmel gardai hiddai thiye,हिजो साँझ बजार जाँदा बाटोभरिमान्छेहरु दशैँको किनमेल गर्दै हिँड्दै थिए
didi le malai padhdai gareko samasya bujhaaidinu bhayepachi ganit sajilo laagna thalyo,दिदीले मलाई पढ्दै गरेको समस्या बुझाइदिनु भएपछी गणित सजिलो लाग्न थाल्यो
hamile gaauko melaamaa sel roti ra mitho achar khaandai geet sune ra nachaayau,हामीले गाउँको मेलामा सेल रोटी र मिठो अचार खाँदै गीत सुन्यौँ र नाच्यौँ
aaja officema managerle sabailai samayma kaam sakauna bhanda dherai tanaab badheko thiyo,आज अफिसमा म्यानेजरले सबैलाई समयमा काम सकाउन भन्दा धेरै तनाव बढेको थियो
maile saanjha chhatma basera tadaako himaal herda man ekdam shaanta bhayeko mahasus gare,मैले साँझ छतमा बसेर टाढाको हिमाल हेर्दा मन एकदम शान्त भएको महसुस गरेँ
hamro tolko purano pipal muni budaapakaa haru dindinai basera rajnitiko kura garne garchhan,हाम्रो टोलको पुरानो पीपलमुनि बुढापाका हरु दिनदिनै बसेर राजनीतिको कुरा गर्ने गर्छन्
timi aaja kina udaas dekhinchhau bhanda usle ghar ko samasya sunaayera chinta dekhaayo,तिमी आज किन उदास देखिन्छौ भन्दा उसले घरको समस्या सुनाएर चिन्ता देखायो
bahini le schoolko karyakramma geet gaaudaa sabai shikshak ra saathiharu le tali bajaaye,बहिनीले स्कुलको कार्यक्रममा गीत गाउँदा सबै शिक्षक र साथीहरुले ताली बजाए
hijo dekhi lagataar paani pareko kaaranle kholamaa paani badhera bato samet dubeko thiyo,हिजोदेखि लगातार पानी परेको कारणले खोलामा पानी बढेर बाटो समेत डुबेको थियो
maile bihana dekhi laptopma kaam gardaa gardai aankhaa dukhera ali ber aaraam gare,मैले बिहानदेखि ल्यापटपमा काम गर्दा गर्दै आँखा दुखेर अलि बेर आराम गरेँ
gaauko schoolma naya shikshak aaepachi bacchaharulai padhna jhan utsaah badheko dekhinthyo,गाउँको स्कुलमा नयाँ शिक्षक आएपछी बच्चाहरुलाई पढ्न झन् उत्साह बढेको देखिन्थ्यो
hamile picnic jada kholaa najikai basera geet gaaudai khana pakaayera dherai ramailo garyau,हामीले पिकनिक जाँदा खोला नजिकै बसेर गीत गाउँदै खाना पकाएर धेरै रमाइलो गर्यौँ
bubaa le sano bela ko dukha sunaaudaa hami sabai chup lagera dhyaan diyera sundai thiyau,बुबाले सानो बेलाको दुःख सुनाउँदा हामी सबै चुप लागेर ध्यान दिएर सुन्दै थियौँ
saanjh parna laagepachi charaaharu aakaash bata udhera aafno ghosla tira farkina thale,साँझ पर्न लागेपछी चराहरु आकाशबाट उडेर आफ्नो गुँडतिर फर्किन थाले
maile gaau jaanu aghi saathiharu sanga bhetera dherai ber samma kura gardai base,मैले गाउँ जानुअघि साथीहरु सँग भेटेर धेरै बेरसम्म कुरा गर्दै बसेँ
timi le banaayeko momo ko swaad yati mitho thiyo ki sabai jana le feri magna thale,तिमीले बनाएको ममको स्वाद यति मिठो थियो कि सबै जनाले फेरिमाग्न थाले
hamro kakshyamaa aaja naya bidyarthi aaepachi sabailai ussanga chinjaan garna man laagyo,हाम्रो कक्ष्यामा आज नयाँ विद्यार्थी आएपछी सबैलाई उससँग चिनजान गर्न मन लाग्यो
aamaale bihana mandirma batti baalera sabai ko sukh shaanti ko lagi prarthanaa garnubhayo,आमाले बिहान मन्दिरमा बत्ती बालेर सबैको सुख शान्तिको लागि प्रार्थना गर्नुभयो
hijo raat bhar mobile chalaaudaa bihana uthna gaaro bhayo ra school dhilo pugiyo,हिजो रातभर मोबाइल चलाउँदा बिहान उठ्न गाह्रो भयो र स्कुल ढिलो पुगियो
maile bazaar bata kinnu bhayeko naya jutta lagaauda hidna ekdam sajilo ra rahat laagyo,मैले बजारबाट किन्नु भएको नयाँ जुत्ता लगाउँदा हिँड्न एकदम सजिलो र राहत लाग्यो
gaauko khetaamaa dhaan paakna thalepachi wari pari sunauulo rang le dherai ramro dekhinthyo,गाउँको खेतमा धान पाक्न थालेपछी वरिपरि सुनौलो रङले धेरै राम्रो देखिन्थ्यो
hamile aaja computer kakshyamaa naya program banaauna sikdai dherai samay bitaayau,हामीले आज कम्प्युटर कक्ष्यामा नयाँ प्रोग्राम बनाउन सिक्दै धेरै समय बितायौँ
timi harule hijo kheldaa jhyaal ko sisaa futaayo bhanera chhimekile gungunaaudai thiin,तिमीहरुले हिजो खेल्दा झ्यालको सिसा फुटायो भनेर छिमेकीले गुनगुनाउँदै थिइन्
maile pustakamaa lekhiyeko purano itihas padhera deshko baremaa dherai kura tha paaye,मैले पुस्तकमालेखिएको पुरानो इतिहास पढेर देशको बारेमा धेरै कुरा थाहा पाएँ
saanobhai le aafno chitra sabailai dekhaaudaa khusi bhayera haansdai kudna thalyo,सानोभाइले आफ्नो चित्र सबैलाई देखाउँदा खुसी भएर हाँस्दै कुद्न थाल्यो
aaja bihana parkmaa hiddai garda taajaa hawa ra charaako awaaj le man prasanna banaayo,आज बिहान पार्कमा हिँड्दै गर्दा ताजा हावा र चराको आवाजले मन प्रसन्न बनायो
hamro gharma atithi aaepachi aamaale mitho khana pakaayera sabailai mayaale khuwaaunu bhayo,हाम्रो घरमा अतिथि आएपछी आमाले मिठो खाना पकाएर सबैलाईमायाले खुवाउनु भयो
maile aaja busparkmaa dherai ber kurda pani gaau jaane gaadi samaymaa aauna sakena,मैले आज बसपार्कमा धेरै बेर कुर्दा पनि गाउँ जाने गाडी समयमा आउन सकेन
hijo beluka saathiharu sanga futbaal kheldaa ekkasi paani parera sabai bhijera ghar farkiyau,हिजो बेलुका साथीहरु सँग फुटबल खेल्दा एक्कासी पानी परेर सबै भिजेर घर फर्कियौँ
aamaale dashainko lagi gharbhari safaa gardai purana saamaanharu milaayera raakhnu bhayo,आमाले दशैँको लागि घरभरि सफा गर्दै पुराना सामानहरु मिलाएर राख्नु भयो
timi kina aaja kakshyamaa yati chup lagera baseko bhanda usle halka muskuraayo matra,तिमी किन आज कक्ष्यामा यति चुप लागेर बसेको भन्दा उसले हल्का मुस्कुरायोमात्र
hamro gaauko kholaa maa paani ghatera bato kaatna sajilo bhayepachi sabai khusi dekhinthye,हाम्रो गाउँको खोलामा पानी घटेर बाटो काट्न सजिलो भएपछी सबै खुसी देखिन्थे
maile ra bahini le bihana dekhi bhanchhamaa sel roti banaauna sikdai dherai haansyau,मैले र बहिनीले बिहानदेखि भान्छामा सेल रोटी बनाउन सिक्दै धेरै हाँस्यौँ
bubaa le sano huda kheteko dukha sunaayera mehenat bina safalta naaune kura bujhaaunu bhayo,बुबाले सानो हुँदा खेतको दुःख सुनाएर मेहनत बिना सफलता नआउने कुरा बुझाउनु भयो
hijo school bata farkine bela bato maa bheteko kukur mero pachhi pachhi ghar samma aayo,हिजो स्कुलबाट फर्किने बेला बाटोमा भेटेको कुकुर मेरो पछिपछि घरसम्म आयो
aaja officeko baithak lamo bhayepachi sabai jana thakaai mahasus gardai chupchaap basirahe,आज अफिसको बैठक लामो भएपछी सबै जना थकाइ महसुस गर्दै चुपचाप बसिरहे
maile pustakaalayamaa bheteko purano diary padhera kasailko jeevanko dukha bujhna paaye jasto laagyo,मैले पुस्तकालयमा भेटेको पुरानो डायरी पढेर कसैको जीवनको दुःख बुझ्न पाए जस्तो लाग्यो
hamro tolmaa naya pariwaar basna aaepachi chhimekiharu sanga chinjaan badhdai gayeko chha,हाम्रो टोलमा नयाँ परिवार बस्न आएपछी छिमेकीहरु सँग चिनजान बढ्दै गएको छ
timi le hijo banaayeko chiya ko baasna yati mitho thiyo ki sabailai फेरि khana man laagyo,तिमीले हिजो बनाएको चियाको बास्ना यति मिठो थियो कि सबैलाई फेरि खान मन लाग्यो
gaauko melaamaa madal bajna thalepachi ketaketi dekhi budaapaka samma nachna thale,गाउँको मेलामामादल बज्न थालेपछी केटाकेटी देखि बुढापाका सम्म नाच्न थाले
maile saanjha samma assignment nasakera raati derai samma basera type gardai thiye,मैले साँझसम्म असाइनमेन्ट नसकेर राति ढिलासम्म बसेर टाइप गर्दै थिएँ
bahira jado badhdai gaye pani bhitra aago taapdai basdaa ekdam nyaano mahasus bhayo,बाहिर जाडो बढ्दै गए पनि भित्र आगो ताप्दै बस्दा एकदम न्यानो महसुस भयो
hamile aaja kakshyamaa nepalko sanskriti baremaa chhalaphal gardaa dherai naya kura sikaayau,हामीले आज कक्ष्यामा नेपालको संस्कृति बारेमा छलफल गर्दा धेरै नयाँ कुरा सिक्यौँ
hijo raati bijuli jaanepachi sabai jana batti balera ekai thauma basera kura gardai thiye,हिजो राति बिजुली जानेपछी सबै जना बत्ती बालेर एकै ठाउँमा बसेर कुरा गर्दै थिए
maile bazaarmaa kinnu bhayeko naya jhola bokera school jada saathiharu le herirahe,मैले बजारमा किन्नु भएको नयाँ झोला बोकेर स्कुल जाँदा साथीहरुले हेरिरहे
saanobhai le aafule banaayeko kagajko jahaj udaaudaa khusi bhayera karaundai kudyo,सानोभाइले आफूले बनाएको कागजको जहाज उडाउँदा खुसी भएर कराउँदै कुद्यो
aamaale bihana ful tipera mandirma chadhaaudaa gharbhari ramro baasna failiyeko thiyo,आमाले बिहान फूल टिपेर मन्दिरमा चढाउँदा घरभरि राम्रो बास्ना फैलिएको थियो
hamro schoolko khelkud pratiyogitamaa jitepachi sabai saathiharu le tali bajaayera badhaai diye,हाम्रो स्कुलको खेलकुद प्रतियोगााितामा जितेपछी सबै साथीहरुले ताली बजाएर बधाई दिए
timi kina yati dherai mobile chalaaunchhau bhanda usle padhaiko lagi bhanera jawaaf diyo,तिमी किन यति धेरै मोबाइल चलाउँछौ भन्दा उसले पढाइको लागि भनेर जवाफ दियो
maile aaja bihana himaal mathi pareko ghaam herda manbhari shaanti chhaayeko mahasus gare,मैले आज बिहान हिमालमाथि परेको घाम हेर्दा मनभरि शान्ति छाएको महसुस गरेँ
gaauko paakhaa maa bakhra charaaudai hiddaa tada bata ghanti ko awaaj sunincha thiyo,गाउँको पाखामा बाख्रा चराउँदै हिँड्दा टाढाबाट घण्टीको आवाज सुनिन्थ्यो
hijo beluka saathiharu sanga basera purano tasbir herda bachpan ko samjhana aayo,हिजो बेलुका साथीहरु सँग बसेर पुरानो तस्बिर हेर्दा बचपनको सम्झना आयो
hamro ghar najikai ko paati maa budaapakaa haru bihana dekhi guff gardai baschhan,हाम्रो घर नजिकैको पाटीमा बुढापाका हरु बिहानदेखि गफ गर्दै बस्छन्
maile pariksha sakiyepachi dherai din pachi chainko saas ferna paayeko jasto laagyo,मैले परीक्षा सकिएपछी धेरै दिनपछि चैनको सास फेर्न पाएको जस्तो लाग्यो
aaja bazaarmaa dherai bheed bhayepachi hidna pani gaaro bhayera bistarai agadi badhyau,आज बजारमा धेरै भीड भएपछी हिँड्न पनि गाह्रो भएर बिस्तारै अगाडि बढ्यौँ
bahini le schoolko manchmaa kabita sunaaudaa sabai jana dhyaan diyera sundai thiye,बहिनीले स्कुलको मञ्चमा कविता सुनाउँदा सबै जना ध्यान दिएर सुन्दै थिए
maile ra saathi le kholaa tira gayera dhunga falda paanimaa thulo chhala utheko thiyo,मैले र साथीले खोलातिर गएर ढुङ्गा फाल्दा पानीमा ठूलो छाल उठेको थियो
hamro gaauko mandirma tika lagauna aaune mancheharu ko line dherai laamo dekhinthyo,हाम्रो गाउँको मन्दिरमा टीका लगाउन आउनेमान्छेहरुको लाइन धेरै लामो देखिन्थ्यो
timi le bujhaaeko tarikale ganitko kathin prashna pani sajilai milna thalyo,तिमीले बुझाएको तरिकाले गणितको कठिन प्रश्न पनि सजिलै मिल्न थाल्यो
hijo dekhi lagataar joro aaepachi ma aaja school najane bhanera gharmai base,हिजोदेखि लगातार ज्वरो आएपछी म आज स्कुल नजाने भनेर घरमै बसेँ
aamaale pakaayeko gundruk ko jhol ra bhaat khaandaa gaauko samjhana taajaa bhayo,आमाले पकाएको गुन्द्रुकको झोल र भात खाँदा गाउँको सम्झना ताजा भयो
saanjh parna laagepachi aakaashbhari charaaharu aafno baas tira udna thale,साँझ पर्न लागेपछी आकाशभरि चराहरु आफ्नो बास तिर उड्न थाले
maile aaja internetmaa herera naya parikarko khaja banaauna khojda ali namile jasto bhayo,मैले आज इन्टरनेटमा हेरेर नयाँ प्रकारको खाजा बनाउन खोज्दा अलि नमिले जस्तो भयो
hamile chhutti ko din sabai pariwaar sangai basera purano kura samjhidai ramailo garyau,हामीले छुट्टीको दिन सबै परिवार सँगै बसेर पुरानो कुरा सम्झिँदै रमाइलो गर्यौँ
gaauko bato maa hiddai garda gurans ko ful phuleko dekhera sabai rokiera herna thale,गाउँको बाटोमा हिँड्दै गर्दा गुराँसको फूल फुलेको देखेर सबै रोकिएर हेर्न थाले
timi haru derai chichyaayera kura gardaa chhimeki harulai pani asajilo bhayeko thiyo,तिमीहरु धेरै चिच्याएर कुरा गर्दा छिमेकीहरुलाई पनि असजिलो भएको थियो
maile bihana uthne bittikai jhyaal baata chireko ghaam herera aaja ko din ramro hune jasto laagyo,मैले बिहान उठ्ने बित्तिकै झ्यालबाट छिरेको घाम हेरेर आजको दिन राम्रो हुने जस्तो लाग्यो
aaja hospitalko pratikshya kakshyamaa dherai ber basda thakaai bhayepani sabai jana shaanta dekhinthye,आज अस्पतालको प्रतीक्षा कक्षमा धेरै बेर बस्दा थकाइ भएपनि सबै जना शान्त देखिन्थे
maile online form bhardaa nagarikta number galat haalepachi feri surudekhi sabai milaaunu paryo,मैले अनलाइन फारम भर्दा नागरिकता नम्बर गलत हालेपछी फेरि सुरुदेखि सबै मिलाउन पर्यो
hijo campusko prayogshaalamaa machine achaanak banda bhayepachi bidyarthiharu alamalmaa pare,हिजो क्याम्पसको प्रयोगााशालामा मेसिन अचानक बन्द भएपछी विद्यार्थीहरु अलमलमा परे
hamro gaauko swasthya chauki maa ausadhi thorai bhayepachi mancheharu shahartira jaan thale,हाम्रो गाउँको स्वास्थ्य चौकीमा औषधि थोरै भएपछीमान्छेहरु सहरतिर जान थाले
timi le banaayeko documentary herda pahadko jeevan kati kathin ra sundar chha bhanne dekhinthyo,तिमीले बनाएको डकुमेन्ट्री हेर्दा पहाडको जीवन कति कठिन र सुन्दर छ भन्ने देखिन्थ्यो
maile bankmaa line basera paisa jhikna khojdaa system bigreko bhanera dherai samay kurayau,मैले बैंकमा लाइन बसेर पैसा झिक्न खोज्दा सिस्टम बिग्रेको भनेर धेरै समय कुर्यौँ
hijo airportmaa mausam bigreko kaaranle udaan dhilo bhayepachi yaatruharu chintit dekhinthye,हिजो एयरपोर्टमा मौसम बिग्रेको कारणले उडान ढिलो भएपछी यात्रुहरु चिन्तित देखिन्थे
hamro schoolko science pradarshani maa bacchaharule banaayeka modelharu herera sabai chakit bhaye,हाम्रो स्कुलको साइन्स प्रदर्शनीमा बच्चाहरुले बनाएका मोडेलहरु हेरेर सबै चकित भए
maile internetmaa herera naya programming bhaasha sikna thalda surumaa dherai gaaro mahasus bhayo,मैले इन्टरनेटमा हेरेर नयाँ प्रोग्रामिङ भाषा सिक्न थाल्दा सुरुमा धेरै गाह्रो महसुस भयो
gaauko mahila samuh le milera purano paani ko dhara marmat gardaa sabai khusi bhaye,गाउँको महिला समूहले मिलेर पुरानो पानीको धारा मर्मत गर्दा सबै खुसी भए
timi haru trekking jada himpaat bhayeko khabar sundaa gharmaa sabai jana aatina thale,तिमीहरु ट्रेकिङ जाँदा हिमपात भएको खबर सुन्दा घरमा सबै जना आत्तिन थाले
maile aaja pahilo patak radio maa aafno awaaj sundaa ekdam anautho mahasus gare,मैले आज पहिलो पटक रेडियोमा आफ्नो आवाज सुन्दा एकदम अनौठो महसुस गरेँ
hijo saharko chowkmaa vidyut bachaaune abhiyan ko rally niskida dherai bheed jamma bhayo,हिजो सहरको चोकमा विद्युत बचाउने अभियानको र्याली निस्किँदा धेरै भीड जम्मा भयो
hamro kakshyamaa cyber surakshya baremaa chhalaphal hunda bidyarthiharu dherai utsuk dekhinthye,हाम्रो कक्ष्यामा साइबर सुरक्षा बारेमा छलफल हुँदा विद्यार्थीहरु धेरै उत्सुक देखिन्थे
maile purano camera safa gardaa bachpanmaa khicheka tasbirharu feri bhettaaye jasto laagyo,मैले पुरानो क्यामेरा सफा गर्दा बचपनमा खिचेका तस्बिरहरु फेरि भेट्टाए जस्तो लाग्यो
aaja bazaarmaa sthaaneeya utpaadan ko mela laagda gaauka mancheharu dherai utsaahit thiye,आज बजारमा स्थानीय उत्पादनको मेला लाग्दा गाउँकामान्छेहरु धेरै उत्साहित थिए
hamro tolkko yuwa samuh le kholaa safaa garne abhiyan chalaayera dherai fohor hataayo,हाम्रो टोलको युवा समूहले खोला सफा गर्ने अभियान चलाएर धेरै फोहोर हटायो
maile documentary ko chhayaankan gardaa gaauko budaapakaa haruko jeevan najik bata herna paaye,मैले डकुमेन्ट्रीको छायांकन गर्दा गाउँका बुढापाकाहरुको जीवन नजिकबाट हेर्न पाएँ
timi le likheko kabita patrikamaa chhaapepachi shikshakharule dherai prasamsa garnubhayo,तिमीलेलेखेको कविता पत्रिकामा छापेपछी शिक्षकहरुले धेरै प्रशंसा गर्नुभयो
hijo raati internet dhilo bhayepachi online kakshyaa puraa garna dherai samasya bhayo,हिजो राति इन्टरनेट ढिलो भएपछी अनलाइन कक्ष्या पूरा गर्न धेरै समस्या भयो
hamro gaauko junglemaa daadaa paari bata aayeka charaaharu basna thale bhanera sabai chakit bhaye,हाम्रो गाउँको जङ्गलमा डाँडापारिबाट आएका चराहरु बस्न थाले भनेर सबै चकित भए
maile mobilemaa photo edit gardaa asli rangbhanda dherai farak dekhinchha bhanera tha paaye,मैले मोबाइलमा फोटो एडिट गर्दा असली रङभन्दा धेरै फरक देखिन्छ भनेर थाहा पाएँ
aaja saharmaa cycle yaatra ko karyakram hunda bato bhari yuwa haru utsaahka saath kudirahe,आज सहरमा साइकल यात्राको कार्यक्रम हुँदा बाटोभरि युवा हरु उत्साहका साथ कुदिरहे
hamro campusko pustakaalayamaa shant bataabaran bhayepachi sabailai padhna sajilo bhayeko thiyo,हाम्रो क्याम्पसको पुस्तकालयमा शान्त वातावरण भएपछी सबैलाई पढ्न सजिलो भएको थियो
maile aafno purano laptop marmat garera feri chalaaudaa naya jastai chalna thalyo,मैले आफ्नो पुरानो ल्यापटप मर्मत गरेर फेरि चलाउँदा नयाँ जस्तै चल्न थाल्यो
hijo krishi talim maa bigya le jaivik mal ko prayog baremaa dherai upayogi kura sunaaye,हिजो कृषि तालिममा विज्ञले जैविक मलको प्रयोगाा बारेमा धेरै उपयोगााी कुरा सुनाए
hamro gaauko seto himaal maa bihana ko ghaam parda sun jastai chamkiraheko dekhinthyo,हाम्रो गाउँको सेतो हिमालमा बिहानको घाम पर्दा सुन जस्तै चम्किरहेको देखिन्थ्यो
maile digital payment garna khojdaa password birsiyepachi feri reset garnu paryo,मैले डिजिटल पेमेन्ट गर्न खोज्दा पासवर्ड बिर्सिएपछी फेरि रिसेट गर्नु पर्यो
timi harule banaayeko short film herda samajko bastabik samasya dherai ramrari dekhaayeko thiyo,तिमीहरुले बनाएको सर्ट फिल्म हेर्दा समाजको वास्तविक समस्या धेरै राम्ररी देखाएको थियो
aaja railway station najikai chai pasalma basera taato chiya khaandaa dherai rahat mahasus bhayo,आज रेलवे स्टेशन नजिकै चिया पसलमा बसेर तातो चिया खाँदा धेरै राहत महसुस भयो
hamro schoolmaa robot banaaune pratiyogita hunda bidyarthiharu raat samma tayari gardai thiye,हाम्रो स्कुलमा रोबोट बनाउने प्रतियोगाािता हुँदा विद्यार्थीहरु रातसम्म तयारी गर्दै थिए
maile online video herera guitar bajauna sikdai garepani ajhai ramrari milauna sakeko chhaina,मैले अनलाइन भिडियो हेरेर गिटार बजाउन सिक्दै गरेपनि अझै राम्ररी मिलाउन सकेको छैन
hijo saharko museum ghumna jada purano moorti ra itihasik saamaan herera sabai chakit bhaye,हिजो सहरको म्युजियम घुम्न जाँदा पुराना मूर्ति र ऐतिहासिक सामान हेरेर सबै चकित भए
hamro gaauko khetmaa solar paanel jodepachi paani taanne kaam sajilo bhayeko chha,हाम्रो गाउँको खेतमा सोलार प्यानल जोडेपछी पानी तान्ने काम सजिलो भएको छ
maile social media maa haleko tasbirmaa saathiharu le ramailo tipanni gardai thiye,मैले सोसल मिडियामा हालेको तस्बिरमा साथीहरुले रमाइलो टिप्पणी गर्दै थिए
aaja traffic dherai bhayepachi ambulance lai bato dina policele sabai gaadi rokeko thiyo,आज ट्राफिक धेरै भएपछी एम्बुलेन्सलाई बाटो दिन प्रहरीले सबै गाडी रोकेको थियो
hamro tolkko bacchaharule parkmaa rukh ropne abhiyanmaa utsaahka saath bhaag liye,हाम्रो टोलका बच्चाहरुले पार्कमा रुख रोप्ने अभियानमा उत्साहका साथ भाग लिए
maile aafno researchko lagi purana patrikaharu khojdai pustakaalayamaa pura din bitaaye,मैले आफ्नो रिसर्चको लागि पुराना पत्रिकाहरु खोज्दै पुस्तकालयमा पुरा दिन बिताएँ
hijo mobilemaa storage bhariepachi photo khichna namilda dherai jhyau laagyo,हिजो मोबाइलमा स्टोरेज भरिएपछी फोटो खिच्न नमिल्दा धेरै झ्याउ लाग्यो
hamro campusko canteenmaa bihana ko momo ra chiya khaana bidyarthiharu ko bheed laagchha,हाम्रो क्याम्पसको क्यान्टिनमा बिहानको मम र चिया खान विद्यार्थीहरुको भीड लाग्छ
maile drone udaayera gaauko mathibata video khichdaa sabai gharharu sano dekhinthye,मैले ड्रोन उडाएर गाउँकोमाथिबाट भिडियो खिच्दा सबै घरहरु सानो देखिन्थे
ma aaja bihana chito uthera kaam ma gaye ani dherai kaam sakaaye,म आज बिहान छिटो उठेर काममा गएँ अनि धेरै काम सकाए
uniharu bholi nepal aaune bhaeko chha ra hami sabai khushi chhau,उनिहरु भोलि नेपाल आउने भएको छ र हामी सबै खुशी छौ
timi kahile khana khanchhau ta ani k khana khana man chha,तिमी कहिले खाना खान्छौ त अनि के खाना खान मन छ
hami sabai milera school jaaandai chhau ra bato ma dherai manchhe chhan,हामी सबै मिलेर स्कूल जाँदै छौ र बाटोमा धेरैमान्छे छन्
usle mero kitaab lyaaudaina bhanera sochyo tara aba lyaidiyo,उस्ले मेरो किताब ल्याउँदैन भनेर सोच्यो तर अब ल्याइदियो
yaha ko mausam dherai ramro chha aaja ra ghumna man lagchha,यहाँको मौसम धेरै राम्रो छ आज र घुम्न मन लाग्छ
ke timi mero sanga kura garna chaahanchhau ki chupchaap basne ho,के तिमी मेरो संग कुरा गर्न चाहन्छौ कि चुपचाप बस्ने हो
maile uslai heraunlaa bhanera phone gare tara usle uthaena,मैले उसलाई हेरौँला भनेर फोन गरे तर उस्ले उठाएन
uniharu sabai party ma jaandai rahechhan ra dherai ramro lagchha,उनिहरु सबै पार्टीमा जाँदै रहेछन् र धेरै राम्रो लाग्छ
yo khana dherai mitho bhaeko chha yar ani maile dherai khaye,यो खाना धेरै मिठो भएको छ यार अनि मैले धेरै खाए
ma ghar pugera phone garne chhu timilai tara dhilo huna sakchha,म घर पुगेर फोन गर्ने छु तिमीलाई तर ढिलो हुन सक्छ
timi kaha bata aaeko ho aaja ta ani kina dhilo bhayau,तिमी कहाँ बाट आएको हो आज त अनि किन ढिलो भयौ
hami le yo kaam sakaayera bholi aaram garna parchha ra khushi huna parchha,हामीले यो काम सकाएर भोलि आराम गर्नु पर्छ र खुशी हुनु पर्छ
usko ghar dherai taadha chha mero ghar bata ra auna dhilo hunchha,उस्को घर धेरै टाढा छ मेरो घर बाट र आउन ढिलो हुन्छ
ke timilai yo film hernu man chha yar ki arko kura garna man chha,के तिमीलाई यो फिल्म हेर्नु मन छ यार कि अर्को कुरा गर्न मन छ
maile aaja dherai kaam gare ani aba aaram garna man lagyo,मैले आज धेरै काम गरें अनि अब आराम गर्न मन लाग्यो
uniharu school bata aaudai chhan aba ra bato ma dherai kura garchhan,उनिहरु स्कूल बाट आउँदै छन् अब र बाटोमा धेरै कुरा गर्छन्
yo kitaab padhda dherai ramro lagchha malai ra nai padhna man lagchha,यो किताब पढ्दा धेरै राम्रो लाग्छ मलाई र नै पढ्न मन लाग्छ
timi kati bela samma sutne ho aaja ra bihaana kati bela uthne ho,तिमी कति बेला सम्म सुत्ने हो आज र बिहान कति बेला उठ्ने हो
hami sabai milera yo samasya suljhaaune chhau ra sabai lai khushi banaaune chhau,हामी सबै मिलेर यो समस्या सुल्झाउने छौ र सबै लाई खुशी बनाउने छौ
usle mero kura bujhena ki bujheko chhaina ra tyo kura ma dherai dukhi chhu,उस्ले मेरो कुरा बुझेन कि बुझेको छैन र त्यो कुरामा धेरै दुखी छु
ma bihaana uthera yoga garna jaanchhu ra tyo pachi nahana jaanchhu,म बिहान उठेर योगाा गर्न जान्छु र त्यो पछि नुहाउन जान्छु
yo gaaunmaa dherai ramro manchhe haru baschan ra sabai milera baschan,यो गाउँमा धेरै राम्रोमान्छेहरु बस्छन् र सबै मिलेर बस्छन्
timi kina yati dhilo aaeko ho aaja ra k kura bhayo kaha,तिमी किन यति ढिलो आएको हो आज र के कुरा भयो कहाँ
maile uslai pattyaaudaina bhanera thaha paye tara aba pattyaaune bhaye,मैले उसलाई पत्याउँदैन भनेर थाहा पाएँ तर अब पत्याउने भए
hami le yo project sakaayera khushi bhayau ra sabai lai dhanyabaad diyo,हामीले यो प्रोजेक्ट सकाएर खुशी भयौ र सबै लाई धन्यवाद दियौ
usko baato ma aaudai chha aba ghar ra dherai thakiyeko chha,उस्को बाटोमा आउँदै छ अब घर र धेरै थाकिएको छ
yo company ma kaam garna dherai ramro chha ra salary pani ramro chha,यो कम्पनीमा काम गर्न धेरै राम्रो छ र स्यालरी पनि राम्रो छ
ke timi mero saath ma cinema jana chaahanchhau ki ghar ma basne ho,के तिमी मेरो साथमा सिनेमा जान चाहन्छौ कि घरमा बस्ने हो
maile aaja dherai mitho khana khaye ra pet purai bhayo mero,मैले आज धेरै मिठो खाना खाए र पेट पुरै भयो मेरो
uniharu sabai milera ghumna jaane bhaeko chha ra dherai khushi chhan,उनिहरु सबै मिलेर घुम्न जाने भएको छ र धेरै खुशी छन्
timi kasto chhau aaja ta dherai khushi dekhinchhau ra k bhayo ramro,तिमी कस्तो छौ आज त धेरै खुशी देखिन्छौ र के भयो राम्रो
yo school ma padhne bacchaharu dherai hoshiyar chhan ra ramro padhchhan,यो स्कूलमा पढ्ने बच्चाहरु धेरै होशियार छन् र राम्रो पढ्छन्
ma ghar jaada baato ma dherai manchhe chha ra traffic dherai chha,म घर जाँदा बाटोमा धेरैमान्छे छ र ट्राफिक धेरै छ
usle mero sahayog garena ki garna sakena ra tyo kura ma dukhi chhu,उस्ले मेरो सहायत गरेन कि गर्न सकेन र त्यो कुरामा दुखी छु
hami le yo baato dherai pahile dekheko chhau ra aba feri jaane chhau,हामीले यो बाटो धेरै पहिले देखेको छौ र अब फेरी जाने छौ
timi kina yo kura ma hasiraheko chhau yar ra ke ramro lagyo ta,तिमी किन यो कुरामा हँसिरहेको छौ यार र के राम्रो लाग्यो त
maile uslai yo kura bhanna birse ra aba k kasari bhannu parchha,मैले उसलाई यो कुरा भन्न बिर्से र अब क कसरी भन्नु पर्छ
yo hospital ma dherai experienced doctor haru chhan ra sabai lai sahaj chha,यो हस्पिटलमा धेरै एक्सपिरियन्स्ड डाक्टरहरु छन् र सबै लाई सहज छ
uniharu aaja meeting ma aaundaina bhanera thaha chha ra feri bholi aaune chhan,उनिहरु आज मिटिंगमा आउँदैनन् भनेर थाहा छ र फेरी भोलि आउने छन्
timi kaha jaandai chhau aba beluka ra k garna jaane ho,तिमी कहाँ जाँदै छौ अब बेलुका र के गर्न जाने हो
maile yo kaam aafai garna sakchhu bhanera soche ra garna thale,मैले यो काम आफै गर्न सक्छु भनेर सोचे र गर्न थाले
hami sabai milera yo utsav manaune chhau ra dherai ramro hunchha,हामी सबै मिलेर यो उत्सव मनाउने छौ र धेरै राम्रो हुन्छ
usko parivaar dherai ramro chha mero parivaar jastai ra sabai milera baschan,उस्को परिवार धेरै राम्रो छ मेरो परिवार जस्तै र सबै मिलेर बस्छन्
ke timi yo book padhna chaahanchhau ki padhna man chhaina ra k socheko chhau,के तिमी यो बुक पढ्न चाहन्छौ कि पढ्न मन छैन र के सोचेको छौ
ma aaja office dhilo pugera manager le gussa gare ra ma pani dukhi bhaye,म आज अफिस ढिलो पुगेर म्यानेजरले गुस्सा गरे र म पनि दुखी भए
uniharu sabai milera yo kaam sakaayera khushi bhaye ra sabai lai dhanyabaad diyo,उनिहरु सबै मिलेर यो काम सकाएर खुशी भए र सबै लाई धन्यवाद दियो
timi kina yo kura lai yati serious liyeko chhau ra ke bhayo ta,तिमी किन यो कुरा लाई यति सिरियस लिएको छौ र के भयो त
maile uslai heraunlaa bhanera socheko thiye tara aba feri sochnu parchha,मैले उसलाई हेरौँला भनेर सोचेको थिए तर अब फेरी सोच्नु पर्छ
yo desh ko sanskriti dherai ramro chha sabailai manparchha ra gaurav garna parchha,यो देशको संस्कृति धेरै राम्रो छ सबैलाई मनपर्छ र गौरव गर्नु पर्छ
maile bihana dekhi workshop maa basera electric circuit jodna sikdai dherai samay bitaaye,मैले बिहानदेखि वर्कसपमा बसेर इलेक्ट्रिक सर्किट जोड्न सिक्दै धेरै समय बिताएँ
hijo saharko pustak melaamaa ghumda naya lekhakharuko kitaab herera kinnai man laagyo,हिजो सहरको पुस्तक मेलामा घुम्दा नयाँलेखकहरुको किताब हेरेर किन्नै मन लाग्यो
hamro gaauko purano pul marmat bhayepachi kholaa waarpaar garnu pahilebhanda sajilo bhayo,हाम्रो गाउँको पुरानो पुल मर्मत भएपछी खोला वारपार गर्नु पहिलाभन्दा सजिलो भयो
timi le banaayeko presentation herera sirle researchko disha ekdam ramro chha bhanera prasamsa garnubhayo,तिमीले बनाएको प्रेजेन्टेसन हेरेर सरले रिसर्चको दिशा एकदम राम्रो छ भनेर प्रशंसा गर्नुभयो
maile online class chalda microphone banda garna birsida sabai le ghar ko awaaj sunechhan,मैले अनलाइन क्लास चल्दामाइक्रोफोन बन्द गर्न बिर्सिँदा सबैले घरको आवाज सुनेछन्
aaja bihana bazaar jada tarakaari kinne mancheharu ko bheed ekdam dherai dekhinthyo,आज बिहान बजार जाँदा तरकारी किन्नेमान्छेहरुको भीड एकदम धेरै देखिन्थ्यो
hamro campusmaa aaja startup sambandhi karyakram hunda yuwa bidyarthiharu utsaahit dekhinthye,हाम्रो क्याम्पसमा आज स्टार्टअप सम्बन्धी कार्यक्रम हुँदा युवा विद्यार्थीहरु उत्साहित देखिन्थे
maile ra saathi le kholaa najikai basera aagotaapdai purana geet gaaudai saanjh bitaayau,मैले र साथीले खोला नजिकै बसेर आगो ताप्दै पुराना गीत गाउँदै साँझ बितायौँ
hijo beluka paani parepachi saharko bato bhari hilo bhayera hidna nikai gaaro bhayo,हिजो बेलुका पानी परेपछी सहरको बाटोभरि हिलो भएर हिँड्न निकै गाह्रो भयो
bahini le schoolko nritya pratiyogitamaa bhaag lida manchbhari tali ra utsaah sunincha thiyo,बहिनीले स्कुलको नृत्य प्रतियोगाितामा भाग लिँदा मञ्चभरि ताली र उत्साह सुनिन्थ्यो
maile aafno purano desktop kholera safa gardaa bhitra dherai dhulo jamma bhayeko rahechha,मैले आफ्नो पुरानो डेस्कटप खोलेर सफा गर्दा भित्र धेरै धुलो जम्मा भएको रहेछ
hamro tolkko chai pasalma bihana dekhi budaapakaa haru raajniti ko kura gardai baschhan,हाम्रो टोलको चिया पसलमा बिहानदेखि बुढापाका हरु राजनीतिका कुरा गर्दै बस्छन्
timi haru trekking bata farkepachi himaal ko drishya ko photo dekhaaudai ramailo gardai thiyeu,तिमीहरु ट्रेकिङबाट फर्केपछी हिमालको दृश्यको फोटो देखाउँदै रमाइलो गर्दै थियौ
maile hospitalmaa doctor kurdai basda wari pari ka mancheharu aafno samasya sunaaudai thiye,मैले अस्पतालमा डाक्टर कुर्दै बस्दा वरिपरिकामान्छेहरु आफ्नो समस्या सुनाउँदै थिए
aaja radio maa bajaayeko purano geet sundaa bubaa ko jawaaniko samjhana aayeko jasto laagyo,आज रेडियोमा बजाएको पुरानो गीत सुन्दा बुबाको जवानीको सम्झना आएको जस्तो लाग्यो
hamro schoolko football team jitepachi sabai bidyarthiharu मैदानbhari karaundai kudna thale,हाम्रो स्कुलको फुटबल टिम जितेपछी सबै विद्यार्थीहरु मैदानभरि कराउँदै कुद्न थाले
maile mobileko camera prayog garera charaako tasbir khichna dherai ber samma parkhirahe,मैले मोबाइलको क्यामेरा प्रयोगा गरेर चराको तस्बिर खिच्न धेरै बेरसम्म पर्खिरहेँ
hijo raati internet achaanak banda bhayepachi assignment upload garna namilda tanaab bhayo,हिजो राति इन्टरनेट अचानक बन्द भएपछी असाइनमेन्ट अपलोड गर्न नमिल्दा तनाव भयो
hamro gaauko mahotsavmaa sthaaneeya kalaa dekhauna aayeka kalakaarharu dherai ramra dekhinthye,हाम्रो गाउँको महोत्सवमा स्थानीय कला देखाउन आएका कलाकारहरु धेरै राम्रा देखिन्थे
maile aaja pahilo patak coding pratiyogitamaa bhaag lida surumaa ali daraaeko mahasus gare,मैले आज पहिलो पटक कोडिङ प्रतियोगाितामा भाग लिँदा सुरुमा अलि डराएको महसुस गरेँ
saanobhai le remote chalayera khilauna gaadi kudaaudaa gharbhari haanso gunjiyeko thiyo,सानोभाइले रिमोट चलाएर खेलौना गाडी कुदाउँदा घरभरि हाँसो गुञ्जिएको थियो
hamro kakshyamaa aaja jalabaayu pariwartan ko asar baremaa gambhir chhalaphal bhayo,हाम्रो कक्ष्यामा आज जलवायु परिवर्तनको असर बारेमा गम्भीर छलफल भयो
maile bazaarmaa dherai pasal ghume pani man parne jutta bhettauna sakina,मैले बजारमा धेरै पसल घुमे पनि मन पर्ने जुत्ता भेट्टाउन सकिनँ
hijo saanjha mandirma batti baalna jaada dherai mancheharu bhajan gaaudai basiraheka thiye,हिजो साँझ मन्दिरमा बत्ती बाल्न जाँदा धेरैमान्छेहरु भजन गाउँदै बसिरहेका थिए
hamro campusko prayogshaalamaa naya computer jodepachi kaam garna dherai sajilo bhayo,हाम्रो क्याम्पसको प्रयोगाशालामा नयाँ कम्प्युटर जोडेपछी काम गर्न धेरै सजिलो भयो
maile aafno diarymaa aaja ko dinbhari bhayeka sabai ghatana bistaarmaa lekhera raakhe,मैले आफ्नो डायरीमा आजको दिनभरि भएका सबै घटना विस्तारमालेखेर राखेँ
timi le banaayeko khana ko swaad yati mitho thiyo ki sabai le dohorayera khaaye,तिमीले बनाएको खानाको स्वाद यति मिठो थियो कि सबैले दोहोर्याएर खाए
hijo gaauko paakhamaa daadaa bata jharne pahiro dekhera mancheharu darayera tala jharna thale,हिजो गाउँको पाखामा डाँडाबाट झर्ने पहिरो देखेरमान्छेहरु डराएर तल झर्न थाले
maile online meetingmaa camera kholda pachhadiko kotha astabyasta dekhera laaj laagyo,मैले अनलाइन मिटिङमा क्यामेरा खोल्दा पछाडिको कोठा अस्तव्यस्त देखेर लाज लाग्यो
hamro tolkko yuwa harule aaja rukh ropne kaaryakrammaa milera dherai बिरुवा ropne kaam gare,हाम्रो टोलका युवा हरुले आज रुख रोप्ने कार्यक्रममा मिलेर धेरै बिरुवा रोप्ने काम गरे
aaja bihana himaal mathi baadal hattepachi seeto chuchuro spashta dekhinthyo,आज बिहान हिमालमाथि बादल हटेपछी सेतो चुचुरो स्पष्ट देखिन्थ्यो
maile ra didi le youtube herera naya parikarko mithai banaauna khojda ramrai banechha,मैले र दिदीले युट्युब हेरेर नयाँ प्रकारको मिठाई बनाउन खोज्दा राम्रै बनेछ
hijo beluka bus dhilo aaepachi yaatruharu busparkmaa jhyau maandaai kurirahe,हिजो बेलुका बस ढिलो आएपछी यात्रुहरु बसपार्कमा झ्याउमान्दै कुरिरहे
hamro schoolmaa aaja swachchhata abhiyan chalda bidyarthiharu le aafai kakshyaa safaa gare,हाम्रो स्कुलमा आज स्वच्छता अभियान चल्दा विद्यार्थीहरुले आफै कक्ष्या सफा गरे
maile camera maa khicheko suryasta ko tasbir social media maa haalepachi dherai man paraaye,मैले क्यामेरामा खिचेको सूर्यास्तको तस्बिर सोसल मिडियामा हालेपछी धेरै मन पराए
timi haru le gaayeko dohori geet sundaa sabai darshak haansdai tali bajaairaheka thiye,तिमीहरुले गाएको दोहोरी गीत सुन्दा सबै दर्शक हाँस्दै ताली बजाइरहेका थिए
hamro gaauko khetaamaa sinchaai ko byabastha bhayepachi dhaan bali ramro hun thalyo,हाम्रो गाउँको खेतमा सिँचाइको व्यवस्था भएपछी धानबाली राम्रो हुन थाल्यो
maile bihana jogging gardaa parkbhari ful ko baasna ra charaako awaaj mahasus gare,मैले बिहान जोगिङ गर्दा पार्कभरि फूलको बास्ना र चराको आवाज महसुस गरेँ
hijo raati laptop charge nagarda bihana presentation dekhaauna namilda dherai afthyaro bhayo,हिजो राति ल्यापटप चार्ज नगर्दा बिहान प्रेजेन्टेसन देखाउन नमिल्दा धेरै अफ्ठ्यारो भयो
hamro campusko chhatmaa basera saanjhko sahar herda battiharu chamkiraheka ramra dekhinthye,हाम्रो क्याम्पसको छतमा बसेर साँझको सहर हेर्दा बत्तीहरु चम्किरहेका राम्रा देखिन्थे
ma bihaana chhito uthera yoga garna park jaanchhu ra tyaha dherai manchhe haru bhetaunchhan,म बिहान छिटो उठेर योगा गर्न पार्क जान्छु र त्यहाँ धेरैमान्छेहरु भेटाउँछन्
timi kahile khana khana jaane ho aaja ra k khana khana man chha timilai,तिमी कहिले खाना खान जाने हौ आज र के खाना खान मन छ तिमीलाई
hami sabai milera school jaaudai chhau ra bato ma dherai kura garna man lagchha,हामी सबै मिलेर स्कूल जाँदै छौ र बाटोमा धेरै कुरा गर्न मन लाग्छ
usle mero kitaab lyaaudaina bhanera socheko thiye tara aba lyaidiyo ra ma khushi bhaye,उस्ले मेरो किताब ल्याउँदैन भनेर सोचेको थिएँ तर अब ल्याइदियो र म खुशी भए
yaha ko mausam dherai ramro chha aaja ra ghumna jaane sochdai chhu ma,यहाँको मौसम धेरै राम्रो छ आज र घुम्न जाने सोच्दै छु म
ke timi mero sanga kura garna chaahanchhau ki chupchaap basera kaam garna man chha,के तिमी मेरो संग कुरा गर्न चाहन्छौ कि चुपचाप बसेर काम गर्न मन छ
maile uslai heraunlaa bhanera phone gare tara usle uthaena ra ma dukhi bhaye,मैले उसलाई हेरौँला भनेर फोन गरेँ तर उस्ले उठाएन र म दुखी भएँ
uniharu sabai party ma jaandai rahechhan ra dherai ramro lagchha sabailai,उनिहरु सबै पार्टीमा जाँदै रहेछन् र धेरै राम्रो लाग्छ सबैलाई
yo khana dherai mitho bhaeko chha yar ani maile dherai khaye ra pet purai bhayo,यो खाना धेरै मिठो भएको छ यार अनि मैले धेरै खाएँ र पेट पुरै भयो
ma ghar pugera phone garne chhu timilai tara dhilo huna sakchha ra timi kurirahechu,म घर पुगेर फोन गर्ने छु तिमीलाई तर ढिलो हुन सक्छ र तिमी कुरिरहेछौ
timi kaha bata aaeko ho aaja ta ani kina dhilo bhayau ra ke bhayo kaha,तिमी कहाँ बाट आएको हौ आज त अनि किन ढिलो भयौ र के भयो कहाँ
hami le yo kaam sakaayera bholi aaram garna parchha ra sabai milera khushi huna parchha,हामीले यो काम सकाएर भोलि आराम गर्नु पर्छ र सबै मिलेर खुशी हुनु पर्छ
usko ghar dherai taadha chha mero ghar bata ra auna jaana dhilo hunchha sadhai,उस्को घर धेरै टाढा छ मेरो घर बाट र आउन जान ढिलो हुन्छ सधैँ
ke timilai yo film hernu man chha yar ki arko kura garna man chha aaja,के तिमीलाई यो फिल्म हेर्नु मन छ यार कि अर्को कुरा गर्न मन छ आज
maile aaja dherai kaam gare ani aba aaram garna man lagyo ra thakiyeko chhu,मैले आज धेरै काम गरें अनि अब आराम गर्न मन लाग्यो र थाकिएको छु
uniharu school bata aaudai chhan aba ra bato ma dherai kura garchhan hasda hasda,उनिहरु स्कूल बाट आउँदै छन् अब र बाटोमा धेरै कुरा गर्छन् हँस्दा हँस्दा
yo kitaab padhda dherai ramro lagchha malai ra nai padhna man lagchha dherai,यो किताब पढ्दा धेरै राम्रो लाग्छ मलाई र नै पढ्न मन लाग्छ धेरै
timi kati bela samma sutne ho aaja ra bihaana kati bela uthne ho thaha deu,तिमी कति बेला सम्म सुत्ने हौ आज र बिहान कति बेला उठ्ने हौ थाहा देउ
hami sabai milera yo samasya suljhaaune chhau ra sabai lai khushi banaaune chhau milera,हामी सबै मिलेर यो समस्या सुल्झाउने छौ र सबै लाई खुशी बनाउने छौ मिलेर
usle mero kura bujhena ki bujheko chhaina ra tyo kura ma dherai dukhi chhu ma,उस्ले मेरो कुरा बुझेन कि बुझेको छैन र त्यो कुरामा धेरै दुखी छु म
ma bihaana uthera yoga garna jaanchhu ra tyo pachi nahana jaanchhu ra khana khanchhu,म बिहान उठेर योगा गर्न जान्छु र त्यो पछि नुहाउन जान्छु र खाना खान्छु
yo gaaunmaa dherai ramro manchhe haru baschan ra sabai milera baschan shanti ma,यो गाउँमा धेरै राम्रोमान्छेहरु बस्छन् र सबै मिलेर बस्छन् शान्तिमा
timi kina yati dhilo aaeko ho aaja ra k kura bhayo kaha bata aaeko,तिमी किन यति ढिलो आएको हौ आज र के कुरा भयो कहाँ बाट आएको
maile uslai pattyaaudaina bhanera thaha paye tara aba pattyaaune bhaye ra khushi bhaye,मैले उसलाई पत्याउँदैन भनेर थाहा पाएँ तर अब पत्याउने भएँ र खुशी भएँ
hami le yo project sakaayera khushi bhayau ra sabai lai dhanyabaad diyo milera,हामीले यो प्रोजेक्ट सकाएर खुशी भयौँ र सबै लाई धन्यवाद दियौँ मिलेर
usko baato ma aaudai chha aba ghar ra dherai thakiyeko chha ra aaram garna man chha,उस्को बाटोमा आउँदै छ अब घर र धेरै थाकिएको छ र आराम गर्न मन छ
yo company ma kaam garna dherai ramro chha ra salary pani ramro chha sabailai,यो कम्पनीमा काम गर्न धेरै राम्रो छ र स्यालरी पनि राम्रो छ सबैलाई
ke timi mero saath ma cinema jana chaahanchhau ki ghar ma basera aaram garna man chha,के तिमी मेरो साथमा सिनेमा जान चाहन्छौ कि घरमा बसेर आराम गर्न मन छ
maile aaja dherai mitho khana khaye ra pet purai bhayo mero ra khushi bhaye,मैले आज धेरै मिठो खाना खाएँ र पेट पुरै भयो मेरो र खुशी भएँ
uniharu sabai milera ghumna jaane bhaeko chha ra dherai khushi chhan sabai,उनिहरु सबै मिलेर घुम्न जाने भएको छ र धेरै खुशी छन् सबै
timi kasto chhau aaja ta dherai khushi dekhinchhau ra k bhayo ramro kura,तिमी कस्तो छौ आज त धेरै खुशी देखिन्छौ र के भयो राम्रो कुरा
yo school ma padhne bacchaharu dherai hoshiyar chhan ra ramro padhchhan sabai,यो स्कूलमा पढ्ने बच्चाहरु धेरै होशियार छन् र राम्रो पढ्छन् सबै
ma ghar jaada baato ma dherai manchhe chha ra traffic dherai chha dhilo pugchhu,म घर जाँदा बाटोमा धेरैमान्छे छ र ट्राफिक धेरै छ ढिलो पुग्छु
usle mero sahayog garena ki garna sakena ra tyo kura ma dukhi chhu ma,उस्ले मेरो सहायत गरेन कि गर्न सकेन र त्यो कुरामा दुखी छु म
hami le yo baato dherai pahile dekheko chhau ra aba feri jaane chhau milera,हामीले यो बाटो धेरै पहिले देखेको छौँ र अब फेरी जाने छौँ मिलेर
timi kina yo kura ma hasiraheko chhau yar ra ke ramro lagyo ta malai,तिमी किन यो कुरामा हँसिरहेको छौ यार र के राम्रो लाग्यो त मलाई
maile uslai yo kura bhanna birse ra aba k kasari bhannu parchha thaha chaina,मैले उसलाई यो कुरा भन्न बिर्से र अब क कसरी भन्नु पर्छ थाहा छैन
yo hospital ma dherai experienced doctor haru chhan ra sabai lai sahaj chha upachaar ma,यो हस्पिटलमा धेरै एक्सपिरियन्स्ड डाक्टरहरु छन् र सबै लाई सहज छ उपचारमा
uniharu aaja meeting ma aaundaina bhanera thaha chha ra feri bholi aaune chhan sabai,उनिहरु आज मिटिंगमा आउँदैनन् भनेर थाहा छ र फेरी भोलि आउने छन् सबै
timi kaha jaandai chhau aba beluka ra k garna jaane ho thaha deu malai,तिमी कहाँ जाँदै छौ अब बेलुका र के गर्न जाने हौ थाहा देउ मलाई
maile yo kaam aafai garna sakchhu bhanera soche ra garna thale dhyaan diyer,मैले यो काम आफै गर्न सक्छु भनेर सोचे र गर्न थालेँ ध्यान दिएर
hami sabai milera yo utsav manaune chhau ra dherai ramro hunchha sabailai,हामी सबै मिलेर यो उत्सव मनाउने छौ र धेरै राम्रो हुन्छ सबैलाई
usko parivaar dherai ramro chha mero parivaar jastai ra sabai milera baschan shanti ma,उस्को परिवार धेरै राम्रो छ मेरो परिवार जस्तै र सबै मिलेर बस्छन् शान्तिमा
ke timi yo book padhna chaahanchhau ki padhna man chhaina ra k socheko chhau,के तिमी यो बुक पढ्न चाहन्छौ कि पढ्न मन छैन र के सोचेको छौ
ma aaja office dhilo pugera manager le gussa gare ra ma pani dukhi bhaye,म आज अफिस ढिलो पुगेर म्यानेजरले गुस्सा गरे र म पनि दुखी भएँ
uniharu sabai milera yo kaam sakaayera khushi bhaye ra sabai lai dhanyabaad diyo,उनिहरु सबै मिलेर यो काम सकाएर खुशी भए र सबै लाई धन्यवाद दियो
timi kina yo kura lai yati serious liyeko chhau ra ke bhayo ta malai,तिमी किन यो कुरा लाई यति सिरियस लिएको छौ र के भयो त मलाई
maile uslai heraunlaa bhanera socheko thiye tara aba feri sochnu parchha ramro sanga,मैले उसलाई हेरौँला भनेर सोचेको थिएँ तर अब फेरी सोच्नु पर्छ राम्रो संग
yo desh ko sanskriti dherai ramro chha sabailai manparchha ra gaurav garna parchha,यो देशको संस्कृति धेरै राम्रो छ सबैलाई मनपर्छ र गौरव गर्नु पर्छ
ma bihaana chhito uthera kaam ma gaye ani dherai kaam sakaaye ra khushi bhaye,म बिहान छिटो उठेर काममा गएँ अनि धेरै काम सकाएँ र खुशी भएँ
hijo sansadmaa netaharubich jhagadaa badhepachi sabai samachar channelmaa tyahi kura chalaairaheka thiye,हिजो संसदमा नेताहरुबीच झगडा बढेपछी सबै समाचार च्यानलमा त्यही कुरा चलाइरहेका थिए
maile aaja release bhayeko naya nepali film herda kahaani bhanda geetharu jhan ramra laage,मैले आज रिलिज भएको नयाँ नेपाली फिल्म हेर्दा कहानी भन्दा गीतहरु झन् राम्रा लागे
timi le instagrammaa haaleleko reelmaa dherai mancheharule ramailo comment gareka rahechhan,तिमीले इन्स्टाग्राममा हालेको रिलमा धेरैमान्छेहरुले रमाइलो कमेन्ट गरेका रहेछन्
hijo concertmaa gaayak manchmaa aaune bittikai darshakharu karaundai nachna thale,हिजो कन्सर्टमा गायक मञ्चमा आउने बित्तिकै दर्शकहरु कराउँदै नाच्न थाले
aaja officemaa sabai jana salary dhilo aaune kura gardai manager sanga gungunaairaheka thiye,आज अफिसमा सबै जना स्यालरी ढिलो आउने कुरा गर्दै म्यानेजरसँग गुनगुनाइरहेका थिए
maile twittermaa herda cricket kheladi ko outlai liyera dherai bahas bhairaheko dekhe,मैले ट्विटरमा हेर्दा क्रिकेट खेलाडीको आउटलाई लिएर धेरै बहस भइरहेको देखेँ
hamro gaauko wardaadhyakshale bato banaaune bacha gareni ajhai kaam suru bhayeko chhaina,हाम्रो गाउँको वडाध्यक्षले बाटो बनाउने बचन गरेनि अझै काम सुरु भएको छैन
timi haru cafe maa basera selfie khichdai social media maa haalna vyast dekhinthyeu,तिमीहरु क्याफेमा बसेर सेल्फी खिच्दै सोसल मिडियामा हाल्न व्यस्त देखिन्थ्यौ
maile spotifymaa purano adhunik geet sundaa schoolka dinharu ko samjhana aayo,मैले स्पोटिफाइमा पुरानो आधुनिक गीत सुन्दा स्कुलका दिनहरुको सम्झना आयो
hijo raatiko live debate maa dui neta ekarkalai dosh diyera chichyaairaheka thiye,हिजो रातिको लाइभ डिबेटमा दुई नेता एकअर्कालाई दोष दिएर चिच्याइरहेका थिए
aaja canteenmaa momo khaandaa saathile achaanak breakupko kura nikaalera sabailai hasaaidiyo,आज क्यान्टिनमा मम खाँदा साथीले अचानक ब्रेकअपको कुरा निकालेर सबैलाई हसाइदियो
maile facebookmaa school reunionko photo herera purana saathiharu chinnai gaaro bhayo,मैले फेसबुकमा स्कुल रियुनियनको फोटो हेरेर पुराना साथीहरु चिन्नै गाह्रो भयो
hijo film herna hall jada ticket napaayera bahira nai firta aaunu paryo,हिजो फिल्म हेर्न हल जाँदा टिकट नपाएर बाहिर नै फर्का आउनु पर्यो
hamro tolmaa paani ko samasya badhepachi mancheharu mayor ko biruddha bolna thale,हाम्रो टोलमा पानीको समस्या बढेपछीमान्छेहरु मेयरको विरुद्ध बोल्न थाले
timi le tiktokmaa gaayeko dohori geet ekkasi viral bhayera dherai share bhairahechha,तिमीले टिकटकमा गाएको दोहोरी गीत एक्कासी भाइरल भएर धेरै शेयर भइरहेको छ
maile aaja radio interview sundaa kalakaarle bachpan ko sangharsha khulera sunaayechhan,मैले आज रेडियो अन्तर्वार्ता सुन्दा कलाकारले बचपनको संघर्ष खुलेर सुनाएका छन्
hijo stadiummaa football match huda darshakharu teamko naam karaundai utsaahit dekhinthye,हिजो स्टेडियममा फुटबल म्याच हुँदा दर्शकहरु टिमको नाम कराउँदै उत्साहित देखिन्थे
aaja gharmaa aamaale mobile dherai nachalaa bhandaa bahini mukha fulaayera baseki thiin,आज घरमा आमाले मोबाइल धेरै नचलाऊ भन्दा बहिनी मुख फुलाएर बसेकी थिइन्
maile youtube maa herda naya travel vlogmaa himaal ko drishya ekdam ramro dekhaayeko thiyo,मैले युट्युबमा हेर्दा नयाँ ट्राभल भ्लगमा हिमालको दृश्य एकदम राम्रो देखाएको थियो
hijo bazaarmaa petrol ko bhau badheko khabar sunepachi driverharu chintit dekhinthye,हिजो बजारमा पेट्रोलको भाउ बढेको खबर सुनेपछी ड्राइभरहरु चिन्तित देखिन्थे
timi haru hostelmaa raatbhari geet bajaayera basdaa chhimekiharu risaaeka rahechhan,तिमीहरु होस्टेलमा रातभरि गीत बजाएर बस्दा छिमेकीहरु रिसाएका रहेछन्
maile aaja online shopping bata magaaeko jacket asli photo bhanda farak bhettaaye,मैले आज अनलाइन सपिङबाट मगाएको ज्याकेट असली फोटो भन्दा फरक भेट्टाएँ
hijo press conference maa patrakaarle sodheko kathin prashna sunaera mantri alamal pare,हिजो प्रेस कन्फरेन्समा पत्रकारले सोधेको कठिन प्रश्न सुनेर मन्त्री अलमल परे
hamro classko group chatmaa assignment ko deadline sarnu parcha bhanera sabai le message gare,हाम्रो क्लासको ग्रुप च्याटमा असाइनमेन्टको डेडलाइन सार्नुपर्छ भनेर सबैले मेसेज गरे
maile netflixmaa herna thaleko seriesko antim bhaag ekdam emotional ra dukhad rahechha,मैले नेटफ्लिक्समा हेर्न थालेको सिरिजको अन्तिम भाग एकदम इमोशनल र दुःखद रहेछ
aaja traffic jammaa phasepachi office pugna dui ghanta bhanda badhi samay laagyo,आज ट्राफिक जाममा फसेपछी अफिस पुग्न दुई घण्टा भन्दा बढी समय लाग्यो
hijo electionko rally maa netaharule thulo thulo bacha gareni mancheharu dherai biswas garejasta dekhinna,हिजो निर्वाचनको र्यालीमा नेताहरुले ठूलो ठूलो बचन गरेनिमान्छेहरु धेरै विश्वास गरेजस्ता देखिन्न
timi le post gareko photo maa filter dherai prayog gareko bhanera saathiharu le jiskaairaheka thiye,तिमीले पोस्ट गरेको फोटोमा फिल्टर धेरै प्रयोग गरेको भनेर साथीहरुले जिस्काइरहेका थिए
maile aaja podcast sundaa manasik swasthya ko baremaa dherai ramra kura sikna paaye,मैले आज पोडकास्ट सुन्दामानसिक स्वास्थ्यको बारेमा धेरै राम्रा कुरा सिक्न पाएँ
hijo cinema hall bahira hero ko fanharu photo khichna bheed lagaairaheka thiye,हिजो सिनेमा हल बाहिर हिरोका फ्यानहरु फोटो खिच्न भीड लगाइरहेका थिए
hamro gharmaa wifi dhilo chalepachi sabai jana ekarkalai dosh dina thale,हाम्रो घरमा वाइफाइ ढिलो चलेपछी सबै जना एकअर्कालाई दोष दिन थाले
maile facebook story maa haaleko gaauko tasbir herera bideshma bhayeka saathiharu bhawuk bhaye,मैले फेसबुक स्टोरीमा हालेको गाउँको तस्बिर हेरेर विदेशमा भएका साथीहरु भावुक भए
aaja samsad ko baithak feri sthagit bhayepachi samacharwaachakle tikaatippani gardai thiye,आज संसदको बैठक फेरि स्थगित भएपछी समाचारवाचकले टिकाटिप्पणी गर्दै थिए
timi haru le birthday partymaa purano nepali geetmaa nachdaa sabai jana ramailo maandaai thiye,तिमीहरुले बर्थडे पार्टीमा पुरानो नेपाली गीतमा नाच्दा सबै जना रमाइलोमान्दै थिए
maile online game kheldaa achaanak internet kaatiyepachi teamka saathiharu risaaeka thiye,मैले अनलाइन गेम खेल्दा अचानक इन्टरनेट काटिएपछी टिमका साथीहरु रिसाएका थिए
hijo saharko bhittabhari naya filmko poster taaseko dekhera release najik bhayeko tha bhayo,हिजो सहरको भित्ताभरि नयाँ फिल्मको पोस्टर टाँसेको देखेर रिलिज नजिक भएको थाहा भयो
hamro tolkko dai le rap geet record garera youtube maa haalepachi dherai view paaye,हाम्रो टोलको दाइले र्याप गीत रेकर्ड गरेर युट्युबमा हालेपछी धेरै भ्यु पाए
maile aaja bihana samachar herda share bazaar feri ghateko khabar aayo,मैले आज बिहान समाचार हेर्दा शेयर बजार फेरि घटेको खबर आयो
timi le messengermaa reply nagarepachi saathiharu le risayera arko group banaayechhan,तिमीले मेसेन्जरमा रिप्लाइ नगरेपछी साथीहरुले रिसाएर अर्को ग्रुप बनाएका छन्
hijo award karyakrammaa abhinetale bhawuk bhaashan didaa darshakharu tali bajaairaheka thiye,हिजो अवार्ड कार्यक्रममा अभिनेताले भावुक भाषण दिँदा दर्शकहरु ताली बजाइरहेका थिए
aaja gharmaa bubaa le samachar herda deshko raajniti prati asantushti dekhaaunu bhayo,आज घरमा बुबाले समाचार हेर्दा देशको राजनीति प्रति असन्तुष्टि देखाउनु भयो
yo pali chunaw ma janta lai rigi rigi laagisakyo sabai neta uthai bhasan matra dinchhan,यो पलि चुनावमा जनता लाई रिगि रिगि लागिसक्यो सबै नेता उथै भाषणमात्र दिन्छन्
hijo sansad bhitra ko halla le desh bhari ka yuwa ma nirasha matra failiyeko chha,हिजो संसद भित्रको हल्लाले देश भरि का युवामा निराशामात्र फैलिएको छ
unle facebook ma rajniti ko barema lekhda lekhda jhan bakwas matra badhyo,उन्ले फेसबुकमा राजनीतिको बरेमालेख्दालेख्दा झन् बकवासमात्र बढ्यो
timi tyo naya nepali web series hereko chha ra ma ta pahilo episode mai sutya,तिमी त्यो नयाँ नेपाली वेब सिरिज हेरेको छ र म त पहिलो एपिसोड मै सुत्य
mero saathi le hall ma gayera film herda popcorn sanga cocaine jasto excitment bhayo,मेरो साथीले हलमा गएर फिल्म हेर्दा पपकर्न सँग कोकेन जस्तो एक्साइटमेन्ट भयो
yo gana sunda mero bachpan ko yaad aayo jaba haami bhari gaaun gaaun geet gaauthyo,यो गाना सुन्दा मेरो बचपनको याद आयो जब हामी भरि गाउँ गाउँ गीत गाउँथ्यो
aarati thapana le yo geet maa jyan nai phuke jasto lagchha sunne lai,आरती थापनाले यो गीतमा ज्यान नै फुके जस्तो लाग्छ सुन्ने लाई
ma bihana bihana uthera spotify maa sadhai euta naya indie artist khojchhu,म बिहान बिहान उठेर स्पोटिफाइमा सधैँ एउटा नयाँ इन्डी आर्टिस्ट खोज्छु
chiya pasal maa behuda laamo line dekhda ta mero office jaanai mann laagena aaja,चिया पसलमा बेहुदा लामो लाइन देख्दा त मेरो अफिस जानै मन लागेन आज
bhuichalo aayo bhanney aaphna hatma mobile liyera daudnu bhanda ni safety pahila,भुइँचालो आयो भन्ने आफ्ना हातमा मोबाइल लिएर दौडनु भन्दा नि सेफ्टी पहिला
tiktok maa nachne kram maa usle aaphno sara samman nai bechyo jasto laagyo malai,टिकटकमा नाच्ने क्रममा उस्ले आफ्नो सारा सम्मान नै बेच्यो जस्तो लाग्यो मलाई
timro tyo insta ko story maa lekheko quote ta mero mutu chhu chhu bhayera padhyo,तिम्रो त्यो इन्स्टाको स्टोरीमालेखेको कोट त मेरो मुटु छु छु भएर पढ्यो
aaja feri traffic jam maa fase pachhi maile gadi chalaauna nai chodne sochye,आज फेरि ट्राफिक जाममा फसे पछि मैले गाडी चलाउन नै छोड्ने सोचेँ
uslai job interview maa pachhi bolauda ta kasto attiyeko thiyo,उस्लाई जब इन्टरभ्यूमा पछि बोलाउँदा त कस्तो अत्तिएको थियो
maile tyo keta ko proposal lai aswikar gare tara usle feri pani maya ko git gaayo,मैले त्यो केटाको प्रपोजल लाई अस्वीकार गरे तर उस्ले फेरि पनिमायाको गीत गायो
yo barsa ko dashain maa ma aaphno gau farkeko chhaina sabai saathi haru risayeka chhan,यो बर्षको दशैँमा म आफ्नो गाउँ फर्केको छैन सबै साथी हरु रिसाएका छन्
kalakar kalo coat lagaera aaye pachi sabai ko aankha uskai tira gayo,कलाकार कालो कोट लगाएर आए पछि सबैको आँखा उस्कै तिर गयो
ma sanga bhako sabai bhyaag auta naya startup maa lagaane soch maa chhu,म सँग भाको सबै भ्याग अटा नयाँ स्टार्टअपमा लगाउने सोचमा छु
pahilo maya ko chiso hawaa ajhai pani mero gala maa chhunchha,पहिलोमायाको चिसो हवा अझै पनि मेरो गालामा छुन्छ
usle mero ghar ko samip ma euta nayaa coffee shop kholyo ma ta khub khusi,उस्ले मेरो घरको समिपमा एउटा नयाँ कफी सप खोल्यो म त खुब खुसी
chora le entrance exam ko lagi kati mehnat garyo paas bhaye pachhi mukh nai khileko thiyo,छोराले इन्ट्रेन्स एग्जामको लागि कति मेहनत गर्यो पास भए पछि मुख नै खिलेको थियो
naya budget aayo tara madhyam barga lai kehi rahat diyena sabai janata aakroshit bhaye,नयाँ बजेट आयो तर मध्यम वर्ग लाई केही राहत दिएन सबै जनता आक्रोशित भए
mero chimeki ko chhora lai ausadhi kinna paisa chaina re sunera mann kasto dukhyo,मेरो छिमेकीको छोरा लाई औषधी किन्न पैसा छैन रे सुनेर मन कस्तो दुख्यो
ma ta timilai block nai garna aatey tara pheri tero maya le fasaayo,म त तिमीलाई ब्लक नै गर्न आँटे तर फेरि तेरोमायाले फसायो
mero sathi ko bihe maa sabai jana naache tara dulaha dulahi chai aapas maa jhagda gare,मेरो साथीको बिहेमा सबै जना नाचे तर दुलहा दुलही चै आपसमा झगडा गरे
hijo metro maa euta manchhe le mero gala chhyaam garna khojyo ma ta jhur taal le chichyaaye,हिजो मेट्रोमा एउटामान्छेले मेरो गाला छ्याम गर्न खोज्यो म त झुर टालले चिच्याए
aja bholi ko school le baccha lai atti load diyeko chha khelna pani time chhaina,आज भोलिको स्कुलले बच्चा लाई अत्ति लोड दिएको छ खेल्न पनि टाइम छैन
ma ta yo weather ko mareko khate forecast lai aakha le nai biswaas nagarne bhayeko,म त यो वेदरको मरेको खत्ते फोरकास्ट लाई आँखाले नै बिस्वास नगर्ने भएको
usle mero janmadin maa euta git ko video banaera pathayo ma ta roye nai,उस्ले मेरो जन्मदिनमा एउटा गीतको भिडियो बनाएर पठायो म त रोए नै
bholi bihana sabai jana picnic jana man lageko thiyo tara paani le dhoya,भोलि बिहान सबै जना पिकनिक जान मन लागेको थियो तर पानीले धोया
sasto maal kinna bazar jada mero jeb nai kaatyo chor le jhan paisa dubyo,सस्तोमाल किन्न बजार जाँदा मेरो जेब नै काट्यो चोरले झन् पैसा डुब्यो
mero hajurbuwa le bhannu hunchha pahile ko gaau ma ta khana lai pani dhaan ropna parcha,मेरो हजुरबुवाले भन्नु हुन्छ पहिलेको गाउँ म त खान लाई पनि धान रोप्न पर्छ
mobile maa tyo message padhera ma ta jhandai murchhit nai bhaye,मोबाइलमा त्यो मेसेज पढेर म त झन्डै मुर्छित नै भएँ
office ko senior le malai nanakuti bolchan tara pachhi pheri aafai sorry bhanchan,अफिसको सिनियरले मलाई ननकुटी बोल्छन् तर पछि फेरि आफै सरी भन्छन्
tesari sabai front ma bolne manche pachi gayera halla failaauchha,तेसरी सबै फ्रन्टमा बोल्नेमान्छे पछि गएर हल्ला फैलाउँछ
aajkal ko baccha lai phone bina sutna ni aaudaina tyo ta thulo problem bhayeko chha,आजकालको बच्चा लाई फोन बिना सुत्न नि आउँदैन त्यो त ठुलो प्रब्लम भएको छ
ma ta sadhai tapai lai follow garchhu tapai ko har post ma mero like chhutchha,म त सधै तपाई लाई फलो गर्छु तपाईको हर पोस्टमा मेरो लाइक छुट्छ
mero ghar ko kukur le ta aaja feri chappal chorera talau ma phaalyo haasaucha,मेरो घरको कुकुरले त आज फेरि चप्पल चोरेर तलाउमा फाल्यो हँसाउँछ
chhori le mero mobile maa game khelda khelda battery nai sakisakyo bholi exam cha,छोरीले मेरो मोबाइलमा गेम खेल्दा खेल्दा ब्याट्री नै सकिसक्यो भोलि एग्जाम छ
usko tyo funny boli sunera ma ta bhudi pakalera hasna thalya,उस्को त्यो फन्नी बोली सुनेर म त भुँडी पकालेर हाँस्न थाल्य
hijo rati chat maa soyera aakash herda ta taara nai khase jasto lagyo malai,हिजो राती छतमा सोएर आकाश हेर्दा त तारा नै खसे जस्तो लाग्यो मलाई
mall maa naya shoe kinna gayeko paisa chaine bhayera farkiyo ris le aakha rato,मलमा नयाँ सु किन्न गएको पैसा छैन भएर फर्कियो रिसले आँखा रातो
ma ta timi sanga ghumna jane sapana maa thiye tara timi ta us sanga baseko raichhau,म त तिमी सँग घुम्न जाने सपनामा थिएँ तर तिमी त उ सँग बसेको रैछौ
aaja maile aaphno manager sanga direct bolera kaam ko pressure kam garna bhaney,आज मैले आफ्नो म्यानेजर सँग डाइरेक्ट बोलेर कामको प्रेसर कम गर्न भने
unle euta sano kotha bata startup suru gare aaja hajaar lai rojgar diyeko chha,उन्ले एउटा सानो कोठा बाट स्टार्टअप सुरु गरे आज हजार लाई रोजगार दिएको छ
mero bhai le ta bihaan dekhi belka samma game khelcha padhai ko naam nai lidaina,मेरो भाइले त बिहान देखि बेल्का सम्म गेम खेल्छ पढाइको नाम नै लिँदैन
maile tyo manche lai sadhai bharosa garey tara usle mero peeth ma chhura dhanisakyo,मैले त्योमान्छे लाई सधै भरोसा गरेँ तर उस्ले मेरो पीठमा छुरा धनिसक्यो
hijo asti bhari traffic ma mero gadi ko tyre panchar bhayo kasaile sahayog nai garena,हिजो अस्ति भरि ट्राफिकमा मेरो गाडीको टायर पन्चर भयो कसैले सहयोग नै गरेन
hijo rati hostel ma saathiharu sanga basera purano nepali geet sundai dherai ber samma guff garyau,हिजो राति होस्टेलमा साथीहरु सँग बसेर पुरानो नेपाली गीत सुन्दै धेरै बेरसम्म गफ गर्यौँ
aaja bihana campus ma achanak bijuli gaepachhi sabai jana mobile ko flashlight balera basiraheka thiye,आज बिहान क्याम्पसमा अचानक बिजुली गएपछी सबै जना मोबाइलको फ्ल्यासलाइट बालेर बसिरहेका थिए
maile hijo social media ma haaleko photo ma saathiharu le ramaila comment gardai jiskaairaheka thiye,मैले हिजो सोसल मिडियामा हालेको फोटोमा साथीहरुले रमाइला कमेन्ट गर्दै जिस्काइरहेका थिए
hijo cinema hall ma naya action film herna dherai yuwa haru line basera kuriraheka dekhinthye,हिजो सिनेमा हलमा नयाँ एक्सन फिल्म हेर्न धेरै युवा हरु लाइन बसेर कुरिरहेका देखिन्थे
aaja office ma managerle deadline chhito sakna bhandaa karmachariharu ali tanaab ma dekhinthye,आज अफिसमा म्यानेजरले डेडलाइन छिटो सक्न भन्दा कर्मचारीहरु अलि तनावमा देखिन्थे
hamro tolkko chai pasal ma bihana dekhi raajniti ko barema garam bahas bhairaheko thiyo,हाम्रो टोलको चिया पसलमा बिहानदेखि राजनीतिको बारेमा गरम बहस भइरहेको थियो
maile aaja youtube ma herko travel vlog ma mustang ko drishya ekdam ramro dekhaayeko rahechha,मैले आज युट्युबमा हेरेको ट्राभल भ्लगमा मुस्ताङको दृश्य एकदम राम्रो देखाएको रहेछ
hijo stadium ma football match suru hune bittikai darshakharu karaundai ufrina thale,हिजो स्टेडियममा फुटबल म्याच सुरु हुने बित्तिकै दर्शकहरु कराउँदै उफ्रिन थाले
timi le instagram ma upload gareko reel ma dherai mancheharule fire emoji pathaairaheka rahechhan,तिमीले इन्स्टाग्राममा अपलोड गरेको रिलमा धेरैमान्छेहरुले फायर इमोजी पठाइरहेका रहेछन्
aaja ghar ma wifi dhilo chalepachhi bhai online class lina nasakera risairaheko thiyo,आज घरमा वाइफाइ ढिलो चलेपछी भाइ अनलाइन क्लास लिन नसकेर रिसाइरहेको थियो
hijo parliament ma budget ko barema chhalaphal hunda pratipakshale dherai virodh gareko thiyo,हिजो पार्लियामेन्टमा बजेटको बारेमा छलफल हुँदा प्रतिपक्षले धेरै विरोध गरेको थियो
maile aaja spotify ma purano lok geet sundaa gaauko mela ko samjhana aayo,मैले आज स्पोटिफाइमा पुरानो लोक गीत सुन्दा गाउँको मेलाको सम्झना आयो
hijo saanjha bazaar ma petrol ko line dherai laamo bhayepachhi driverharu jhyau maandaai thiye,हिजो साँझ बजारमा पेट्रोलको लाइन धेरै लामो भएपछी ड्राइभरहरु झ्याउमान्दै थिए
timi haru cafe ma basera cold coffee khaandai selfie khichna vyast dekhinthyeu,तिमीहरु क्याफेमा बसेर कोल्ड कफी खाँदै सेल्फी खिच्न व्यस्त देखिन्थ्यौ
maile online shopping bata magaaeko headphone photo ma bhanda sano rahechha,मैले अनलाइन सपिङबाट मगाएको हेडफोन फोटोमा भन्दा सानो रहेछ
aaja school ma shikshakle mobile dherai nachalaa bhandaa ketaketi haru hasna thale,आज स्कुलमा शिक्षकले मोबाइल धेरै नचलाऊ भन्दा केटाकेटी हरु हाँस्न थाले
hijo concert ma gaayakle purano hit geet gaaepachhi sabai darshak sangai gaauna thale,हिजो कन्सर्टमा गायकले पुरानो हिट गीत गाएपछी सबै दर्शक सँगै गाउन थाले
maile facebook story ma rakheko himaal ko photo herera saathiharu le wow bhanera react gare,मैले फेसबुक स्टोरीमा राखेको हिमालको फोटो हेरेर साथीहरुले वाउ भनेर रियाक्ट गरे
aaja office ma naya intern aaepachhi sabai jana ussanga chinjaan gardai thiye,आज अफिसमा नयाँ इन्टर्न आएपछी सबै जना उससँग चिनजान गर्दै थिए
hijo rati messenger ma group call gardaa ekjana saathi sutisakeko rahechha,हिजो राति मेसेन्जरमा ग्रुप कल गर्दा एकजना साथी सुतिसकेको रहेछ
maile aaja podcast sundaa startup suru garnu aghi dherai research garnuparne kura bujhe,मैले आज पोडकास्ट सुन्दा स्टार्टअप सुरु गर्नुअघि धेरै रिसर्च गर्नुपर्ने कुरा बुझेँ
hijo sahar ma mayor ko rally niskida bato bhari jhanda ra poster dekhinthye,हिजो सहरमा मेयरको र्याली निस्किँदा बाटोभरि झन्डा र पोस्टर देखिन्थे
timi le tiktok ma banayeko comedy video herera gharma sabai jana haansiraheka thiye,तिमीले टिकटकमा बनाएको कमेडी भिडियो हेरेर घरमा सबै जना हाँसिरहेका थिए
aaja bihana canteen ma momo khaana line basne bidyarthiharu ko bheed dherai thiyo,आज बिहान क्यान्टिनमा मम खान लाइन बस्ने विद्यार्थीहरुको भीड धेरै थियो
hijo film ko trailer release bhayepachhi social media ma dherai charcha bhairaheko thiyo,हिजो फिल्मको ट्रेलर रिलिज भएपछी सोसल मिडियामा धेरै चर्चा भइरहेको थियो
maile aaja laptop ma presentation banaaudaa achanak file delete bhayera aatina puge,मैले आज ल्यापटपमा प्रेजेन्टेसन बनाउँदा अचानक फाइल डिलिट भएर आत्तिन पुगेँ
hijo chowk ma traffic policele helmet nalaaune riderharulai rokiraheko thiyo,हिजो चोकमा ट्राफिक प्रहरीले हेल्मेट नलगाउने राइडरहरुलाई रोकिरहेको थियो
timi haru hostel ko chhat ma basera rati abera samma geet bajaairaheka thiyeu,तिमीहरु होस्टेलको छतमा बसेर राति अबेरसम्म गीत बजाइरहेका थियौ
maile aaja radio ma sunaeko adhunik geet ko lyrics ekdam man paraye,मैले आज रेडियोमा सुनाएको आधुनिक गीतको लिरिक्स एकदम मन पराएँ
hijo election ko natija aaepachhi social media ma supporterharu ko bahas jhan badheko thiyo,हिजो इलेक्सनको नतिजा आएपछी सोसल मिडियामा समर्थकहरुको बहस झन् बढेको थियो
rajniti ma sachai kura garna garo hunchha ra dherai neta haru jhutha bolera janata lai bhramit banaaune garchhan,राजनीतिमा सच्ची कुरा गर्न गारो हुन्छ र धेरै नेताहरु झूठा बोलेर जनता लाई भ्रमित बनाउने गर्छन्
chunab aauda sabai parti haru dherai wada garchhan tara jitpachi kehi pani puraaudaina ra janata nirash hunchhan,चुनाव आउँदा सबै पार्टीहरु धेरै वादा गर्छन् तर जितपछि केही पनि पुर्याउँदैनन् र जनता निराश हुन्छन्
samajik madhyam ma rajniti ko barema dherai bahas hunchha ra kehi manchhe sachchai kura garchhan kehi jhutho phailaaune garchhan,सामाजिकमाध्यममा राजनीतिको बारेमा धेरै बहस हुन्छ र केहीमान्छे सच्चाई कुरा गर्छन् केही झूठो फैलाउने गर्छन्
desh ko bikas ko lagi sabai nagarik le milera kaam garna parchha bhanera malai lagchha tara eklo kaha hunchha ra,देशको विकासको लागि सबै नागरिकले मिलेर काम गर्नु पर्छ भनेर मलाई लाग्छ तर एक्लो कहाँ हुन्छ र
naya sarkar le aayeko pachi desh ko arthik sthiti sudharna parchha bhanera sochdai chhan tara kaam dherai baki chha,नयाँ सरकारले आएको पछि देशको आर्थिक स्थिति सुधार्नु पर्छ भनेर सोच्दै छन् तर काम धेरै बाकी छ
nepali chalachitra udyog abha dherai agadi badhdai chha ra naya naya katha ra naya naya prabidhi le darshak lai aakarshit garna thaleko chha,नेपाली चलचित्र उद्योग अब धेरै अगाडि बढ्दै छ र नयाँ नयाँ कथा र नयाँ नयाँ प्रविधिले दर्शक लाई आकर्षित गर्न थालेको छ
maile hijo raat ma euta romanchak thriller film heere ra tyo film ko anta ma dherai surprise thiyo ra man parayo,मैले हिजो रातमा एउटा रोमान्चक थ्रिलर फिल्म हेरेँ र त्यो फिल्मको अन्तमा धेरै सरप्राइज थियो र मन पऱ्यो
abhinetri ko abhinay dherai prabhavshali thiyo ra sabai darshak le taali bajaae ra film hit bhayo bhanera suniyo,अभिनेत्रीको अभिनय धेरै प्रभावशाली थियो र सबै दर्शकले ताली बजाए र फिल्म हिट भयो भनेर सुनियो
yo gana sunera mero man ma dherai bhavna aayo ra ma roye pani ra yo gana malai sadhai yaad rahanchha,यो गाना सुनेर मेरो मनमा धेरै भावना आयो र म रोएँ पनि र यो गाना मलाई सधैँ याद रहन्छ
cinema hall ma ticket pauna garo hunchha aajkal ra online book garna parchha tara internet slow bhayo ki problem hunchha,सिनेमा हलमा टिकट पाउन गारो हुन्छ आजकल र अनलाइन बुक गर्नु पर्छ तर इन्टरनेट स्लो भयो कि प्रोब्लेम हुन्छ
nepali lok geet haru malai dherai manparchha ra yo sanskriti lai bachauna parchha bhanera malai lagchha ra yo hamro pahichan ho,नेपाली लोक गीतहरु मलाई धेरै मनपर्छन् र यो संस्कृति लाई बचाउनु पर्छ भनेर मलाई लाग्छ र यो हाम्रो पहिचान हो
aaja ko naya gana youtube ma trend ma chha ra sabai le share garna thale ra views pani dherai aaudai chhan,आजको नयाँ गाना युट्युबमा ट्रेंडमा छ र सबैले सेयर गर्न थाले र भ्युज पनि धेरै आउँदै छन्
guitar bajauna sikda malai dherai mazaa aayo ra aba gana rachna garna man lagyo ra mero saathi lai pani sikaudai chhu,गिटार बजाउन सिकँदा मलाई धेरै मजा आयो र अब गाना रचना गर्न मन लाग्यो र मेरो साथी लाई पनि सिकाउँदै छु
konser ma jaana paaye ra sabai gaayak haru sanga photo khichna paaye ma khushi bhaye ra yo yaad sadhai rahanchha mero,कन्सर्टमा जान पाएँ र सबै गायकहरु संग फोटो खिच्न पाएँ म खुशी भएँ र यो याद सधैँ रहन्छ मेरो
yo album ko sabai gana haru hit bhaye ra radio ma bajna thalyo ra sabai manchhe haru le pasand garna thale,यो एल्बमको सबै गानाहरु हिट भए र रेडियोमा बज्न थाल्यो र सबैमान्छेहरुले पसन्द गर्न थाले
facebook ma dherai samaya bitauna man lagchha tara kaam pani garna parchha bhanera sochdai chhu ra time management garna siknu parchha,फेसबुकमा धेरै समय बिताउन मन लाग्छ तर काम पनि गर्न पर्छ भनेर सोच्दै छु र टाइम म्यानेजमेन्ट गर्न सिकनु पर्छ
instagram ma photo upload garda dherai like aauda man ramailo hunchha ra khushi lagchha tara dherai samaya waste huna sakchha bhanera sochdai chhu,इन्स्टाग्राममा फोटो अपलोड गर्दा धेरै लाइक आउँदा मन रमाइलो हुन्छ र खुशी लाग्छ तर धेरै समय वेस्ट हुन सक्छ भनेर सोच्दै छु
tiktok ma naya naya trend aaudai chhan ra hamile pani try garna man lagchha tara dherai data kharch hunchha ra sochnu parchha,टिकटकमा नयाँ नयाँ ट्रेंड आउँदै छन् र हामीले पनि ट्राइ गर्न मन लाग्छ तर धेरै डाटा खर्च हुन्छ र सोच्नु पर्छ
twitter ma rajniti ko barema dherai bahas hunchha ra kehi kura ramro kehi naramro hunchha ra sachchai kura bujhna garo hunchha kahile,ट्विटरमा राजनीतिको बारेमा धेरै बहस हुन्छ र केही कुरा राम्रो केही नराम्रो हुन्छ र सच्चाई कुरा बुझ्न गारो हुन्छ कहिले
whatsapp group ma dherai message aauda phone ko battery chito sakincha ra data pani kharch hunchha ra important message miss huna sakchha,व्हाट्सएप ग्रुपमा धेरै मेसेज आउँदा फोनको ब्याट्री छिटो सकिन्छ र डाटा पनि खर्च हुन्छ र इम्पोर्टेन्ट मेसेज मिस हुन सक्छ
aaja bazaar jaada dherai bheed bhayo ra sabai pasal ma discount chha bhanera manchhe jamma bhaye ra mero pani kharch badhyo,आज बजार जाँदा धेरै भीड भयो र सबै पसलमा डिस्काउन्ट छ भनेरमान्छे जम्मा भए र मेरो पनि खर्च बढ्यो
bihaana ko chiya piyera kaam ma jaana dherai ramro lagchha ra din bhar energy aauda chha tara chiya bina kaam garna garo hunchha,बिहानको चिया पिएर काममा जान धेरै राम्रो लाग्छ र दिन भर इनर्जी आउँदा छ तर चिया बिना काम गर्न गारो हुन्छ
mero saathi le aaja birthday manayo ra hamile sabai milera cake kate ra khushi manayo ra photo khichera social media ma post garyau,मेरो साथीले आज जन्मदिन मनायो र हामीले सबै मिलेर केक काटे र खुशी मनायौँ र फोटो खिचेर सोसल मिडियामा पोस्ट गर्यौँ
varsha ritu ma paani parda baato ma dherai problem hunchha ra umbrella lina nabirsinu parchha ra raincoat pani lina man lagchha kahile,वर्षा ऋतुमा पानी पर्दा बाटोमा धेरै प्रोब्लेम हुन्छ र अम्ब्रेला लिन नबिर्सनु पर्छ र रेनकोट पनि लिन मन लाग्छ कहिले
ghar ma naya saman kinera sajaauda dherai ramro dekhincha ra parivaar sabai khushi hunchhan ra ghar ko mahaul pani ramro hunchha,घरमा नयाँ सामान किनेर सजाउँदा धेरै राम्रो देखिन्छ र परिवार सबै खुशी हुन्छन् र घरकोमाहौल पनि राम्रो हुन्छ
school ma padhne bacchaharu lai online class garna dherai sahaj bhayo ra internet ko prayog badhyo tara net slow bhayo ki problem hunchha,स्कूलमा पढ्ने बच्चाहरु लाई अनलाइन क्लास गर्न धेरै सहज भयो र इन्टरनेटको प्रयोग बढ्यो तर नेट स्लो भयो कि प्रोब्लेम हुन्छ
office ma aaja meeting chha ra sabai employee haru le report taiyar garna parchha bhanera manager le bhane ra ma pani taiyar garna thale,अफिसमा आज मिटिंग छ र सबै एम्प्लोइहरुले रिपोर्ट तयार गर्नु पर्छ भनेर म्यानेजरले भने र म पनि तयार गर्न थाले
exam ko lagi padhda dherai stress hunchha tara sahi tarika le padhna sike ramro result aaunchha ra success pauna sahaj hunchha,परीक्षाको लागि पढ्दा धेरै स्ट्रेस हुन्छ तर सही तरिकाले पढ्न सिके राम्रो रिजल्ट आउँछ र सक्सेस पाउन सहज हुन्छ
naya job paaye pachi dherai khushi bhaye ra abha naya jimmewari linu parchha bhanera sochdai chhu ra mehnat garna man lagchha,नयाँ जॉब पाए पछि धेरै खुशी भएँ र अब नयाँ जिम्मेवारी लिनु पर्छ भनेर सोच्दै छु र मेहनत गर्न मन लाग्छ
college ko project submit garna dhilo bhayo ra professor le gussa gare tara aba sudharne chhu ra agadi ko lagi sikchhu,कलेजको प्रोजेक्ट सबमिट गर्न ढिलो भयो र प्रोफेसरले गुस्सा गरे तर अब सुधारने छु र अगाडिको लागि सिकछु
yoga garna thale pachi sharir ma dherai halka pan mahasus garchhu ra man pani shant hunchha ra din bhar fresh rahanchhu,योग गर्न थाले पछि शरीरमा धेरै हल्का पन महसुस गर्छु र मन पनि शान्त हुन्छ र दिन भर फ्रेस रहन्छु
hospital ma checkup garna jaada doctor le swasthya ko lagi niyamit vyayam garna salaha diye ra healthy khana khana pani bhane,हस्पिटलमा चेकअप गर्न जाँदा डाक्टरले स्वास्थ्यको लागि नियमित व्यायाम गर्न सलाह दिए र हेल्दी खाना खान पनि भने
aajkal dherai manchhe haru fitness center jaana thaleko chhan ra swasthya prati chetna badhdeko chha tara time nikalna garo hunchha kahile,आजकल धेरैमान्छेहरु फिटनेस सेन्टर जान थालेका छन् र स्वास्थ्य प्रति चेतना बढ्दो छ तर टाइम निकाल्न गारो हुन्छ कहिले
khana ma tarakari dherai khana swasthya ko lagi ramro hunchha bhanera mero aama le bhannu hunchha ra ma pani manera khanchhu,खानामा तरकारी धेरै खाना स्वास्थ्यको लागि राम्रो हुन्छ भनेर मेरो आमाले भन्नु हुन्छ र म पनि मनेर खान्छु
raat ma derai sutna ra bihaana chito uthna swasthya ko lagi dherai jaruri chha bhanera suneko chhu ra ma pani try garchhu,रातमा धेरै सुत्न र बिहान छिटो उठ्न स्वास्थ्यको लागि धेरै जरुरी छ भनेर सुनेको छु र म पनि ट्राइ गर्छु
pokhara jaada fewa taal ma boat ride garna dherai ramro lagchha ra pahad ko drishya manmohak hunchha ra photo khichna man lagchha,पोखरा जाँदा फेवा तालमा बोट राइड गर्न धेरै राम्रो लाग्छ र पहाडको दृश्य मनमोहक हुन्छ र फोटो खिच्न मन लाग्छ
himal chadhnua lagi dherai taiyari garna parchha ra swasthya pani ramro huna parchha bhanera guide le bhane ra ma pani sochdai chhu,हिमाल चढ्नको लागि धेरै तयारी गर्नु पर्छ र स्वास्थ्य पनि राम्रो हुनु पर्छ भनेर गाइडले भने र म पनि सोच्दै छु
ghumna jaada naya naya jagah dekhna paudai chha ra naya manchhe haru sanga parichaya hunchha ra naya anubhav hunchha mero,घुम्न जाँदा नयाँ नयाँ जगह देख्न पाउँदै छ र नयाँमान्छेहरु संग परिचय हुन्छ र नयाँ अनुभव हुन्छ मेरो
bus ma lambai yatra garda dherai thakan lagchha tara sathi haru sanga kura garda ramailo hunchha ra bato katauna sahaj hunchha,बसमा लम्बाई यात्रा गर्दा धेरै थकान लाग्छ तर साथीहरु संग कुरा गर्दा रमाइलो हुन्छ र बाटो कटाउन सहज हुन्छ
nepal ghumauna aaune bideshi yatri haru lai hamro sanskriti dekhayera gaurav anubhav garna paudai chhu ra uniharu lai sahaj garna parchha,नेपाल घुम्न आउने विदेशी यात्रीहरु लाई हाम्रो संस्कृति देखाएर गौरव अनुभव गर्न पाउँदै छु र उनीहरु लाई सहज गर्नु पर्छ
momo khana malai dherai manparchha ra sadhai khana man lagchha tara weight badhna dar lagchha ra niyantrit khana parchha bhanera sochdai chhu,ममो खान मलाई धेरै मनपर्छ र सधैँ खान मन लाग्छ तर वजन बढ्न डर लाग्छ र नियन्त्रित खान पर्छ भनेर सोच्दै छु
dashain ko bela ghar ghar ma sel roti pakauda dherai mitho basna aauda chha ra parivaar jamma hunchhan ra khushi manaaudai chhan,दशैंको बेला घर घरमा सेल रोटी पकाउँदा धेरै मिठो बास्ना आउँदा छ र परिवार जम्मा हुन्छन् र खुशी मनाउँदै छन्
naya restaurant ma khana khaye ra tyaha ko service dherai ramro thiyo ra puna jaane sochdai chhu tara budget ma rahana pani parchha,नयाँ रेस्टुरेन्टमा खाना खाएँ र त्यहाँको सर्विस धेरै राम्रो थियो र पुनः जाने सोच्दै छु तर बजेटमा रहन पनि पर्छ
ghar ma banaako khana bahira ko khana bhanda dherai swasthya ko lagi ramro hunchha bhanera suneko chhu ra ma pani ghar ko khana manera khanchhu,घरमा बनाएको खाना बाहिरको खाना भन्दा धेरै स्वास्थ्यको लागि राम्रो हुन्छ भनेर सुनेको छु र म पनि घरको खाना मनेर खान्छु
chaaat masala ra achar milaayera khana khada dherai mitho lagchha ra pet pani purai hunchha tara dherai khana swasthya ko lagi ramro hudaina,चाट मसला र अचार मिलाएर खाना खाँदा धेरै मिठो लाग्छ र पेट पनि पुरै हुन्छ तर धेरै खाना स्वास्थ्यको लागि राम्रो हुँदैन
smartphone ko prayog badhda samaya bachauna madat garchha tara dherai samaya waste pani hunchha bhanera sochdai chhu ra balance garna siknu parchha,स्मार्टफोनको प्रयोग बढ्दा समय बचाउन मद्दत गर्छ तर धेरै समय वेस्ट पनि हुन्छ भनेर सोच्दै छु र ब्यालेन्स गर्न सिकनु पर्छ
online shopping garna dherai sahaj bhayo ra ghar baitai saman aaucha tara quality check garna garo hunchha ra return garna pani problem hunchha kahile,अनलाइन शपिंग गर्न धेरै सहज भयो र घर बैठे सामान आउँछ तर क्वालिटी चेक गर्न गारो हुन्छ र रिटर्न गर्न पनि प्रोब्लेम हुन्छ कहिले
digital payment garna thale pachi paisa ko len den ma dherai sahaj bhayo ra time pani bachyo tara internet ko samasya bhayo ki problem hunchha,डिजिटल पेमेन्ट गर्न थाले पछि पैसाकोलेन देनमा धेरै सहज भयो र समय पनि बच्यो तर इन्टरनेटको समस्या भयो कि प्रोब्लेम हुन्छ
naya app download garda data kharch hunchha tara kaam ko lagi dherai upayogi hunchha bhanera sochdai chhu ra sahi app chhanera download garna parchha,नयाँ एप डाउनलोड गर्दा डाटा खर्च हुन्छ तर कामको लागि धेरै उपयोगी हुन्छ भनेर सोच्दै छु र सही एप छानेर डाउनलोड गर्नु पर्छ
ai ko yug ma ramro sikaai lina ra naya technology bujhna dherai jaruri bhayeko chha bhanera malai lagchha ra aba sikna thaleko chhu,एआईको युगमा राम्रो सिकाई लिन र नयाँ टेक्नोलोजी बुझ्न धेरै जरुरी भएको छ भनेर मलाई लाग्छ र अब सिकन थालेको छु
bihana dekhi lagataar paani parepachhi hamro tolko baato hilo bhayera school jaanai gaaro bhayeko thiyo,बिहानदेखि लगातार पानी परेपछि हाम्रो टोलको बाटो हिलो भएर स्कुल जानै गाह्रो भएको थियो
aaja collegeko presentation ko lagi saathi harule raatbhari basera slide banaaudai assignment pani milaaye,आज कलेजको प्रेजेन्टेसनको लागि साथीहरुले रातभरि बसेर स्लाइड बनाउँदै असाइनमेन्ट पनि मिलाए
hijo parliament ma netaharubich thulo bahas bhayepachhi samachar channelharule dinbhari tyahi kura dekhaairahe,हिजो पार्लियामेन्टमा नेताहरुबीच ठूलो बहस भएपछि समाचार च्यानलहरुले दिनभरि त्यही कुरा देखाइरहे
mero bainile online class chaldaachaldai mobileko internet gaayera teacherko explanation bujhnai paayina,मेरो बहिनीले अनलाइन क्लास चल्दाचल्दै मोबाइलको इन्टरनेट गएर टिचरको एक्स्प्लेनेसन बुझ्नै पाइन्
hostelko bhansamaa aaja daal ekdam nunilo bhayechha bhanera sabai keta haru karaaudai baseka thiye,होस्टेलको भान्सामा आज दाल एकदम नुनिलो भएछ भनेर सबै केटाहरु कराउँदै बसेका थिए
sanjha tira chiyapasalma basera buda paka harule purano rajnitiko kura samjhera haansdai guff gare,साँझतिर चियापसलमा बसेर बूढापाकाहरुले पुरानो राजनीतिको कुरा सम्झेर हाँस्दै गफ गरे
mero saathile freelancingko paisa paayepachhi gharmaa aamabubalai naya fridge kinera surprise diyeko rahechha,मेरो साथीले फ्रिलान्सिङको पैसा पाएपछि घरमा आमाबुबालाई नयाँ फ्रिज किनेर सरप्राइज दिएको रहेछ
exam najik aaudaa campusko librarymaa seat napaayera dherai bidyarthi bhui maa basera padhiraheka thiye,एक्जाम नजिक आउँदा क्याम्पसको लाइब्रेरीमा सिट नपाएर धेरै विद्यार्थी भुइँमा बसेर पढिरहेका थिए
aaja bihana buspark tira traffic ekdam jam bhayera office pugna sabailai dherai dhilo bhayo,आज बिहान बसपार्कतिर ट्राफिक एकदम जाम भएर अफिस पुग्न सबैलाई धेरै ढिलो भयो
gaauko khetmaa paani napaareko kaaran dhan sukna thaalepachhi kisaanharu dherai chintit dekhinthye,गाउँको खेतमा पानी नपरेको कारण धान सुक्न थालेपछि किसानहरु धेरै चिन्तित देखिन्थे
tiktokmaa viral bhayeko geet bajna thaalepachhi sabai keta keti haru nachna uthihale,टिकटकमा भाइरल भएको गीत बज्न थालेपछि सबै केटाकेटीहरु नाच्न उठिहाले
mero dajule startup suru garedekhi dinraat coding gardai clientko project sakna khojiraheko chha,मेरो दाजुले स्टार्टअप सुरु गरेदेखि दिनरात कोडिङ गर्दै क्लाइन्टको प्रोजेक्ट सक्न खोजिरहेको छ
hijo football match herda refereele galat decision diyeko bhanera darshakharu karaaudai thiye,हिजो फुटबल म्याच हेर्दा रेफ्रीले गलत डिसिजन दिएको भनेर दर्शकहरु कराउँदै थिए
bidesh padhna gako saathile uta ko kaam ra padhai sangai milauna dherai sangharsha bhairahiko sunayo,विदेश पढ्न गएको साथीले उताको काम र पढाइ सँगै मिलाउन धेरै संघर्ष भइरहेको सुनायो
dashain aauna laagda bazaarbhari mancheko bheed badhera kinmel garna hidneharu dherai dekhinthye,दशैँ आउन लाग्दा बजारभरिमान्छेको भीड बढेर किनमेल गर्न हिँड्नेहरु धेरै देखिन्थे
aama birami bhayera hospital lagda doctorle aru kehi test pani garaaunuparchha bhanera sallah diyeko thiyo,आमा बिरामी भएर अस्पताल लग्दा डाक्टरले अरु केही टेस्ट पनि गराउनुपर्छ भनेर सल्लाह दिएको थियो
social mediamaa haaleko euta statusko kura liyera saathi harubich anawasyak jhagada suru bhayechha,सोसल मिडियामा हालेको एउटा स्टाटसको कुरा लिएर साथीहरुबीच अनावश्यक झगडा सुरु भएको छ
hijo raatiko concertmaa gaayak stage maa aaunasaath darshakharule taali ra sitti bajaayera swaagat gare,हिजो रातिको कन्सर्टमा गायक स्टेजमा आउनासाथ दर्शकहरुले ताली र सिट्टी बजाएर स्वागत गरे
padhai ko pressure badhdai gaayepachhi mero baini kahilekaahi eklai basera rudai gareki rahichha,पढाइको प्रेसर बढ्दै गएपछि मेरो बहिनी कहिलेकाहीँ एक्लै बसेर रुँदै गरेकी रहिछ
gaau bata sahar aayeko ketalai yaha ko bheedbhaad ra mahangoko jeewan ekdamai anautho laagdo rahechha,गाउँबाट सहर आएको केटालाई यहाँको भीडभाड र महँगोको जीवन एकदमै अनौठो लाग्दो रहेछ
internet baarambaar jaanathaalepachhi officeko online meeting bichmai rokinu parera manager risayeko thiyo,इन्टरनेट बारम्बार जान थालेपछि अफिसको अनलाइन मिटिङ बीचमै रोक्नुपरेर म्यानेजर रिसाएको थियो
schoolko annual functionmaa bachchaharule gaana ra naach prastut garda abhibhabakharu khusi bhaeka thiye,स्कुलको एनुअल फङ्सनमा बच्चाहरुले गाना र नाच प्रस्तुत गर्दा अभिभावकहरु खुसी भएका थिए
stock market oraalna thaalepachhi dherai lagaanikartaharu aafno paisa dubne ho ki bhanera daraairaheka chan,स्टकमार्केट ओराल्न थालेपछि धेरै लगानीकर्ताहरु आफ्नो पैसा डुब्ने हो कि भनेर डराइरहेका छन्
chhimekiko gharmaa bihaako tayari chaldai garda tolbhari geet ra madal ko awaaj gunjiraheko thiyo,छिमेकीको घरमा बिहाको तयारी चल्दै गर्दा टोलभरि गीत रमादलको आवाज गुञ्जिरहेको थियो
podcastmaa boleko motivational kura sundaa dherai yuwa harulai aafno careerko baaremaa sochna man laagyo,पोडकास्टमा बोलेको मोटिभेसनल कुरा सुन्दा धेरै युवाहरुलाई आफ्नो करियरको बारेमा सोच्न मन लाग्यो
himal tira trekking jaaneko samuha himpaatko kaaran bich baatoma aljhera hotelmaa basna baadhya bhayo,हिमालतिर ट्रेकिङ जानेको समूह हिमपातको कारण बीच बाटोमा अल्झेर होटेलमा बस्न बाध्य भयो
mero bainile banaayeko momo khaayepachhi saathi harule restaurant kholna samma ko sallah dina thaaleka thiye,मेरो बहिनीले बनाएको मःमः खाएपछि साथीहरुले रेस्टुरेन्ट खोल्नसम्मको सल्लाह दिन थालेका थिए
officeko managerle deadline najik aaudaa sabailai overtime basera project sakna dabaab diyeko thiyo,अफिसको म्यानेजरले डेडलाइन नजिक आउँदा सबैलाई ओभरटाइम बसेर प्रोजेक्ट सक्न दबाब दिएको थियो
gaauko purano mandirmaa pooja garna aaune bhaktajanharu bihana dekhinai line basera kureka thiye,गाउँको पुरानो मन्दिरमा पूजा गर्न आउने भक्तजनहरु बिहानदेखि नै लाइन बसेर कुरेका थिए
mobilemaa game kheldaikheldai sano bhailai homework garnai birsiyepachhi teacherle classmaa karaayechhin,मोबाइलमा गेम खेल्दैखेल्दै सानो भाइलाई होमवर्क गर्नै बिर्सिएपछि टिचरले क्लासमा कराएकीछिन्
fuelko bhau feri badhepachhi taxi chalauneharule dinbhari ko kamaai nai pugna chhodyo bhanera gunaso gare,फ्युलको भाउ फेरि बढेपछि ट्याक्सी चलाउनेहरुले दिनभरिको कमाइ नै पुग्न छोड्यो भनेर गुनासो गरे
hijo youtubemaa haaleko vlog herera dherai mancheharule commentmaa ramro pratikriya diyeka rahechan,हिजो युट्युबमा हालेको भ्लग हेरेर धेरैमान्छेहरुले कमेन्टमा राम्रो प्रतिक्रिया दिएका रहेछन्
aaja classroommaa teacher aauna dhilo bhayepachhi bidyarthi haru aapasmaa joke gardai haansiraheka thiye,आज क्लासरुममा टिचर आउन ढिलो भएपछि विद्यार्थीहरु आपसमा जोक गर्दै हाँसिरहेका थिए
cyber securityko trainingmaa fake link kholera password halnu kati khatarnak hunchha bhanera dekhaaiyo,साइबर सेक्युरिटीको ट्रेनिङमा फेक लिंक खोलेर पासवर्ड हाल्नु कति खतरनाक हुन्छ भनेर देखाइयो
sanjha parna laagda baalbaalika haru gaauko chaurmaa cricket kheldai karaaudai kudiraheka thiye,साँझ पर्न लाग्दा बालबालिकाहरु गाउँको चौरमा क्रिकेट खेल्दै कराउँदै कुदिरहेका थिए
bidesh bata farkiyeko maanchele yahako rajnitik awastha herera ajhai pani kehi sudhaar naaayeko bhanyo,विदेशबाट फर्किएकोमान्छेले यहाँको राजनीतिक अवस्था हेरेर अझै पनि केही सुधार नआएको भन्यो
mero saathiko breakup bhayepachhi u dherai din samma social mediabata tadha basna khojiraheko thiyo,मेरो साथीको ब्रेकअप भएपछि ऊ धेरै दिनसम्म सोसल मिडियाबाट टाढा बस्न खोजिरहेको थियो
hijo raatimaa bhukampa ko halka dhakka mahsus hunaasath mancheharu daraayera gharbahira niskeka thiye,हिजो रातिमा भूकम्पको हल्का धक्का महसुस हुनासाथमान्छेहरु डराएर घरबाहिर निस्केका थिए
collegeko canteenmaa chiya ra samosa khaandai saathi harule aafno futureko planmaa kura gare,कलेजको क्यान्टिनमा चिया र समोसा खाँदै साथीहरुले आफ्नो फ्युचरको प्लानमा कुरा गरे
aaja bazaarmaa tarkariko mulya ekdam badheko dekhera ghar chalauna gaaro parchha bhanneharu dherai thiye,आज बजारमा तरकारीको मूल्य एकदम बढेको देखेर घर चलाउन गाह्रो पर्छ भन्नेहरु धेरै थिए
teacherle classmaa assignment copy gareko thaapaayepachhi dherai bidyarthilai feri lekhna lagaayechhan,टिचरले क्लासमा असाइनमेन्ट कपी गरेको थापाएपछि धेरै विद्यार्थीलाई फेरिलेख्न लगाएकीछिन्
hospitalko emergency wardmaa accidentmaa pareka maancheharulai herda pariwaarharu aattiyera rudai thiye,अस्पतालको इमर्जेन्सी वार्डमा एक्सिडेन्टमा परेकामान्छेहरुलाई हेर्दा परिवारहरु आत्तिएर रुँदै थिए
hijo instagram reel banauna khojda saathiko mobile haatbaata khasera screen futeko rahechha,हिजो इन्स्टाग्राम रिल बनाउन खोज्दा साथीको मोबाइल हातबाट खसेर स्क्रिन फुटेको रहेछ
officemaa naya employee aaepachhi purana karmachariharule uslai kaam sikaaudai sahayog gareka thiye,अफिसमा नयाँ इम्प्लोयी आएपछि पुराना कर्मचारीहरुले उसलाई काम सिकाउँदै सहयोग गरेका थिए
gaauko melaamaa ping khelnalai line basne keta keti haruko utsaah herna laayak thiyo,गाउँको मेलामा पिङ खेल्नलाई लाइन बस्ने केटाकेटीहरुको उत्साह हेर्न लायक थियो
mero baini doctor bannu parchha bhanera dinraat mehenat gardai entranceko tayari gardai chhe,मेरो बहिनी डाक्टर बन्नुपर्छ भनेर दिनरात मेहनत गर्दै इन्ट्रान्सको तयारी गर्दै छे
aaja samsad ko baahira protest garna aaekaharu le bhrashtacharko biruddha nara lagaairaheka thiye,आज संसदको बाहिर प्रोटेस्ट गर्न आएकाहरुले भ्रष्टाचारको विरुद्ध नारा लगाइरहेका थिए
gharbetile kothaako bhaada feri badhaaune kura garepachhi vidyarthi haru chintamaa pareka chan,घरबेटीले कोठाको भाडा फेरि बढाउने कुरा गरेपछि विद्यार्थीहरु चिन्तामा परेका छन्
sathi haru sangai pahaad tira hike jaada baatobhari photo khichdai ramailo gardai hidirahiyau,साथीहरु सँगै पहाडतिर हाइक जाँदा बाटोभरि फोटो खिच्दै रमाइलो गर्दै हिँडिरहेका थियौँ
aaja bihana radio maa mausam bigrine sambhaawana chha bhanne khabar sunepachhi kisaan haru chintit bhae,आज बिहान रेडियोमा मौसम बिग्रिने सम्भावना छ भन्ने खबर सुनेपछि किसानहरु चिन्तित भए
online shopping gareko luga expected jasto nanaaepachhi dherai mancheharule refund maagna thaaleka rahechan,अनलाइन सपिङ गरेको लुगा एक्स्पेक्टेड जस्तो ननिस्केपछि धेरैमान्छेहरुले रिफन्डमाग्न थालेका रहेछन्
purano saathisang barsau pachhi bhetda schoolko yaad samjhera dui jana dherai ber samma guff gardai basyau,पुरानो साथीसँग वर्षौँपछि भेट्दा स्कुलको याद सम्झेर दुई जना धेरै बेरसम्म गफ गर्दै बस्यौँ
usle mero facebook profile ma aayera jutho comment garyo ma ta turuntai block haanidiye,उस्ले मेरो फेसबुक प्रोफाइलमा आएर झुटो कमेन्ट गर्यो म त तुरुन्तै ब्लक हानिदिएँ
timile pathaako tyo whatsapp sticker ta khatra nai raichha ma ta haasera lotopot bhay,तिमीले पठाको त्यो ह्वाट्सएप स्टिकर त खत्रा नै रैछ म त हाँसेर लोटोपोट भएँ
aajkal instagram maa sabai ko bihe ko photo matra aai raheko chha dekhda dekhda dikka laagyo,आजकाल इन्स्टाग्राममा सबैको बिहेको फोटोमात्र आइ रहेको छ देख्दा देख्दा दिक्क लाग्यो
maile aaja bazaar bata tiharko lagi rangichangi batti kina lyaay ghar sajhaauna man lagyo,मैले आज बजार बाट तिहारको लागि रङ्गिचङ्गी बत्ती किन ल्याएँ घर सजाउन मन लाग्यो
teri aama le pakaako khasi ko masu yaad aaunchha aaja ghar aaija na,तेरी आमाले पकाएको खसीकोमासु याद आउँछ आज घर आइज न
usko tiktok live herna gaye pachhi purai time barbaad bhayo naachne tarika ta haasyo,उस्को टिकटक लाइभ हेर्न गए पछि पुरै टाइम बर्बाद भयो नाच्ने तरिका त हास्यो
mero phone maa sadhai data sakki rahanchha bihana bihana recharge garne baani nai bhayecha,मेरो फोनमा सधैँ डेटा सक्कि रहन्छ बिहान बिहान रिचार्ज गर्ने बानी नै भएछ
didi le newari khana kina lyaunu bhayo chatamari ra bara dekhda jibro nai aayo,दिदीले नेवारी खाना किन ल्याउनु भयो चटामरी र बारा देख्दा जिब्रो नै आयो
rat ko baarah baje pachhi chiya pasal maa maastu ko saag khaane masta plan ho,रातको बारह बजे पछि चिया पसलमामास्टुको साग खाने मस्त प्लान हो
hijo tuition janda bato maa tyo paagal kukur le pheri lakhetyo harek din yastai ho,हिजो ट्युसन जाँदा बाटोमा त्यो पागल कुकुरले फेरि लखेट्यो हरेक दिन यस्तै हो
mero sathi le aaja office maa huda huda malai call garera ekdamai ramailo kura sunayo,मेरो साथीले आज अफिसमा हुँदा हुँदा मलाई कल गरेर एकदमै रमाइलो कुरा सुनायो
bholi bihana sabai jana miler gadi maa pokhara tira jaane plan banaako chhau,भोलि बिहान सबै जना मिलेर गाडीमा पोखरा तिर जाने प्लान बनाएको छौ
usle mero purano photo facebook ma haldi malaai ni tag garyo ra ma jhur maney,उस्ले मेरो पुरानो फोटो फेसबुकमा हाल्दी मलाई नि ट्याग गर्यो र म झुरमानेँ
timro tyo instagram reels ko comment section ma ta jhagada nai chaliraheko rahecha,तिम्रो त्यो इन्स्टाग्राम रिल्सको कमेन्ट सेक्सनमा त झगडा नै चलिरहेको रहेछ
aaja bihana baadal laagera paani nai paryo ra ghar bata niskina nai garo bho,आज बिहान बादल लागेर पानी नै पर्यो र घर बाट निस्किन नै गारो भो
hijo college ko library maa base padhirako bela euta didi le mero notebook herera muskurayo,हिजो कलेजको लाइब्रेरीमा बसे पढिराको बेला एउटा दिदीले मेरो नोटबुक हेरेर मुस्कुरायो
maile aaja bihana sabji kinna bajarl janda karela ra bhindi ko daam atti badi rahechha,मैले आज बिहान सब्जी किन्न बजार्ल जाँदा करेला र भिन्डीको दाम आत्ति बढी रहेछ
tero dai le malai pachhi party dinchhu bhanthyo tara aajai samma bolaayena,तेरो दाइले मलाई पछि पार्टी दिन्छु भन्थ्यो तर आजै सम्म बोलाएन
baini ko bihe maa sabai jana lai kasto babbal dance aayo ra bihana samma naachyo,बैनीको बिहेमा सबै जना लाई कस्तो बब्बल डान्स आयो र बिहान सम्म नाच्यो
uslai sansad bhitra bolne mauka diyo bhane desh lai nai bechne kura garchha,उस्लाई संसद भित्र बोल्ने मौका दियो भने देश लाई नै बेच्ने कुरा गर्छ
timi aaja saanjh chiya pasal maa baseko bela ma pani aayera kura kanum na,तिमी आज साँझ चिया पसलमा बसेको बेला म पनि आएर कुरा कानुम न
mero ghar ko bhui chala ko majja le kaam garna audaina ra sadhai hallirahanchha,मेरो घरको भुइँ चालाको मज्जाले काम गर्न आउँदैन र सधैँ हल्लिरहन्छ
aaja tyo online class maa sir le mero naam pukarda ma dherai darayera bolnai sakena,आज त्यो अनलाइन क्लासमा सरले मेरो नाम पुकार्दा म धेरै डराएर बोल्नै सकेन
usle mero mukh ko agadi churot tanna suru garyo ra mero swaas nai pherna garo bhayo,उस्ले मेरो मुखको अगाडि चुरोट तान्न सुरु गर्यो र मेरो स्वास नै फेर्न गारो भयो
meri aama le bhannu bhako thiyo aafno gaun kabhi nabhulnu tara ma birse jasto chha,मेरी आमाले भन्नु भाको थियो आफ्नो गाउँ कहिले नभुल्नु तर म बिर्से जस्तो छ
timro bhai le dui tin mahina dekhi mero paisa phirta gareko chaina,तिम्रो भाइले दुई तीन महिना देखि मेरो पैसा फिर्ता गरेको छैन
aajkaal bachhalai mobile ra laptop le yesto padhai ra khel sabai bigaar diyeko chha,आजकाल बच्छालाई मोबाइल र ल्यापटपले यस्तो पढाइ र खेल सबै बिगार दिएको छ
ma ghar ma basda basda lagaune naya recipe kinne soch le youtube kholi raheko chhu,म घरमा बस्दा बस्दा लगाउने नयाँ रेसिपी किन्ने सोचले यूट्युब खोली रहेको छु
usle hijo mero gadi rokera mitho chiya khwaayo ra ma obbighna khusi lagyo,उस्ले हिजो मेरो गाडी रोकेर मिठो चिया ख्वायो र म अब्बिघ्न खुसी लाग्यो
bholi dekhi gym join garna man chha tara bihana uthnai muskil lagirako chha,भोलि देखि जिम ज्वाइन गर्न मन छ तर बिहान उठ्नै मुस्किल लागिराको छ
maile ta timilai sadhai bhanaauchhu ki yar kina english nai bolnu parne ho nepali bolau na,मैले त तिमीलाई सधैँ भनाउँछु कि यार किन इङ्लिस नै बोल्नु पर्ने हो नेपाली बोलौ न
tyo hall ko film hero ko acting dekhda ta purai cinema hall nai taali le gunjiyo,त्यो हलको फिल्म हिरोको एक्टिङ देख्दा त पुरै सिनेमा हल नै तालीले गुन्जियो
mero chhora le bihaana utthera aama bajai ko lagi chiya pakaidiyo,मेरो छोराले बिहान उत्तेर आमा बजैको लागि चिया पकाइदियो
timiharuko tyo party maa sabailai daaru ra chiura ko masta plan thiyo,तिमिहरुको त्यो पार्टीमा सबैलाई दारु र चिउराको मस्त प्लान थियो
phohar maa baseko kukur lai nahaidinu paryo natra ghar bhari gand le saas nai rokinchha,फोहरमा बसेको कुकुर लाई नहाइदिनु पर्यो नत्र घर भरि गन्धले सास नै रोकिन्छ
sapana maa ma aafno college ko topper bhayechhu ra chief guest le puraskar dimdai thiyo,सपनामामा आफ्नो कलेजको टपर भएछु र चिफ गेस्टले पुरस्कार दिँदै थियो
mera hajurbuwa sita pahilo patak hawaijahaj chadha ma dherai darayera roe,मेरा हजुरबुवा सित पहिलो पटक हवाइजहाज चढ्दा म धेरै डराएर रोएँ
timro daai le ta tyo naya boutique kholera gau bhari naam kamaaunu bhayo,तिम्रो दाइले त त्यो नयाँ बुटिक खोलेर गाउँ भरि नाम कमाउनु भयो
ma aaja belka ghar aauda gheri mero biralo le mero kakh maa aayera suwaidiyo,म आज बेल्का घर आउँदा घेरी मेरो बिरालोले मेरो काखमा आएर सुवाइदियो
yespali ko chunaw maa sabai neta jana chunabchi padheko jasto bhaasan matra dinchhan,येस्पालिको चुनावमा सबै नेता जना चुनाब्ची पढेको जस्तो भाषणमात्र दिन्छन्
mamilai sadhai dairy likhne baani thiyo ra aaba tyo sana kitaab haru dekhaaun chhu,ममीलाई सधैँ डायरीलेख्ने बानी थियो र आब त्यो साना किताब हरु देखाउन चु
usle mero agadi mukh chadaune kam garyo ra ma aajai risaayeko chhu,उस्ले मेरो अगाडि मुख चडाउने काम गर्यो र म अझै रिसाएको छु
tapai ko sallaha le mero jindagi nai sajilo bhayo dhanyabaad chha tapai lai,तपाईंको सल्लाहले मेरो जिन्दगी नै सजिलो भयो धन्यवाद छ तपाई लाई
google maa search garda estai dekhaaunthyo tara real life ma farak chha,गुगलमा सर्च गर्दा यस्तै देखाउँथ्यो तर रियल लाइफमा फरक छ
ma bihaana utthyer running jaada bato ma euta biralo mareko dekhya,म बिहान उत्त्येर रनिङ जाँदा बाटोमा एउटा बिरालो मरेको देख्या
sangit ko yo naya form le sabai yuwa lai sanskriti tira aakarshit gareko chha,सङ्गीतको यो नयाँ फर्मले सबै युवा लाई संस्कृति तिर आकर्षित गरेको छ
malai timro tyo mukh kalo lagyo katai piro piro bhaako ho ra baini,मलाई तिम्रो त्यो मुख कालो लाग्यो कतै पिरो पिरो भाको हो र बैनी
hijo ta tyo ranga manchhe le mero ghar bhari haat patakera haasya,हिजो त त्यो रङ्गामान्छेले मेरो घर भरि हात पटाकेर हास्य
mero sathi le aaphno purano motarcycle bechera naya electric scooter liyo,मेरो साथीले आफ्नो पुरानो मोटरसाइकल बेचेर नयाँ इलेक्ट्रिक स्कुटर लियो
aaune sanibar sabai miler namobuddha tira ghumna jaane soch maa chhau,आउने शनिबार सबै मिलेर नमोबुद्ध तिर घुम्न जाने सोचमा छौ
usle mero lagi mitho bhatmas sadeko raakh ra bhatmas ko achar pakaako chha,उस्ले मेरो लागि मिठो भटमास सडेको राख र भटमासको अचार पकाएको छ
bholi college band cha ra tyo bhayara ma movie herna jaane ho,भोलि कलेज बन्द छ र त्यो भएर म मूभी हेर्न जाने हो
timi ra ma pratinidhi mandal ma sangai kaam garau la desh banaun parcha,तिमी र म प्रतिनिधि मण्डलमा सँगै काम गरौ ल देश बनाउन पर्छ
hijo maile usko lagi naya bag ra luga order gareko aaja deliver bho,हिजो मैले उस्को लागि नयाँ ब्याग र लुगा अर्डर गरेको आज डेलिभर भो
ma ta tyo chhori ko speaking speed dekhda ta malai aafno hindi film yaad aayo,म त त्यो छोरीको स्पिकिङ स्पिड देख्दा त मलाई आफ्नो हिन्दी फिल्म याद आयो
kata jaane ho bhai badi masta gari aakash ma hernu parcha,कता जाने हो भाइ बढी मस्त गरि आकाशमा हेर्नु पर्छ
ghar maa aago tapda tapdai haamle bihana bhari sel khaayau,घरमा आगो ताप्दा ताप्दै हाम्ले बिहान भरि सेल खायौ
ma bihaana chito uthera kaam ma jaana parne bhayeko le jaldi jaldi tayaari gari raheko chu,म बिहान छिटो उठेर काममा जान पर्ने भएकोले जल्दी जल्दी तयारी गरि रहेको छु
timi ajha samma ghar pugena bhane mero man ma dherai chinta hunchha yar,तिमी अझ सम्म घर पुगेन भने मेरो मनमा धेरै चिन्ता हुन्छ यार
uniharu sabai jana milera party ma jaane bhanera socheko rahechhan tara budget milena ki jasto chha,उनिहरु सबै जना मिलेर पार्टीमा जाने भनेर सोचेको रहेछन् तर बजेट मिलेन कि जस्तो छ
hami school ma padhda khelkud ma dherai ramro partipati garna paauthyau aaja bholi time nai paudaina,हामी स्कूलमा पढ्दा खेलकुदमा धेरै राम्रो सहभागिता गर्न पाउँथ्यौ आज भोलि समय नै पाइँदैन
yo barsa ko monsoon ma dherai pani parera kheti bali lai dherai faida bhayo ki jasto lagchha,यो वर्षको मनसुनमा धेरै पानी परेर खेती बाली लाई धेरै फाइदा भयो कि जस्तो लाग्छ
mero sathi le naya mobile kinera dekhayo tara mero purano mobile nai ajha samma ramro chalne chha,मेरो साथीले नयाँ मोबाइल किनेर देखायो तर मेरो पुरानो मोबाइल नै अझ सम्म राम्रो चल्ने छ
dashain ko bela ma sabai parivar ekai thau ma jammahunchhan ra dherai ramro khana khana paunchhan,दशैंको बेलामा सबै परिवार एकै ठाउँमा जम्मा हुन्छन् र धेरै राम्रो खाना खान पाउँछन्
online class ma participate garna internet ko speed ramro hunuparchha natra video atki rahechha,अनलाइन क्लासमा सहभागिता गर्न इन्टरनेटको स्पीड राम्रो हुनुपर्छ नत्र भिडियो अत्कि रहेछ
yo film ko story dherai interesting chha tara acting ekdam weak lagyo mero biswas ma,यो फिल्मको स्टोरी धेरै इन्टेरेस्टिंग छ तर एक्टिंग एकदम वीक लाग्यो मेरो विश्वासमा
krishi mahaabhiyan ma bhaag linu bhayo bhane kisan haru lai dherai jaankaari milne chha,कृषि महाअभियानमा भाग लिनु भयो भने किसान हरू लाई धेरै जानकारी मिल्ने छ
maile ajha samma tyo kitaab padhna sakina kyuki samaya ko abhaab bhayeko chha malai,मैले अझ सम्म त्यो किताब पढ्न सकिनँ किनकि समयको अभाव भएको छ मलाई
timi le bhane ko kura sahi chha tara tyo kaam garna ali garho hola jasto lagchha malai,तिमीले भनेको कुरा सही छ तर त्यो काम गर्न अलि गारो होला जस्तो लाग्छ मलाई
ghar ko kaam sakayera bahira jaana man lagyo tara bahira dherai jada bhaeko le jan sakina,घरको काम सकेर बाहिर जान मन लाग्यो तर बाहिर धेरै जाडो भएकोले जान सकिनँ
yo saal ko exam dherai garho thiyo tara hamro sir le dherai ramro sikaunu bhayeko le pass bhayau,यो सालको परीक्षा धेरै गारो थियो तर हाम्रो सिरले धेरै राम्रो सिकाउनु भएकोले पास भयौँ
social media ma dherai samaya bitauna thalyo bhane padhai ma dhyan dina sakdainau jasto chha,सोसल मिडियामा धेरै समय बिताउन थाल्यो भने पढाइमा ध्यान दिन सक्दैनौँ जस्तो छ
mero bauju le bhanu bhayo ki padhai ma dhyan de bhane bhavishya ma ramro huney chha,मेरो बाबुज्युले भन्नु भयो कि पढाइमा ध्यान दे भने भविष्यमा राम्रो हुने छ
yo restaurant ko khana dherai mitho chha tara price ali badi chha jasto lagchha malai,यो रेस्टुरेन्टको खाना धेरै मिठो छ तर प्राइस अलि बढी छ जस्तो लाग्छ मलाई
hamro gaun ma naya sadak bannu bhayo bhane yata yata jaana ali sajilo hunchha jasto chha,हाम्रो गाउँमा नयाँ सडक बन्नु भयो भने यत यत जान अलि सजिलो हुन्छ जस्तो छ
maile yo mobile app banauna dherai mehenat gareko chu tara ajha samma launch huna sakena,मैले यो मोबाइल एप बनाउन धेरै मेहेनत गरेको छु तर अझ सम्म लन्च हुन सकेन
timi le yo kaam aaja nai sakayera deuna parchha natra bholi problem huna sakchha jasto chha,तिमीले यो काम आज नै सकेर दिनु पर्छ नत्र भोलि प्रोब्लम हुन सक्छ जस्तो छ
yo barsa ma bijuli ko samasya dherai bhaeko le ghar ma computer chalauna garho bhayeko chha,यो वर्षमा बिजुलीको समस्या धेरै भएकोले घरमा कम्प्युटर चलाउन गारो भएको छ
mero sathi haru sabai abroad jaane taiyari ma chhan tara ma yahi nepal ma basna man cha,मेरो साथी हरू सबै अब्रॉड जाने तयारीमा छन् तर म यही नेपालमा बस्न मन छ
yo project ko deadline najik aaudai chha tara hamile ajha samma dherai kaam baki chha,यो प्रोजेक्टको डेडलाइन नजिक आउँदै छ तर हामीले अझ सम्म धेरै काम बाकी छ
maile tyo kura sunera dherai hairani bhaye kyuki maile tyo kura socheko thiyein bilkulai,मैले त्यो कुरा सुनेर धेरै हैरानी भएँ किनकि मैले त्यो कुरा सोचेको थिइनँ बिल्कुलै
yo game khelna dherai ramro lagchha tara internet ko speed kam bhayo bhane khelna sakdaina,यो गेम खेल्न धेरै राम्रो लाग्छ तर इन्टरनेटको स्पीड कम भयो भने खेल्न सक्दैन
hamro class ma naya student aayo bhane us lai sabai kura bujhauna ali garho hunchha jasto chha,हाम्रो क्लासमा नयाँ स्टुडेन्ट आयो भने उस लाई सबै कुरा बुझाउन अलि गारो हुन्छ जस्तो छ
yo saal ko tihar ma dherai patakaki phutne ra sabai le naya luga lagune bhanera socheko chhan,यो सालको तिहारमा धेरै पटाकी फुट्ने र सबैले नयाँ लुगा लगाउने भनेर सोचेको छन्
maile yo kaam garna dherai soche tara kaha bata suru garne bhanera bujhina aaja samma,मैले यो काम गर्न धेरै सोचे तर कहाँ बाट सुरु गर्ने भनेर बुझिनँ आज सम्म
yo company ma kaam garna dherai ramro chha tara salary ali kam chha jasto lagchha malai,यो कम्पनीमा काम गर्न धेरै राम्रो छ तर स्यालरी अलि कम छ जस्तो लाग्छ मलाई
timi le yo kura kasa lai pani na bhana kyuki yo kura gupt rahane parchha bilkulai,तिमीले यो कुरा कसै लाई पनि न भन किनकि यो कुरा गुप्त रहने पर्छ बिल्कुलै
hamro gaun ma naya school bannu bhayo bhane baccha haru lai padhna ali sajilo hunchha,हाम्रो गाउँमा नयाँ स्कूल बन्नु भयो भने बच्चा हरू लाई पढ्न अलि सजिलो हुन्छ
maile yo kitaab online order gareko chu tara ajha samma pugena kyuki delivery ma problem chha,मैले यो किताब अनलाइन अर्डर गरेको छु तर अझ सम्म पुगेन किनकि डेलिवरीमा प्रोब्लम छ
yo program ma participate garna dherai man cha tara time manage garna ali garho bhayeko chha,यो प्रोग्राममा सहभागिता गर्न धेरै मन छ तर समय म्यानेज गर्न अलि गारो भएको छ
mero bauju le bhanu bhayo ki jivan ma mehenat garyo bhane saphalata aaudai janchha,मेरो बाबुज्युले भन्नु भयो कि जीवनमा मेहेनत गर्यो भने सफलता आउँदै जान्छ
yo saal ma bijuli pani ko bill dherai aayo kyuki ghar ma dherai upakaran chalne bhayeko chha,यो सालमा बिजुली पानीको बिल धेरै आयो किनकि घरमा धेरै उपकरण चल्ने भएको छ
timi le yo kaam sakayera malai phone garna parchha natra ma dherai chinta ma parne chu,तिमीले यो काम सकेर मलाई फोन गर्न पर्छ नत्र म धेरै चिन्तामा पर्ने छु
hamro office ma naya manager aayo bhane kaam ko tarika ali parivartan huna sakchha jasto chha,हाम्रो अफिसमा नयाँ म्यानेजर आयो भने कामको तरिका अलि परिवर्तन हुन सक्छ जस्तो छ
maile yo ghar banauna dherai paisa kharcha gareko chu tara ajha samma pura huna sakena,मैले यो घर बनाउन धेरै पैसा खर्च गरेको छु तर अझ सम्म पूरा हुन सकेन
yo festival ko bela ma sabai le ek aarka lai mithai dine ra ramro man bhavna rakhne garchhan,यो फेस्टिवलको बेलामा सबैले एक अर्का लाई मिठाई दिने र राम्रो मन भावना राख्ने गर्छन्
timi le yo kura bujhe na bujhe pani malai ek choti pheri bhana na jasto lagchha,तिमीले यो कुरा बुझे न बुझे पनि मलाई एक चोटी फेरी भन न जस्तो लाग्छ
hamro school ko annual function ma dherai ramro program hunchha ra sabai student le bhaag linchhan,हाम्रो स्कूलको वार्षिक समारोहमा धेरै राम्रो प्रोग्राम हुन्छ र सबै स्टुडेन्टले भाग लिन्छन्
maile yo mobile repair garna diye ko chu tara ajha samma aayena kyuki parts ko abhaab chha,मैले यो मोबाइल रिपेयर गर्न दिएको छु तर अझ सम्म आएन किनकि पार्ट्सको अभाव छ
yo saal ko exam result aayo bhane sabai le dherai khushi hunechhan ra party garne bhanera socheko chhan,यो सालको परीक्षा रिजल्ट आयो भने सबैले धेरै खुशी हुनेछन् र पार्टी गर्ने भनेर सोचेको छन्
timi le yo kaam garna man lagyo bhane malai bhana ma timilai madat garna taiyar chu,तिमीले यो काम गर्न मन लाग्यो भने मलाई भन म तिमिलाई मद्दत गर्न तयार छु
hamro gaun ma naya hospital bannu bhayo bhane bimar haru lai upachaar garna ali sajilo hunchha,हाम्रो गाउँमा नयाँ अस्पताल बन्नु भयो भने बिरामी हरू लाई उपचार गर्न अलि सजिलो हुन्छ
maile yo project ma dherai mehenat gareko chu tara result kasto aaula bhanera darr lagdo chha,मैले यो प्रोजेक्टमा धेरै मेहेनत गरेको छु तर रिजल्ट कस्तो आउला भनेर डर लाग्दो छ
yo restaurant ma khana khana dherai man cha tara reservation garna bina jaana sakdaina jasto chha,यो रेस्टुरेन्टमा खाना खान धेरै मन छ तर रिजर्वेसन गर्न बिना जान सक्दैन जस्तो छ
timi le yo kura kasa lai pani na bhana kyuki yo kura hamro bich ma matra rahane parchha,तिमीले यो कुरा कसै लाई पनि न भन किनकि यो कुरा हाम्रो बिचमामात्र रहने पर्छ
hamro class ma naya teacher aayo bhane padhai ko tarika ali parivartan huna sakchha jasto chha,हाम्रो क्लासमा नयाँ टीचर आयो भने पढाइको तरिका अलि परिवर्तन हुन सक्छ जस्तो छ
maile yo kaam aaja nai sakayera deune bhanera socheko chu tara samaya pugla ki pugdaina bhanera darr lagdo chha,मैले यो काम आज नै सकेर दिने भनेर सोचेको छु तर समय पुग्ला कि पुग्दैन भनेर डर लाग्दो छ
maile ajha samma tyo project ko kaam pura garna sakena kyuki team ma dherai samasya aaeko chha ra sabai le ek aarka sanga milera kaam garna sakena,मैले अझ सम्म त्यो प्रोजेक्टको काम पूरा गर्न सकिनँ किनकि टीममा धेरै समस्या आएको छ र सबैले एक अर्का सँग मिलेर काम गर्न सकेन
timi le yo kura bujhe na bujhe pani malai ek choti pheri ramro sanga bujhauna parchha natra maile tyo kaam garna sakdina jasto chha,तिमीले यो कुरा बुझे न बुझे पनि मलाई एक चोटी फेरी राम्रो सँग बुझाउन पर्छ नत्र मैले त्यो काम गर्न सक्दिन जस्तो छ
hamro gaun ma naya sadak bannu bhayo bhane yata yata jaana ali sajilo hunchha ra kheti bali ko saman lyauna pani sahaj hunchha,हाम्रो गाउँमा नयाँ सडक बन्नु भयो भने यत यत जान अलि सजिलो हुन्छ र खेती बालीको सामान ल्याउन पनि सहज हुन्छ
yo barsa ko monsoon ma dherai pani parera kheti bali lai dherai faida bhayo ki jasto lagchha tara kahile kahile baadh ko samasya pani aaucha,यो वर्षको मनसुनमा धेरै पानी परेर खेती बाली लाई धेरै फाइदा भयो कि जस्तो लाग्छ तर कहिले काहिले बाढको समस्या पनि आउँछ
mero sathi le naya mobile kinera dekhayo tara mero purano mobile nai ajha samma ramro chalne chha ra battery life pani dherai ramro chha,मेरो साथीले नयाँ मोबाइल किनेर देखायो तर मेरो पुरानो मोबाइल नै अझ सम्म राम्रो चल्ने छ र ब्याट्री लाइफ पनि धेरै राम्रो छ
dashain ko bela ma sabai parivar ekai thau ma jammahunchhan ra dherai ramro khana khana paunchhan ra ek aarka lai mithai dine garchhan,दशैंको बेलामा सबै परिवार एकै ठाउँमा जम्मा हुन्छन् र धेरै राम्रो खाना खान पाउँछन् र एक अर्का लाई मिठाई दिने गर्छन्
online class ma participate garna internet ko speed ramro hunuparchha natra video atki rahechha ra teacher le ke bhannu bhayeko bujhina,अनलाइन क्लासमा सहभागिता गर्न इन्टरनेटको स्पीड राम्रो हुनुपर्छ नत्र भिडियो अत्कि रहेछ र टीचरले के भन्नु भएको बुझिन
yo film ko story dherai interesting chha tara acting ekdam weak lagyo mero biswas ma ra director le pani dherai dhyan dina sakena,यो फिल्मको स्टोरी धेरै इन्टेरेस्टिंग छ तर एक्टिंग एकदम वीक लाग्यो मेरो विश्वासमा र डाइरेक्टरले पनि धेरै ध्यान दिन सकेन
krishi mahaabhiyan ma bhaag linu bhayo bhane kisan haru lai dherai jaankaari milne chha ra uniharu le naya tarika le kheti garna siknechhan,कृषि महाअभियानमा भाग लिनु भयो भने किसान हरू लाई धेरै जानकारी मिल्ने छ र उनीहरूले नयाँ तरिकाले खेती गर्न सिक्नेछन्
maile ajha samma tyo kitaab padhna sakina kyuki samaya ko abhaab bhayeko chha malai ra ghar ko kaam pani dherai bhaeko chha,मैले अझ सम्म त्यो किताब पढ्न सकिनँ किनकि समयको अभाव भएको छ मलाई र घरको काम पनि धेरै भएको छ
timi le bhane ko kura sahi chha tara tyo kaam garna ali garho hola jasto lagchha malai ra dherai mehenat garnu parne hunchha,तिमीले भनेको कुरा सही छ तर त्यो काम गर्न अलि गारो होला जस्तो लाग्छ मलाई र धेरै मेहेनत गर्नु पर्ने हुन्छ
ghar ko kaam sakayera bahira jaana man lagyo tara bahira dherai jada bhaeko le jan sakina ra ghar ma basera chai pina man lagyo,घरको काम सकेर बाहिर जान मन लाग्यो तर बाहिर धेरै जाडो भएकोले जान सकिनँ र घरमा बसेर चिया पिउन मन लाग्यो
yo saal ko exam dherai garho thiyo tara hamro sir le dherai ramro sikaunu bhayeko le pass bhayau ra sabai le khushi manayau,यो सालको परीक्षा धेरै गारो थियो तर हाम्रो सिरले धेरै राम्रो सिकाउनु भएकोले पास भयौँ र सबैले खुशी मनायौँ
social media ma dherai samaya bitauna thalyo bhane padhai ma dhyan dina sakdainau jasto chha ra future ma problem huna sakchha,सोसल मिडियामा धेरै समय बिताउन थाल्यो भने पढाइमा ध्यान दिन सक्दैनौँ जस्तो छ र फ्युचरमा प्रोब्लम हुन सक्छ
mero bauju le bhanu bhayo ki padhai ma dhyan de bhane bhavishya ma ramro huney chha ra jivan ma saphalata pauna sakchhau,मेरो बाबुज्युले भन्नु भयो कि पढाइमा ध्यान दे भने भविष्यमा राम्रो हुने छ र जीवनमा सफलता पाउन सक्छौ
yo restaurant ko khana dherai mitho chha tara price ali badi chha jasto lagchha malai ra ekai choti jaana dherai paisa lagchha,यो रेस्टुरेन्टको खाना धेरै मिठो छ तर प्राइस अलि बढी छ जस्तो लाग्छ मलाई र एकै चोटी जान धेरै पैसा लाग्छ
hamro gaun ma naya school bannu bhayo bhane baccha haru lai padhna ali sajilo hunchha ra uniharu le ramro shiksha pauna saknechhan,हाम्रो गाउँमा नयाँ स्कूल बन्नु भयो भने बच्चा हरू लाई पढ्न अलि सजिलो हुन्छ र उनीहरूले राम्रो शिक्षा पाउन सक्नेछन्
maile yo mobile app banauna dherai mehenat gareko chu tara ajha samma launch huna sakena kyuki testing ma dherai problem aaeko chha,मैले यो मोबाइल एप बनाउन धेरै मेहेनत गरेको छु तर अझ सम्म लन्च हुन सकेन किनकि टेस्टिंगमा धेरै प्रोब्लम आएको छ
timi le yo kaam aaja nai sakayera deuna parchha natra bholi problem huna sakchha jasto chha ra client le dherai chinta garchhan,तिमीले यो काम आज नै सकेर दिनु पर्छ नत्र भोलि प्रोब्लम हुन सक्छ जस्तो छ र क्लाइन्टले धेरै चिन्ता गर्छन्
yo barsa ma bijuli ko samasya dherai bhaeko le ghar ma computer chalauna garho bhayeko chha ra online kaam garna pani problem hunchha,यो वर्षमा बिजुलीको समस्या धेरै भएकोले घरमा कम्प्युटर चलाउन गारो भएको छ र अनलाइन काम गर्न पनि प्रोब्लम हुन्छ
mero sathi haru sabai abroad jaane taiyari ma chhan tara ma yahi nepal ma basna man cha ra yaha ko jivan lai ramro banauna chahanchhu,मेरो साथी हरू सबै अब्रॉड जाने तयारीमा छन् तर म यही नेपालमा बस्न मन छ र यहाँको जीवन लाई राम्रो बनाउन चाहन्छु
yo project ko deadline najik aaudai chha tara hamile ajha samma dherai kaam baki chha ra team ma dherai samasya aaeko chha,यो प्रोजेक्टको डेडलाइन नजिक आउँदै छ तर हामीले अझ सम्म धेरै काम बाकी छ र टीममा धेरै समस्या आएको छ
maile tyo kura sunera dherai hairani bhaye kyuki maile tyo kura socheko thiyein bilkulai ra kaha bata tyo kura aayo bujhina,मैले त्यो कुरा सुनेर धेरै हैरानी भएँ किनकि मैले त्यो कुरा सोचेको थिइनँ बिल्कुलै र कहाँ बाट त्यो कुरा आयो बुझिन
yo game khelna dherai ramro lagchha tara internet ko speed kam bhayo bhane khelna sakdaina ra lag bhaera khelna garho hunchha,यो गेम खेल्न धेरै राम्रो लाग्छ तर इन्टरनेटको स्पीड कम भयो भने खेल्न सक्दैन र लग भएर खेल्न गारो हुन्छ
hamro class ma naya student aayo bhane us lai sabai kura bujhauna ali garho hunchha jasto chha ra us lai samaya lagnechha,हाम्रो क्लासमा नयाँ स्टुडेन्ट आयो भने उस लाई सबै कुरा बुझाउन अलि गारो हुन्छ जस्तो छ र उस लाई समय लाग्नेछ
yo saal ko tihar ma dherai patakaki phutne ra sabai le naya luga lagune bhanera socheko chhan ra parivar sanga khushi manaune chhan,यो सालको तिहारमा धेरै पटाकी फुट्ने र सबैले नयाँ लुगा लगाउने भनेर सोचेको छन् र परिवार सँग खुशी मनाउने छन्
maile yo kaam garna dherai soche tara kaha bata suru garne bhanera bujhina aaja samma ra dherai confusion ma parera baseko chu,मैले यो काम गर्न धेरै सोचे तर कहाँ बाट सुरु गर्ने भनेर बुझिनँ आज सम्म र धेरै कन्फ्युजनमा परेर बसेको छु
yo company ma kaam garna dherai ramro chha tara salary ali kam chha jasto lagchha malai ra future ma badhna sakchha ki sakdaina,यो कम्पनीमा काम गर्न धेरै राम्रो छ तर स्यालरी अलि कम छ जस्तो लाग्छ मलाई र फ्युचरमा बढ्न सक्छ कि सक्दैन
timi le yo kura kasa lai pani na bhana kyuki yo kura gupt rahane parchha bilkulai ra kasa lai bhane problem huna sakchha,तिमीले यो कुरा कसै लाई पनि न भन किनकि यो कुरा गुप्त रहने पर्छ बिल्कुलै र कसै लाई भने प्रोब्लम हुन सक्छ
hamro gaun ma naya hospital bannu bhayo bhane bimar haru lai upachaar garna ali sajilo hunchha ra dherai paisa bachna sakchha,हाम्रो गाउँमा नयाँ अस्पताल बन्नु भयो भने बिरामी हरू लाई उपचार गर्न अलि सजिलो हुन्छ र धेरै पैसा बच्न सक्छ
maile yo kitaab online order gareko chu tara ajha samma pugena kyuki delivery ma problem chha ra courier company le dherai dhilo garchha,मैले यो किताब अनलाइन अर्डर गरेको छु तर अझ सम्म पुगेन किनकि डेलिवरीमा प्रोब्लम छ र कुरियर कम्पनीले धेरै ढिलो गर्छ
yo program ma participate garna dherai man cha tara time manage garna ali garho bhayeko chha ra ghar ko kaam pani dherai chha,यो प्रोग्राममा सहभागिता गर्न धेरै मन छ तर समय म्यानेज गर्न अलि गारो भएको छ र घरको काम पनि धेरै छ
mero bauju le bhanu bhayo ki jivan ma mehenat garyo bhane saphalata aaudai janchha ra kahile pani haarna pardaina jasto chha,मेरो बाबुज्युले भन्नु भयो कि जीवनमा मेहेनत गर्यो भने सफलता आउँदै जान्छ र कहिले पनि हार्न पर्दैन जस्तो छ
yo saal ma bijuli pani ko bill dherai aayo kyuki ghar ma dherai upakaran chalne bhayeko chha ra bill kasaile bharna man lagena,यो सालमा बिजुली पानीको बिल धेरै आयो किनकि घरमा धेरै उपकरण चल्ने भएको छ र बिल कसैले भर्न मन लागेन
timi le yo kaam sakayera malai phone garna parchha natra ma dherai chinta ma parne chu ra timilai khojna thalchu jasto chha,तिमीले यो काम सकेर मलाई फोन गर्न पर्छ नत्र म धेरै चिन्तामा पर्ने छु र तिमिलाई खोज्न थाल्छु जस्तो छ
hamro office ma naya manager aayo bhane kaam ko tarika ali parivartan huna sakchha jasto chha ra sabai le naya tarika siknu parchha,हाम्रो अफिसमा नयाँ म्यानेजर आयो भने कामको तरिका अलि परिवर्तन हुन सक्छ जस्तो छ र सबैले नयाँ तरिका सिक्नु पर्छ
maile yo ghar banauna dherai paisa kharcha gareko chu tara ajha samma pura huna sakena kyuki saman ko price badi rahechha,मैले यो घर बनाउन धेरै पैसा खर्च गरेको छु तर अझ सम्म पूरा हुन सकेन किनकि सामानको प्राइस बढी रहेछ
yo festival ko bela ma sabai le ek aarka lai mithai dine ra ramro man bhavna rakhne garchhan ra sabai khushi hunechhan,यो फेस्टिवलको बेलामा सबैले एक अर्का लाई मिठाई दिने र राम्रो मन भावना राख्ने गर्छन् र सबै खुशी हुनेछन्
timi le yo kura bujhe na bujhe pani malai ek choti pheri bhana na jasto lagchha ra maile bujhna sakchu ki sakdina bujhna sakchhu,तिमीले यो कुरा बुझे न बुझे पनि मलाई एक चोटी फेरी भन न जस्तो लाग्छ र मैले बुझ्न सक्छु कि सक्दिन बुझ्न सक्छु
hamro school ko annual function ma dherai ramro program hunchha ra sabai student le bhaag linchhan ra dherai ramro experience paunchhan,हाम्रो स्कूलको वार्षिक समारोहमा धेरै राम्रो प्रोग्राम हुन्छ र सबै स्टुडेन्टले भाग लिन्छन् र धेरै राम्रो एक्सपिरियन्स पाउँछन्
maile yo mobile repair garna diye ko chu tara ajha samma aayena kyuki parts ko abhaab chha ra technician le dherai samaya linchha,मैले यो मोबाइल रिपेयर गर्न दिएको छु तर अझ सम्म आएन किनकि पार्ट्सको अभाव छ र टेक्निशियनले धेरै समय लिन्छ
yo saal ko exam result aayo bhane sabai le dherai khushi hunechhan ra party garne bhanera socheko chhan ra ek aarka lai gift dinechhan,यो सालको परीक्षा रिजल्ट आयो भने सबैले धेरै खुशी हुनेछन् र पार्टी गर्ने भनेर सोचेको छन् र एक अर्का लाई गिफ्ट दिनेछन्
timi le yo kaam garna man lagyo bhane malai bhana ma timilai madat garna taiyar chu ra ekai sanga milera kaam garna sakchhau,तिमीले यो काम गर्न मन लाग्यो भने मलाई भन म तिमिलाई मद्दत गर्न तयार छु र एकै सँग मिलेर काम गर्न सक्छौ
hamro gaun ma naya hospital bannu bhayo bhane bimar haru lai upachaar garna ali sajilo hunchha ra dherai paisa bachna sakchha,हाम्रो गाउँमा नयाँ अस्पताल बन्नु भयो भने बिरामी हरू लाई उपचार गर्न अलि सजिलो हुन्छ र धेरै पैसा बच्न सक्छ
maile yo project ma dherai mehenat gareko chu tara result kasto aaula bhanera darr lagdo chha ra dherai chinta ma parera baseko chu,मैले यो प्रोजेक्टमा धेरै मेहेनत गरेको छु तर रिजल्ट कस्तो आउला भनेर डर लाग्दो छ र धेरै चिन्तामा परेर बसेको छु
yo restaurant ma khana khana dherai man cha tara reservation garna bina jaana sakdaina jasto chha ra dherai bhir hune bhayeko chha,यो रेस्टुरेन्टमा खाना खान धेरै मन छ तर रिजर्वेसन गर्न बिना जान सक्दैन जस्तो छ र धेरै भीड हुने भएको छ
timi le yo kura kasa lai pani na bhana kyuki yo kura hamro bich ma matra rahane parchha ra kasa lai bhane dherai problem hunchha,तिमीले यो कुरा कसै लाई पनि न भन किनकि यो कुरा हाम्रो बिचमामात्र रहने पर्छ र कसै लाई भने धेरै प्रोब्लम हुन्छ
hamro class ma naya teacher aayo bhane padhai ko tarika ali parivartan huna sakchha jasto chha ra sabai le naya tarika siknu parchha,हाम्रो क्लासमा नयाँ टीचर आयो भने पढाइको तरिका अलि परिवर्तन हुन सक्छ जस्तो छ र सबैले नयाँ तरिका सिक्नु पर्छ
maile yo kaam aaja nai sakayera deune bhanera socheko chu tara samaya pugla ki pugdaina bhanera darr lagdo chha ra dherai tension ma chu,मैले यो काम आज नै सकेर दिने भनेर सोचेको छु तर समय पुग्ला कि पुग्दैन भनेर डर लाग्दो छ र धेरै टेन्सनमा छु
yo barsa ma bijuli ko samasya dherai bhaeko le ghar ma computer chalauna garho bhayeko chha ra online kaam garna pani problem hunchha,यो वर्षमा बिजुलीको समस्या धेरै भएकोले घरमा कम्प्युटर चलाउन गारो भएको छ र अनलाइन काम गर्न पनि प्रोब्लम हुन्छ
mero sathi haru sabai abroad jaane taiyari ma chhan tara ma yahi nepal ma basna man cha ra yaha ko jivan lai ramro banauna chahanchhu,मेरो साथी हरू सबै अब्रॉड जाने तयारीमा छन् तर म यही नेपालमा बस्न मन छ र यहाँको जीवन लाई राम्रो बनाउन चाहन्छु
bihana office jaanu aghi aama le chiya ra tato roti khuwaaudai aaja dhilo nagarna baarambaar samjhaaudai hunuhunthyo,बिहान अफिस जानुअघि आमाले चिया र तातो रोटी खुवाउँदै आज ढिलो नगर्न बारम्बार सम्झाउँदै हुनुहुन्थ्यो
hijo cricket matchmaa hamro teamle antim overmaa chhakka haanepachhi sabai saathi haru uchhalera karaauna thaaleka thiye,हिजो क्रिकेट म्याचमा हाम्रो टिमले अन्तिम ओभरमा छक्का हानेपछि सबै साथीहरु उछालेर कराउन थालेका थिए
gaauko schoolmaa naya computer aaepachhi bachchaharule palo kurdai keyboard chalauna sikiraheka thiye,गाउँको स्कुलमा नयाँ कम्प्युटर आएपछि बच्चाहरु पालो कुर्दै किबोर्ड चलाउन सिकिरहेका थिए
sanjha tira electricity gaayepachhi tolka mancheharu baahira niskera andhyaromaa guff gardai baseka thiye,साँझतिर बिजुली गएपछि टोलकामान्छेहरु बाहिर निस्केर अन्ध्यारोमा गफ गर्दै बसेका थिए
mero saathile interviewmaa ramro performance diyepachhi companyle uslai turuntai internshipko offer pathaayechha,मेरो साथीले इन्टरभ्युमा राम्रो पर्फर्मेन्स दिएपछि कम्पनीले उसलाई तुरुन्तै इन्टर्नसिपको अफर पठाएको छ
hijo bazaar jaada euta sano bachcha rudai hidirahiko dekhera dherai mancheharu usko pariwaar khojna thaaleka thiye,हिजो बजार जाँदा एउटा सानो बच्चा रुँदै हिँडिरहेको देखेर धेरैमान्छेहरु उसको परिवार खोज्न थालेका थिए
collegeko project sakna nasakera dherai bidyarthi haru raatbhari labmaa basera coding gardai thiye,कलेजको प्रोजेक्ट सक्न नसकेर धेरै विद्यार्थीहरु रातभरि ल्याबमा बसेर कोडिङ गर्दै थिए
dashainko tika lagauna ghar farkine mancheharule busparkmaa ticket napaayera line maa kurerai din bitaaye,दशैँको टीका लगाउन घर फर्किनेमान्छेहरुले बसपार्कमा टिकट नपाएर लाइनमा कुरेरै दिन बिताए
social mediamaa haaleko fake newsko kaaran gaau bhari anawasyak halla failiyeko rahechha,सोसल मिडियामा हालेको फेक न्युजको कारण गाउँभरि अनावश्यक हल्ला फैलिएको रहेछ
mero bainile padhdai gareko mehenatko phal sworup scholarship paayepachhi gharbhari khusi chhaayeko thiyo,मेरो बहिनीले पढ्दै गरेको मेहनतको फलस्वरूप स्कलरसिप पाएपछि घरभरि खुसी छाएको थियो
officeko meetingmaa managerle kaamko pragati dheelo bhayeko bhanera sabailai gambhir huna chetaawani diyeko thiyo,अफिसको मिटिङमा म्यानेजरले कामको प्रगति ढिलो भएको भनेर सबैलाई गम्भीर हुन चेतावनी दिएको थियो
himal tira photo khichna gako photographerlai achaanak himpaat suru bhayepachhi tala jharna gaaro parechha,हिमालतिर फोटो खिच्न गएको फोटोग्राफरलाई अचानक हिमपात सुरु भएपछि तल झर्न गाह्रो परेको छ
aaja campusmaa electionko charchale garda bidyarthi sangathanharubich thulo bahas chali raheko thiyo,आज क्याम्पसमा इलेक्सनको चर्चाले गर्दा विद्यार्थी संगठनहरुबीच ठूलो बहस चलिरहेको थियो
gharbeti ra kothaamaa basne bidyarthibich paani ko billko kura liyera jhagada paryo bhanne suniyo,घरबेटी र कोठामा बस्ने विद्यार्थीबीच पानीको बिलको कुरा लिएर झगडा पर्यो भन्ने सुनियो
hijo youtube herda euta documentarymaa gaauko purano sanskriti bare dherai ramro kura dekhaayeko thiyo,हिजो युट्युब हेर्दा एउटा डकुमेन्ट्रीमा गाउँको पुरानो संस्कृति बारे धेरै राम्रो कुरा देखाइएको थियो
aaja bihana dekhi mobilemaa notification aauna nachhodepachhi padhai maa dhyaan dinaai gaaro bhairahiko chha,आज बिहानदेखि मोबाइलमा नोटिफिकेसन आउन नछोडेपछि पढाइमा ध्यान दिनै गाह्रो भइरहेको छ
mero dajule bidesh bata paisa pathaayepachhi gharmaa purano chhaano ferera naya jasta haalna milayo,मेरो दाजुले विदेशबाट पैसा पठाएपछि घरमा पुरानो छानो फेरेर नयाँ जस्ता हाल्न मिलायो
gaauko chaurmaa laagne melaa herna najikaka gaau bata pani dherai mancheharu aaipugeka thiye,गाउँको चौरमा लाग्ने मेला हेर्न नजिकका गाउँबाट पनि धेरैमान्छेहरु आइपुगेका थिए
online classmaa microphone off garna birsida teacherle gharbhitra ko sabai awaaj spashta sunechhan,अनलाइन क्लासमामाइक्रोफोन अफ गर्न बिर्सिँदा टिचरले घरभित्रको सबै आवाज स्पष्ट सुनेछन्
sanjha parna laagda restaurantmaa live music suru bhayepachhi graahakharu geet sangai gauna thaaleka thiye,साँझ पर्न लाग्दा रेस्टुरेन्टमा लाइभ म्युजिक सुरु भएपछि ग्राहकहरु गीत सँगै गाउन थालेका थिए
aaja hospitalmaa doctor kurdakurda biramiharule line maa basera dherai ghanta bitaaye,आज अस्पतालमा डाक्टर कुर्दाकुर्दै बिरामीहरुले लाइनमा बसेर धेरै घण्टा बिताए
mero saathiko laptop bigrepachhi usle assignment submit garna nasakera teacher sanga samaya maageko thiyo,मेरो साथीको ल्यापटप बिग्रेपछि उसले असाइनमेन्ट सबमिट गर्न नसकेर टिचरसँग समयमागेको थियो
hijo raatimaa padoshiko gharmaa jhagada parera police bolaaunu paryo bhanne kura tolbhari failiyo,हिजो रातिमा पडोसीको घरमा झगडा परेर पुलिस बोलाउनुपर्यो भन्ने कुरा टोलभरि फैलियो
aaja football practice garda paani parna thaalepachhi kheladi haru sabai bhijera pani kheldai rahe,आज फुटबल प्र्याक्टिस गर्दा पानी पर्न थालेपछि खेलाडीहरु सबै भिजेर पनि खेल्दै रहे
teacherle classmaa mobile chalaairaheko bhetepachhi dui jana bidyarthiko phone japt gareki chhin,टिचरले क्लासमा मोबाइल चलाइरहेको भेटेपछि दुई जना विद्यार्थीको फोन जफत गरेकी छिन्
bidesh jaan airport pugda aafanta harule angaaloma baandhera rudai bidaa gareka thiye,विदेश जान एयरपोर्ट पुग्दा आफन्तहरुले अँगालोमा बाँधेर रुँदै बिदा गरेका थिए
mero bainiko saathiharu ghar aaepachhi sabai milera momo banaaudai geet gaairaheka thiye,मेरो बहिनीको साथीहरु घर आएपछि सबै मिलेर मःमः बनाउँदै गीत गाइरहेका थिए
hijo stock market achaanak oraalepachhi naya lagaanikartaharu aattiyera share bechna thaaleka rahechan,हिजो स्टकमार्केट अचानक ओरालिएपछि नयाँ लगानीकर्ताहरु आत्तिएर सेयर बेच्न थालेका रहेछन्
gaauko baato banaaune budget aayeko bhanepani kaam suru nahudaa mancheharu risairaheka chan,गाउँको बाटो बनाउने बजेट आएको भनेपनि काम सुरु नहुँदामान्छेहरु रिसाइरहेका छन्
aaja officemaa internet server down bhayepachhi sabai karmachariharu kaam rokera kuriraheka thiye,आज अफिसमा इन्टरनेट सर्भर डाउन भएपछि सबै कर्मचारीहरु काम रोकेर कुरिरहेका थिए
hostelko euta kothamaa raatbhari geet bajaayepachhi arko kothaka bidyarthi haru risayeka thiye,होस्टेलको एउटा कोठामा रातभरि गीत बजाएपछि अर्को कोठाका विद्यार्थीहरु रिसाएका थिए
sanjha tira mandirmaa bhajan suru hunaasath budhabudhi haru taali bajaudai bhitra chhireka thiye,साँझतिर मन्दिरमा भजन सुरु हुनासाथ बुढाबुढीहरु ताली बजाउँदै भित्र छिरेका थिए
mero saathile ai ra machine learning sikauna online course join garepachhi dherai utsaahit dekhinthyo,मेरो साथीले एआई र मेसिन लर्निङ सिकाउन अनलाइन कोर्स जोइन गरेपछि धेरै उत्साहित देखिन्थ्यो
bazaarmaa tarkari kinnu jaada pasalele bhau dherai badhaaepachhi graahakharu bargain gardai thiye,बजारमा तरकारी किन्न जाँदा पसलेले भाउ धेरै बढाएपछि ग्राहकहरु बार्गेन गर्दै थिए
hijo movie herna gako bela hallbhari darshakharule comedy scene maa ekkai choti thulo haaso hase,हिजो मुभी हेर्न गएको बेला हलभरि दर्शकहरुले कमेडी सिनमा एकैचोटि ठूलो हाँसो हाँसे
aaja school bata farkine bela baadal laagna thaalepachhi bachchaharule chhitochhito ghar tira daudina thaaleka thiye,आज स्कुलबाट फर्किने बेला बादल लाग्न थालेपछि बच्चाहरुले छिटोछिटो घरतिर दौडिन थालेका थिए
gharmaa gas sakinlaagda aama le chulo maa daura baalera khaana pakauna baadhya hunubhayo,घरमा ग्यास सकिन लाग्दा आमाले चुलोमा दाउरा बालेर खाना पकाउन बाध्य हुनुभयो
cyber crimeko case badhdai gaayepachhi policele online fraud bata bachna janachetana failaaudai chha,साइबर क्राइमको केस बढ्दै गएपछि प्रहरीले अनलाइन फ्रडबाट बच्न जनचेतना फैलाउँदै छ
mero sathisang sano kuraamaa misunderstanding bhayepachhi dui din samma kura nagari basiyau,मेरो साथीसँग सानो कुरामा मिसअन्डरस्ट्यान्डिङ भएपछि दुई दिनसम्म कुरा नगरी बस्यौँ
aaja bihana gymmaa exercise gardaa trainerle sahi posture nabhae sharirmaa samasya aauna sakchha bhanyo,आज बिहान जिममा एक्सरसाइज गर्दा ट्रेनरले सही पोस्चर नभए शरीरमा समस्या आउन सक्छ भन्यो
hijo gaauko kheta tira baadhile paani pasera dherai kisaanharuko bali nasta bhayeko rahechha,हिजो गाउँको खेततिर बाढीले पानी पसेर धेरै किसानहरुको बाली नष्ट भएको रहेछ
collegeko farewell programmaa saathi haru ekarkaalaai angaalo haalera photo khichdai rudai thiye,कलेजको फेयरवेल प्रोग्राममा साथीहरु एकअर्कालाई अँगालो हालेर फोटो खिच्दै रुँदै थिए
aaja office bata farkida microbusmaa bheed dherai bhayepachhi ubhiyera ghar pugna paryo,आज अफिसबाट फर्किँदामाइक्रोबसमा भीड धेरै भएपछि उभिएर घर पुग्नुपर्यो
mero bainile gaayeko geet social mediamaa haalepachhi dherai mancheharule prasansaa gareka chan,मेरो बहिनीले गाएको गीत सोसल मिडियामा हालेपछि धेरैमान्छेहरुले प्रशंसा गरेका छन्
hijo hostelko chhatmaa basera saathi harule futureko tension ra sapana ko kura gardai raat bitaaye,हिजो होस्टेलको छतमा बसेर साथीहरुले फ्युचरको टेन्सन र सपनाको कुरा गर्दै रात बिताए
mandirmaa pooja garna aaekaharu madhye dherai jana le manokamana pura hos bhanera deep baaleka thiye,मन्दिरमा पूजा गर्न आएकाहरुमध्ये धेरै जनाले मनोकामना पूरा होस् भनेर दीप बालेका थिए
aaja bankmaa line dherai lambiyepachhi mancheharu paisa jhikna ghantaau samma parkhiraheka thiye,आज बैंकमा लाइन धेरै लाम्बिएपछिमान्छेहरु पैसा झिक्न घण्टौँसम्म पर्खिरहेका थिए
mero dajuko online business ramro chalepachhi usle aru dui jana sathilai pani kaammaa rakhechha,मेरो दाजुको अनलाइन बिजनेस राम्रो चलेपछि उसले अरु दुई जना साथीलाई पनि काममा राखेको छ
hijo podcast sundaa euta vaktaale jeewanmaa asafalta bata pani dherai kura sikinchha bhanera bujhaayeko thiyo,हिजो पोडकास्ट सुन्दा एउटा वक्ताले जीवनमा असफलताबाट पनि धेरै कुरा सिकिन्छ भनेर बुझाएको थियो
gaauko budho maanchele pahilako samayamaa bijuli nabhayera tuki baalera padhne gareko samjhana sunaaye,गाउँको बुढोमान्छेले पहिलाको समयमा बिजुली नभएर टुकी बालेर पढ्ने गरेको सम्झना सुनाए
aaja online payment garda app achaanak bandh bhayepachhi paisa kata gayeko ho bhanera sabai aattiyeka thiye,आज अनलाइन पेमेन्ट गर्दा एप अचानक बन्द भएपछि पैसा कहाँ गएको हो भनेर सबै आत्तिएका थिए
hijo social mediamaa balenko naya video viral bhayepachhi yuwa harule commentmaa dherai taarif gareka thiye,हिजो सोसल मिडियामा बालेनको नयाँ भिडियो भाइरल भएपछि युवाहरुले कमेन्टमा धेरै तारिफ गरेका थिए
kp oli le samsad maa boleko bhashan pachhi samarthak ra virodhi dubai thari mancheharubich thulo bahas suru bhayo,केपी ओलीले संसदमा बोलेको भाषणपछि समर्थक र विरोधी दुवैथरीमान्छेहरुबीच ठूलो बहस सुरु भयो
rabi lamichhanele sahakari kaanda ko aarop ko baaremaa spashtikaran didaa samachar channelharule dinbhari tyahi dekhaairahe,रवि लामिछानेले सहकारी काण्डको आरोपको बारेमा स्पष्टिकरण दिँदा समाचार च्यानलहरुले दिनभरि त्यही देखाइरहे
sher bahadur deuba le sarkaarle mahangi niyantran garna nasakeko bhanepachhi sansad maa halla bhayeko thiyo,शेरबहादुर देउवाले सरकारले महँगी नियन्त्रण गर्न नसकेको भनेपछि संसदमा हल्ला भएको थियो
prachandale purano gathabandhanko kura samjhaaudai aagami nirwachanmaa feri ekjut huna aahwan gare,प्रचण्डले पुरानो गठबन्धनको कुरा सम्झाउँदै आगामी निर्वाचनमा फेरि एकजुट हुन आह्वान गरे
madhav kumar nepal le yuwa harulai deshbhitrai rojgaar ko awasar srijana garna sarkaarlai dabaad diyeka chan,माधव कुमार नेपालले युवाहरुलाई देशभित्रै रोजगारीको अवसर सिर्जना गर्न सरकारलाई दबाब दिएका छन्
jhalanath khanalle rajnitimaa badhdai gaayeko bhrashtacharko biruddha kadak kaanun banaaunuparchha bhane,झलनाथ खनालले राजनीतिमा बढ्दै गएको भ्रष्टाचारको विरुद्ध कडा कानुन बनाउनुपर्छ भने
sudan gurungko interview herera dherai yuwa harule rajnitik pariwartanko aasha badheko comment gare,सुदन गुरुङको इन्टरभ्यु हेरेर धेरै युवाहरुले राजनीतिक परिवर्तनको आशा बढेको कमेन्ट गरे
balenle kathmanduko baato ra footpath safa garna thaalepachhi dherai mancheharule samarthan janaaye,बालेनले काठमाडौँको बाटो र फुटपाथ सफा गर्न थालेपछि धेरैमान्छेहरुले समर्थन जनाए
rabi lamichhane giraftaar hune halla failiepachhi social mediamaa hashtag trend huna thaaleko thiyo,रवि लामिछाने गिरफ्तार हुने हल्ला फैलिएकोपछि सोसल मिडियामा ह्यासट्याग ट्रेन्ड हुन थालेको थियो
kp oli ra prachandabichko purano sambandhako kura liyera samachar channelmaa bahas chali raheko thiyo,केपी ओली र प्रचण्डबीचको पुरानो सम्बन्धको कुरा लिएर समाचार च्यानलमा बहस चलिरहेको थियो
sher bahadur deuba le party bhitrai ektaa kaaayam garna netaharusang chhuttachhuttai bhetghaat gareka rahechan,शेरबहादुर देउवाले पार्टीभित्रै एकता कायम गर्न नेताहरूसँग छुट्टाछुट्टै भेटघाट गरेका रहेछन्
madhav kumar nepalko party chhodera aru dalmaa jaan sakne halla social mediamaa dherai failiyeko thiyo,माधव कुमार नेपालको पार्टी छोडेर अरु दलमा जान सक्ने हल्ला सोसल मिडियामा धेरै फैलिएको थियो
prachandale yuwa haruko bidesh palaayan roknu sarkaar ko thulo jimmedari ho bhanera bhashan diyeka thiye,प्रचण्डले युवा हरुको विदेश पलायन रोक्नु सरकारको ठूलो जिम्मेवारी हो भनेर भाषण दिएका थिए
balenko karyashaili manparaune ra namanparaune dubai thari mancheharule facebookmaa lamo bahas gare,बालेनको कार्यशैली मनपराउने र नमनपराउने दुवैथरीमान्छेहरुले फेसबुकमा लामो बहस गरे
rabi lamichhanele media swatantrata mathi dabaab badheko bhanera interviewmaa chinta byakta gare,रवि लामिछानेले मिडिया स्वतन्त्रतामाथि दबाब बढेको भनेर इन्टरभ्युमा चिन्ता व्यक्त गरे
kp oli le purano netaharule matra desh chalaauna nasakne bhanda yuwa netaharule pratikriya janaaye,केपी ओलीले पुराना नेताहरुलेमात्र देश चलाउन नसक्ने भन्दा युवा नेताहरुले प्रतिक्रिया जनाए
jhalanath khanalle parliament ma budgetko biniyojan nyaayapurna nabhayeko aarop lagaaye,झलनाथ खनालले पार्लियामेन्टमा बजेटको विनियोजन न्यायपूर्ण नभएको आरोप लगाए
sudan gurungle gaau gaau pugera yuwa harusang sidha kura garna thaalepachhi usko charcha badhyo,सुदन गुरुङले गाउँगाउँ पुगेर युवाहरूसँग सीधा कुरा गर्न थालेपछि उसको चर्चा बढ्यो
sher bahadur deuba ra kp oli bichko bhet pachhi naya rajnitik samikaran ko halla failina thaalyo,शेरबहादुर देउवा र केपी ओली बीचको भेटपछि नयाँ राजनीतिक समीकरणको हल्ला फैलिन थाल्यो
balenle kathmandu metropolitanmaa aniyamit nirman hatauna khojda dherai byapari risayeka thiye,बालेनले काठमाडौँ महानगरमा अनियमित निर्माण हटाउन खोज्दा धेरै व्यापारी रिसाएका थिए
rabi lamichhaneko samarthanmaa yuwa harule sadakmaa nara lagaudai rally nikaaleka thiye,रवि लामिछानेको समर्थनमा युवाहरुले सडकमा नारा लगाउँदै र्‍याली निकालेका थिए
prachandako bhashanmaa gareebi ra berojgaari ko kura badhi uthaaiepachhi darshakharule taali bajaaye,प्रचण्डको भाषणमा गरिबी र बेरोजगारीको कुरा बढी उठाइएपछि दर्शकहरुले ताली बजाए
madhav kumar nepal le purana netaharule aafno swartha matra herna chhodaunuparchha bhanera aalochana gare,माधव कुमार नेपालले पुराना नेताहरुले आफ्नो स्वार्थमात्र हेर्न छोड्नुपर्छ भनेर आलोचना गरे
kp oli le social mediamaa haaleko status pachhi virodhi partyka karyakartaharu le tika tippani gare,केपी ओलीले सोसल मिडियामा हालेको स्टाटसपछि विरोधी पार्टीका कार्यकर्ताहरुले टिकाटिप्पणी गरे
sher bahadur deuba ko swasthya baaremaa afwaah failiepachhi partyka netaharule spashtikaran dina pareko thiyo,शेरबहादुर देउवाको स्वास्थ्य बारेमा अफवाह फैलिएकोपछि पार्टीका नेताहरुले स्पष्टिकरण दिन परेको थियो
balen ra purana rajnitik netaharubichko tanabko kura liyera youtube bhari vlog banaauna thaaleka chan,बालेन र पुराना राजनीतिक नेताहरुबीचको तनावको कुरा लिएर युट्युबभरि भ्लग बनाउन थालेका छन्
rabi lamichhane le yuwa pidhilai rajnitimaa sakriya bhayera aagadi aauna aahwan gareka thiye,रवि लामिछानेले युवा पिँढीलाई राजनीतिमा सक्रिय भएर अगाडि आउन आह्वान गरेका थिए
jhalanath khanalle samvidhaan sanshodhanko mudda feri gahiro bahas ko bishaya bannu parchha bhane,झलनाथ खनालले संविधान संशोधनको मुद्दा फेरि गहिरो बहसको विषय बन्नुपर्छ भने
prachanda ra sher bahadur deuba bichko samjhauta tutna sakne halla le rajnitik bajar taataayeko thiyo,प्रचण्ड र शेरबहादुर देउवा बीचको सम्झौता टुट्न सक्ने हल्लाले राजनीतिक बजार ताताएको थियो
sudan gurungle live interviewmaa bhrashtachari netaharulai kaanuni karbaahi garnu parne kura jod diyera bole,सुदन गुरुङले लाइभ इन्टरभ्युमा भ्रष्टाचारी नेताहरुलाई कानुनी कारवाही गर्नुपर्ने कुरा जोड दिएर बोले
balenko teamle saharmaa fohor byawasthapan sudhaar garna naya yojana suru gareko chha,बालेनको टिमले सहरमा फोहोर व्यवस्थापन सुधार गर्न नयाँ योजना सुरु गरेको छ
kp oli le aafno bhashanmaa purano upalabdhiharuko yaad garaaudai partyka karyakartalai utsaahit banaaye,केपी ओलीले आफ्नो भाषणमा पुराना उपलब्धिहरुको याद गराउँदै पार्टीका कार्यकर्तालाई उत्साहित बनाए
rabi lamichhaneko naam jodiyeko mudda adalat maa pugda patrakar harule baahira bata live report gare,रवि लामिछानेको नाम जोडिएको मुद्दा अदालतमा पुग्दा पत्रकारहरुले बाहिरबाट लाइभ रिपोर्ट गरे
madhav kumar nepal le rajnitik asthirata le deshko arthatantramaa nakaratmak asar pareko bhane,माधव कुमार नेपालले राजनीतिक अस्थिरताले देशको अर्थतन्त्रमा नकारात्मक असर परेको भने
sher bahadur deuba le gaau kendrit bikas yojanamaa sarkaarle dhyaan dina nasakeko swikaar gare,शेरबहादुर देउवाले गाउँ केन्द्रित विकास योजनामा सरकारले ध्यान दिन नसकेको स्वीकार गरे
balenko samarthanmaa yuwa harule tiktokmaa geet ra slogan banaayera video haalna thaaleka thiye,बालेनको समर्थनमा युवाहरुले टिकटकमा गीत र स्लोगन बनाएर भिडियो हाल्न थालेका थिए
prachandale parliament ma boleko euta line social mediamaa meme banera dherai viral bhayo,प्रचण्डले पार्लियामेन्टमा बोलेको एउटा लाइन सोसल मिडियामा मिम बनेर धेरै भाइरल भयो
jhalanath khanalle deshmaa badhdai gaayeko yuwa palaayan roknu sabai partyko saajha jimmedari ho bhane,झलनाथ खनालले देशमा बढ्दै गएको युवा पलायन रोक्नु सबै पार्टीको साझा जिम्मेवारी हो भने
rabi lamichhane ko pakshamaa bolne ra biruddhamaa bolne dubai thari content creatorharu youtube maa dekhinthye,रवि लामिछानेको पक्षमा बोल्ने र विरुद्धमा बोल्ने दुवैथरी कन्टेन्ट क्रिएटरहरु युट्युबमा देखिन्थे
kp oli ra balenko tulana gardai social mediamaa dherai jana le generation gapko kura uthaayeka thiye,केपी ओली र बालेनको तुलना गर्दै सोसल मिडियामा धेरै जनाले जेनेरेसन ग्यापको कुरा उठाएका थिए
sher bahadur deuba le rajnitik sahamatibina deshmaa sthirata aauna nasakne bhanera jor diyeka thiye,शेरबहादुर देउवाले राजनीतिक सहमतिबिना देशमा स्थिरता आउन नसक्ने भनेर जोड दिएका थिए
madhav kumar nepalko bhashan sundaa purana communist andolanko yaad aaune bhanera budha netaharule guff gare,माधव कुमार नेपालको भाषण सुन्दा पुराना कम्युनिस्ट आन्दोलनको याद आउने भनेर बूढा नेताहरुले गफ गरे
balenle sarbajanik sthaanmaa jathabhaabi parking garneharulai karaaahi garna thaalepachhi dherai charcha bhayo,बालेनले सार्वजनिक स्थानमा जथाभावी पार्किङ गर्नेहरुलाई कारवाही गर्न थालेपछि धेरै चर्चा भयो
prachandako rallymaa yuwa harule jhanda bokera geet gaudai sahabhagita janaayeka thiye,प्रचण्डको र्‍यालीमा युवाहरुले झण्डा बोकेर गीत गाउँदै सहभागिता जनाएका थिए
rabi lamichhanele social mediamaa live aaera aafumathi lagaayeka aaropko jawaaf diyeka thiye,रवि लामिछानेले सोसल मिडियामा लाइभ आएर आफूमाथि लगाएका आरोपको जवाफ दिएका थिए
sudan gurung ko naya rajnitik abhiyanmaa gaauka yuwa harule utsaahpoorwak sahabhagita janaaye,सुदन गुरुङको नयाँ राजनीतिक अभियानमा गाउँका युवाहरुले उत्साहपूर्वक सहभागिता जनाए
kp oli le parliament ma virodhi dal mathi kadak prahaar garepachhi sadanmaa halla machiyeko thiyo,केपी ओलीले पार्लियामेन्टमा विरोधी दलमाथि कडा प्रहार गरेपछि सदनमा हल्ला मच्चिएको थियो
balenko karyalaya baahira sevagraahiharu line basera samasya sunauna kureka dekhinthye,बालेनको कार्यालय बाहिर सेवाग्राहीहरु लाइन बसेर समस्या सुनाउन कुरेका देखिन्थे
sher bahadur deuba ra prachanda bich feri naya gathabandhan bannasakne charcha rajnitik vrttamaa chaliraheko chha,शेरबहादुर देउवा र प्रचण्ड बीच फेरि नयाँ गठबन्धन बन्नसक्ने चर्चा राजनीतिक वृत्तमा चलिरहेको छ
ban ma ghumda dherai prakar ko chhararukh ra jangali jiwajantu haru dekhna paunchha ra prakriti ko sundarta ko anubhav hunchha,बनमा घुम्दा धेरै प्रकार को छहरा रूख र जंगली जीवजन्तु हरू देख्न पाउँछ र प्रकृति को सुन्दरता को अनुभव हुन्छ
hamro desh ma dherai rastrabiyaban ra abhyaran chhan jaha dherai mulyawan prajati ko jiwajantu ra vanaspati surakshit chhan,हाम्रो देशमा धेरै राष्ट्रिय बन र अभयारण छन् जहाँ धेरै मूल्यवान प्रजाति को जीवजन्तु र वनस्पति सुरक्षित छन्
sagarmatha rastrabiyaban ma himchituwa red panda ra dherai prakar ko chara haru basobas garchhan ra yo ek pramukh paryatan kshetra ho,सगरमाथा राष्ट्रिय बनमा हिमचितुवा रेड पान्डा र धेरै प्रकार को चरा हरू बसोबास गर्छन् र यो एक प्रमुख पर्यटन क्षेत्र हो
jangal ma ghumda kahile kahile banar haru le khana khojda manxisanga takkar huna sakchha ra savadhan hunu parchha,जंगलमा घुम्दा कहिले काहिले बनर हरूले खाना खोज्दामानिस सँग टक्कर हुन सक्छ र सावधान हुनु पर्छ
bardiyaban ma ek singhe gaida ra bagh haru dekhna paunchha tara uniharu lai disturb nagarnu ramro hunchha,बर्दिया बनमा एक सिङ्घे गैंडा र बाघ हरू देख्न पाउँछ तर उनीहरू लाई डिस्टर्ब नगर्नु राम्रो हुन्छ
ban ko kshetra ghatda jangali jiwajantu haru ko basobas ko sthan kam hunchha ra uniharu ko jivan khatra ma parna sakchha,बन को क्षेत्र घट्दा जंगली जीवजन्तु हरू को बसोबास को स्थान कम हुन्छ र उनीहरू को जीवन खतरामा पर्न सक्छ
hamile ban bachauna ra vanaspati ko samrakshana garna dherai mehenat garnu parchha natra bhavishya ma samasya huna sakchha,हामीले बन बचाउन र वनस्पति को संरक्षण गर्न धेरै मेहेनत गर्नु पर्छ नत्र भविष्यमा समस्या हुन सक्छ
jangal ma dherai prakar ko aushadhi vanaspati paunchhan jaha bata dherai roga ko upachaar garna sakincha,जंगलमा धेरै प्रकार को औषधि वनस्पति पाउँछन् जहाँ बाट धेरै रोग को उपचार गर्न सकिन्छ
ban ma ghumda maile dherai sundar phool haru dekhchu ra uniharu ko rang ra sugandh le man ramailo hunchha,बनमा घुम्दा मैले धेरै सुन्दर फूल हरू देख्छु र उनीहरू को रंग र सुगन्धले मन रमाइलो हुन्छ
chitwan ban ma gaida bagh harin ra dherai prakar ko chara haru dekhna paunchha ra yo ek pramukh paryatan gantabya ho,चितवन बनमा गैंडा बाघ हरिण र धेरै प्रकार को चरा हरू देख्न पाउँछ र यो एक प्रमुख पर्यटन गन्तव्य हो
jangali jiwajantu haru ko surakshako lagi sarkar le dherai niyam banayeko chha tara karyanwayan ma kamjori dekhincha,जंगली जीवजन्तु हरू को सुरक्षा को लागि सरकारले धेरै नियम बनाएको छ तर कार्यन्वयनमा कमजोरी देखिन्छ
ban ko aandolan ma bhaag linu bhane prakriti premiko lai dherai jaankaari milne chha ra samaj ma jagrukta badhcha,बन को आन्दोलनमा भाग लिनु भयो भने प्रकृति प्रेमिको लाई धेरै जानकारी मिल्ने छ र समाजमा जागृकता बढ्छ
hamro gaun ko ban ma dherai prakar ko rukh jastai sal chilaune uttis ra devdar paunchhan,हाम्रो गाउँ को बनमा धेरै प्रकार को रूख जस्तै साल चिलाउने उत्तिस र देवदार पाउँछन्
jangal ma ghumda kahile kahile saap haru dekhinchan tara uniharu le manxis lai attack garna chahanchhannan,जंगलमा घुम्दा कहिले काहिले साँप हरू देखिन्छन् तर उनीहरूलेमानिस लाई अट्याक गर्न चाहन्छैनन्
ban bachauna ko lagi hamile rukh ropnu parchha ra jangali jiwajantu haru lai uniharu ko basobas ko sthan dina parchha,बन बचाउन को लागि हामीले रूख रोप्नु पर्छ र जंगली जीवजन्तु हरू लाई उनीहरू को बसोबास को स्थान दिन पर्छ
himanchal ko kshetra ma dherai prakar ko jangali phool ra vanaspati paunchhan jaha bata dherai aushadhi gun haru prapta hunchhan,हिमञ्चल को क्षेत्रमा धेरै प्रकार को जंगली फूल र वनस्पति पाउँछन् जहाँ बाट धेरै औषधि गुण हरू प्राप्त हुन्छन्
jangali jiwajantu haru ko sankhya ghatda prakriti ko santulan bigrincha ra yo hamro sabai ko lagi chinta ko bishay ho,जंगली जीवजन्तु हरू को संख्या घट्दा प्रकृति को सन्तुलन बिग्रिन्छ र यो हाम्रो सबै को लागि चिन्ता को बिषय हो
ban ma ghumda maile dherai prakar ko chara ko awaj sunchu ra yo awaj le man lai shant garchha,बनमा घुम्दा मैले धेरै प्रकार को चरा को आवाज सुन्छु र यो आवाजले मन लाई शान्त गर्छ
sarkar le ban ko kshetra badhauna ra jangali jiwajantu ko surakshako lagi dherai karyakram chalaeko chha,सरकारले बन को क्षेत्र बढाउन र जंगली जीवजन्तु को सुरक्षा को लागि धेरै कार्यक्रम चलाएको छ
jangal ma dherai prakar ko keera patanga haru paunchhan jaha le prakriti ko paristhitiki tantra ma mahatwapurna bhumika khelchhan,जंगलमा धेरै प्रकार को कीरा पतंगा हरू पाउँछन् जहाँले प्रकृति को पारिस्थितिकी तन्त्रमा महत्वपूर्ण भूमिका खेल्छन्
hamile jangali jiwajantu haru lai maarna ra uniharu ko ang haru bechna band garnu parchha natra uniharu lop huna sakchhan,हामीले जंगली जीवजन्तु हरू लाईमार्न र उनीहरू को अंग हरू बेच्न बन्द गर्नु पर्छ नत्र उनीहरू लोप हुन सक्छन्
ban ko aandolan ma bhaag linu bhane prakriti premiko lai dherai jaankaari milne chha ra samaj ma jagrukta badhcha,बन को आन्दोलनमा भाग लिनु भयो भने प्रकृति प्रेमिको लाई धेरै जानकारी मिल्ने छ र समाजमा जागृकता बढ्छ
jangal ma ghumda maile dherai sundar jhar jhan haru dekhchu ra uniharu ko harayo rang le man ramailo hunchha,जंगलमा घुम्दा मैले धेरै सुन्दर झर झन हरू देख्छु र उनीहरू को हरियो रंगले मन रमाइलो हुन्छ
ban ma rukh katnu ra jangal nasht garna band garnu parchha natra bhavishya ma prakritik vipat auna sakchha,बनमा रूख काट्न र जंगल नष्ट गर्न बन्द गर्नु पर्छ नत्र भविष्यमा प्राकृतिक विपत आउन सक्छ
himanchal ko kshetra ma dherai prakar ko jangali jiwajantu jastai himchituwa snow leopard ra blue sheep paunchhan,हिमञ्चल को क्षेत्रमा धेरै प्रकार को जंगली जीवजन्तु जस्तै हिमचितुवा स्नोलेपर्ड र ब्ल्यू शीप पाउँछन्
jangali jiwajantu haru ko basobas ko sthan bachauna ra uniharu ko aahar ko vyavastha garna hamile mehenat garnu parchha,जंगली जीवजन्तु हरू को बसोबास को स्थान बचाउन र उनीहरू को आहार को व्यवस्था गर्न हामीले मेहेनत गर्नु पर्छ
ban ma ghumda maile dherai prakar ko vanaspati dekhchu jaha bata dherai aushadhi gun prapta huna sakchha,बनमा घुम्दा मैले धेरै प्रकार को वनस्पति देख्छु जहाँ बाट धेरै औषधि गुण प्राप्त हुन सक्छ
jangal ma dherai prakar ko chara haru basobas garchhan ra uniharu ko awaj le ban lai jiwanta banayeko hunchha,जंगलमा धेरै प्रकार को चरा हरू बसोबास गर्छन् र उनीहरू को आवाजले बन लाई जिबन्त बनाएको हुन्छ
hamile ban bachauna ra prakriti ko samrakshana garna dherai mehenat garnu parchha natra hamro bhavishya khatra ma parna sakchha,हामीले बन बचाउन र प्रकृति को संरक्षण गर्न धेरै मेहेनत गर्नु पर्छ नत्र हाम्रो भविष्य खतरामा पर्न सक्छ
jangali jiwajantu haru ko sankhya badhauna ra uniharu ko surakshako lagi sarkar le dherai karyakram chalaeko chha,जंगली जीवजन्तु हरू को संख्या बढाउन र उनीहरू को सुरक्षा को लागि सरकारले धेरै कार्यक्रम चलाएको छ
ban ma ghumda maile dherai sundar phool haru dekhchu ra uniharu ko rang ra sugandh le man ramailo hunchha,बनमा घुम्दा मैले धेरै सुन्दर फूल हरू देख्छु र उनीहरू को रंग र सुगन्धले मन रमाइलो हुन्छ
jangal ma dherai prakar ko keera patanga haru paunchhan jaha le prakriti ko paristhitiki tantra ma mahatwapurna bhumika khelchhan,जंगलमा धेरै प्रकार को कीरा पतंगा हरू पाउँछन् जहाँले प्रकृति को पारिस्थितिकी तन्त्रमा महत्वपूर्ण भूमिका खेल्छन्
hamile jangali jiwajantu haru lai maarna ra uniharu ko ang haru bechna band garnu parchha natra uniharu lop huna sakchhan,हामीले जंगली जीवजन्तु हरू लाईमार्न र उनीहरू को अंग हरू बेच्न बन्द गर्नु पर्छ नत्र उनीहरू लोप हुन सक्छन्
ban ko aandolan ma bhaag linu bhayo bhane prakriti premiko lai dherai jaankaari milne chha ra samaj ma jagrukta badhcha,बन को आन्दोलनमा भाग लिनु भयो भने प्रकृति प्रेमिको लाई धेरै जानकारी मिल्ने छ र समाजमा जागृकता बढ्छ
jangal ma ghumda maile dherai sundar jhar jhan haru dekhchu ra uniharu ko harayo rang le man ramailo hunchha,जंगलमा घुम्दा मैले धेरै सुन्दर झर झन हरू देख्छु र उनीहरू को हरियो रंगले मन रमाइलो हुन्छ
ban ma rukh katnu ra jangal nasht garna band garnu parchha natra bhavishya ma prakritik vipat auna sakchha,बनमा रूख काट्न र जंगल नष्ट गर्न बन्द गर्नु पर्छ नत्र भविष्यमा प्राकृतिक विपत आउन सक्छ
himanchal ko kshetra ma dherai prakar ko jangali jiwajantu jastai himchituwa snow leopard ra blue sheep paunchhan,हिमञ्चल को क्षेत्रमा धेरै प्रकार को जंगली जीवजन्तु जस्तै हिमचितुवा स्नोलेपर्ड र ब्ल्यू शीप पाउँछन्
jangali jiwajantu haru ko basobas ko sthan bachauna ra uniharu ko aahar ko vyavastha garna hamile mehenat garnu parchha,जंगली जीवजन्तु हरू को बसोबास को स्थान बचाउन र उनीहरू को आहार को व्यवस्था गर्न हामीले मेहेनत गर्नु पर्छ
ban ma ghumda maile dherai prakar ko vanaspati dekhchu jaha bata dherai aushadhi gun prapta huna sakchha,बनमा घुम्दा मैले धेरै प्रकार को वनस्पति देख्छु जहाँ बाट धेरै औषधि गुण प्राप्त हुन सक्छ
jangal ma dherai prakar ko chara haru basobas garchhan ra uniharu ko awaj le ban lai jiwanta banayeko hunchha,जंगलमा धेरै प्रकार को चरा हरू बसोबास गर्छन् र उनीहरू को आवाजले बन लाई जिबन्त बनाएको हुन्छ
hamile ban bachauna ra prakriti ko samrakshana garna dherai mehenat garnu parchha natra hamro bhavishya khatra ma parna sakchha,हामीले बन बचाउन र प्रकृति को संरक्षण गर्न धेरै मेहेनत गर्नु पर्छ नत्र हाम्रो भविष्य खतरामा पर्न सक्छ
jangali jiwajantu haru ko sankhya badhauna ra uniharu ko surakshako lagi sarkar le dherai karyakram chalaeko chha,जंगली जीवजन्तु हरू को संख्या बढाउन र उनीहरू को सुरक्षा को लागि सरकारले धेरै कार्यक्रम चलाएको छ
ban ma ghumda maile dherai sundar phool haru dekhchu ra uniharu ko rang ra sugandh le man ramailo hunchha,बनमा घुम्दा मैले धेरै सुन्दर फूल हरू देख्छु र उनीहरू को रंग र सुगन्धले मन रमाइलो हुन्छ
jangal ma dherai prakar ko keera patanga haru paunchhan jaha le prakriti ko paristhitiki tantra ma mahatwapurna bhumika khelchhan,जंगलमा धेरै प्रकार को कीरा पतंगा हरू पाउँछन् जहाँले प्रकृति को पारिस्थितिकी तन्त्रमा महत्वपूर्ण भूमिका खेल्छन्
hamile jangali jiwajantu haru lai maarna ra uniharu ko ang haru bechna band garnu parchha natra uniharu lop huna sakchhan,हामीले जंगली जीवजन्तु हरू लाईमार्न र उनीहरू को अंग हरू बेच्न बन्द गर्नु पर्छ नत्र उनीहरू लोप हुन सक्छन्
ban ko aandolan ma bhaag linu bhayo bhane prakriti premiko lai dherai jaankaari milne chha ra samaj ma jagrukta badhcha,बन को आन्दोलनमा भाग लिनु भयो भने प्रकृति प्रेमिको लाई धेरै जानकारी मिल्ने छ र समाजमा जागृकता बढ्छ
jangal ma ghumda maile dherai sundar jhar jhan haru dekhchu ra uniharu ko harayo rang le man ramailo hunchha,जंगलमा घुम्दा मैले धेरै सुन्दर झर झन हरू देख्छु र उनीहरू को हरियो रंगले मन रमाइलो हुन्छ
ban ma rukh katnu ra jangal nasht garna band garnu parchha natra bhavishya ma prakritik vipat auna sakchha,बनमा रूख काट्न र जंगल नष्ट गर्न बन्द गर्नु पर्छ नत्र भविष्यमा प्राकृतिक विपत आउन सक्छ
himanchal ko kshetra ma dherai prakar ko jangali jiwajantu jastai himchituwa snow leopard ra blue sheep paunchhan,हिमञ्चल को क्षेत्रमा धेरै प्रकार को जंगली जीवजन्तु जस्तै हिमचितुवा स्नोलेपर्ड र ब्ल्यू शीप पाउँछन्
jangali jiwajantu haru ko basobas ko sthan bachauna ra uniharu ko aahar ko vyavastha garna hamile mehenat garnu parchha,जंगली जीवजन्तु हरू को बसोबास को स्थान बचाउन र उनीहरू को आहार को व्यवस्था गर्न हामीले मेहेनत गर्नु पर्छ
ban jangal ka rakshyak le pashu haruko chori garne lai rangahath samatyo,बन जङ्गल का रक्ष्यकले पशु हरुको चोरी गर्ने लाई रङ्गाहात समात्यो
ghana jhadi bhitra euta badar le aaphno baccha lai dopahar ma khwai raheko thiyo,घना झाडी भित्र एउटा बादरले आफ्नो बच्चा लाई दोपहर म ख्वाइ रहेको थियो
mero ghar najikai ko sal ko rukh ma euta dhanesh chara le gund banayeko rahechha,मेरो घर नजिकै को साल को रुखमा एउटा धनेश चराले गुँड बनाएको रहेछ
barsaat pachi ko jangal ma thula thula chyau palayeka dekhera mannai dami bhayo,बर्सात पछि को जङ्गलमा ठुला ठुला च्याउ पलाएका देखेर मन्नै दामी भयो
hijo hami ghumna gayo tyo samrakshyetr maa euta gauri gai le hamlai dekhera bhagyo,हिजो हामी घुम्न गयो त्यो संरक्षित क्षेत्रमा एउटा गौरी गाईले हाम्लाई देखेर भाग्यो
yo rukh ko jara maa euta bhyaguto basirahechha usko aawaj raati bhari suninchha,यो रुख को जरामा एउटा भ्यागुतो बसिरहेछ उस्को आवाज राती भरि सुनिन्छ
chitwan national park ma jeep safar garda badel ko paribar lai herera sabai dang pare,चितवन नेशनल पार्कमा जीप सफारी गर्दा बदेल को परिवार लाई हेरेर सबै दङ्ग परे
pahaad ko bhir maa ghoral haru ufridai chandai mathi pugeko drishya sanai man chhoyo,पहाड को भीरमा घोरल हरु उफ्रिदै चन्डैमाथि पुगेको दृश्य सानै मन छोयो
kataibaata euta biralo aayo ra mero bagaincha ko phool sabai kichkyo,कतैबाट एउटा बिरालो आयो र मेरो बगैँचा को फूल सबै किच्क्यो
maile hijo ban bata euta sundar mayur ko pwankh uthayera ghar ma sajaaye,मैले हिजो बन बाट एउटा सुन्दर मयूर को प्वाँख उठाएर घरमा सजाए
ghoda chadna jaada usle mero kaan maa fisfis garera ghoda lai rokyo,घोडा चढ्न जाँदा उस्ले मेरो कानमा फिस्फिस गरेर घोडा लाई रोक्यो
aaja bihaana ghar ko aagan ma euta sano kharayo aayera gajar khaadai thiyo,आज बिहान घर को आँगनमा एउटा सानो खरायो आएर गाजर खाँदै थियो
tyo sukaeko rukh ko haanga ma baiseko chara le mitho geet gaauna suru garyo,त्यो सुकाएको रुख को हाँगामा बैसेको चराले मिठो गीत गाउन सुरु गर्यो
maachha marna jaada khola ko dil ma euta ajingar ko baccha dekhya,माछामार्न जाँदा खोला को दिलमा एउटा अजिङ्गर को बच्चा देख्या
pashu haru lai maya garne manchhe le ta jangal bachaaun abhiyan nai chalaune rahechha,पशु हरु लाईमाया गर्नेमान्छेले त जङ्गल बचाउन अभियान नै चलाउने रहेछ
hamile aaja aaphno ghar ma euta sano bot maa aamp fuliraheko dekhya,हामीले आज आफ्नो घरमा एउटा सानो बोटमा आँप फुलिरहेको देख्या
gai ko baccha ghumsera bhitra gayera paani kaa mukh halyo ra ma dang parera herirahe,गाई को बच्चा घुम्सेर भित्र गएर पानी का मुख हाल्यो र म दङ्ग परेर हेरिरहे
sikari le ban ma khargosh khojda usko kukur le euta odhaar bhitra psina khojyo,सिकारीले बनमा खरगोश खोज्दा उस्को कुकुरले एउटा ओढार भित्र पसिन खोज्यो
malai ta tesari haatti ko baccha le dhaan khaandai gareko herna man lagchha,मलाई त तेसरी हात्ती को बच्चाले धान खाँदै गरेको हेर्न मन लाग्छ
barsha ko mausam ma yahan hasna hasna odaal fulchha jangal bhari rang birangi hunchha,बर्षा को मौसममा यहाँ हस्न हस्न ओडाल फुल्छ जङ्गल भरि रङ बिरङ्गी हुन्छ
ma ta aaja bihana nai tyo salik ko phool tipna gayeko tara bato maa bhaalu dekhera farke,म त आज बिहान नै त्यो सलिक को फूल टिप्न गएको तर बाटोमा भालु देखेर फर्के
jungle safari ma gainda ko baccha dekhda sabai le mobile nikale aawaj nai bhayo,जङ्गल सफारीमा गैंडा को बच्चा देख्दा सबैले मोबाइल निकाले आवाज नै भयो
ban biralo lai dekhera mero kukur bhyau bhyau gardai daudyo ra hamle samatna sakena,बन बिरालो लाई देखेर मेरो कुकुर भ्याउ भ्याउ गर्दै दौड्यो र हाम्ले समात्न सकेन
tyo purano barako rukh maa euta lato koseli latkera sukiraheko dekhya,त्यो पुरानो बरको रुखमा एउटा लाटो कोसेली लट्केर सुइरहेको देख्या
maile khet maa kaam garda euta sano chhuchundro le mero khutta maa biteko thiyo,मैले खेतमा काम गर्दा एउटा सानो छुछुन्द्रोले मेरो खुट्टामा बिटेको थियो
phool ko bot maa paani halda tyo kaalo bhamaro fatafata audai gayo,फूल को बोटमा पानी हाल्दा त्यो कालो भमरो फटाफट आउँदै गयो
barsha suru huna agadi nai jangal maa suka pat ghaas bhariyo ra pashu haru bhokai,बर्षा सुरु हुन अगाडि नै जङ्गलमाा सुका पात घाँस भरियो र पशु हरु भोकै
unle chiso khola ko paani piudai jangal bhitra ko bato maa hiddai geet gaayo,उन्ले चिसो खोला को पानी पिउँदै जङ्गल भित्र को बाटोमा हिड्दै गीत गायो
aaja sabaibhanda thulo birami gai lai ausadhi khwauna gaau bhari kasailai jhyau bho,आज सबैभन्दा ठुलो बिरामी गाई लाई औषधी ख्वाउन गाउँ भरि कसैलाई झ्याउ भो
ma ta ghar ma basera tulsiko mait maa chiya pakaaudai chiya ko maja liyo,म त घरमा बसेर तुलसीको मैतमा चिया पकाउँदै चिया को मज्जा लियो
yo ban ko sundarta dekhda mann nai diwaana hunchha harek bot maa jivan chha,यो बन को सुन्दरता देख्दा मन्न नै दिवाना हुन्छ हरेक बोटमा जीवन छ
mero aagan maa euta dhursul le aafno ghar banaayo hamle aaraam le heryo,मेरो आँगनमा एउटा धुर्सुलले आफ्नो घर बनायो हाम्ले आरामले हेर्यो
pahad ko tuppo maa gurans fulda pura gau bhari rato bhayeko cha,पहाड को टुप्पोमा गुराँस फुल्दा पुरा गाउँ भरि रातो भएको छ
hijo tyo sanibar haami sabai miler ban bhoj maa gayau ra kafal tipyo,हिजो त्यो शनिबार हामी सबै मिलेर बन भोजमा गयौ र काफल टिप्यो
yo jharna ko paani kati chiso thiyo mukh dhunda ta jiu nai kapa kapa kaanpyo,यो झरना को पानी कति चिसो थियो मुख धुँदा त जीउ नै कप कप काँप्यो
usle euta giddha lai aakash ma ghumiraheko dekhera aashcharya manne isaara garyo,उस्ले एउटा गिद्ध लाई आकाशमा घुमिरहेको देखेर आश्चर्यमान्ने इसारा गर्यो
mero baau le ban bata niun ko daal kaatera lyau nu bhayo ra aaja aachar banaayo,मेरो बाउले बन बाट निउन को डाल काटेर ल्याउ नु भयो र आज अचार बनायो
ma ta bihana bihana bagaincha ma gayera makh malaai khuwaune phool herchhu,म त बिहान बिहान बगैँचामा गएर मख मलाई खुवाउने फूल हेर्छु
aajkal maudaha ka kurala haru yahan audainan paani ma fohor badhi gayo,आजकाल मौदहा का कुरला हरु यहाँ आउँदैनन् पानीमा फोहर बढी गयो
tyo kalo biralo le rukha maa chadera euta baccha chara lai jhapatta haanyo,त्यो कालो बिरालोले रुखमा चढेर एउटा बच्चा चरा लाई झपट्ट हान्यो
aama le bhannu bhayo ki gau khane kath le jangal bachau natra kathai paaudaina,आमाले भन्नु भयो कि गाउ खाने काठले जङ्गल बचाउ नत्र काठै पाउँदैन
jaba haawa chalcha yo sal ko rukh ko patti sulsulaayera mitho dhun bajauchha,जब हावा चल्छ यो साल को रुख को पत्ती सुलसुलाएर मिठो धुन बजाउँछ
mero saathi le ta makai bari maa bandel aaye pachi raati bhari jaagaran basyo,मेरो साथीले त मकै बारीमा बँदेल आए पछि राती भरि जागरण बस्यो
ma ta basai bhari naya naya pokhara tira jhalko herna jaada manche ra janawar sangai dekhyo,म त बसाइ भरि नयाँ नयाँ पोखरा तिर झल्को हेर्न जाँदामान्छे र जनावर सँगै देख्यो
pahad ko cheu maa hiu chituwa dekhna paauda manche haru ko bhid nai laagyo,पहाड को छेउमा हिउँ चितुवा देख्न पाउँदामान्छे हरु को भिड नै लाग्यो
mero ghar maa sutho paani ko dhaara chaina tyahi bhayara euta sano inar khanna lageko,मेरो घरमा सुथो पानी को धारा छैन त्यही भएर एउटा सानो इनार खन्न लागेको
aajkal ban bata khasshi chorni haru lai kasaile kehi bhandaina yestai chha niyam,आजकाल बन बाट खस्सी चोर्नी हरु लाई कसैले केही भन्दैन यस्तै छ नियम
hamile gaaun najik ko simsar maa saras ko jodi lai herera prasanna bhayau,हामीले गाउँ नजिक को सिमसारमा सारस को जोडी लाई हेरेर प्रसन्न भयौ
usle ta mero baari ko gilo maato maa euta palla kheda banaayo ra ma ta risaai,उस्ले त मेरो बारी को गिलोमाटोमा एउटा पल्ल खेडा बनायो र म त रिसाई
tyo kaath ko pull bata hidda muni khola maa euta raato gurgi gaai paani khadaithyo,त्यो काठ को पुल बाट हिँड्दा मुनि खोलामा एउटा रातो गुर्गी गाई पानी खाँदैथ्यो
mero bhai le euta biralo ko baccha lai bato bata uthayera ghar lyayo,मेरो भाइले एउटा बिरालो को बच्चा लाई बाटो बाट उठाएर घर ल्यायो
junlai badhi haat bhako chha teslai pashu ra manchey sabai ko sahayog cha,जुनलाई बढी हात भाको छ तेस्लाई पशु रमान्छे सबै को सहयोग छ
ma bihaana chhito uthera aafno kaam sakauna lagchhu ra beluka samaya paayera parivaar sanga bethak garna man lagchha,म बिहान छिटो उठेर आफ्नो काम सकाउन लाग्छु र बेलुका समय पाएर परिवार सँग बैठक गर्न मन लाग्छ
timi le aaja school ma k padhyau ra kun subject ma ramro marks aayo bhanera sodhna man lagyo,तिमीले आज स्कूलमा के पढ्यौ र कुन विषयमा राम्रो मार्क्स आयो भनेर सोध्न मन लाग्यो
hami sabai jana milera aafno ghar ko chhano ghar banauna kaam suru gareka chhau ra dhilo chhaina puraa garna parchha,हामी सबै जना मिलेर आफ्नो घरको छानो घर बनाउन काम सुरु गरेका छौ र ढिलो छैन पूरा गर्न पर्छ
uniharule aaja bazaar jaada bazar ma bhid bhayeko thiyo ra sabai kura kirana pasalma guff garna thale,उनिहरूले आज बजार जादा बजारमा भीड भएको थियो र सबै कुरा किराना पसलमा गफ गर्न थाले
mero dost le instagram ma naya reel upload gareko thiyo ra tyo ma ramro comment aayera uslai khushi lagyo,मेरो दोस्तले इन्स्टाग्राममा नयाँ रील अपलोड गरेको थियो र त्योमा राम्रो कमेन्ट आएर उसलाई खुशी लाग्यो
aaja ko din ma traffic jam bhayeko le office pugna dherai deri bhayo ra manager le gussa gare,आजको दिनमा ट्राफिक जाम भएकोले अफिस पुग्न धेरै देरी भयो र म्यानेजरले गुस्सा गरे
nepal ma dashain ko bela sabai ghar ghar ma mitho khana pakaudai chhan ra parivaar sanga ramailo hunchha,नेपालमा दशैंको बेला सबै घर घरमा मिठो खाना पकाउँदै छन् र परिवार सँग रमाइलो हुन्छ
timi le aaja k khana khayau ra kasto swaad thiyo bhanera malai batauna sakchhau ki sakdainau,तिमीले आज के खाना खायौ र कस्तो स्वाद थियो भनेर मलाई बताउन सक्छौ कि सक्दैनौ
hamro gaun ma naya school khulne bhayo ra tyaha padhna jaana chaahane bacchaharu dherai utshahit chhan,हाम्रो गाउँमा नयाँ स्कूल खुल्ने भयो र त्यहाँ पढ्न जान चाहने बच्चाहरू धेरै उत्साहित छन्
aaja ko mausam dherai ramro cha ra bahira ghumna jaane soch ma chu tara kaam le garda jaana sakina,आजको मौसम धेरै राम्रो छ र बाहिर घुम्न जाने सोचमा छु तर कामले गर्दा जान सकिन
online class ma teacher le dherai ramro tarika le padhaunuhuncha tara internet slow bhayeko le samasya hunchha,अनलाइन क्लासमा टीचरले धेरै राम्रो तरिकाले पढाउनुहुन्छ तर इन्टरनेट स्लो भएकोले समस्या हुन्छ
mero phone ko battery sakiyera aaja call garna sakina ra dherai jaruri kaam adkayo,मेरो फोनको ब्याट्री सकिएर आज कल गर्न सकिन र धेरै जरुरी काम अड्क्यो
timilai aaja kasto lagyo ra kun kura le man dukhyo bhanera malai batauna sakchhau ki sakdainau,तिमीलाई आज कस्तो लाग्यो र कुन कुराले मन दुख्यो भनेर मलाई बताउन सक्छौ कि सक्दैनौ
hami sabai jana milera aafno samaj ko lagi kuchh kaam garna chaahanchhau ra tyasa ko lagi yojana banaaudai chhau,हामी सबै जना मिलेर आफ्नो समाजको लागि केही काम गर्न चाहन्छौ र त्यसको लागि योजना बनाउँदै छौ
aaja ko din ma dherai jana le social media ma samachar heraucha ra tyasa bata guff suru hunchha,आजको दिनमा धेरै जनाले सोसल मिडियामा समाचार हेर्छन् र त्यसबाट गफ सुरु हुन्छ
mero bhai le aaja naya game khelna suru gareko cha ra tyasma uslai dherai man lagyo,मेरो भाइले आज नयाँ गेम खेल्न सुरु गरेको छ र त्यसमा उसलाई धेरै मन लाग्यो
hamro office ma aaja naya project suru bhayo ra sabai jana le milera kaam garna thaleka chhan,हाम्रो अफिसमा आज नयाँ प्रोजेक्ट सुरु भयो र सबै जनाले मिलेर काम गर्न थालेका छन्
timi le aaja kun kitaab padhyau ra tyasma kehi naya kura sikyaau ki sikyainau bhanera sodhna man lagyo,तिमीले आज कुन किताब पढ्यौ र त्यसमा केही नयाँ कुरा सिक्यौ कि सिक्यैनौ भनेर सोध्न मन लाग्यो
aaja ko din ma dherai jana le online shopping garna thaleka chhan ra tyasle bazaar ma asar paryo,आजको दिनमा धेरै जनाले अनलाइन शपिङ गर्न थालेका छन् र त्यसले बजारमा असर प¥यो
mero dost le aaja mero janmadin ma surprise party diyera malai dherai khushi lagyo ra dhanyabad dina man lagyo,मेरो दोस्तले आज मेरो जन्मदिनमा सर्प्राइज पार्टी दिएर मलाई धेरै खुशी लाग्यो र धन्यवाद दिन मन लाग्यो
hami sabai jana milera aafno ghar ko aagan ma phool ropne kaam suru gareka chhau ra tyasle ramailo lagyo,हामी सबै जना मिलेर आफ्नो घरको आँगनमा फूल रोप्ने काम सुरु गरेका छौ र त्यसले रमाइलो लाग्यो
aaja ko mausam ma pani parne sambhawana cha ra tyasle bahira jaana man lagena tara ghar ma basera chai pina man lagyo,आजको मौसममा पानी पर्ने सम्भावना छ र त्यसले बाहिर जान मन लागेन तर घरमा बसेर चिया पिउन मन लाग्यो
timi le aaja kun movie herera kasto lagyo bhanera malai batauna sakchhau ki sakdainau ra tyasa ko review dina sakchhau,तिमीले आज कुन मुभी हेरेर कस्तो लाग्यो भनेर मलाई बताउन सक्छौ कि सक्दैनौ र त्यसको रिव्यु दिन सक्छौ
hamro school ma aaja sports day manaudai chhan ra sabai bacchaharu dherai utshahit bhayera khel ma hissa lina thaleka chhan,हाम्रो स्कूलमा आज स्पोर्ट्स डे मनाउँदै छन् र सबै बच्चाहरू धेरै उत्साहित भएर खेलमा हिस्सा लिन थालेका छन्
mero phone ma aaja naya update aayo ra tyasle phone dherai fast chalne bhayo ra malai ramailo lagyo,मेरो फोनमा आज नयाँ अपडेट आयो र त्यसले फोन धेरै फास्ट चल्ने भयो र मलाई रमाइलो लाग्यो
aaja ko din ma dherai jana le youtube ma naya video heraucha ra tyasa bata kuchh naya sikna sakinchha,आजको दिनमा धेरै जनाले युट्युबमा नयाँ भिडियो हेर्छन् र त्यसबाट केही नयाँ सिक्न सकिन्छ
timi le aaja kasto khana pakayau ra tyasa ko swaad kasto thiyo bhanera malai batauna sakchhau ki sakdainau,तिमीले आज कस्तो खाना पकायौ र त्यसको स्वाद कस्तो थियो भनेर मलाई बताउन सक्छौ कि सक्दैनौ
hami sabai jana milera aafno gaun ko safai abhiyan ma hissa lina thaleka chhau ra tyasle gaun ramailo bhayo,हामी सबै जना मिलेर आफ्नो गाउँको सफाई अभियानमा हिस्सा लिन थालेका छौ र त्यसले गाउँ रमाइलो भयो
aaja ko din ma dherai jana le bank ma paisa jamma garna jaanchhan ra tyasle line lambai hunchha,आजको दिनमा धेरै जनाले बैंकमा पैसा जम्मा गर्न जान्छन् र त्यसले लाइन लम्बाइ हुन्छ
mero dost le aaja mero lagi naya gift lyaayera aayo ra tyasle malai dherai khushi lagyo ra uslai dhanyabad diye,मेरो दोस्तले आज मेरो लागि नयाँ गिफ्ट लिएर आयो र त्यसले मलाई धेरै खुशी लाग्यो र उसलाई धन्यवाद दिए
hamro ghar ma aaja naya guest aayera aayo ra sabai jana le milera unalai swagat gareka chhau ra khana khana diye,हाम्रो घरमा आज नयाँ गेस्ट आएर आयो र सबै जनाले मिलेर उनलाई स्वागत गरेका छौ र खाना खान दिए
aaja ko din ma dherai jana le hospital ma jaanch garna jaanchhan ra tyasle doctor haru busy hunchhan,आजको दिनमा धेरै जनाले हस्पिटलमा जाँच गर्न जान्छन् र त्यसले डाक्टरहरू बजी हुन्छन्
timi le aaja kun song sunera kasto lagyo bhanera malai batauna sakchhau ki sakdainau ra tyasa ko lyrics sunauna sakchhau,तिमीले आज कुन सोङ सुनेर कस्तो लाग्यो भनेर मलाई बताउन सक्छौ कि सक्दैनौ र त्यसको लिरिक्स सुनाउन सक्छौ
hami sabai jana milera aafno parivaar sanga picnic ma jaane yojana banaaudai chhau ra tyasa ko lagi saman jamma garna thaleka chhau,हामी सबै जना मिलेर आफ्नो परिवार सँग पिकनिकमा जाने योजना बनाउँदै छौ र त्यसको लागि सामान जम्मा गर्न थालेका छौ
aaja ko din ma dherai jana le office ma meeting ma hissa linchhan ra tyasle naya naya idea aaudai chhan,आजको दिनमा धेरै जनाले अफिसमा मिटिङमा हिस्सा लिन्छन् र त्यसले नयाँ नयाँ आइडिया आउँदै छन्
mero phone ma aaja dherai notification aayera aayo ra tyasle malai phone check garna man lagyo ra samaya bitayo,मेरो फोनमा आज धेरै नोटिफिकेसन आएर आयो र त्यसले मलाई फोन चेक गर्न मन लाग्यो र समय बितायो
timi le aaja kun dress lagayau ra tyasa ma timilai kasto dekhinthyau bhanera malai batauna sakchhau ki sakdainau,तिमीले आज कुन ड्रेस लगायौ र त्यसमा तिमीलाई कस्तो देखिन्थ्यौ भनेर मलाई बताउन सक्छौ कि सक्दैनौ
hamro college ma aaja naya teacher aayera aayo ra unale hami lai dherai ramro tarika le padhauna thaleka chhan,हाम्रो कलेजमा आज नयाँ टीचर आएर आयो र उनले हामीलाई धेरै राम्रो तरिकाले पढाउन थालेका छन्
aaja ko din ma dherai jana le park ma ghumna jaanchhan ra tyasle park ma bheed hunchha ra ramailo hunchha,आजको दिनमा धेरै जनाले पार्कमा घुम्न जान्छन् र त्यसले पार्कमा भीड हुन्छ र रमाइलो हुन्छ
mero dost le aaja mero lagi naya recipe sikaayera aayo ra tyasle malai khana pakauda ramailo lagyo ra swaadilo bhayo,मेरो दोस्तले आज मेरो लागि नयाँ रेसिपी सिकाएर आयो र त्यसले मलाई खाना पकाउँदा रमाइलो लाग्यो र स्वादिलो भयो
hami sabai jana milera aafno ghar ko purano saman safai garna thaleka chhau ra tyasle ghar naya jasto dekhincha,हामी सबै जना मिलेर आफ्नो घरको पुरानो सामान सफा गर्न थालेका छौ र त्यसले घर नयाँ जस्तो देखिन्छ
aaja ko din ma dherai jana le library ma jaayera kitaab padhna thaleka chhan ra tyasle gyan badhcha,आजको दिनमा धेरै जनाले लाइब्रेरीमा गएर किताब पढ्न थालेका छन् र त्यसले ज्ञान बढ्छ
timi le aaja kun game khelyau ra tyasma timilai kasto experience bhayo bhanera malai batauna sakchhau ki sakdainau,तिमीले आज कुन गेम खेल्यौ र त्यसमा तिमीलाई कस्तो अनुभव भयो भनेर मलाई बताउन सक्छौ कि सक्दैनौ
hamro office ma aaja naya software install bhayo ra tyasle kaam garna sajilo bhayo ra samaya bachyo,हाम्रो अफिसमा आज नयाँ सफ्टवेयर इन्स्टल भयो र त्यसले काम गर्न सजिलो भयो र समय बच्यो
aaja ko din ma dherai jana le gym ma jaayera exercise garna thaleka chhan ra tyasle swasthya ramro hunchha,आजको दिनमा धेरै जनाले जिममा गएर एक्सरसाइज गर्न थालेका छन् र त्यसले स्वास्थ्य राम्रो हुन्छ
mero dost le aaja mero lagi naya book recommend gareko cha ra tyasle malai padhna man lagyo ra order gare,मेरो दोस्तले आज मेरो लागि नयाँ बुक रेकमेन्ड गरेको छ र त्यसले मलाई पढ्न मन लाग्यो र अर्डर गरेँ
hami sabai jana milera aafno samaj ko lagi naya project suru garna chaahanchhau ra tyasa ko lagi fund jamma garna thaleka chhau,हामी सबै जना मिलेर आफ्नो समाजको लागि नयाँ प्रोजेक्ट सुरु गर्न चाहन्छौ र त्यसको लागि फन्ड जम्मा गर्न थालेका छौ
aaja ko din ma dherai jana le market ma jaayera naya saman kinna thaleka chhan ra tyasle market ma ramailo hunchha,आजको दिनमा धेरै जनाले मार्केटमा गएर नयाँ सामान किन्न थालेका छन् र त्यसले मार्केटमा रमाइलो हुन्छ
timi le aaja kun place ma ghumna gayau ra tyaha k k dekhyaau bhanera malai batauna sakchhau ki sakdainau,तिमीले आज कुन प्लेसमा घुम्न गयौ र त्यहाँ के के देख्यौ भनेर मलाई बताउन सक्छौ कि सक्दैनौ
hamro ghar ma aaja naya pet animal lyaayera aayo ra sabai jana le usalai pyaar garna thaleka chhan ra ramailo lagyo,हाम्रो घरमा आज नयाँ पेट एनिमल लिएर आयो र सबै जनाले उसलाई प्यार गर्न थालेका छन् र रमाइलो लाग्यो
rajesh hamal le abhinay gareko film haru ma prem pinda ra dharma sankat dherai hit bhaye ra unko acting style le dherai yuva lai prabhavit gareko chha,राजेश हमाल ले अभिनय गरेको फिल्म हरू मा प्रेम पिण्ड र धर्म संकट धेरै हिट भए र उनको एक्टिंग स्टाइल ले धेरै युवा लाई प्रभावित गरेको छ
dayahang rai le kabaddi series ma dekhayeko abhinay ekdam realistic ra prabhavshali thiyo ra unko dialogue delivery le sabai lai hasaune ra rulaune garchha,दयाहाङ राइ ले कबड्डी सीरीज मा देखाएको अभिनय एकदम रियलिस्टिक र प्रभावशाली थियो र उनको डायलग डेलिवरी ले सबै लाई हसाउने र रुलाउने गर्छ
samragyee shah le nai nabhannu la ma dekhayeko abhinay le un lai nepali film industry ma ek pramukh nayika ko rup ma sthapit garyo,सम्राज्ञी शाह ले नै नभन्नु ल मा देखाएको अभिनय ले उन लाई नेपाली फिल्म इन्डस्ट्री मा एक प्रमुख नायिका को रूप मा स्थापित गर्यो
nepali geet haru ma narayan gopal ko awaj ajha samma sabai ko man ma basirahanchha ra unko geet haru sada bahal rahanechhan,नेपाली गीत हरू मा नारायण गोपाल को आवाज अझ सम्म सबै को मन मा बसिरहन्छ र उनको गीत हरू सदा बहाल रहनेछन्
aruna lama ko geet haru ma prem ra biraha ko bhavana ekdam gahiro rup ma prastut hunchha ra sunne ko man chhunchha,अरुणा लामा को गीत हरू मा प्रेम र विरह को भावना एकदम गहिरो रूप मा प्रस्तुत हुन्छ र सुन्ने को मन छुन्छ
yo barsa ko dashain ma release bhayeko nepali film le box office ma dherai kamai garyo ra sabai le pasand gare,यो वर्ष को दशैं मा रिलीज भएको नेपाली फिल्म ले बक्स अफिस मा धेरै कमाई गर्यो र सबै ले पसन्द गरे
mela ma gauneko yo geet sunera mero man ma purano din ko yaad aayo ra aankha ma aansu aaun lagyo,मेल मा गाउनेको यो गीत सुनेर मेरो मन मा पुरानो दिन को याद आयो र आँखा मा आँसु आउन लाग्यो
nepali film industry ma abhineta haru le dherai mehenat garera pani dherai paise kamauna sakdainan jasto lagchha malai,नेपाली फिल्म इन्डस्ट्री मा अभिनेता हरू ले धेरै मेहेनत गरेर पनि धेरै पैसा कमाउन सक्दैनन् जस्तो लाग्छ मलाई
rajesh payal ra anju panta le gayeko duet geet haru ajha samma radio ma bajne garchhan ra man ramailo hunchha,राजेश पायल र अञ्जु पन्ता ले गाएको डुएट गीत हरू अझ सम्म रेडियो मा बज्ने गर्छन् र मन रमाइलो हुन्छ
kabaddi kabaddi film ko story le samaj ma bhayeko samasya lai ekdam ramro tariqa le dekhayeko thiyo ra sabai le pasand gare,कबड्डी कबड्डी फिल्म को स्टोरी ले समाज मा भएको समस्या लाई एकदम राम्रो तरिका ले देखाएको थियो र सबै ले पसन्द गरे
nepali music industry ma naya naya singer haru aaudai chhan tara uniharu lai sthapit huna ali samaya lagnasakchha jasto chha,नेपाली म्युजिक इन्डस्ट्री मा नयाँ नयाँ सिंगर हरू आउँदै छन् तर उनीहरू लाई स्थापित हुन अलि समय लाग्नसक्छ जस्तो छ
prem geet haru ma prakash saput ko composition ra lyrics ekdam sundar hunchhan ra sunne ko man ma prem ko bhavana jagaaunchhan,प्रेम गीत हरू मा प्रकाश सपुत को कम्पोजिसन र लिरिक्स एकदम सुन्दर हुन्छन् र सुन्ने को मन मा प्रेम को भावना जगाउँछन्
nepali film haru ma comedy scene haru dherai important hunchhan ra yo scene haru le audience lai hasaune ra film lai hit banaune garchhan,नेपाली फिल्म हरू मा कमेडी सीन हरू धेरै इम्पोर्टेन्ट हुन्छन् र यो सीन हरू ले अडियन्स लाई हसाउने र फिल्म लाई हिट बनाउने गर्छन्
deepa shree niraula le nirdeshan gareko film haru ma parivarik bhavana ra samajik sandesh dherai ramro tariqa le prastut hunchha,दीपा श्री निरौला ले निर्देशन गरेको फिल्म हरू मा पारिवारिक भावना र सामाजिक सन्देश धेरै राम्रो तरिका ले प्रस्तुत हुन्छ
nepali geet haru ko video ma dekhine location haru dherai sundar hunchhan ra yo le nepal ko tourism lai pani promote garna madat garchha,नेपाली गीत हरू को भिडियो मा देखिने लोकेशन हरू धेरै सुन्दर हुन्छन् र यो ले नेपाल को टुरिजम लाई पनि प्रमोट गर्न मद्दत गर्छ
bipin karki le abhinay gareko film haru ma unko natural acting style le sabai lai akarsit garchha ra unko dialogue delivery ekdam perfect hunchha,बिपिन कार्की ले अभिनय गरेको फिल्म हरू मा उनको न्याचुरल एक्टिंग स्टाइल ले सबै लाई आकर्षित गर्छ र उनको डायलग डेलिवरी एकदम परफेक्ट हुन्छ
nepali music awards ma dherai prakar ko category haru hunchhan ra best singer best composer best lyrics ko lagi puraskar pradan garinchha,नेपाली म्युजिक अवार्ड्स मा धेरै प्रकार को क्याटेगरी हरू हुन्छन् र बेस्ट सिंगर बेस्ट कम्पोजर बेस्ट लिरिक्स को लागि पुरस्कार प्रदान गरिन्छ
film ko success ma director producer actor actress sabai ko yogdan mahatwapurna hunchha ra ek jana ko kamjori le pura film lai asar purna sakchha,फिल्म को सक्सेस मा डाइरेक्टर प्रोड्युसर एक्टर एक्ट्रेस सबै को योगदान महत्वपूर्ण हुन्छ र एक जना को कमजोरी ले पूरा फिल्म लाई असर पूर्ण सक्छ
nepali geet haru ma traditional baaja jastai madal bansuri sarangi ko prayog le geet lai ekdam authentic ra sundar banaunchha,नेपाली गीत हरू मा ट्रडिशनल बाजा जस्तै मादल बांसुरी सारंगी को प्रयोग ले गीत लाई एकदम अथेन्टिक र सुन्दर बनाउँछ
movie theater ma film hernu jaada popcorn ra cold drink khane ritual nepali yuva haru ma dherai popular bhayeko chha ra yo ek social activity jasto bhayeko chha,मुभी थिएटर मा फिल्म हेर्न जादा पपकर्न र कोल्ड ड्रिंक खाने रिचुअल नेपाली युवा हरू मा धेरै पपुलर भएको छ र यो एक सोसल एक्टिभिटी जस्तो भएको छ
nepali film industry ma female actor haru lai male actor bhanda kam opportunity milne ra kam payment hune samasya ajha samma rahayeko chha,नेपाली फिल्म इन्डस्ट्री मा फिमेल एक्टर हरू लाई मेल एक्टर भन्दा कम अपर्चुनिटी मिल्ने र कम पेमेन्ट हुने समस्या अझ सम्म रहएको छ
geet ko lyrics ma samajik parivartan ko sandesh dine ra yuva lai prerna dine kura haru le geet lai ekdam meaningful banaunchha,गीत को लिरिक्स मा सामाजिक परिवर्तन को सन्देश दिने र युवा लाई प्रेरणा दिने कुरा हरू ले गीत लाई एकदम मीनिंगफुल बनाउँछ
nepali film haru ko climax ma dherai jaso emotional scene haru hunchhan ra yo scene haru le audience lai rulaune ra film lai yaadgar banaune garchhan,नेपाली फिल्म हरू को क्लाइमेक्स मा धेरै जसो इमोशनल सीन हरू हुन्छन् र यो सीन हरू ले अडियन्स लाई रुलाउने र फिल्म लाई यादगार बनाउने गर्छन्
music video ma dekhine choreography ra costume design le geet ko popularity badhauna dherai madat garchha ra yo visual appeal le dherai view aaudai janchha,म्युजिक भिडियो मा देखिने कोरियोग्राफी र कस्ट्युम डिजाइन ले गीत को पपुलारिटी बढाउन धेरै मद्दत गर्छ र यो भिजुअल अपील ले धेरै भ्यु आउँदै जान्छ
nepali film industry ma naya naya talent haru aaudai chhan tara uniharu lai platform dina ra support garna sabai ko sahayog aavashyak chha,नेपाली फिल्म इन्डस्ट्री मा नयाँ नयाँ ट्यालेन्ट हरू आउँदै छन् तर उनीहरू लाई प्लेटफर्म दिन र सपोर्ट गर्न सबै को सहयोग आवश्यक छ
geet gaunda awaj ma sur ra taal ko sahi sangati huna parchha natra geet sunne ko man lagdaina ra popularity pani kam hunchha,गीत गाउँदा आवाज मा सुर र ताल को सही संगति हुनु पर्छ नत्र गीत सुन्ने को मन लाग्दैन र पपुलारिटी पनि कम हुन्छ
nepali film haru ma dekhine family drama haru le hamro samaj ma bhayeko parivarik samasya lai ekdam realistic rup ma dekhayeko hunchha,नेपाली फिल्म हरू मा देखिने फ्यामिली ड्रामा हरू ले हाम्रो समाज मा भएको पारिवारिक समस्या लाई एकदम रियलिस्टिक रूप मा देखाएको हुन्छ
music composer haru le naya naya experiment garera geet haru lai modern ra traditional ko mishran banauna sakchhan ra yo le dherai prakar ko audience lai akarsit garchha,म्युजिक कम्पोजर हरू ले नयाँ नयाँ एक्सपेरिमेन्ट गरेर गीत हरू लाई मोडर्न र ट्रडिशनल को मिश्रण बनाउन सक्छन् र यो ले धेरै प्रकार को अडियन्स लाई आकर्षित गर्छ
film ko script le story lai kasto tariqa le present garchha bhannema film ko success nirbhar garchha ra ekdam well-written script huna parchha,फिल्म को स्क्रिप्ट ले स्टोरी लाई कस्तो तरिका ले प्रेजेन्ट गर्छ भन्नेमा फिल्म को सक्सेस निर्भर गर्छ र एकदम वेल-रिटन स्क्रिप्ट हुनु पर्छ
nepali music industry ma digital platform haru ko prayog badhda gayeko chha ra yo le singer haru lai direct audience samma pugna madat gareko chha,नेपाली म्युजिक इन्डस्ट्री मा डिजिटल प्लेटफर्म हरू को प्रयोग बढ्दै गएको छ र यो ले सिंगर हरू लाई डाइरेक्ट अडियन्स सम्म पुग्न मद्दत गरेको छ
actor haru le film ko promotion ko lagi dherai interview dina ra public event ma participate garna parchha ra yo pani ek important part ho,एक्टर हरू ले फिल्म को प्रमोशन को लागि धेरै इन्टरभ्यु दिन र पब्लिक इभेन्ट मा सहभागिता गर्न पर्छ र यो पनि एक इम्पोर्टेन्ट पार्ट हो
geet ko music video ma dekhine location haru nepal ko sundar sthan haru bata chhan ra yo le foreign audience lai pani nepal dekhauna madat garchha,गीत को म्युजिक भिडियो मा देखिने लोकेशन हरू नेपाल को सुन्दर स्थान हरू बाट छन् र यो ले फरेन अडियन्स लाई पनि नेपाल देखाउन मद्दत गर्छ
nepali film haru ma dekhine cultural element haru le hamro parampara ra sanskriti lai surakshit rakhan ma madat garchha ra yo ek proud kura ho,नेपाली फिल्म हरू मा देखिने कल्चरल एलिमेन्ट हरू ले हाम्रो परम्परा र संस्कृति लाई सुरक्षित राख्न मा मद्दत गर्छ र यो एक प्राउड कुरा हो
music industry ma copyright ko samasya dherai chha ra artist haru le unko kaam ko sahi mulya pauna garho hunchha jasto lagchha malai,म्युजिक इन्डस्ट्री मा कपीराइट को समस्या धेरै छ र आर्टिस्ट हरू ले उनको काम को सही मूल्य पाउन गारो हुन्छ जस्तो लाग्छ मलाई
film ko cinematography le visual quality lai dherai badhaucha ra ramro camera work le audience lai story ma dubauna madat garchha,फिल्म को सिनेमेटोग्राफी ले भिजुअल क्वालिटी लाई धेरै बढाउँछ र राम्रो क्यामेरा वर्क ले अडियन्स लाई स्टोरी मा डुबाउन मद्दत गर्छ
nepali geet haru ma prem biraha desh prem samajik chetana jasta vishaya haru dherai aaudai chhan ra yo le geet lai meaningful banaunchha,नेपाली गीत हरू मा प्रेम विरह देश प्रेम सामाजिक चेतना जस्ता विषय हरू धेरै आउँदै छन् र यो ले गीत लाई मीनिंगफुल बनाउँछ
actor haru le character ko depth bujhera abhinay garna parchha natra audience le unko performance lai accept gardainan ra film flop huna sakchha,एक्टर हरू ले क्यारेक्टर को डेप्थ बुझेर अभिनय गर्न पर्छ नत्र अडियन्स ले उनको परफर्मेन्स लाई एक्सेप्ट गर्दैनन् र फिल्म फ्लप हुन सक्छ
music video ma dekhine story line le geet ko message lai clear rup ma 전달 garna madat garchha ra yo le audience lai geet bujhna sajilo hunchha,म्युजिक भिडियो मा देखिने स्टोरी लाइन ले गीत को मेसेज लाई क्लियर रूप मा प्रस्तुत गर्न मद्दत गर्छ र यो ले अडियन्स लाई गीत बुझ्न सजिलो हुन्छ
nepali film industry ma international collaboration badhda gayeko chha ra yo le hamro film haru lai global level ma pugna madat garna sakchha,नेपाली फिल्म इन्डस्ट्री मा इन्टरनेशनल कोलाबोरेशन बढ्दै गएको छ र यो ले हाम्रो फिल्म हरू लाई ग्लोबल लेवल मा पुग्न मद्दत गर्न सक्छ
geet ko lyrics ma prayog hune bhasha le geet ko impact lai dherai badhaucha ra simple ra clear bhasha le dherai jana lai bujhna sajilo hunchha,गीत को लिरिक्स मा प्रयोग हुने भाषा ले गीत को इम्प्याक्ट लाई धेरै बढाउँछ र सिम्पल र क्लियर भाषा ले धेरै जना लाई बुझ्न सजिलो हुन्छ
film ko editing le story ko flow lai maintain garna madat garchha ra ramro editing le audience lai bore huna baudaina ra film ma interest rahanchha,फिल्म को एडिटिंग ले स्टोरी को फ्लो लाई मेन्टेन गर्न मद्दत गर्छ र राम्रो एडिटिंग ले अडियन्स लाई बोोर हुन बाँदैन र फिल्म मा इन्ट्रेस्ट रहन्छ
nepali music ma folk geet haru ko popularity ajha samma rahayeko chha ra yo geet haru le hamro sanskriti lai jiwanta rakheko chhan,नेपाली म्युजिक मा फोक गीत हरू को पपुलारिटी अझ सम्म रहएको छ र यो गीत हरू ले हाम्रो संस्कृति लाई जिबन्त राखेको छन्
actor haru le physical fitness ma dhyan dinu parchha natra film ma action scene haru garna garho hunchha ra performance ma asar parna sakchha,एक्टर हरू ले फिजिकल फिटनेस मा ध्यान दिनु पर्छ नत्र फिल्म मा एक्सन सीन हरू गर्न गारो हुन्छ र परफर्मेन्स मा असर पर्न सक्छ
geet ko composition ma traditional ra modern instrument ko sahi balance huna parchha natra geet ekdam classical wa ekdam modern bhayera audience lai accept garna garho huna sakchha,गीत को कम्पोजिसन मा ट्रडिशनल र मोडर्न इन्स्ट्रुमेन्ट को सही ब्यालेन्स हुनु पर्छ नत्र गीत एकदम क्लासिकल वा एकदम मोडर्न भएर अडियन्स लाई एक्सेप्ट गर्न गारो हुन सक्छ
film ko marketing strategy le release bhayepachi ko collection lai dherai badhauna sakchha ra social media ko prayog le dherai effective huna sakchha,फिल्म को मार्केटिंग स्ट्र्याटेजी ले रिलीज भएपछि को कलेक्शन लाई धेरै बढाउन सक्छ र सोसल मिडिया को प्रयोग ले धेरै इफेक्टिभ हुन सक्छ
nepali geet haru ma female singer haru ko awaj ma ek bisesh madhurya hunchha ra yo le prem geet haru lai ekdam romantic banaucha,नेपाली गीत हरू मा फिमेल सिंगर हरू को आवाज मा एक बिशेष माधुर्य हुन्छ र यो ले प्रेम गीत हरू लाई एकदम रोमान्टिक बनाउँछ
film ko dialogue writing le character ko personality lai clear rup ma prastut garna madat garchha ra memorable dialogue le film lai iconic banaucha,फिल्म को डायलग राइटिंग ले क्यारेक्टर को पर्सनालिटी लाई क्लियर रूप मा प्रस्तुत गर्न मद्दत गर्छ र मेमोरेबल डायलग ले फिल्म लाई आइकनिक बनाउँछ
music industry ma streaming platform haru ko aagman le artist haru lai naya opportunity diyeko chha tara royalty payment ma abhi pani samasya chha,म्युजिक इन्डस्ट्री मा स्ट्रिमिंग प्लेटफर्म हरू को आगमन ले आर्टिस्ट हरू लाई नयाँ अपर्चुनिटी दिएको छ तर रॉयल्टी पेमेन्ट मा अभि पनि समस्या छ
nepali film haru ma dekhine comedy actor haru le audience lai hasaune matra hoina samajik vyangya pani garna sakchhan ra yo le film lai meaningful banaucha,नेपाली फिल्म हरू मा देखिने कमेडी एक्टर हरू ले अडियन्स लाई हसाउने मात्र होइन सामाजिक व्यंग्य पनि गर्न सक्छन् र यो ले फिल्म लाई मीनिंगफुल बनाउँछ
geet ko music video ma dekhine fashion trend le yuva haru ma dherai prabhav parna sakchha ra yo le fashion industry lai pani promote garna madat garchha,गीत को म्युजिक भिडियो मा देखिने फ्यासन ट्रेंड ले युवा हरू मा धेरै प्रभाव पर्न सक्छ र यो ले फ्यासन इन्डस्ट्री लाई पनि प्रमोट गर्न मद्दत गर्छ
maile hijo raati nepali film herera dherai ramailo lagyo ra tyasa ko gaana pani man paraayo,मैले हिजो राति नेपाली फिल्म हेरेर धेरै रमाइलो लाग्यो र त्यसको गाना पनि मन परायो
hamro gaunma naya nepali actor ko film chalyo ra sabai jana herana gayeka thiye,हाम्रो गाउँमा नयाँ नेपाली अभिनेताको फिल्म चल्यो र सबै जना हेर्न गएका थिए
timile kun nepali gaana sunna man parchha bhanera malai batauna sakchhau ki sakdainau,तिमीले कुन नेपाली गाना सुन्न मन पर्छ भनेर मलाई बताउन सक्छौ कि सक्दैनौ
aaja ko dinma dherai jana le youtube ma nepali geet heraucha ra tyasa bata naya kura sikna sakinchha,आजको दिनमा धेरै जनाले युट्युबमा नेपाली गीत हेर्छन् र त्यसबाट नयाँ कुरा सिक्न सकिन्छ
mero dost le nepali actress ko naya movie ko review diyera malai recommend gareko thiyo,मेरो दोस्तले नेपाली अभिनेत्रीको नयाँ मुभीको रिव्यु दिएर मलाई रेकमेन्ड गरेको थियो
hamile sabai jana milera nepali film ko premiere ma jaane yojana banaaudai chhau ra ticket book garyaum,हामीले सबै जना मिलेर नेपाली फिल्मको प्रिमियरमा जाने योजना बनाउँदै छौ र टिकट बुक गर्यौं
nepali music industry ma aaja kal naya naya singer haru aauchhan ra uniharuko gaana dherai chalne garchha,नेपाली म्युजिक इन्डस्ट्रीमा आजकल नयाँ नयाँ सिङ्गरहरू आउँछन् र उनीहरूको गाना धेरै चल्ने गर्छ
timile kun nepali actor lai sabai bhanda ramro manchaau bhanera malai batauna sakchhau ki sakdainau,तिमीले कुन नेपाली अभिनेतालाई सबैभन्दा राम्रो मान्छौ भनेर मलाई बताउन सक्छौ कि सक्दैनौ
aaja ko dinma dherai jana le nepali film ko gaana sunera dance garna thaleka chhan ra ramailo garchhan,आजको दिनमा धेरै जनाले नेपाली फिल्मको गाना सुनेर डांस गर्न थालेका छन् र रमाइलो गर्छन्
mero phone ma nepali geet ko playlist cha ra tyasle malai kaam garda pani man ramailo lagcha,मेरो फोनमा नेपाली गीतको प्लेलिस्ट छ र त्यसले मलाई काम गर्दा पनि मन रमाइलो लाग्छ
nepali cinema ko itihaas ma dherai ramra ramra film baneka chhan ra tyasle hami lai garba lagcha,नेपाली सिनेमाको इतिहासमा धेरै राम्रा राम्रा फिल्म बनेका छन् र त्यसले हामीलाई गर्व लाग्छ
timile aaja kun nepali singer ko concert ma gayau ra tyaha k k dekhyaau bhanera batauna sakchhau,तिमीले आज कुन नेपाली सिङ्गरको कन्सर्टमा गयौ र त्यहाँ के के देख्यौ भनेर बताउन सक्छौ
hamro college ma nepali film ko competition thiyo ra mero team le first prize jityo ra dherai khushi bhayau,हाम्रो कलेजमा नेपाली फिल्मको कम्पिटिशन थियो र मेरो टीमले फर्स्ट प्राइज जित्यो र धेरै खुशी भयौं
nepali actor haru le social media ma dherai active hunchhan ra fan haru sanga kura garna man lagcha,नेपाली अभिनेताहरूले सोसल मिडियामा धेरै एक्टिभ हुन्छन् र फ्यानहरू सँग कुरा गर्न मन लाग्छ
aaja ko dinma dherai jana le nepali gaana ko lyrics padhera gauna sikdaichhan ra tyasle ramailo hunchha,आजको दिनमा धेरै जनाले नेपाली गानाको लिरिक्स पढेर गाउन सिक्दैछन् र त्यसले रमाइलो हुन्छ
mero bhai le nepali movie ko naya trailer heraayo ra tyasle uslai film herana jaane man lagyo,मेरो भाइले नेपाली मुभीको नयाँ ट्रेलर हेर्यो र त्यसले उसलाई फिल्म हेर्न जाने मन लाग्यो
nepali music ma traditional ra modern donai style ko gaana hunchhan ra sabai ko man parchha,नेपाली म्युजिकमा ट्रेडिसनल र मोडर्न दुवै स्टाइलको गाना हुन्छन् र सबैको मन पर्छ
timile kun nepali actress ko acting sabai bhanda ramro lagcha bhanera malai batauna sakchhau ki,तिमीले कुन नेपाली अभिनेत्रीको एक्टिङ सबैभन्दा राम्रो लाग्छ भनेर मलाई बताउन सक्छौ कि
hamile sabai jana milera nepali film ko award ceremony herana gayau ra tyaha dherai ramailo bhayo,हामीले सबै जना मिलेर नेपाली फिल्मको अवार्ड सेरेमोनी हेर्न गयौं र त्यहाँ धेरै रमाइलो भयो
aaja ko dinma dherai jana le nepali singer haruko gaana sunera emotional hunchhan ra roinchhan pani,आजको दिनमा धेरै जनाले नेपाली सिङ्गरहरूको गाना सुनेर इमोसनल हुन्छन् र रोइन्छन् पनि
nepali film industry ma abhi naya naya director haru aauchhan ra uniharuko film dherai hit hunchhan,नेपाली फिल्म इन्डस्ट्रीमा अहिले नयाँ नयाँ डाइरेक्टरहरू आउँछन् र उनीहरूको फिल्म धेरै हिट हुन्छन्
mero dost le nepali gaana ko cover version banaayera youtube ma upload gareko cha ra dherai view aayo,मेरो दोस्तले नेपाली गानाको कभर वर्जन बनाएर युट्युबमा अपलोड गरेको छ र धेरै भ्यु आयो
timile aaja kun nepali movie herera kasto lagyo bhanera malai batauna sakchhau ki sakdainau,तिमीले आज कुन नेपाली मुभी हेरेर कस्तो लाग्यो भनेर मलाई बताउन सक्छौ कि सक्दैनौ
nepali actor haru le dherai mehnat garera afno career banaauchhan ra tyasle hami lai inspire garchhan,नेपाली अभिनेताहरूले धेरै मेहनत गरेर आफ्नो करियर बनाउँछन् र त्यसले हामीलाई इन्स्पायर गर्छन्
hamro ghar ma sabai jana milera nepali film ko gaana sunera nachna thaleka chhau ra ramailo lagcha,हाम्रो घरमा सबै जना मिलेर नेपाली फिल्मको गाना सुनेर नाच्न थालेका छौं र रमाइलो लाग्छ
aaja ko dinma dherai jana le nepali music award ko barema guff garna thaleka chhan ra interest dekhauachhan,आजको दिनमा धेरै जनाले नेपाली म्युजिक अवार्डको बारेमा गफ गर्न थालेका छन् र इन्ट्रेस्ट देखाउँछन्
nepali cinema ma comedy film pani dherai hunchhan ra tyasle manushya haru hasna sakchhan,नेपाली सिनेमामा कमेडी फिल्म पनि धेरै हुन्छन् र त्यसले मानिसहरू हास्न सक्छन्
timile kun nepali singer ko gaana sabai bhanda pahila suneko thiyeu bhanera malai batauna sakchhau,तिमीले कुन नेपाली सिङ्गरको गाना सबैभन्दा पहिला सुनेको थिएउ भनेर मलाई बताउन सक्छौ
mero phone ma nepali film ko poster wallpaper cha ra tyasle malai dherai man parchha,मेरो फोनमा नेपाली फिल्मको पोस्टर वॉलपेपर छ र त्यसले मलाई धेरै मन पर्छ
nepali actress haru le fashion ma pani dherai attention dinchhan ra uniharu ko style copy garna man lagcha,नेपाली अभिनेत्रीहरूले फ्यासनमा पनि धेरै एटेन्सन दिन्छन् र उनीहरूको स्टाइल कपी गर्न मन लाग्छ
aaja ko dinma dherai jana le nepali movie ko review padhera kun film herne bhanera decide garchhan,आजको दिनमा धेरै जनाले नेपाली मुभीको रिव्यु पढेर कुन फिल्म हेर्ने भनेर डिसाइड गर्छन्
hamile sabai jana milera nepali singer ko live concert ma jaane plan banaaudai chhau ra ticket kinne chaum,हामीले सबै जना मिलेर नेपाली सिङ्गरको लाइभ कन्सर्टमा जाने प्लान बनाउँदै छौं र टिकट किन्ने छौं
nepali film ko gaana haru dherai melodious hunchhan ra tyasle man shant hunchha ra ramailo lagcha,नेपाली फिल्मको गानाहरू धेरै मेलोडियस हुन्छन् र त्यसले मन शान्त हुन्छ र रमाइलो लाग्छ
timile aaja kun nepali actor ko interview heraayo ra tyasma kehi naya kura sikyaau ki,तिमीले आज कुन नेपाली अभिनेताको इन्टरभ्यु हेर्यौ र त्यसमा केही नयाँ कुरा सिक्यौ कि
nepali music industry ma female singer haru pani dherai talented hunchhan ra uniharuko gaana dherai chalne garchha,नेपाली म्युजिक इन्डस्ट्रीमा फिमेल सिङ्गरहरू पनि धेरै ट्यालेन्टेड हुन्छन् र उनीहरूको गाना धेरै चल्ने गर्छ
mero dost le nepali film ko script lekhna sikdai cha ra tyasle uslai dherai man lagcha,मेरो दोस्तले नेपाली फिल्मको स्क्रिप्ट लेख्न सिक्दै छ र त्यसले उसलाई धेरै मन लाग्छ
aaja ko dinma dherai jana le nepali actor haruko social media post heraucha ra comment garna thaleka chhan,आजको दिनमा धेरै जनाले नेपाली अभिनेताहरूको सोसल मिडिया पोस्ट हेर्छन् र कमेन्ट गर्न थालेका छन्
nepali cinema ko story haru dherai realistic hunchhan ra tyasle manushya haru lai relate garna sajilo hunchha,नेपाली सिनेमाको स्टोरीहरू धेरै रियलिस्टिक हुन्छन् र त्यसले मानिसहरूलाई रिलेट गर्न सजिलो हुन्छ
timile kun nepali gaana ko lyrics timilai sabai bhanda ramro lagcha bhanera malai batauna sakchhau,तिमीले कुन नेपाली गानाको लिरिक्स तिमीलाई सबैभन्दा राम्रो लाग्छ भनेर मलाई बताउन सक्छौ
hamro college ma nepali music competition thiyo ra mero dost le first position lina sakyau ra dherai khushi bhayo,हाम्रो कलेजमा नेपाली म्युजिक कम्पिटिशन थियो र मेरो दोस्तले फर्स्ट पोजिसन लिन सक्यो र धेरै खुशी भयो
nepali film haru ma dherai jana le nepali culture ra tradition dekhauachhan ra tyasle hami lai garba lagcha,नेपाली फिल्महरूमा धेरै जनाले नेपाली कल्चर र ट्रेडिसन देखाउँछन् र त्यसले हामीलाई गर्व लाग्छ
aaja ko dinma dherai jana le nepali singer haruko naya album ko barema guff garna thaleka chhan ra interest dekhauachhan,आजको दिनमा धेरै जनाले नेपाली सिङ्गरहरूको नयाँ एल्बमको बारेमा गफ गर्न थालेका छन् र इन्ट्रेस्ट देखाउँछन्
mero bhai le nepali actor banne sapana dekhcha ra tyasle usle acting class ma admission liyo,मेरो भाइले नेपाली अभिनेता बन्ने सपना देख्छ र त्यसले उसले एक्टिङ क्लासमा एडमिसन लियो
nepali music ma folk song pani dherai popular cha ra tyasle gaun gaun ma gaana gaaunecha,नेपाली म्युजिकमा फोक सोङ पनि धेरै पपुलर छ र त्यसले गाउँ गाउँमा गाना गाउनेछ
timile aaja kun nepali film ko trailer heraayo ra tyasle timilai kun part sabai bhanda ramro lagyo,तिमीले आज कुन नेपाली फिल्मको ट्रेलर हेर्यौ र त्यसले तिमीलाई कुन पार्ट सबैभन्दा राम्रो लाग्यो
hamile sabai jana milera nepali actress ko fan club ma join garyaum ra uniharu ko kaam lai support garna thaleka chhau,हामीले सबै जना मिलेर नेपाली अभिनेत्रीको फ्यान क्लबमा जोइन गर्यौं र उनीहरूको कामलाई सपोर्ट गर्न थालेका छौं
nepali film ko gaana haru dherai emotional hunchhan ra tyasle manushya haru lai cry garna man lagcha,नेपाली फिल्मको गानाहरू धेरै इमोसनल हुन्छन् र त्यसले मानिसहरूलाई क्राइ गर्न मन लाग्छ
aaja ko dinma dherai jana le nepali singer haruko concert ko ticket book garna thaleka chhan ra line lambai hunchha,आजको दिनमा धेरै जनाले नेपाली सिङ्गरहरूको कन्सर्टको टिकट बुक गर्न थालेका छन् र लाइन लम्बाइ हुन्छ
mero dost le nepali movie ko cinematography ko barema padhera malai bataayo ra tyasle malai naya kura sikna payo,मेरो दोस्तले नेपाली मुभीको सिनेमेटोग्राफीको बारेमा पढेर मलाई बतायो र त्यसले मलाई नयाँ कुरा सिक्न पायो
nepali actor haru le dherai social work pani garchhan ra tyasle uniharu lai samaj ma respect hunchha,नेपाली अभिनेताहरूले धेरै सोसल वर्क पनि गर्छन् र त्यसले उनीहरूलाई समाजमा रेस्पेक्ट हुन्छ
aaja dherai ramro mausam chha ra mero man dherai khushi chha kyuki bahira ghumna jaane socheko chu,आज धेरै राम्रो मौसम छ र मेरो मन धेरै खुशी छ किनकि बाहिर घुम्न जाने सोचेको छु
timro kura sunera mero man ma dherai dukha lagyo ra aankha bata aansu jharihaalyo yar,तिम्रो कुरा सुनेर मेरो मन मा धेरै दुख लाग्यो र आँखा बाट आँसु झरिहाल्यो यार
waah kasto ramro khana banayeko ho aaja ta sabai le pasand garnechhan ni,वाह कस्तो राम्रो खाना बनाएको हो आज त सबै ले पसन्द गर्नेछन् नि
hayar mero phone harayo ki kaha rakhako thiye bujhina aaja samma khojda khojdai thakye,हयर मेरो फोन हरायो कि कहाँ राखेको थिएँ बुझिनँ आज सम्म खोज्दा खोज्दै थाक्ये
arey yesto pani hunchha kya aaja ta mero man ekdam kharab bhayeko chha sabai kura bata,अरे यस्तो पनि हुन्छ क्या आज त मेरो मन एकदम खराब भएको छ सबै कुरा बाट
dherai dhanyabaad timilai mero kaam ma madat gareko ma timro sahayog le mero jivan ma thulo parivartan aayeko chha,धेरै धन्यवाद तिमिलाई मेरो काम मा मद्दत गरेको मा तिम्रो सहयोग ले मेरो जीवन मा ठूलो परिवर्तन आएको छ
oho timi pani yaha aayeu kya mero man ma dherai khushi bhayo timilai dekhera aaja,ओहो तिमी पनि यहाँ आयौ क्या मेरो मन मा धेरै खुशी भयो तिमिलाई देखेर आज
maile tyo kura sunera dherai hairani bhaye kyuki maile tyo kura socheko thiyein bilkulai ra man ma darr lagyo,मैले त्यो कुरा सुनेर धेरै हैरानी भएँ किनकि मैले त्यो कुरा सोचेको थिइनँ बिल्कुलै र मन मा डर लाग्यो
khusi ko kura ke bhaneu aaja ta mero exam ramro bhayo ra sabai subject ma pass bhayechhu jasto lagchha,खुशी को कुरा के भनौँ आज त मेरो परीक्षा राम्रो भयो र सबै सब्जेक्ट मा पास भएछु जस्तो लाग्छ
dukha ko kura ke bhaneu aaja ta mero sathi le mero sanga kura garna chhodyo ra man ekdam eklo lagyo,दुख को कुरा के भनौँ आज त मेरो साथी ले मेरो सँग कुरा गर्न छोड्यो र मन एकदम एक्लो लाग्यो
hay hay kasto garmi lagirako chha aaja ta ghar bata bahira nikalna pani man lagena yar,हय हय कस्तो गर्मी लागिराको छ आज त घर बाट बाहिर निस्कन पनि मन लागेन यार
waah waah timro gaana sunera mero man dherai ramailo bhayo ra timilai dherai prashansa garna man lagyo,वाह वाह तिम्रो गाना सुनेर मेरो मन धेरै रमाइलो भयो र तिमिलाई धेरै प्रशंसा गर्न मन लाग्यो
arey arey kasto bhayo aaja ta mero mobile ko screen tutyo ra repair garna dherai paisa lagne bhayo,अरे अरे कस्तो भयो आज त मेरो मोबाइल को स्क्रिन तुट्यो र रिपेयर गर्न धेरै पैसा लाग्ने भयो
mero man ma dherai chinta chha kyuki ghar ko kaam dherai baki chha ra samaya pugla ki pugdaina bhanera darr lagdo chha,मेरो मन मा धेरै चिन्ता छ किनकि घर को काम धेरै बाकी छ र समय पुग्ला कि पुग्दैन भनेर डर लाग्दो छ
aaja mero janmadin ho ra sabai sathi haru le surprise party diye ra mero man dherai khushi bhayo,आज मेरो जन्मदिन हो र सबै साथी हरू ले सरप्राइज पार्टी दिए र मेरो मन धेरै खुशी भयो
timro kura sunera mero man ma dherai gussa aayo tara maile shant bhayera kura garne prayas gare,तिम्रो कुरा सुनेर मेरो मन मा धेरै गुस्सा आयो तर मैले शान्त भएर कुरा गर्ने प्रयास गरे
hayar kasto bhayo aaja ta mero bag harayo ra vitra sabai important saman thiyo ra dherai chinta bhayo,हयर कस्तो भयो आज त मेरो ब्याग हरायो र भित्र सबै इम्पोर्टेन्ट सामान थियो र धेरै चिन्ता भयो
waah kasto ramro barsat bhayeko chha aaja ta prakriti ko sundarta dekhera man ramailo bhayeko chha,वाह कस्तो राम्रो वर्षात भएको छ आज त प्रकृति को सुन्दरता देखेर मन रमाइलो भएको छ
mero bauju biraami bhayeko kura sunera mero man ekdam dukhi bhayo ra turuntai ghar pugne prayas gare,मेरो बाबुज्यु बिरामी भएको कुरा सुनेर मेरो मन एकदम दुखी भयो र तुरुन्तै घर पुग्ने प्रयास गरे
aaja mero exam ko result aayo ra ma first bhaye ra sabai le dherai khushi manayau ra party garyau,आज मेरो परीक्षा को रिजल्ट आयो र म फर्स्ट भएँ र सबै ले धेरै खुशी मनायौँ र पार्टी गर्यौँ
arey yesto pani hunchha kya aaja ta mero sathi le mero sanga jhagada garyo ra man ekdam kharab bhayo,अरे यस्तो पनि हुन्छ क्या आज त मेरो साथी ले मेरो सँग झगडा गर्यो र मन एकदम खराब भयो
timilai dekhera mero man ma dherai khushi bhayo ra timro hasi dekhda mero sabai dukha birsechu jasto lagchha,तिमिलाई देखेर मेरो मन मा धेरै खुशी भयो र तिम्रो हाँसी देख्दा मेरो सबै दुख बिर्सेछु जस्तो लाग्छ
hay hay kasto jada lagirako chha aaja ta ghar bata bahira nikalna pani garho bhayeko chha yar,हय हय कस्तो जाडो लागिराको छ आज त घर बाट बाहिर निस्कन पनि गारो भएको छ यार
waah kasto ramro phool fulayeko chha aaja ta bagaincha ma ghumda man dherai ramailo bhayeko chha,वाह कस्तो राम्रो फूल फुलाएको छ आज त बगैंचा मा घुम्दा मन धेरै रमाइलो भएको छ
mero sathi ko bidaai ko kura sunera mero man ekdam dukhi bhayo ra aankha ma aansu aauna lagyo,मेरो साथी को बिदाई को कुरा सुनेर मेरो मन एकदम दुखी भयो र आँखा मा आँसु आउन लाग्यो
aaja mero kaam sabai sakie ra ghar pugera aaram garna man lagyo ra dherai thakai lagirako chha,आज मेरो काम सबै सकिए र घर पुगेर आराम गर्न मन लाग्यो र धेरै थाकै लागिराको छ
arey arey kasto bhayo aaja ta mero gadi ko tire puncture bhayo ra baato ma aljhiye ra dherai samaya lagyo,अरे अरे कस्तो भयो आज त मेरो गाडी को टायर पंक्चर भयो र बाटो मा अल्झिए र धेरै समय लाग्यो
timro madat le mero kaam sakie ra mero man ma dherai khushi bhayo ra timilai dherai dhanyabaad dina man lagyo,तिम्रो मद्दत ले मेरो काम सकिए र मेरो मन मा धेरै खुशी भयो र तिमिलाई धेरै धन्यवाद दिन मन लाग्यो
hayar kasto bhayo aaja ta mero mobile ma internet chalen ra online kaam garna sakina ra dherai tension bhayo,हयर कस्तो भयो आज त मेरो मोबाइल मा इन्टरनेट चलेन र अनलाइन काम गर्न सकिनँ र धेरै टेन्सन भयो
waah kasto ramro geet sunayeko ho aaja ta mero man dherai shant bhayo ra sabai chinta birsechu jasto lagchha,वाह कस्तो राम्रो गीत सुनाएको हो आज त मेरो मन धेरै शान्त भयो र सबै चिन्ता बिर्सेछु जस्तो लाग्छ
mero parivar sanga bhetghat bhayeko kura sunera mero man dherai khushi bhayo ra turuntai ghar jane taiyari gare,मेरो परिवार सँग भेटघाट भएको कुरा सुनेर मेरो मन धेरै खुशी भयो र तुरुन्तै घर जाने तयारी गरे
aaja mero purano sathi sanga bhet bhayo ra dherai purano kura yaad aayo ra man ekdam ramailo bhayo,आज मेरो पुरानो साथी सँग भेट भयो र धेरै पुरानो कुरा याद आयो र मन एकदम रमाइलो भयो
arey yesto pani hunchha kya aaja ta mero ghar ko bijuli gayo ra computer ma kaam garna sakina ra dherai problem bhayo,अरे यस्तो पनि हुन्छ क्या आज त मेरो घर को बिजुली गयो र कम्प्युटर मा काम गर्न सकिनँ र धेरै प्रोब्लम भयो
timro kura sunera mero man ma dherai prerna miliyo ra abha dekhi mehenat garne nirnay gare,तिम्रो कुरा सुनेर मेरो मन मा धेरै प्रेरणा मिल्यो र अब देखि मेहेनत गर्ने निर्णय गरे
hay hay kasto dhulo udairako chha aaja ta bahira ghumna jaana man lagena ra ghar ma basne nirnay gare,हय हय कस्तो धुलो उडिराको छ आज त बाहिर घुम्न जान मन लागेन र घर मा बस्ने निर्णय गरे
waah kasto ramro khana khayeko ho aaja ta pet puri bhayo ra man dherai santust bhayeko chha,वाह कस्तो राम्रो खाना खाएको हो आज त पेट पुरी भयो र मन धेरै सन्तुष्ट भएको छ
mero kaam ma asaphal bhayeko kura sunera mero man ekdam dukhi bhayo tara himmat haarna man chaina,मेरो काम मा असफल भएको कुरा सुनेर मेरो मन एकदम दुखी भयो तर हिम्मत हार्न मन छैन
aaja mero naya kaam suru bhayo ra dherai excitement chha ra kasto hola bhanera darr pani lagdo chha,आज मेरो नयाँ काम सुरु भयो र धेरै एक्साइटमेन्ट छ र कस्तो होला भनेर डर पनि लाग्दो छ
arey arey kasto bhayo aaja ta mero wallet harayo ra vitra sabai paisa ra card thiyo ra dherai chinta bhayo,अरे अरे कस्तो भयो आज त मेरो वालेट हरायो र भित्र सबै पैसा र कार्ड थियो र धेरै चिन्ता भयो
timro sahayog le mero jivan ma thulo parivartan aayeko chha ra mero man ma dherai krtagyata chha timro lagi,तिम्रो सहयोग ले मेरो जीवन मा ठूलो परिवर्तन आएको छ र मेरो मन मा धेरै कृतज्ञता छ तिम्रो लागि
hayar kasto bhayo aaja ta mero exam ma question haru dherai garho thiye ra kasto result aaula bhanera darr lagdo chha,हयर कस्तो भयो आज त मेरो परीक्षा मा प्रश्न हरू धेरै गारो थिए र कस्तो रिजल्ट आउला भनेर डर लाग्दो छ
waah kasto ramro mausam chha aaja ta bahira ghumna jaane socheko chu ra sathi haru lai pani bolne chu,वाह कस्तो राम्रो मौसम छ आज त बाहिर घुम्न जाने सोचेको छु र साथी हरू लाई पनि बोल्ने छु
mero man ma dherai chinta chha kyuki bhavishya ma k hola bhanera bujhina ra dherai confusion ma parera baseko chu,मेरो मन मा धेरै चिन्ता छ किनकि भविष्य मा के होला भनेर बुझिनँ र धेरै कन्फ्युजन मा परेर बसेको छु
aaja mero purano diary padhda dherai purano yaad haru aayo ra man ekdam emotional bhayeko chha,आज मेरो पुरानो डायरी पढ्दा धेरै पुरानो याद हरू आयो र मन एकदम इमोशनल भएको छ
arey yesto pani hunchha kya aaja ta mero phone ma call aayena ra important kura miss bhayo ra dherai problem bhayo,अरे यस्तो पनि हुन्छ क्या आज त मेरो फोन मा कल आएन र इम्पोर्टेन्ट कुरा मिस भयो र धेरै प्रोब्लम भयो
timro hasi dekhda mero sabai dukha birsechu jasto lagchha ra timilai dekhera man dherai khushi hunchha,तिम्रो हाँसी देख्दा मेरो सबै दुख बिर्सेछु जस्तो लाग्छ र तिमिलाई देखेर मन धेरै खुशी हुन्छ
hay hay kasto barsat bhayeko chha aaja ta bahira jaana sakina ra ghar ma basera chai pina man lagyo,हय हय कस्तो वर्षात भएको छ आज त बाहिर जान सकिनँ र घर मा बसेर चिया पिउन मन लाग्यो
waah kasto ramro kura gareko ho aaja ta mero man ma dherai prerna miliyo ra abha dekhi ramro kaam garne chu,वाह कस्तो राम्रो कुरा गरेको हो आज त मेरो मन मा धेरै प्रेरणा मिल्यो र अब देखि राम्रो काम गर्ने छु
mero sathi ko bidaai ko bela ma dherai emotional bhaye ra aankha ma aansu aauna lagyo ra man eklai lagyo,मेरो साथी को बिदाई को बेला मा धेरै इमोशनल भएँ र आँखा मा आँसु आउन लाग्यो र मन एक्लै लाग्यो
aaja mero kaam sabai ramro tariqa le sakie ra ghar pugera aaram garna man lagyo ra dherai khushi chha,आज मेरो काम सबै राम्रो तरिका ले सकिए र घर पुगेर आराम गर्न मन लाग्यो र धेरै खुशी छ
aaja bihana uthera chiya khayera ghar ko kaam sakera office jaane bich ma traffic jam ma fasera dherai late bhayo yar,आज बिहान उठेर चिया खाएर घरको काम सकेर अफिस जाने बिचमा ट्राफिक जाममा फसेर धेरै लेट भयो यार
timi haru sanga school ma padhda khera ko samjhana aaucha ki aaundaina ra khelne khelne gardai time bitautheun,तिमीहरू सँग स्कूलमा पढ्दा खेराको सम्झना आउँछ कि आउँदैन र खेल्ने खेल्ने गर्दै टाइम बिताउँथ्यौं
kolkata ma basera pani nepali culture ko barema youtube video banaaudai chhu tara viewer dherai aaundainan bhanera tension linu pardaina,कोलकातामा बसेर पनि नेपाली कल्चरको बारेमा युट्युब भिडियो बनाउँदै छु तर भ्युयर धेरै आउँदैनन् भनेर टेन्सन लिनु पर्दैन
dashain ko chhuti ma gaun gayera kaka haru sanga kheti ko barema kura garda ramro laagcha kina bhane sahari ko jindagi dherai tension bhariyo,दशैंको छुट्टीमा गाउँ गएर काका हरूसँग खेतीको बारेमा कुरा गर्दा राम्रो लाग्छ किनभने सहरीको जिन्दगी धेरै टेन्सन भरियो
exam ko pressure ma padhda padhda dimag bigriyo tara teacher le motivation dinu bhayo ra feri padhne ichchha uthyo,एक्जामको प्रेसरमा पढ्दा पढ्दा दिमाग बिग्रियो तर टीचरले मोटिभेसन दिनुभयो र फेरि पढ्ने इच्छा उठ्यो
mobile ma tiktok herda herda time bitayo ra ghar ko kaam pani garna bhuliye aaba mummy le gali khana parela,मोबाइलमा टिकटक हेर्दा हेर्दा टाइम बितायो र घरको काम पनि गर्न भुलिए अब मम्मीले गाली खान परेला
office ma boss le naya project dine bhayo tara deadline tight cha ra raati samma kaam garna parcha,अफिसमा बॉसले नयाँ प्रोजेक्ट दिने भयो तर डेडलाइन टाइट छ र राति सम्म काम गर्न पर्छ
facebook ma viral video herera hasera hasera pet dukhyo tara real life ma testo kura kabhi hudaina jasto lagcha,फेसबुकमा भाइरल भिडियो हेरेर हाँसेर हाँसेर पेट दुख्यो तर रियल लाइफमा त्यस्तो कुरा कहिल्यै हुँदैन जस्तो लाग्छ
ramro sathi haru sanga kura garda man khulcha ra sabai problem share garna sakchu tara kunai kunai kura gupta rakhnu parcha,राम्रो साथीहरूसँग कुरा गर्दा मन खुल्छ र सबै समस्या शेयर गर्न सक्छु तर कुनै कुनै कुरा गुप्त राख्नु पर्छ
college ko canteen ma basera sathi haru sanga politics ko barema bahas garda samaya bitcha tara padhai pani chhodnu hudaina,कलेजको क्यान्टिनमा बसेर साथीहरूसँग पोलिटिक्सको बारेमा बहस गर्दा समय बित्छ तर पढाइ पनि छोड्नु हुँदैन
foreign employment ma jaane sochera passport banaaudai chhu tara ghar ko sabai le rokna khojchhan kina bhane risk dherai cha,फरेन एम्प्लोयमेन्टमा जाने सोचेर पासपोर्ट बनाउँदै छु तर घरको सबैले रोक्न खोज्छन् किनभने रिस्क धेरै छ
bijuli ko problem le ghar ma dherai dikkat hunchha ra raati ma light nabhayera padhna garo bhayo,बिजुलीको समस्या ले घरमा धेरै दिक्कत हुन्छ र राति मा लाइट नभएर पढ्न गाह्रो भयो
weather herera pani barsa aaune sanket dekhera umbrella liyera niskiye tara pani bheejera ghar farkiye,वेदर हेरेर पनि बर्षा आउने संकेत देखेर अम्ब्रेला लिएर निस्किए तर पनि भिजेर घर फर्किएँ
sathi ko bihe ma gaera nachera gauna ramro bhayo tara feri kaam ma jaane time ma thakai lagcha,साथीको बिहेमा गएर नाचेर गाउन राम्रो भयो तर फेरि काममा जाने टाइममा थकाई लाग्छ
mental health ko barema kura garda dherai le haschhan tara yo real problem ho ra doctor sanga consult garnu parcha,मेन्टल हेल्थको बारेमा कुरा गर्दा धेरैले हाँस्छन् तर यो रियल समस्या हो र डाक्टरसँग कन्सल्ट गर्नु पर्छ
startup business suru garne sochera investor khojda dherai reject bhayo tara hope chhodnu hudaina,स्टार्टअप बिजनेस सुरु गर्ने सोचेर इन्भेस्टर खोज्दा धेरै रिजेक्ट भयो तर होप छोड्नु हुँदैन
instagram reel banaaudai chhu tara algorithm le support gardaina ra view kam aaune bhayera frustration hunchha,इन्स्टाग्राम रिल बनाउँदै छु तर एल्गोरिदमले सपोर्ट गर्दैन र भ्यू कम आउने भएर फ्रस्ट्रेसन हुन्छ
gaun ma kheti garne manche haru le dherai mehenat garchhan tara fasal ko mol sahi hudaina bhanera dukh manauchhan,गाउँमा खेती गर्ने मान्छेहरुले धेरै मेहनत गर्छन् तर फसलको मोल सही हुँदैन भनेर दुःख मनाउँछन्
cricket match herda nepal le jitda sabai khusi hunchhan ra sadak ma jhanda fukera celebrate garchhan,क्रिकेट म्याच हेर्दा नेपालले जित्दा सबै खुसी हुन्छन् र सडकमा झण्डा फुकेर सेलिब्रेट गर्छन्
programming sikaudai chhu tara bug aayera code run hudaina ra frustration hunchha tara feri try garne ichchha hunchha,प्रोग्रामिङ सिकाउँदै छु तर बग आएर कोड रन हुँदैन र फ्रस्ट्रेसन हुन्छ तर फेरि ट्राई गर्ने इच्छा हुन्छ
timi sanga breakup bhayera dherai din samma man dukhyo tara ab feri naya life suru garne sochera chhu,तिमीसँग ब्रेकअप भएर धेरै दिनसम्म मन दुख्यो तर अब फेरि नयाँ लाइफ सुरु गर्ने सोचेर छु
temple ma puja garera man ko shanti pauna khojda pani daily life ko tension le feri disturb garchha,मन्दिरमा पुजा गरेर मनको शान्ति पाउन खोज्दा पनि डेली लाइफको टेन्सनले फेरि डिस्टर्ब गर्छ
fuel ko mol badhera sabai le gahro manira chhan ra public transport ma pani dherai bhidi hunchha,फ्युलको मोल बढेर सबैले गाह्रो मानेर छन् र पब्लिक ट्रान्सपोर्टमा पनि धेरै भीडी हुन्छ
cooking sikauna khojda mummy le sikaaudai chhin tara maile galti garda hasera hasera sikaauchhin,कुकिङ सिकाउन खोज्दा मम्मीले सिकाउँदै छिन् तर मैले गल्ती गर्दा हाँसेर हाँसेर सिकाउँछिन्
sathi haru sanga trek ma jaane plan banayo tara weather le bigaaryo ra ghar mai basera movie herne bhayo,साथीहरूसँग ट्रेकमा जाने प्लान बनायो तर वेदरले बिगार्यो र घरमै बसेर मुभी हेर्ने भयो
online class ma microphone off rakhda pani teacher le bolna bhanchan ra sabai le haschhan,अनलाइन क्लासमा माइक्रोफोन अफ राख्दा पनि टीचरले बोल्न भन्छन् र सबैले हाँस्छन्
election ko time ma neta haru le dherai bachan dinchhan tara pachi sabai bhulchhan bhanera sabai jaanchan,इलेक्सनको टाइममा नेता हरूले धेरै बाचा दिन्छन् तर पछि सबै भुल्छन् भनेर सबै जान्छन्
hospital ma doctor sanga check up garera aayera medicine khayera thik hune asha garchhu tara dherai mahango hunchha,हस्पिटलमा डाक्टरसँग चेकअप गरेर आएर मेडिसिन खाएर ठिक हुने आशा गर्छु तर धेरै महँगो हुन्छ
bachha haru lai ramro sikai dinu parcha ra mobile addiction bata bachaaunu parcha bhanera ghar ma bahas hunchha,बच्चाहरूलाई राम्रो सिकाइ दिनु पर्छ र मोबाइल एडिक्सनबाट बचाउनु पर्छ भनेर घरमा बहस हुन्छ
climate change le garmi badhaudai chha ra barsa pani sahi time ma hudaina ra kheti ma problem hunchha,क्लाइमेट चेन्जले गर्मी बढाउँदै छ र बर्षा पनि सही टाइममा हुँदैन र खेतीमा समस्या हुन्छ
neighborhood ma naya ghar ko tenant le dherai party garchhan ra sabai le complaint garchhan tara kura mildaina,नेबरहुडमा नयाँ घरको टेनान्टले धेरै पार्टी गर्छन् र सबैले कम्प्लेन्ट गर्छन् तर कुरा मिल्दैन
ai technology ko barema padhera future ma ramro job pauna sakchu bhanera motivation paayera padhdai chhu,एआई टेक्नोलोजीको बारेमा पढेर फ्युचरमा राम्रो जागिर पाउन सक्छु भनेर मोटिभेसन पाएर पढ्दै छु
sister sanga argument bhayera bolna chhodye tara pachi maaf magera feri ramro khelne bhayo,बहिनीसँग आर्गुमेन्ट भएर बोल्न छोडें तर पछि माफ मागेर फेरि राम्रो खेल्ने भयो
restaurant ma khana khayera review dinu parcha ra ramro service bhayo bhane star dinu parcha,रेस्टुरेन्टमा खाना खाएर रिभ्यू दिनु पर्छ र राम्रो सर्भिस भयो भने स्टार दिनु पर्छ
village ko temple ma jatra hunchha ra sabai jamma bhayera nach gaauchhan ra ramro mela hunchha,गाउँको मन्दिरमा जात्रा हुन्छ र सबै जम्मा भएर नाच गाउँछन् र राम्रो मेला हुन्छ
freelancing client sanga deal gardai chhu tara payment time ma dherai delay hunchha ra frustration badhcha,फ्रीलान्सिङ क्लाइन्टसँग डिल गर्दै छु तर पेमेंट टाइममा धेरै डिले हुन्छ र फ्रस्ट्रेसन बढ्छ
old age ma aaera pani bachha jastai khelna man lagcha tara sharir le saath didaina,ओल्ड एजमा आएर पनि बच्चा जस्तै खेल्न मन लाग्छ तर शरीरले साथ दिँदैन
mountaineering ko sapana thiyo tara training nabhayera abhi samma try garna sakina,माउन्टेनियरिङको सपना थियो तर ट्रेनिङ नभएर अहिले सम्म ट्राई गर्न सकिनँ
cyber security ko barema sikaera scam bata bachna sakincha ra dherai manche haru lai help garchhu,साइबर सेक्युरिटीको बारेमा सिकाएर स्क्यामबाट बच्न सकिन्छ र धेरै मान्छेहरूलाई हेल्प गर्छु
podcast sunera motivation paayera naya kitab padhne sochera chhu tara time nikalna garo hunchha,पोडकास्ट सुनेर मोटिभेसन पाएर नयाँ किताब पढ्ने सोचेर छु तर टाइम निकाल्न गाह्रो हुन्छ
sibling haru sanga ghar ko chhoti chhoti kura ma jhagada hunchha tara pachi sabai milera haschhan,सिब्लिङ हरूसँग घरको छोटी छोटी कुरामा झगडा हुन्छ तर पछि सबै मिलेर हाँस्छन्
teacher le classroom ma joke garda sabai haschhan ra padhai pani ramro sanga hunchha,टीचरले क्लासरुममा जोक गर्दा सबै हाँस्छन् र पढाइ पनि राम्रोसँग हुन्छ
ma bihana chhaito uthera bidyalaya jaane bato ma sathi haru sanga khelne kura garda samaya bitcha ra teacher le class ma sodhda pani uttar dina garo hunchha,म बिहान छिटो उठेर विद्यालय जाने बाटोमा साथीहरूसँग खेल्ने कुरा गर्दा समय बित्छ र टीचरले क्लासमा सोध्दा पनि उत्तर दिन गाह्रो हुन्छ
school ma padhda khera sathi haru sanga tiffin share garera khelne bich ma homework garna bhuliye ra ghar ma mummy le gali khaye,स्कूलमा पढ्दा खेरा साथीहरूसँग टिफिन शेयर गरेर खेल्ने बिचमा होमवर्क गर्न भुलिए र घरमा मम्मीले गाली खाएँ
college ko first year ma nayi sathi haru sanga canteen ma basera ghar ko kura garda man khulcha tara padhai ma pani dhyan dinu parcha,कलेजको फर्स्ट इयरमा नयाँ साथीहरूसँग क्यान्टिनमा बसेर घरको कुरा गर्दा मन खुल्छ तर पढाइमा पनि ध्यान दिनु पर्छ
hostel ma basera raati samma sathi haru sanga padhne bahana ma hasera khelne garda subha uthna garo hunchha ra class miss hunchha,होस्टेलमा बसेर राति सम्म साथीहरूसँग पढ्ने बहानामा हाँसेर खेल्ने गर्दा बिहान उठ्न गाह्रो हुन्छ र क्लास मिस हुन्छ
office ma boss sanga meeting ma naya project ko barema kura garda sabai le apna apna bichar rakhchhan ra charcha dherai lamo hunchha,अफिसमा बॉससँग मिटिङमा नयाँ प्रोजेक्टको बारेमा कुरा गर्दा सबैले आफ्ना आफ्ना विचार राख्छन् र छलफल धेरै लामो हुन्छ
school ko exam auna lageko cha ra raati samma padhera aankha dukhera pani result ramro aaunchha bhanne asha garchhu,स्कूलको एक्जाम आउन लागेको छ र राति सम्म पढेर आँखा दुखेर पनि रिजल्ट राम्रो आउँछ भन्ने आशा गर्छु
college life ma freedom dherai paayera sathi haru sanga ghumne plan banaudai chhu tara ghar le budget tight gareko cha,कलेज लाइफमा फ्रीडम धेरै पाएर साथीहरूसँग घुम्ने प्लान बनाउँदै छु तर घरले बजेट टाइट गरेको छ
hostel ko khana khayera pet bigriyo ra sathi haru sanga bahira khana jaane kura garda sabai ko budget dherai kharcha hunchha,होस्टेलको खाना खाएर पेट बिग्रियो र साथीहरूसँग बाहिर खाना जाने कुरा गर्दा सबैको बजेट धेरै खर्च हुन्छ
office ko colleague haru sanga lunch break ma current news ko barema bahas garda samaya bitcha ra kaam ma dherai deri hunchha,अफिसको सहकर्मीहरूसँग लन्च ब्रेकमा करेन्ट न्यूजको बारेमा बहस गर्दा समय बित्छ र काममा धेरै ढेरि हुन्छ
bidyalaya ma teacher le homework diye pani sathi haru sanga khelna jaada sabai bhuliye ra ab feri naya homework thapna parcha,विद्यालयमा टीचरले होमवर्क दिए पनि साथीहरूसँग खेल्न जाँदा सबै भुलिए र अब फेरि नयाँ होमवर्क थप्नु पर्छ
college ko library ma padhna baseko thiye tara sathi le bolayera canteen ma jaada padhai adkinchha tara maja pani aaucha,कलेजको लाइब्रेरीमा पढ्न बसेको थिएँ तर साथीले बोलाएर क्यान्टिनमा जाँदा पढाइ अड्किन्छ तर मजा पनि आउँछ
hostel ma room mate sanga raati ko kura garda purano school ko samjhana aaucha ra hasera hasera time bitcha,होस्टेलमा रुममेटसँग रातिको कुरा गर्दा पुरानो स्कूलको सम्झना आउँछ र हाँसेर हाँसेर टाइम बित्छ
office discussion ma salary badhaune barema kura garda boss le thik time ma sochne bhanchan tara sabai le asha gari raheka chhan,अफिस डिस्कसनमा स्यालरी बढाउने बारेमा कुरा गर्दा बॉसले ठीक टाइममा सोच्ने भन्छन् तर सबैले आशा गरिरहेका छन्
school ma annual function ko lagi practice garda sathi haru sanga nach gaaune kura ramro laagcha tara padhai pani chhodnu hudaina,स्कूलमा वार्षिक फङ्कसनको लागि प्राक्टिस गर्दा साथीहरूसँग नाच गाउने कुरा राम्रो लाग्छ तर पढाइ पनि छोड्नु हुँदैन
college ko group study ma sathi haru sanga milera padhda dherai ramro bujhinchha tara hasne khelne pani dherai hunchha,कलेजको ग्रुप स्टडीमा साथीहरूसँग मिलेर पढ्दा धेरै राम्रो बुझिन्छ तर हाँस्ने खेल्ने पनि धेरै हुन्छ
hostel ko warden le raati pachi light off garne bhane pani sathi haru sanga torch ma padhne garchhau ra samaya bitcha,होस्टेलको वार्डेनले राति पछि लाइट अफ गर्ने भने पनि साथीहरूसँग टर्चमा पढ्ने गर्छौं र समय बित्छ
office ma daily meeting ma target review garda tension hunchha tara colleague haru le support gareko cha ra thik hunchha,अफिसमा डेली मिटिङमा टार्गेट रिभ्यू गर्दा टेन्सन हुन्छ तर सहकर्मीहरूले सपोर्ट गरेको छ र ठीक हुन्छ
school life ko sabai bhanda ramro kura ho sathi haru sanga khelne ra hasne ho tara ab feri exam ko pressure aaucha,स्कूल लाइफको सबैभन्दा राम्रो कुरा हो साथीहरूसँग खेल्ने र हाँस्ने हो तर अब फेरि एक्जामको प्रेसर आउँछ
college ma new admission bhayera nayi sathi banaudai chhu ra uniharule hostel ko barema dherai sodhchhan,कलेजमा नयाँ एडमिसन भएर नयाँ साथी बनाउँदै छु र उनीहरूले होस्टेलको बारेमा धेरै सोध्छन्
hostel ma basne haru sanga kitchen ma milera khana pakaaudai chhau ra maja aaucha tara safai garna pani garo hunchha,होस्टेलमा बस्नेहरूसँग किचनमा मिलेर खाना पकाउँदै छौं र मजा आउँछ तर सफाइ गर्न पनि गाह्रो हुन्छ
office ko team lead sanga project deadline ko barema kura garda sabai le overtime garne bhanchan ra thakai lagcha,अफिसको टिम लीडसँग प्रोजेक्ट डेडलाइनको बारेमा कुरा गर्दा सबैले ओभरटाइम गर्ने भन्छन् र थकाई लाग्छ
bidyalaya ko teacher le ramro sanga padhauna khojda pani student haru le dhyan didainan ra class ma disturbance hunchha,विद्यालयको टीचरले राम्रोसँग पढाउन खोज्दा पनि स्टुडेन्टहरूले ध्यान दिँदैनन् र क्लासमा डिस्टर्बेन्स हुन्छ
college life ma freedom paayera dherai ghumna jaane ichchha hunchha tara padhai ko pressure le rokcha,कलेज लाइफमा फ्रीडम पाएर धेरै घुम्न जाने इच्छा हुन्छ तर पढाइको प्रेसरले रोक्छ
hostel ma electricity gayo bhane sathi haru sanga mobile torch ma basera kura garda raati bitcha,होस्टेलमा बिजुली गयो भने साथीहरूसँग मोबाइल टर्चमा बसेर कुरा गर्दा राति बित्छ
office discussion ma economy ko barema kura garda sabai le inflation le gahro pareko cha bhanchan ra budget plan garchhan,अफिस डिस्कसनमा इकोनोमीको बारेमा कुरा गर्दा सबैले इन्फ्लेसनले गाह्रो परेको छ भन्छन् र बजेट प्लान गर्छन्
school ma sports day ma khelne practice garda sathi haru sanga ramro team banera jeetne sapana dekheka chhau,स्कूलमा स्पोर्ट्स डे मा खेल्ने प्राक्टिस गर्दा साथीहरूसँग राम्रो टिम बनेर जित्ने सपना देखेका छौं
college ko fest ma participate garne sochera sathi haru sanga program banaudai chhau ra excitement dherai cha,कलेजको फेस्टमा पार्टिसिपेट गर्ने सोचेर साथीहरूसँग कार्यक्रम बनाउँदै छौं र एक्साइटमेन्ट धेरै छ
hostel room ma cleaning garda sathi haru sanga milera garda maja aaucha tara ekle garna naparne,होस्टेल रुममा क्लिनिङ गर्दा साथीहरूसँग मिलेर गर्दा मजा आउँछ तर एक्लै गर्न नपर्ने
office ma new joiner lai training dinu parcha ra sabai le apna experience share garda dherai kura sikinchha,अफिसमा नयाँ जोइनरलाई ट्रेनिङ दिनु पर्छ र सबैले आफ्ना एक्सपीरियन्स शेयर गर्दा धेरै कुरा सिकिन्छ
school ko annual exam samma dherai padhnu parcha ra sathi haru sanga group study garera ramro result lyauna khojchhau,स्कूलको वार्षिक एक्जामसम्म धेरै पढ्नु पर्छ र साथीहरूसँग ग्रुप स्टडी गरेर राम्रो रिजल्ट ल्याउन खोज्छौं
college ma major subject ko class ma dherai interesting hunchha tara optional subject ma interest kam hunchha,कलेजमा मेजर सब्जेक्टको क्लासमा धेरै इन्टरेस्टिङ हुन्छ तर अप्सनल सब्जेक्टमा इन्टरेस्ट कम हुन्छ
hostel ma late night movie herera subha class miss garda regret hunchha tara feri repeat hunchha,होस्टेलमा लेट नाइट मुभी हेरेर बिहान क्लास मिस गर्दा रिग्रेट हुन्छ तर फेरि रिपिट हुन्छ
office ko break time ma sathi haru sanga chiya khayera daily life ko tension kam garne garchhau,अफिसको ब्रेक टाइममा साथीहरूसँग चिया खाएर डेली लाइफको टेन्सन कम गर्ने गर्छौं
bidyalaya ma principal le sabai student lai motivation dine bhanchan ra padhai ma dhyan dinu parcha bhanera,विद्यालयमा प्रिन्सिपलले सबै स्टुडेन्टलाई मोटिभेसन दिने भन्छन् र पढाइमा ध्यान दिनु पर्छ भनेर
college life ko sabai ramro pal haru sathi haru sanga bitauthe tara ab feri exam auna lageko cha,कलेज लाइफको सबै राम्रो पल हरू साथीहरूसँग बिताउँथे तर अब फेरि एक्जाम आउन लागेको छ
hostel warden sanga permission magera bahira jaada dherai sawal jawab hunchha ra gahro hunchha,होस्टेल वार्डेनसँग परमिसन मागेर बाहिर जाँदा धेरै सवाल जवाफ हुन्छ र गाह्रो हुन्छ
office ma team building activity garda sabai milera hasera khelne garchhau ra bonding ramro hunchha,अफिसमा टिम बिल्डिङ एक्टिभिटी गर्दा सबै मिलेर हाँसेर खेल्ने गर्छौं र बन्डिङ राम्रो हुन्छ
school ma teacher sanga personal problem share garda unile ramro salah dinuhunchha ra man khulcha,स्कूलमा टीचरसँग पर्सनल समस्या शेयर गर्दा उनीहरूले राम्रो सल्लाह दिनुहुन्छ र मन खुल्छ
college ko canteen ko khana khayera sathi haru sanga gossip garne bich ma time bitera class late hunchha,कलेजको क्यान्टिनको खाना खाएर साथीहरूसँग गसिप गर्ने बिचमा टाइम बितेर क्लास लेट हुन्छ
hostel ma sabai sathi haru milera birthday celebrate garda ramro mood hunchha ra sabai khusi hunchhan,होस्टेलमा सबै साथीहरू मिलेर बर्थडे सेलिब्रेट गर्दा राम्रो मूड हुन्छ र सबै खुसी हुन्छन्
office discussion ma future plan ko barema kura garda sabai le apna target share garchhan ra inspiration paauchhau,अफिस डिस्कसनमा फ्युचर प्लानको बारेमा कुरा गर्दा सबैले आफ्ना टार्गेट शेयर गर्छन् र इन्स्पिरेसन पाउँछौं
school ko picnic ma jaada sathi haru sanga dherai maja aaucha ra yaadgar din hunchha,स्कूलको पिकनिकमा जाँदा साथीहरूसँग धेरै मजा आउँछ र यादगार दिन हुन्छ
college ma assignment deadline auna lageko cha ra raati samma sathi haru sanga milera sakaaudai chhau,कलेजमा असाइनमेन्ट डेडलाइन आउन लागेको छ र राति सम्म साथीहरूसँग मिलेर सकाउँदै छौं
hostel ko bathroom ma queue dherai hunchha ra subha chhaito uthnu parcha nabhane late hunchha,होस्टेलको बाथरुममा क्यु धेरै हुन्छ र बिहान छिटो उठ्नु पर्छ नभने लेट हुन्छ
office ma boss le appreciation diye pachi motivation badhcha ra thap kaam garne ichchha hunchha,अफिसमा बॉसले अप्रिसिएसन दिएपछि मोटिभेसन बढ्छ र थप काम गर्ने इच्छा हुन्छ
school life ma har din naya kura sikaune ma ramro laagcha tara ab feri higher study ko tension aaucha,स्कूल लाइफमा हर दिन नयाँ कुरा सिकाउनेमा राम्रो लाग्छ तर अब फेरि हायर स्टडीको टेन्सन आउँछ
college ko lecture ma dhyan diyera note lekhera pachi ramro result aaune asha garchhu,कलेजको लेक्चरमा ध्यान दिएर नोट लेखेर पछि राम्रो रिजल्ट आउने आशा गर्छु
hostel ma sabai sathi haru sanga milera group photo khichera yaad rakhne garchhau,होस्टेलमा सबै साथीहरूसँग मिलेर ग्रुप फोटो खिचेर याद राख्ने गर्छौं
office ko colleague sanga experience share garda dherai kura bujhine ra kaam sajilo hunchha,अफिसको सहकर्मीसँग एक्सपीरियन्स शेयर गर्दा धेरै कुरा बुझिने र काम सजिलो हुन्छ
tiktok ma dance reel banaudai chhu tara step sikna garo bhayera dherai try garda pani viewers kam aaune bhayera frustration hunchha,टिकटकमा डान्स रिल बनाउँदै छु तर स्टेप सिक्न गाह्रो भएर धेरै ट्राई गर्दा पनि भ्युयर कम आउने भएर फ्रस्ट्रेसन हुन्छ
instagram reel ma funny video upload garepachi like aur comment dherai aaucha ra mood ramro hunchha,इन्स्टाग्राम रिलमा फन्नी भिडियो अपलोड गरेपछि लाइक र कमेन्ट धेरै आउँछ र मूड राम्रो हुन्छ
facebook ma purano school photo post garepachi dherai sathi haru le like gardai comment ma samjhana share garchhan,फेसबुकमा पुरानो स्कूल फोटो पोस्ट गरेपछि धेरै साथीहरूले लाइक गर्दै कमेन्टमा सम्झना शेयर गर्छन्
youtube vlog ma daily life ko routine dekhayera upload garda subscriber badhcha ra naya idea aaucha,युट्युब भ्लगमा डेली लाइफको रुटिन देखाएर अपलोड गर्दा सब्सक्राइबर बढ्छ र नयाँ आइडिया आउँछ
naya nepali movie herera dherai ramro laagyo tara hero ko acting ekdam natural thiyo ra end ma twist thiyo,नयाँ नेपाली मुभी हेरेर धेरै राम्रो लाग्यो तर हिरोको एक्टिङ एकदम नेचुरल थियो र एन्डमा ट्विस्ट थियो
tiktok trend follow garera lip sync video banaudai chhu tara audio sahi align hudaina ra multiple time record garnu parcha,टिकटक ट्रेन्ड फलो गरेर लिप सिङ्क भिडियो बनाउँदै छु तर अडियो सही अलाइन हुँदैन र मल्टिपल टाइम रेकर्ड गर्नु पर्छ
instagram story ma concert ko photo ra video post garepachi dherai manche haru le kaha ho bhanera sodhchhan,इन्स्टाग्राम स्टोरीमा कन्सर्टको फोटो र भिडियो पोस्ट गरेपछि धेरै मान्छेहरूले कहाँ हो भनेर सोध्छन्
facebook group ma movie review post garepachi sabai le apna apna opinion dine ra bahas suru hunchha,फेसबुक ग्रुपमा मुभी रिभ्यू पोस्ट गरेपछि सबैले आफ्ना आफ्ना ओपिनियन दिने र बहस सुरु हुन्छ
youtube ma music video herera favorite singer ko naya song sunera repeat ma sunne garchhu,युट्युबमा म्युजिक भिडियो हेरेर फेभरेट सिंगरको नयाँ गीत सुनेर रिपिटमा सुन्ने गर्छु
tiktok ma comedy skit banaudai chhu tara acting garna laj lagcha ra pahile dherai practice garnu parcha,टिकटकमा कमेडी स्किट बनाउँदै छु तर एक्टिङ गर्न लाज लाग्छ र पहिले धेरै प्राक्टिस गर्नु पर्छ
instagram reel ma makeup tutorial dekhayera try garda ramro aaudaina tara feri feri attempt garchhu,इन्स्टाग्राम रिलमा मेकअप ट्युटोरियल देखाएर ट्राई गर्दा राम्रो आउँदैन तर फेरि फेरि अटेम्प्ट गर्छु
facebook ma viral video share garepachi dherai like aaucha ra manche haru le tag gardai hasera hasera comment garchhan,फेसबुकमा भाइरल भिडियो शेयर गरेपछि धेरै लाइक आउँछ र मान्छेहरूले ट्याग गर्दै हाँसेर हाँसेर कमेन्ट गर्छन्
naya bollywood movie herera plot dherai predictable thiyo tara acting ra music ekdam ramro thiyo,नयाँ बलिउड मुभी हेरेर प्लट धेरै प्रेडिक्टेबल थियो तर एक्टिङ र म्युजिक एकदम राम्रो थियो
youtube vlog herera foreign desh ko travel inspiration paayera nepal mai trekking jaane plan banaudai chhu,युट्युब भ्लग हेरेर फरेन देशको ट्राभल इन्स्पिरेसन पाएर नेपालमै ट्रेकिङ जाने प्लान बनाउँदै छु
tiktok ma dance challenge join garepachi sathi haru sanga milera video banaudai chhau ra maja aaucha,टिकटकमा डान्स च्यालेन्ज जोइन गरेपछि साथीहरूसँग मिलेर भिडियो बनाउँदै छौं र मजा आउँछ
instagram ma celebrity gossip post herera hasne garchhu tara real life ma testo hudaina jasto lagcha,इन्स्टाग्राममा सेलिब्रिटी गसिप पोस्ट हेरेर हाँस्ने गर्छु तर रियल लाइफमा त्यस्तो हुँदैन जस्तो लाग्छ
facebook ma purano concert ko photo post gardai nostalgia feel hunchha ra comment ma sabai le samjhana share garchhan,फेसबुकमा पुरानो कन्सर्टको फोटो पोस्ट गर्दै नस्टाल्जिया फिल हुन्छ र कमेन्टमा सबैले सम्झना शेयर गर्छन्
youtube channel ma movie review garera upload garda dherai views aaucha ra subscriber badhcha,युट्युब च्यानलमा मुभी रिभ्यू गरेर अपलोड गर्दा धेरै भ्युज आउँछ र सब्सक्राइबर बढ्छ
tiktok ma trending audio use garera funny dialogue bolera video banaudai chhu tara timing sahi hunu parcha,टिकटकमा ट्रेन्डिङ अडियो यूज गरेर फन्नी डायलग बोलेर भिडियो बनाउँदै छु तर टाइमिङ सही हुनु पर्छ
instagram reel ma cooking recipe dekhayera ghar ma try garda mummy sanga milera banaudai chhau,इन्स्टाग्राम रिलमा कुकिङ रेसिपी देखाएर घरमा ट्राई गर्दा मम्मीसँग मिलेर बनाउँदै छौं
facebook live ma music sunayera audience sanga kura garda ramro interaction hunchha ra naya fan badhchhan,फेसबुक लाइभमा म्युजिक सुनाएर अडियन्ससँग कुरा गर्दा राम्रो इन्टर्याक्सन हुन्छ र नयाँ फ्यान बढ्छन्
naya nepali film ko trailer herera dherai excited bhaye tara full movie herne plan banaudai chhu,नयाँ नेपाली फिल्मको ट्रेलर हेरेर धेरै एक्साइटेड भए तर फुल मुभी हेर्ने प्लान बनाउँदै छु
youtube ma podcast herera motivation paayera naya reel idea sochne garchhu,युट्युबमा पोडकास्ट हेरेर मोटिभेसन पाएर नयाँ रिल आइडिया सोच्ने गर्छु
tiktok ma pet ko cute video upload garda dherai like aaucha ra sabai le share garchhan,टिकटकमा पेटको क्युट भिडियो अपलोड गर्दा धेरै लाइक आउँछ र सबैले शेयर गर्छन्
instagram ma travel reel herera nepal ko different place ghumna man lagcha ra plan banaudai chhu,इन्स्टाग्राममा ट्राभल रिल हेरेर नेपालको डिफरेन्ट प्लेस घुम्न मन लाग्छ र प्लान बनाउँदै छु
facebook ma old song share garepachi comment ma dherai manche haru le yaad aayo bhanchan,फेसबुकमा ओल्ड सङ शेयर गरेपछि कमेन्टमा धेरै मान्छेहरूले याद आयो भन्छन्
movie hall ma sathi haru sanga gayera horror film herda dherai darauna bhayo tara maja pani aayo,मुभी हलमा साथीहरूसँग गएर हरर फिल्म हेर्दा धेरै डराउन भयो तर मजा पनि आयो
youtube vlogger haru ko daily vlog herera uniharuko lifestyle ramro laagcha ra inspiration paauchhu,युट्युब भ्लगर हरूको डेली भ्लग हेरेर उनीहरूको लाइफस्टाइल राम्रो लाग्छ र इन्स्पिरेसन पाउँछु
tiktok trend ma participate garera naya friend haru banaudai chhu ra ramro network hunchha,टिकटक ट्रेन्डमा पार्टिसिपेट गरेर नयाँ साथीहरू बनाउँदै छु र राम्रो नेटवर्क हुन्छ
instagram reel ma fashion tip dekhayera afno style badalera photo khichne garchhu,इन्स्टाग्राम रिलमा फेसन टिप देखाएर आफ्नो स्टाइल बदलेर फोटो खिच्ने गर्छु
facebook post ma concert experience share garepachi dherai manche haru le kuna band thiyo bhanera sodhchhan,फेसबुक पोस्टमा कन्सर्ट एक्सपीरियन्स शेयर गरेपछि धेरै मान्छेहरूले कुन ब्यान्ड थियो भनेर सोध्छन्
naya song ko music video youtube ma herera lyrics sikaudai chhu ra repeat ma sunne garchhu,नयाँ गीतको म्युजिक भिडियो युट्युबमा हेरेर लिरिक्स सिकाउँदै छु र रिपिटमा सुन्ने गर्छु
tiktok ma acting reel banaudai chhu tara emotion sahi express garna practice dherai garnu parcha,टिकटकमा एक्टिङ रिल बनाउँदै छु तर इमोसन सही एक्सप्रेस गर्न प्राक्टिस धेरै गर्नु पर्छ
instagram ma celebrity interview reel herera uniharuko life story sunera inspired feel hunchha,इन्स्टाग्राममा सेलिब्रिटी इन्टरभ्यू रिल हेरेर उनीहरूको लाइफ स्टोरी सुनेर इन्स्पायर्ड फिल हुन्छ
facebook ma movie spoiler post nagarnu parcha bhanera bahas garda hasera hasera kura hunchha,फेसबुकमा मुभी स्पोइलर पोस्ट नगर्नु पर्छ भनेर बहस गर्दा हाँसेर हाँसेर कुरा हुन्छ
youtube short ma funny clips herera time bitcha ra padhai pani bhuliye,युट्युब शर्टमा फन्नी क्लिप्स हेरेर टाइम बित्छ र पढाइ पनि भुलिएँ
tiktok challenge complete garera video upload garda dherai support aaucha ra confidence badhcha,टिकटक च्यालेन्ज कम्प्लिट गरेर भिडियो अपलोड गर्दा धेरै सपोर्ट आउँछ र कन्फिडेन्स बढ्छ
instagram reel trend follow garera own twist add garda unique video bancha ra views badhcha,इन्स्टाग्राम रिल ट्रेन्ड फलो गरेर आफ्नो ट्विस्ट थप गर्दा युनिक भिडियो बन्छ र भ्युज बढ्छ
facebook ma family vlog share garda sabai le ramro comment dinchhan ra feeling good hunchha,फेसबुकमा फेमिली भ्लग शेयर गर्दा सबैले राम्रो कमेन्ट दिन्छन् र फिलिङ गुड हुन्छ
naya web series herera raati samma binge watch garda subha uthna garo hunchha tara katha dherai interesting thiyo,नयाँ वेब सिरिज हेरेर राति सम्म बिङ्ग वाच गर्दा बिहान उठ्न गाह्रो हुन्छ तर कथा धेरै इन्टरेस्टिङ थियो
youtube ma concert live recording herera jastai feel hunchha ra ghar mai maja aaucha,युट्युबमा कन्सर्ट लाइभ रेकर्डिङ हेरेर जस्तै फिल हुन्छ र घरमै मजा आउँछ
tiktok ma dueto video banaudai sathi sanga milera ramro chemistry aaucha ra views dherai aaucha,टिकटकमा डुएटो भिडियो बनाउँदै साथीसँग मिलेर राम्रो केमिस्ट्री आउँछ र भ्युज धेरै आउँछ
instagram story poll rakhda sabai le participate garchhan ra interesting result aaucha,इन्स्टाग्राम स्टोरी पोल राख्दा सबैले पार्टिसिपेट गर्छन् र इन्टरेस्टिङ रिजल्ट आउँछ
facebook ma old movie discussion group ma join bhayera dherai ramro review padhne garchhu,फेसबुकमा ओल्ड मुभी डिस्कसन ग्रुपमा जोइन भएर धेरै राम्रो रिभ्यू पढ्ने गर्छु
movie dialogue sikaera tiktok ma use garda dherai manche haru le recognize garchhan ra comment aaucha,मुभी डायलग सिकाएर टिकटकमा यूज गर्दा धेरै मान्छेहरूले रेकग्नाइज गर्छन् र कमेन्ट आउँछ
youtube vlog ma product review garera manche haru lai help garchhu ra naya brand ko offer pani paauchhu,युट्युब भ्लगमा प्रोडक्ट रिभ्यू गरेर मान्छेहरूलाई हेल्प गर्छु र नयाँ ब्रान्डको अफर पनि पाउँछु
tiktok ma motivational speech clip banaudai chhu tara afno experience share garda ramro response aaucha,टिकटकमा मोटिभेसनल स्पिच क्लिप बनाउँदै छु तर आफ्नो एक्सपीरियन्स शेयर गर्दा राम्रो रेस्पोन्स आउँछ
instagram reel ma book review garera recommend garda dherai sathi haru le padhne bhanchan,इन्स्टाग्राम रिलमा बुक रिभ्यू गरेर रेकमेन्ड गर्दा धेरै साथीहरूले पढ्ने भन्छन्
facebook ma live concert stream herera jastai feel bhayo ra ghar bata nai maja liye,फेसबुकमा लाइभ कन्सर्ट स्ट्रीम हेरेर जस्तै फिल भयो र घरबाट नै मजा लियौं
dashain ko samaya ma gaun gayera kaka haru sanga tika lagayera jamara pani liyera dherai khusi bhaye,दशैंको समयमा गाउँ गएर काका हरूसँग टिका लगाएर जमरा पनि लिएर धेरै खुसी भएँ
tihar ma ghar ghar ma diyo bali ra rangoli banaudai bhai tika lagaaudai sabai milera ramro manauchhau,तिहारमा घर घरमा दियो बालि र रङ्गोली बनाउँदै भाइ टिका लगाउँदै सबै मिलेर राम्रो मनाउँछौं
holi ko melama rang haru lagayera sathi haru sanga nachera paani khelera ekdam maja aayo,होलीको मेलामा रङ्ग हरू लगाएर साथीहरूसँग नाचेर पानी खेलेर एकदम मजा आयो
bihe ko maas ma mandap maata ra janti haru aayera dherai dhamaka bhayo ra rat bhar nach gaaune bhayo,बिहेको महिनामा मण्डप माता र जन्तीहरू आएर धेरै धमाका भयो र रात भर नाच गाउने भयो
temple ma puja garera man ko ichchha pura hune asha garchhu ra prasad pani liyera farkiye,मन्दिरमा पुजा गरेर मनको इच्छा पूरा हुने आशा गर्छु र प्रसाद पनि लिएर फर्किएँ
dashain ma ghumaune punga khelne ra kites udaaudai dherai maja aaucha tara ek kisim ko chot pani lagcha,दशैंमा घुमाउने पुंगा खेल्ने र काइट्स उडाउँदै धेरै मजा आउँछ तर एक किसिमको चोट पनि लाग्छ
tihar ko laxmi puja ma ghar safai gari diyo raakhera dhup bali sabai khusi khusi hunchhan,तिहारको लक्ष्मी पुजामा घर सफाइ गरी दियो राखेर धूप बालि सबै खुसी खुसी हुन्छन्
holi parda sabai le rang ko khela khelera ek arko lai hasaaudai ramro sanga manauchhan,होली पर्दा सबैले रङ्गको खेल खेलेर एक अर्कोलाई हँसाउँदै राम्रोसँग मनाउँछन्
bihe ko janti ma jhyauure ra lok geet gaaudai nachda raati samma maja le bitayo,बिहेको जन्तीमा झ्याउरे र लोक गीत गाउँदै नाच्दा राति सम्म मजाले बितायो
pashupatinath temple jaera shiv ko darshan garda manma dherai shanti paauchhu ra puja pani gare,पशुपतिनाथ मन्दिर गएर शिवको दर्शन गर्दा मनमा धेरै शान्ति पाउँछु र पुजा पनि गरे
dashain ko tika ko din ma sabai daju bhai didi bahini jamma bhayera asirbad liyera khana khaye,दशैंको टिकाको दिनमा सबै दाजुभाई दिदीबहिनी जम्मा भएर आशीर्वाद लिएर खाना खाएँ
tihar ma kukur puja garera kukur lai tika ra mala lagaaudai uniharulai pani khana diye,तिहारमा कुकुर पुजा गरेर कुकुरलाई टिका र माला लगाउँदै उनीहरूलाई पनि खाना दिएँ
holi ma rang lagaayera photo khichda dherai ramailo bhayo ra feri barsa samma yaad aaucha,होलीमा रङ्ग लगाएर फोटो खिच्दा धेरै रमाइलो भयो र फेरि बर्षासम्म याद आउँछ
bihe ma kanyadan ra feri vivah ko ritual sabai pura garda dherai bhaari pani laagcha,बिहेमा कन्यादान र फेरि विवाहको रिच्युअल सबै पूरा गर्दा धेरै भारी पनि लाग्छ
gaun ko temple ma jatra hunchha ra sabai manche haru milera bhajan kirtan garchhan ra maja aaucha,गाउँको मन्दिरमा जात्रा हुन्छ र सबै मान्छेहरू मिलेर भजन कीर्तन गर्छन् र मजा आउँछ
dashain ma khasi ko masu khayera raati samma sathi haru sanga kura garda samaya bitcha,दशैंमा खसीको मासु खाएर राति सम्म साथीहरूसँग कुरा गर्दा समय बित्छ
tihar ma bhailo deusi khelera ghar ghar ma gaye ra paisa ra mithai sangalchhau,तिहारमा भैलो देउसी खेलेर घर घरमा गएर पैसा र मिठाई सङ्गाल्छौं
holi ko din ma sabai le ek arko sanga ramro sanga khelne ra pachi safai pani garne,होलीको दिनमा सबैले एक अर्कोसँग राम्रोसँग खेल्ने र पछि सफाइ पनि गर्ने
bihe ko lagan herera date fix garepachi dherai khusi bhayera preparation suru bhayo,बिहेको लगन हेरेर डेट फिक्स गरेपछि धेरै खुसी भएर प्रिपरेशन सुरु भयो
swayambhunath temple ma ghumera buddha ko murti herda dherai shanti feel hunchha,स्वयम्भूनाथ मन्दिरमा घुमेर बुद्धको मूर्ति हेर्दा धेरै शान्ति फिल हुन्छ
dashain vacation ma gaun ma basera kheti herne ra purano sathi haru sanga milera maja liye,दशैंको बिदामा गाउँमा बसेर खेती हेर्ने र पुराना साथीहरूसँग मिलेर मजा लियौं
tihar ko bhai tika ko din ma bahini le bhai lai tika lagayera asirbad dine ra mithai khane,तिहारको भाइ टिकाको दिनमा बहिनीले भाइलाई टिका लगाएर आशीर्वाद दिने र मिठाई खाने
holi pachi sabai ko kapada rangiye ra dhuna garo bhayo tara hasera hasera safai garyau,होलीपछि सबैको कपडा रङ्गिए र धुन गाह्रो भयो तर हाँसेर हाँसेर सफाइ गर्‍यौं
bihe ma janti aayera dhol bajaudai jhyauure nachda pura gaun le herne bhayo,बिहेमा जन्ती आएर ढोल बजाउँदै झ्याउरे नाच्दा पुरा गाउँले हेर्ने भयो
temple visit garera bholi ko barema sodhda pandit ji le ramro upaya batauna bhayo,मन्दिर भिजिट गरेर भोलिको बारेमा सोध्दा पण्डित जीले राम्रो उपाय बताउनु भयो
dashain ma patta pheri khelne ra ghumaune khel da sabai bachha haru dherai khusi hunchhan,दशैंमा पट्टा फेरी खेल्ने र घुमाउने खेल्दा सबै बच्चाहरू धेरै खुसी हुन्छन्
tihar ma gai ko puja garera uniharulai ghar ko aagana ma sajayera puja garchhau,तिहारमा गाईको पुजा गरेर उनीहरूलाई घरको आँगनमा सजाएर पुजा गर्छौं
holi ma abir ra rang ko khela khelera pura sarir rangiye ra nachne garchhau,होलीमा अबिर र रङ्गको खेल खेलेर पुरा शरीर रङ्गिए र नाच्ने गर्छौं
bihe ko reception ma sabai le photo khichera ra dance floor ma nachera dherai maja liye,बिहेको रिसेप्सनमा सबैले फोटो खिचेर र डान्स फ्लोरमा नाचेर धेरै मजा लियौं
bouddha temple jaera peace feel garera dherai bel samma basera mana shanti paaune garchhu,बौद्ध मन्दिर गएर पिस फिल गरेर धेरै बेलसम्म बसेर मन शान्ति पाउने गर्छु
dashain ko chhuti ma mummy le khasi ko masu pakayera sabai lai khwaaudai dherai khusi hunuhunchha,दशैंको छुट्टीमा मम्मीले खसीको मासु पकाएर सबैलाई खुवाउँदै धेरै खुसी हुनुहुन्छ
tihar ma sagun dinu ra liyera ghar ghar ma ramro kura garne parampara ramro laagcha,तिहारमा सगुन दिनु र लिएर घर घरमा राम्रो कुरा गर्ने परम्परा राम्रो लाग्छ
holi ko festival ma college sathi haru sanga milera rang khelera dherai ramailo din bitayo,होलीको फेस्टिभलमा कलेज साथीहरूसँग मिलेर रङ्ग खेलेर धेरै रमाइलो दिन बितायो
bihe ma vidai ko bela ma aankha ma aansu aaucha tara nayo ghar ko shubhakamana pani dinchhan,बिहेमा विदाईको बेलामा आँखामा आँसु आउँछ तर नयाँ घरको शुभकामना पनि दिन्छन्
kathmandu ko guhyeshwari temple ma puja garera aayera man ma dherai shakti feel bhayo,काठमाडौंको गुह्येश्वरी मन्दिरमा पुजा गरेर आएर मनमा धेरै शक्ति फिल भयो
dashain ma tika lagda bada haru le asirbad dinuhunchha ra dherai paisa pani paauchhau,दशैंमा टिका लग्दा बडाहरूले आशीर्वाद दिनुहुन्छ र धेरै पैसा पनि पाउँछौं
tihar ma yamraj ko puja pani hunchha ra yama ra dip dan garera unko samman garchhau,तिहारमा यमराजको पुजा पनि हुन्छ र यम र दीप दान गरेर उनको सम्मान गर्छौं
holi ma sabai samudaya milera khelne ra hasne parampara le ekata badhaucha,होलीमा सबै समुदाय मिलेर खेल्ने र हाँस्ने परम्पराले एकता बढाउँछ
bihe ko sagun ma sagun ko thaali sajayera ramro ramro kura bolne ra ashirbad liyau,बिहेको सगुनमा सगुनको थाली सजाएर राम्रो राम्रो कुरा बोल्ने र आशीर्वाद लियौं
temple ma bhajan sunera man prafulla hunchha ra daily life ko tension kam hunchha,मन्दिरमा भजन सुनेर मन प्रफुल्ल हुन्छ र डेली लाइफको टेन्सन कम हुन्छ
dashain tika ko din ma ghar ko sabai jana ek thau ma basera khana khayera kura garchhau,दशैं टिकाको दिनमा घरको सबै जना एक ठाउँमा बसेर खाना खाएर कुरा गर्छौं
tihar ko bela ma pataka bali ra light haru jali sabai ghar sajine ra sundar dekhincha,तिहारको बेलामा पटाका बालि र लाइटहरू जाली सबै घर सजिने र सुन्दर देखिन्छ
holi ma rang khelera pachi nahayera safai garne ra thakai pani lagcha tara khusi hunchha,होलीमा रङ्ग खेलेर पछि नुहाएर सफाइ गर्ने र थकाई पनि लाग्छ तर खुसी हुन्छ
bihe ma mehendi lagayera sathi haru sanga hasera khelera dherai maja aaucha,बिहेमा मेहन्दी लगाएर साथीहरूसँग हाँसेर खेलेर धेरै मजा आउँछ
budhanilkantha temple jaera vishnu ko murti herda dherai biswas badhcha,बुधनीलकण्ठ मन्दिर गएर विष्णुको मूर्ति हेर्दा धेरै विश्वास बढ्छ
dashain ma jiu pareko bela ma sathi haru sanga purano kura samjhera hasne garchhau,दशैंमा जीउ परेको बेलामा साथीहरूसँग पुरानो कुरा सम्झेर हाँस्ने गर्छौं
tihar ko rat ma deusi bhailo ma geet gaaudai paisa sangalne dherai purano ramailo kura ho,तिहारको रातमा देउसी भैलोमा गीत गाउँदै पैसा सङ्गाल्ने धेरै पुरानो रमाइलो कुरा हो
holi pachi kapada dhuna ra ghar safai garne kaam dherai hunchha tara sabai milera garne,होलीपछि कपडा धुन र घर सफाइ गर्ने काम धेरै हुन्छ तर सबै मिलेर गर्ने
bihe ko baraat aayera dhol bajaudai nachda pura bato ma maja aaucha,बिहेको बारात आएर ढोल बजाउँदै नाच्दा पुरा बाटोमा मजा आउँछ
temple visit pachi prasad liyera ghar farkera sabai sanga share garne garchhau,मन्दिर भिजिटपछि प्रसाद लिएर घर फर्केर सबैसँग शेयर गर्ने गर्छौं
dashain tihar pachi feri routine life ma farkinu parcha tara yaad haru sath mai hunchhan,दशैं तिहारपछि फेरि रुटिन लाइफमा फर्किनु पर्छ तर यादहरू साथमै हुन्छन्
kheti garne manche haru le barsa sahi samaya ma nabhayera dherai tension linu pareko cha ra fasal ko utpadan ghatdai chha,खेती गर्ने मान्छेहरूले बर्षा सही समयमा नभएर धेरै टेन्सन लिनु परेको छ र फसलको उत्पादन घट्दै छ
climate change le garmi badhaera paani ko pani kami huna thaleko cha ra kheti ma dherai problem aauna thaleko cha,क्लाइमेट चेन्जले गर्मी बढाएर पानीको पनि कमी हुन थालेको छ र खेतीमा धेरै समस्या आउन थालेको छ
barsat ko mausam ma nadi haru ubherera badi aayera khet ko fasal sabai bahayera lagyo,बर्षातको मौसममा नदीहरू उब्रेर बाढी आएर खेतको फसल सबै बगाएर लग्यो
bhukamp aayera ghar haru dhalaera kheti garne manche haru ko jivan dherai garo bhayo ra sahayog ko khacho cha,भूकम्प आएर घरहरू ढालेर खेती गर्ने मान्छेहरूको जीवन धेरै गाह्रो भयो र सहयोगको खाँचो छ
weather herera kheti ko kaam garne manche haru le barsa ko yojana banauna garo pareko cha ra fasal bigrinchha,वेदर हेरेर खेतीको काम गर्ने मान्छेहरूले बर्षाको योजना बनाउन गाह्रो परेको छ र फसल बिग्रिन्छ
himali kshetra ma hiu pherne raati dherai chiso hunchha ra kheti garna garo bhayera manche haru le chinta garchhan,हिमाली क्षेत्रमा हिउँ पर्ने राति धेरै चिसो हुन्छ र खेती गर्न गाह्रो भएर मान्छेहरूले चिन्ता गर्छन्
badi aayera khet ko mati bahayera lagyo ra ab feri naya fasal ropna dherai paisa kharcha hunchha,बाढी आएर खेतको माटो बगाएर लग्यो र अब फेरि नयाँ फसल रोप्न धेरै पैसा खर्च हुन्छ
climate change ko karan le mausam ko pattern badaliyo ra kheti garne haru lai naya tarika sikauna parcha,क्लाइमेट चेन्जको कारणले मौसमको प्याटर्न बद्लियो र खेती गर्नेहरूलाई नयाँ तरिका सिकाउनु पर्छ
gaun ma barsa nabhayera sukha pareko cha ra khet ma paani nabhayera dhan ko fasal sukhera gayo,गाउँमा बर्षा नभएर सुखा परेको छ र खेतमा पानी नभएर धानको फसल सुकेर गयो
prakatik bipatti ma bhukamp ra badi dherai aaune bhayera kheti garne manche haru le insurance garna suru gareka chhan,प्राकृतिक बिपत्तिमा भूकम्प र बाढी धेरै आउने भएर खेती गर्ने मान्छेहरूले इन्स्योरेन्स गर्न सुरु गरेका छन्
khet ma sinchai ko byabastha nabhayera barsa ko aas ma basne manche haru le gahro manira chhan,खेतमा सिञ्चाईको व्यवस्था नभएर बर्षाको आशमा बस्ने मान्छेहरूले गाह्रो मानेर छन्
mausam badliyo ra aakasmik barsa le khet ko bali bigaaryo ra kisan haru le dukh manauchhan,मौसम बद्लियो र आकस्मिक बर्षाले खेतको बाली बिगार्यो र किसानहरूले दुःख मनाउँछन्
bhukamp pachi gaun ko kheti garne jagga ma daram pareko cha ra ab feri ropi halna garo hunchha,भूकम्पपछि गाउँको खेती गर्ने जग्गामा दराम परेको छ र अब फेरि रोपी हाल्न गाह्रो हुन्छ
badi le sadak ra khet dui tai bigaaryo ra abhi samma relief ko wait ma chhan kisan haru,बाढीले सडक र खेत दुवै बिगार्यो र अहिले सम्म रिलिफको वेटमा छन् किसानहरू
climate change le jadai barsa nabhayera garmi badhda kheti ko utpadan ghatdai chha ra chinta badhchha,क्लाइमेट चेन्जले जाडै बर्षा नभएर गर्मी बढ्दा खेतीको उत्पादन घट्दै छ र चिन्ता बढ्छ
kheti garne samaya ma mausam le support nagarda dherai mehenat pani khera hunchha ra fasal kam hunchha,खेती गर्ने समयमा मौसमले सपोर्ट नगर्दा धेरै मेहनत पनि खेरा हुन्छ र फसल कम हुन्छ
barsat ma dherai barsa bhayera khet dubera fasal sabai nas bhayo ra ab feri loan lina parcha,बर्षातमा धेरै बर्षा भएर खेत डुबेर फसल सबै नास भयो र अब फेरि लोन लिनु पर्छ
prakatik bipatti pachi sarkar le sahayog dinu parcha bhanera kisan haru le awaz uthaaudai chhan,प्राकृतिक बिपत्तिपछि सरकारले सहयोग दिनु पर्छ भनेर किसानहरूले आवाज उठाउँदै छन्
hiu pheri pachi kheti garna garo hunchha ra manche haru le ghar mai basera wait garne garchhan,हिउँ परेपछि खेती गर्न गाह्रो हुन्छ र मान्छेहरूले घरमै बसेर वेट गर्ने गर्छन्
badi aayera ghar ko aagana samma paani pugyo ra kheti ko sabai bali bahi gayo,बाढी आएर घरको आँगनसम्म पानी पुग्यो र खेतीको सबै बाली बगि गयो
climate change barema kura garda kisan haru le naya fasal ra tarika prayog garna suru gareka chhan,क्लाइमेट चेन्जको बारेमा कुरा गर्दा किसानहरूले नयाँ फसल र तरिका प्रयोग गर्न सुरु गरेका छन्
mausam ko aakalan sahi nabhayera kheti ko planning bigriyo ra ab feri naya season ko wait garnu parcha,मौसमको आकलन सही नभएर खेतीको प्लानिङ बिग्रियो र अब फेरि नयाँ सिजनको वेट गर्नु पर्छ
bhukamp le hill ko khet ma dherai chheuchheu pareko cha ra ab kheti garna risk hunchha,भूकम्पले पहाडको खेतमा धेरै चेर्पट परेको छ र अब खेती गर्न रिस्क हुन्छ
barsa kam bhayera sukha le kheti ma dherai nuksan bhayo ra kisan haru le paani ko khoj garchhan,बर्षा कम भएर सुखाले खेतीमा धेरै नोक्सान भयो र किसानहरूले पानीको खोज गर्छन्
natural disaster ma sabai bhanda dherai kheti garne manche haru le nuksan byahorne garchhan,नेचुरल डिजास्टरमा सबैभन्दा धेरै खेती गर्ने मान्छेहरूले नोक्सान बेहोर्ने गर्छन्
khet ma sinchai ko nal haru badi le bigaaryo ra ab feri naya nal banauna parcha,खेतमा सिञ्चाईको नालहरू बाढीले बिगार्यो र अब फेरि नयाँ नाल बनाउनु पर्छ
climate change ko asar le jadai pani barsa nabhayera winter crop pani bigriyo,क्लाइमेट चेन्जको असरले जाडै पनि बर्षा नभएर विन्टर क्रप पनि बिग्रियो
gaun ma bhukamp ko dar le manche haru le kheti garna pani hesitation garchhan ra tension ma chhan,गाउँमा भूकम्पको डरले मान्छेहरूले खेती गर्न पनि हिचकिचाउँछन् र टेन्सनमा छन्
barsat ko mausam suru huna lageko cha tara yo barsa pani sahi hola ki nabhola bhanne chinta cha,बर्षातको मौसम सुरु हुन लागेको छ तर यो बर्षा पनि सही होला कि नभोला भन्ने चिन्ता छ
badi pachi sarkari sahayog naaunujel kisan haru le aphai milera khet safai garchhan,बाढीपछि सरकारी सहयोग नआउञ्जेल किसानहरूले आफै मिलेर खेत सफाइ गर्छन्
kheti ko samasya barema kura garda mausam le dherai asar garchha ra naya technology chahiyo,खेतीको समस्या बारेमा कुरा गर्दा मौसमले धेरै असर गर्छ र नयाँ टेक्नोलोजी चाहियो
himal ma hiu dherai pareko cha tara terai ma pani nabhayera fasal sukhera gayo,हिमालमा हिउँ धेरै परेको छ तर तराईमा पानी नभएर फसल सुकेर गयो
prakatik bipatti ko samaya ma kheti garne haru sabai bhanda jyada marmahat hunchhan,प्राकृतिक बिपत्तिको समयमा खेती गर्नेहरू सबैभन्दा बढी मर्माहत हुन्छन्
barsa dherai bhayera khet ma pani jamma bhayo ra dhan ropnai garo bhayo,बर्षा धेरै भएर खेतमा पानी जम्मा भयो र धान रोप्नै गाह्रो भयो
climate change le long term ma kheti ko future bigaarne chha ra abai naya plan chahiyo,क्लाइमेट चेन्जले लङ टर्ममा खेतीको फ्युचर बिगार्ने छ र अबै नयाँ प्लान चाहियो
bhukamp pachi jagga ko fertility ghatyo ra fasal ko utpadan pani kami bhayo,भूकम्पपछि जग्गाको फर्टिलिटी घट्यो र फसलको उत्पादन पनि कम भयो
mausam app herera kheti ko kaam plan garne garchhau tara real mausam alag hunchha,मौसम एप हेरेर खेतीको काम प्लान गर्ने गर्छौं तर रियल मौसम अलग हुन्छ
badi le khet ko mati nas gardai chha ra naya mati lyauna pani garo hunchha,बाढीले खेतको माटो नास गर्दै छ र नयाँ माटो ल्याउन पनि गाह्रो हुन्छ
kisan haru le climate change barema sikaera naya fasal ropna suru gareka chhan,किसानहरूले क्लाइमेट चेन्जको बारेमा सिकेर नयाँ फसल रोप्न सुरु गरेका छन्
barsa nabhayera sukha le kheti ma dherai nuksan bhayo ra ab paani ko wait ma basne garchhau,बर्षा नभएर सुखाले खेतीमा धेरै नोक्सान भयो र अब पानीको वेटमा बस्ने गर्छौं
natural disaster pachi relief material aauna dherai deri hunchha ra kheti garne haru le garo byahorne garchhan,नेचुरल डिजास्टरपछि रिलिफ मटेरियल आउन धेरै ढेरि हुन्छ र खेती गर्नेहरूले गाह्रो बेहोर्ने गर्छन्
gaun ko kheti ma irrigation system nabhayera barsa ko aas mai basne abastha cha,गाउँको खेतीमा इरिगेसन सिस्टम नभएर बर्षाको आशमै बस्ने अवस्था छ
bhukamp le hill side ko khet haru khasne bhayera ab kheti garna risk badhiyo,भूकम्पले हिल साइडको खेतहरू खस्ने भएर अब खेती गर्न रिस्क बढ्यो
barsat ma dherai barsa le khet dubera fasal nas bhayo ra ab feri ropi halna parcha,बर्षातमा धेरै बर्षाले खेत डुबेर फसल नास भयो र अब फेरि रोपी हाल्नु पर्छ
climate change le mausam ko anuman garna garo pareko cha ra kisan haru le chinta liera chhan,क्लाइमेट चेन्जले मौसमको अनुमान गर्न गाह्रो परेको छ र किसानहरूले चिन्ता लिएर छन्
kheti ko samasya solve garna sarkar le naya yojana lyauna parcha ra sahayog dinu parcha,खेतीको समस्या सोल्भ गर्न सरकारले नयाँ योजना ल्याउनु पर्छ र सहयोग दिनु पर्छ
badi pachi khet ma deposit bhako giti ra mal le fasal lai nuksan puryaucha,बाढीपछि खेतमा डिपोजिट भएको गिटी र मलले फसललाई नोक्सान पुर्‍याउँछ
mausam herera kheti garne manche haru le dherai mehenat garchhan tara result sahi hudaina,मौसम हेरेर खेती गर्ने मान्छेहरूले धेरै मेहनत गर्छन् तर रिजल्ट सही हुँदैन
prakatik bipatti ko asar le gaun ko economy pani dherai kharab bhayo,प्राकृतिक बिपत्तिको असरले गाउँको इकोनोमी पनि धेरै खराब भयो
barsa sahi samaya ma nabhayera dhan ko fasal sukhera gayo ra abhi samma paani ko intezar garchhau,बर्षा सही समयमा नभएर धानको फसल सुकेर गयो र अहिले सम्म पानीको इन्टेजार गर्छौं
climate change ra kheti ko barema bahas garda sabai le naya tarika khojna thaleka chhan,क्लाइमेट चेन्ज र खेतीको बारेमा बहस गर्दा सबैले नयाँ तरिका खोज्न थालेका छन्
aaja bihaana dormitory ko kitchen ma khusi le daal bhaat pakaaudaa thiyo tara gas cylinder khali bhayekole sabai jana le restaurant jaane plan banaaye,आज बिहान डर्माइटोरीको किचनमा खुसीले दाल भात पकाउँदै थियो तर ग्यास सिलिन्डर खाली भएकाले सबै जनाले रेस्टुराँ जाने योजना बनाए
sanad ma lekhieko niti haru kaagaj ma matra seemit raheko chha ra sadharan janata le aafno hak adhikar ka lagi sangharsha gariraaheko paaincha,सन्दर्भमा लेखिएका नीतिहरू कागजमा मात्र सीमित रहेका छन् र साधारण जनताले आफ्नो हकअधिकारका लागि सङ्घर्ष गरिरहेको पाइन्छ
tiktok ma viral bhayeko video herera dherai jana le comment section ma aafno bichar raayaa rakhda rakhda ek arka sanga bahas chaldai cha,टिकटकमा भाइरल भएको भिडियो हेरेर धेरै जनाले टिप्पणी खण्डमा आफ्नो विचार राख्दा राख्दै एक अर्कासँग बहस चल्दै छ
final examination ko preparation garna ko lagi library ma din raat ekai thau basera padhnu parchha ra raat ko khaana pani sanga sanga chhuto bhayo,अन्तिम परीक्षाको तयारी गर्नका लागि पुस्तकालयमा दिनरात एकै ठाउँ बसेर पढ्नु पर्छ र रातको खाना पनि सँगसँगै छुट्यो
aashad ko paatlo paani le khet ma ropieko dhanaabali ramrosanga badaaunai chha tara kisan haru le aashanka gariraaheko chha ki baadha aauna sakcha,असारको पातलो पानीले खेतमा रोपिएको धानबाली राम्रोसँग बढाउँदै छ तर किसानहरूले आशङ्का गरिरहेका छन् कि बाढी आउन सक्छ
maaile aafno buharaai sanga kura gardaa usle bhane ki ghar ko jimmevari eklai lina gaarho bhayo ra aafno saas sanga pani milna gaarho cha,मैले आफ्नो बुहारीसँग कुरा गर्दा उसले भनि कि घरको जिम्मेवारी एक्लै लिन गाह्रो भयो र आफ्नो सासूसँग पनि मिल्न गाह्रो छ
daddi le aafno chhora lai college ma padhna pathaauna ko lagi dherai mehenat garnu pariraaheko chha tara chhora le chai mobile ma time bitaairaaheko chha,बाबुले आफ्नो छोरालाई क्याम्पसमा पढ्न पठाउनका लागि धेरै मेहेनत गरिरहेका छन् तर छोराले चाहिँ मोबाइलमा समय बिताइरहेको छ
office ma boss le deadline dina thalaa raheko chha tara kamdaar haru le aafno kaam poora garna na sakera aafno man ma darr maaaniraaheko chha,कार्यालयमा मालिकले डेडलाइन दिन थालेका छन् तर कर्मचारीहरूले आफ्नो काम पूरा गर्न नसकेर आफ्नो मनमा डर मानिरहेका छन्
gaaun ko baaato ma jaada jaada maati ko baato le garda gaadi chaldauna dherai gaarho bhayo ra yatraa le pani lamo samay liyo,गाउँको बाटोमा जाँदा जाँदा माटोको बाटोले गर्दा गाडी चलाउन धेरै गाह्रो भयो र यात्राले पनि लामो समय लियो
dashain ko bela sabai parivaar ekai thau jamma bhayera aafna aafna katha sunaaunai garchhan ra mero man ma dherai khusi ko anubhuti hunchha,दशैंको बेला सबै परिवार एकै ठाउँ जम्मा भएर आफ्नो आफ्नो कथा सुनाउँदै गर्छन् र मेरो मनमा धेरै खुसीको अनुभूति हुन्छ
hospital ko emergency ward ma biraami haru lai herne daaktar haru ko thakaa pani dekhda raat ko neendra pani aaudaina ra din bhar kaam garnu parchha,अस्पतालको आपतकालीन वार्डमा बिरामीहरूलाई हेर्ने डाक्टरहरूको थाकाइ पनि देख्दा रातको निन्द्रा पनि आउँदैन र दिनभर काम गर्नु पर्छ
sarkari office ma jaada file haru ko dherai lamo line ma basera aafno kaam garna parchha ra gardaa garda samay nayaai bhaairaaheko chha,सरकारी कार्यालयमा जाँदा फाइलहरूको धेरै लामो लाइनमा बसेर आफ्नो काम गर्न पर्छ र गर्दा गर्दा समय नै बित्दै छ
aafno dushman le garda ghar ko shanti bigryeko chha tara pani hami le aafno man lai shaant raakhnu parchha ra kasai lai dosh dinu hudaina,आफ्नो दुश्मनले गर्दा घरको शान्ति बिग्रिएको छ तर पनि हामीले आफ्नो मनलाई शान्त राख्नु पर्छ र कसैलाई दोष दिनु हुँदैन
college ko campus ma student haru le aafna aafna group banaayera project ko kaam gardai chhan ra kati jana le chai aafno bichar dekhaurai chhan,कलेजको क्याम्पसमा विद्यार्थीहरूले आफ्नो आफ्नो समूह बनाएर प्रोजेक्टको काम गर्दै छन् र कति जनाले चाहिँ आफ्नो विचार देखाउँदै छन्
ghar ma buharaai le daal bhaat pakaaudaa thiyo tara aafno sasu le gardaa usko haat ma jal bhayo ra dherai dukhi bhaini,घरमा बुहारीले दाल भात पकाउँदै थियो तर आफ्नो सासूले गर्दा उसको हातमा जल भयो र धेरै दुखी भइन्
mero sathi le aafno jindagi ko baarema dherai katha garchha tara mero man ma chai aafno bhavishya ko barema sochda sochda din bitdai cha,मेरो साथीले आफ्नो जीवनको बारेमा धेरै कथा गर्छ तर मेरो मनमा चाहिँ आफ्नो भविष्यको बारेमा सोच्दा सोच्दै दिन बित्दै छ
paahad ko gaun ma bijuli ko samasya dherai badhdai cha ra kisan haru le aafno khet ma paani halna pump chalauna sakdainan,पहाडको गाउँमा बिजुलीको समस्या धेरै बढ्दै छ र किसानहरूले आफ्नो खेतमा पानी हाल्न पम्प चलाउन सक्दैनन्
railway station ma train aaudaina bhannera sabai yatri haru le platform ma bhaagdaina pariraaheko chha ra kati jana le chai gadi chadna pariraaheko chha,रेल्वे स्टेसनमा ट्रेन आउँदैन भन्दै सबै यात्रीहरूले प्लेटफर्ममा भाग्नु परिरहेको छ र कति जनाले चाहिँ गाडी चढ्नु परिरहेको छ
market ma jana le saman kinna jaada daam dherai badheko chha ra aafno budget bhitra ma kaam chalaauna dherai gaarho bhairaaheko chha,बजारमा जानुले सामान किन्न जाँदा दाम धेरै बढेको छ र आफ्नो बजेट भित्रमा काम चलाउन धेरै गाह्रो भइरहेको छ
aafno sathi ko bihe ko lagi dherai taiyari gariraaheko chha tara pani aafno kaam ko bojh le garda man ma shanti chaina,आफ्नो साथीको बिहेका लागि धेरै तयारी गरिरहेका छन् तर पनि आफ्नो कामको बोझले गर्दा मनमा शान्ति छैन
school ko teacher le class ma padhaaudaa kati jana bachha haru le dhyan diiraaheko chhan tara kati jana le chai mobile ma game kheliraaheko chhan,विद्यालयको शिक्षकले कक्षामा पढाउँदा कति जना बच्चाहरूले ध्यान दिइरहेका छन् तर कति जनाले चाहिँ मोबाइलमा गेम खेलिरहेका छन्
aafno buharaai sanga kura gardaa usle bhane ki ghar ko jimmevari eklai lina gaarho bhayo ra aafno saas sanga pani milna gaarho cha,आफ्नो बुहारीसँग कुरा गर्दा उसले भनि कि घरको जिम्मेवारी एक्लै लिन गाह्रो भयो र आफ्नो सासूसँग पनि मिल्न गाह्रो छ
daddi le aafno chhora lai college ma padhna pathaauna ko lagi dherai mehenat garnu pariraaheko chha tara chhora le chai mobile ma time bitaairaaheko chha,बाबुले आफ्नो छोरालाई क्याम्पसमा पढ्न पठाउनका लागि धेरै मेहेनत गरिरहेका छन् तर छोराले चाहिँ मोबाइलमा समय बिताइरहेको छ
office ma boss le deadline dina thalaa raheko chha tara kamdaar haru le aafno kaam poora garna na sakera aafno man ma darr maaaniraaheko chha,कार्यालयमा मालिकले डेडलाइन दिन थालेका छन् तर कर्मचारीहरूले आफ्नो काम पूरा गर्न नसकेर आफ्नो मनमा डर मानिरहेका छन्
gaaun ko baaato ma jaada jaada maati ko baato le garda gaadi chaldauna dherai gaarho bhayo ra yatraa le pani lamo samay liyo,गाउँको बाटोमा जाँदा जाँदा माटोको बाटोले गर्दा गाडी चलाउन धेरै गाह्रो भयो र यात्राले पनि लामो समय लियो
dashain ko bela sabai parivaar ekai thau jamma bhayera aafna aafna katha sunaaunai garchhan ra mero man ma dherai khusi ko anubhuti hunchha,दशैंको बेला सबै परिवार एकै ठाउँ जम्मा भएर आफ्नो आफ्नो कथा सुनाउँदै गर्छन् र मेरो मनमा धेरै खुसीको अनुभूति हुन्छ
hospital ko emergency ward ma biraami haru lai herne daaktar haru ko thakaa pani dekhda raat ko neendra pani aaudaina ra din bhar kaam garnu parchha,अस्पतालको आपतकालीन वार्डमा बिरामीहरूलाई हेर्ने डाक्टरहरूको थाकाइ पनि देख्दा रातको निन्द्रा पनि आउँदैन र दिनभर काम गर्नु पर्छ
sarkari office ma jaada file haru ko dherai lamo line ma basera aafno kaam garna parchha ra gardaa garda samay nayaai bhaairaaheko chha,सरकारी कार्यालयमा जाँदा फाइलहरूको धेरै लामो लाइनमा बसेर आफ्नो काम गर्न पर्छ र गर्दा गर्दा समय नै बित्दै छ
aafno dushman le garda ghar ko shanti bigryeko chha tara pani hami le aafno man lai shaant raakhnu parchha ra kasai lai dosh dinu hudaina,आफ्नो दुश्मनले गर्दा घरको शान्ति बिग्रिएको छ तर पनि हामीले आफ्नो मनलाई शान्त राख्नु पर्छ र कसैलाई दोष दिनु हुँदैन
college ko campus ma student haru le aafna aafna group banaayera project ko kaam gardai chhan ra kati jana le chai aafno bichar dekhaurai chhan,कलेजको क्याम्पसमा विद्यार्थीहरूले आफ्नो आफ्नो समूह बनाएर प्रोजेक्टको काम गर्दै छन् र कति जनाले चाहिँ आफ्नो विचार देखाउँदै छन्
ghar ma buharaai le daal bhaat pakaaudaa thiyo tara aafno sasu le gardaa usko haat ma jal bhayo ra dherai dukhi bhaini,घरमा बुहारीले दाल भात पकाउँदै थियो तर आफ्नो सासूले गर्दा उसको हातमा जल भयो र धेरै दुखी भइन्
mero sathi le aafno jindagi ko baarema dherai katha garchha tara mero man ma chai aafno bhavishya ko barema sochda sochda din bitdai cha,मेरो साथीले आफ्नो जीवनको बारेमा धेरै कथा गर्छ तर मेरो मनमा चाहिँ आफ्नो भविष्यको बारेमा सोच्दा सोच्दै दिन बित्दै छ
paahad ko gaun ma bijuli ko samasya dherai badhdai cha ra kisan haru le aafno khet ma paani halna pump chalauna sakdainan,पहाडको गाउँमा बिजुलीको समस्या धेरै बढ्दै छ र किसानहरूले आफ्नो खेतमा पानी हाल्न पम्प चलाउन सक्दैनन्
railway station ma train aaudaina bhannera sabai yatri haru le platform ma bhaagdaina pariraaheko chha ra kati jana le chai gadi chadna pariraaheko chha,रेल्वे स्टेसनमा ट्रेन आउँदैन भन्दै सबै यात्रीहरूले प्लेटफर्ममा भाग्नु परिरहेको छ र कति जनाले चाहिँ गाडी चढ्नु परिरहेको छ
market ma jana le saman kinna jaada daam dherai badheko chha ra aafno budget bhitra ma kaam chalaauna dherai gaarho bhairaaheko chha,बजारमा जानुले सामान किन्न जाँदा दाम धेरै बढेको छ र आफ्नो बजेट भित्रमा काम चलाउन धेरै गाह्रो भइरहेको छ
aafno sathi ko bihe ko lagi dherai taiyari gariraaheko chha tara pani aafno kaam ko bojh le garda man ma shanti chaina,आफ्नो साथीको बिहेका लागि धेरै तयारी गरिरहेका छन् तर पनि आफ्नो कामको बोझले गर्दा मनमा शान्ति छैन
school ko teacher le class ma padhaaudaa kati jana bachha haru le dhyan diiraaheko chhan tara kati jana le chai mobile ma game kheliraaheko chhan,विद्यालयको शिक्षकले कक्षामा पढाउँदा कति जना बच्चाहरूले ध्यान दिइरहेका छन् तर कति जनाले चाहिँ मोबाइलमा गेम खेलिरहेका छन्
aafno buharaai sanga kura gardaa usle bhane ki ghar ko jimmevari eklai lina gaarho bhayo ra aafno saas sanga pani milna gaarho cha,आफ्नो बुहारीसँग कुरा गर्दा उसले भनि कि घरको जिम्मेवारी एक्लै लिन गाह्रो भयो र आफ्नो सासूसँग पनि मिल्न गाह्रो छ
daddi le aafno chhora lai college ma padhna pathaauna ko lagi dherai mehenat garnu pariraaheko chha tara chhora le chai mobile ma time bitaairaaheko chha,बाबुले आफ्नो छोरालाई क्याम्पसमा पढ्न पठाउनका लागि धेरै मेहेनत गरिरहेका छन् तर छोराले चाहिँ मोबाइलमा समय बिताइरहेको छ
office ma boss le deadline dina thalaa raheko chha tara kamdaar haru le aafno kaam poora garna na sakera aafno man ma darr maaaniraaheko chha,कार्यालयमा मालिकले डेडलाइन दिन थालेका छन् तर कर्मचारीहरूले आफ्नो काम पूरा गर्न नसकेर आफ्नो मनमा डर मानिरहेका छन्
gaaun ko baaato ma jaada jaada maati ko baato le garda gaadi chaldauna dherai gaarho bhayo ra yatraa le pani lamo samay liyo,गाउँको बाटोमा जाँदा जाँदा माटोको बाटोले गर्दा गाडी चलाउन धेरै गाह्रो भयो र यात्राले पनि लामो समय लियो
dashain ko bela sabai parivaar ekai thau jamma bhayera aafna aafna katha sunaaunai garchhan ra mero man ma dherai khusi ko anubhuti hunchha,दशैंको बेला सबै परिवार एकै ठाउँ जम्मा भएर आफ्नो आफ्नो कथा सुनाउँदै गर्छन् र मेरो मनमा धेरै खुसीको अनुभूति हुन्छ
hospital ko emergency ward ma biraami haru lai herne daaktar haru ko thakaa pani dekhda raat ko neendra pani aaudaina ra din bhar kaam garnu parchha,अस्पतालको आपतकालीन वार्डमा बिरामीहरूलाई हेर्ने डाक्टरहरूको थाकाइ पनि देख्दा रातको निन्द्रा पनि आउँदैन र दिनभर काम गर्नु पर्छ
sarkari office ma jaada file haru ko dherai lamo line ma basera aafno kaam garna parchha ra gardaa garda samay nayaai bhaairaaheko chha,सरकारी कार्यालयमा जाँदा फाइलहरूको धेरै लामो लाइनमा बसेर आफ्नो काम गर्न पर्छ र गर्दा गर्दा समय नै बित्दै छ
aafno dushman le garda ghar ko shanti bigryeko chha tara pani hami le aafno man lai shaant raakhnu parchha ra kasai lai dosh dinu hudaina,आफ्नो दुश्मनले गर्दा घरको शान्ति बिग्रिएको छ तर पनि हामीले आफ्नो मनलाई शान्त राख्नु पर्छ र कसैलाई दोष दिनु हुँदैन
college ko campus ma student haru le aafna aafna group banaayera project ko kaam gardai chhan ra kati jana le chai aafno bichar dekhaurai chhan,कलेजको क्याम्पसमा विद्यार्थीहरूले आफ्नो आफ्नो समूह बनाएर प्रोजेक्टको काम गर्दै छन् र कति जनाले चाहिँ आफ्नो विचार देखाउँदै छन्
ghar ma buharaai le daal bhaat pakaaudaa thiyo tara aafno sasu le gardaa usko haat ma jal bhayo ra dherai dukhi bhaini,घरमा बुहारीले दाल भात पकाउँदै थियो तर आफ्नो सासूले गर्दा उसको हातमा जल भयो र धेरै दुखी भइन्
mero sathi le aafno jindagi ko baarema dherai katha garchha tara mero man ma chai aafno bhavishya ko barema sochda sochda din bitdai cha,मेरो साथीले आफ्नो जीवनको बारेमा धेरै कथा गर्छ तर मेरो मनमा चाहिँ आफ्नो भविष्यको बारेमा सोच्दा सोच्दै दिन बित्दै छ
paahad ko gaun ma bijuli ko samasya dherai badhdai cha ra kisan haru le aafno khet ma paani halna pump chalauna sakdainan,पहाडको गाउँमा बिजुलीको समस्या धेरै बढ्दै छ र किसानहरूले आफ्नो खेतमा पानी हाल्न पम्प चलाउन सक्दैनन्
railway station ma train aaudaina bhannera sabai yatri haru le platform ma bhaagdaina pariraaheko chha ra kati jana le chai gadi chadna pariraaheko chha,रेल्वे स्टेसनमा ट्रेन आउँदैन भन्दै सबै यात्रीहरूले प्लेटफर्ममा भाग्नु परिरहेको छ र कति जनाले चाहिँ गाडी चढ्नु परिरहेको छ
doctor sanga check up garera aayera medicine khayera thik hune asha garchhu tara mahango upchar le tension badhaucha,डाक्टरसँग चेकअप गरेर आएर मेडिसिन खाएर ठिक हुने आशा गर्छु तर महँगो उपचारले टेन्सन बढाउँछ
hospital ma dherai din samma admit bhayera treatment linu pareko cha ra ghar ko sabai chinta ma chhan,हस्पिटलमा धेरै दिनसम्म एडमिट भएर ट्रीटमेन्ट लिनु परेको छ र घरको सबै चिन्तामा छन्
mental health ko barema kura garda dherai le haschhan tara yo real problem ho ra doctor ko salah linu parcha,मेन्टल हेल्थको बारेमा कुरा गर्दा धेरैले हाँस्छन् तर यो रियल समस्या हो र डाक्टरको सल्लाह लिनु पर्छ
motivational speaker le stage ma bolera jivan ma mehenat garne ra sapana pura garne barema sikaaudai thiye,मोटिभेसनल स्पीकरले स्टेजमा बोलेर जीवनमा मेहनत गर्ने र सपना पूरा गर्ने बारेमा सिकाउँदै थिए
podcast sunera subha uthne bittikai motivation paauchhu ra din bhar ko kaam garna energy aaucha,पोडकास्ट सुनेर बिहान उठ्ने बित्तिकै मोटिभेसन पाउँछु र दिन भरको काम गर्न एनर्जी आउँछ
news discussion ma doctor haru le health awareness barema kura garda sabai le dhyan diyera sunne garchhan,न्यूज डिस्कसनमा डाक्टरहरूले हेल्थ अवेयरनेसको बारेमा कुरा गर्दा सबैले ध्यान दिएर सुन्ने गर्छन्
long time dekhi pet dukhda hospital gaye tara report herera doctor le dherai test garna bhanchan,लङ टाइमदेखि पेट दुख्दा हस्पिटल गए तर रिपोर्ट हेरेर डाक्टरले धेरै टेस्ट गर्न भन्छन्
mental tension le raati sutna garo hunchha ra dimag ma dherai kura ghurirahancha tara kasaile bujhdainan,मेन्टल टेन्सनले राति सुत्न गाह्रो हुन्छ र दिमागमा धेरै कुरा घुमिरहन्छ तर कसैले बुझ्दैनन्
motivational talk sunera life change garne sochera chhu ra ab feri naya sapana dekhera aghi badhne,मोटिभेसनल टक सुनेर लाइफ चेन्ज गर्ने सोचेर छु र अब फेरि नयाँ सपना देखेर अघि बढ्ने
podcast ma successful manche haru ko struggle story sunera afno problem chhoto laagcha ra hope badhcha,पोडकास्टमा सफल मान्छेहरूको स्ट्रगल स्टोरी सुनेर आफ्नो समस्या छोटो लाग्छ र होप बढ्छ
hospital ko opd ma dherai manche haru line ma basera wait garda samaya dherai lagcha ra thakai lagcha,हस्पिटलको ओपीडीमा धेरै मान्छेहरू लाइनमा बसेर वेट गर्दा समय धेरै लाग्छ र थकाई लाग्छ
news ma health camp ko barema sunera gaun ma free check up garne manche haru dherai jamma bhaye,न्यूजमा हेल्थ क्याम्पको बारेमा सुनेर गाउँमा फ्री चेकअप गर्ने मान्छेहरू धेरै जम्मा भए
mental health ko importance barema discussion garda sabai le apna experience share garne thale,मेन्टल हेल्थको महत्वको बारेमा डिस्कसन गर्दा सबैले आफ्ना एक्सपीरियन्स शेयर गर्न थाले
motivational speaker ko video herera har din subha routine banauna try garchhu ra ramro feel hunchha,मोटिभेसनल स्पीकरको भिडियो हेरेर हर दिन बिहान रुटिन बनाउन ट्राई गर्छु र राम्रो फिल हुन्छ
doctor le blood pressure high bhayo bhanera medicine diye ra regular check up ma aauna bhanchan,डाक्टरले ब्लड प्रेसर हाई भयो भनेर मेडिसिन दिए र रेगुलर चेकअपमा आउन भन्छन्
podcast sunera life ko challenges face garne tarika sike ra afno problem sanga ladna sakchu,पोडकास्ट सुनेर लाइफको च्यालेन्जेस फेस गर्ने तरिका सिके र आफ्नो समस्या सँग लड्न सक्छु
hospital visit pachi medicine khayera dherai din samma rest linu pareko cha ra kaam ma deri hunchha,हस्पिटल भिजिटपछि मेडिसिन खाएर धेरै दिनसम्म रेस्ट लिनु परेको छ र काममा ढेरि हुन्छ
news discussion ma climate change le health ma parne asar barema bahas bhairako cha ra sabai chinta ma chhan,न्यूज डिस्कसनमा क्लाइमेट चेन्जले हेल्थमा पार्ने असर बारेमा बहस भइरहेको छ र सबै चिन्तामा छन्
mental stress le kaam garna pani man lagdaina ra ekant ma basera sochne garchhu tara kura share garna man lagcha,मेन्टल स्ट्रेसले काम गर्न पनि मन लाग्दैन र एकान्तमा बसेर सोच्ने गर्छु तर कुरा शेयर गर्न मन लाग्छ
motivational talk ma fail huna dar nagara bhanera sunera ab feri try garne ichchha uthyo,मोटिभेसनल टकमा फेल हुन डर नगरा भनेर सुनेर अब फेरि ट्राई गर्ने इच्छा उठ्यो
hospital ma nurse didi haru le dherai maya garera treatment dinuhunchha ra man ma dhanyabad feel hunchha,हस्पिटलमा नर्स दिदीहरूले धेरै माया गरेर ट्रीटमेन्ट दिनुहुन्छ र मनमा धन्यवाद फिल हुन्छ
podcast ko series sunera har episode pachi naya kura sikaera afno jivan ma apply garne garchhu,पोडकास्टको सिरिज सुनेर हर एपिसोडपछि नयाँ कुरा सिकेर आफ्नो जीवनमा एप्लाई गर्ने गर्छु
news ma nayi health policy ko barema discussion herera sabai le apna apna bichar rakhe,न्यूजमा नयाँ हेल्थ पोलिसीको बारेमा डिस्कसन हेरेर सबैले आफ्ना आफ्ना विचार राखे
sugar ra blood pressure ko problem bhayera hospital jaada doctor le diet change garna salah dinuhunchha,सुगर र ब्लड प्रेसरको समस्या भएर हस्पिटल जाँदा डाक्टरले डाइट चेन्ज गर्न सल्लाह दिनुहुन्छ
mental health awareness program ma participate garepachi dherai kura bujhiyo ra afno feeling share garna sakiye,मेन्टल हेल्थ अवेयरनेस कार्यक्रममा पार्टिसिपेट गरेपछि धेरै कुरा बुझियो र आफ्नो फिलिङ शेयर गर्न सकियो
motivational speaker le sapana dekhera mehenat gar bhanera bhanda maile afno goal clear gare,मोटिभेसनल स्पीकरले सपना देखेर मेहनत गर भनेर भन्दा मैले आफ्नो गोल क्लियर गरे
hospital ko emergency ma dherai manche haru aaudai janchhan ra doctor haru le dherai busy hunchhan,हस्पिटलको इमर्जेन्सीमा धेरै मान्छेहरू आउँदै जान्छन् र डाक्टरहरूले धेरै बिजी हुन्छन्
podcast ma famous doctor haru le health tips dinuhunchha ra maile note garera follow garne garchhu,पोडकास्टमा फेमस डाक्टरहरूले हेल्थ टिप्स दिनुहुन्छ र मैले नोट गरेर फलो गर्ने गर्छु
news discussion ma mental health ko importance barema bahas hunchha ra school college ma pani sikauna parcha,न्यूज डिस्कसनमा मेन्टल हेल्थको महत्व बारेमा बहस हुन्छ र स्कूल कलेजमा पनि सिकाउनु पर्छ
ankha ko problem bhayera hospital gayera check up garera chasma lagauna parcha bhanera doctor le bhannubhayo,आँखाको समस्या भएर हस्पिटल गएर चेकअप गरेर चस्मा लगाउनु पर्छ भनेर डाक्टरले भन्नुभयो
motivational talk sunera har din morning walk garne ra healthy khana khane routine banaudai chhu,मोटिभेसनल टक सुनेर हर दिन मर्निङ वाक गर्ने र हेल्दी खाना खाने रुटिन बनाउँदै छु
mental tension kam garna sathi haru sanga kura garda ra exercise garne garchhu tara dherai time lagcha,मेन्टल टेन्सन कम गर्न साथीहरूसँग कुरा गर्दा र एक्सरसाइज गर्ने गर्छु तर धेरै टाइम लाग्छ
hospital ma regular follow up ma jaada doctor le progress herera khusi hunchhan ra asha badhcha,हस्पिटलमा रेगुलर फलोअपमा जाँदा डाक्टरले प्रोग्रेस हेरेर खुसी हुनुहुन्छ र आशा बढ्छ
podcast sunera life ko ups and downs barema bujhera strong hunu parcha bhanne kura bujhe,पोडकास्ट सुनेर लाइफको अप्स एन्ड डाउन्स बारेमा बुझेर स्ट्रङ हुनु पर्छ भन्ने कुरा बुझें
news ma nayi virus ko barema discussion herera sabai le mask ra precaution linu parcha bhanchan,न्यूजमा नयाँ भाइरसको बारेमा डिस्कसन हेरेर सबैले मास्क र प्रिकसन लिनु पर्छ भन्छन्
health issue le dherai din samma suffer garepachi ab feri naya energy sanga aghi badhne sochera chhu,हेल्थ इश्यूले धेरै दिनसम्म सफर गरेपछि अब फेरि नयाँ एनर्जीसँग अघि बढ्ने सोचेर छु
motivational speaker ko live session ma participate garepachi dherai inspiration paayera goal set gare,मोटिभेसनल स्पीकरको लाइभ सेशनमा पार्टिसिपेट गरेपछि धेरै इन्स्पिरेसन पाएर गोल सेट गरे
mental health ko lagi daily meditation garne ra podcast sunne routine banauna thaleko chhu,मेन्टल हेल्थको लागि डेली मेडिटेसन गर्ने र पोडकास्ट सुन्ने रुटिन बनाउन थालेको छु
hospital ko ward ma basera aru patient haru ko kura sunera afno problem chhoto laagcha,हस्पिटलको वार्डमा बसेर अरू पेसिन्टहरूको कुरा सुनेर आफ्नो समस्या छोटो लाग्छ
news discussion ma healthcare system ko barema kura huda dherai manche haru le apna experience share garchhan,न्यूज डिस्कसनमा हेल्थकेयर सिस्टमको बारेमा कुरा हुदा धेरै मान्छेहरूले आफ्ना एक्सपीरियन्स शेयर गर्छन्
doctor le operation garna parcha bhanepachi dherai dar lagyo tara motivational podcast sunera himmat paaye,डाक्टरले अपरेसन गर्नु पर्छ भनेपछि धेरै डर लाग्यो तर मोटिभेसनल पोडकास्ट सुनेर हिम्मत पाएँ
mental pressure le padhai ma focus garna garo bhayo ra ab feri counseling linu parcha ki bhanne sochera chhu,मेन्टल प्रेसरले पढाइमा फोकस गर्न गाह्रो भयो र अब फेरि काउन्सेलिङ लिनु पर्छ कि भन्ने सोचेर छु
motivational talk herera har din afno kam ko barema positive sochne try garchhu ra result ramro aauna thaleko cha,मोटिभेसनल टक हेरेर हर दिन आफ्नो कामको बारेमा पोजिटिभ सोच्ने ट्राई गर्छु र रिजल्ट राम्रो आउन थालेको छ
podcast ma health expert le khana ra exercise ko barema tips diye ra maile follow garna suru gare,पोडकास्टमा हेल्थ एक्सपर्टले खाना र एक्सरसाइजको बारेमा टिप्स दिए र मैले फलो गर्न सुरु गरे
hospital ma nurse haru sanga kura garda uniharule dherai motivation dinuhunchha ra man khulcha,हस्पिटलमा नर्सहरूसँग कुरा गर्दा उनीहरूले धेरै मोटिभेसन दिनुहुन्छ र मन खुल्छ
news ma mental health day ko barema discussion herera sabai le awareness badhauna parcha bhanchan,न्यूजमा मेन्टल हेल्थ डेको बारेमा डिस्कसन हेरेर सबैले अवेयरनेस बढाउनु पर्छ भन्छन्
doctor ko salah anusar regular exercise ra healthy khana khayera body fit rakhne try garchhu,डाक्टरको सल्लाह अनुसार रेगुलर एक्सरसाइज र हेल्दी खाना खाएर शरीर फिट राख्ने ट्राई गर्छु
motivational speaker le never give up bhanera bhannu bhayo ra maile pani sapana chhodina bhanne soch banaaye,मोटिभेसनल स्पीकरले नेभर गिभ अप भनेर भन्नुभयो र मैले पनि सपना छोडिनँ भन्ने सोच बनाएँ
mental health ramro rakhna sathi haru sanga regularly kura garne ra feeling share garne garchhu,मेन्टल हेल्थ राम्रो राख्न साथीहरूसँग रेगुलरली कुरा गर्ने र फिलिङ शेयर गर्ने गर्छु
hospital visit pachi medicine sahi samaya ma khayera doctor ko follow up ma jaane routine banaaye,हस्पिटल भिजिटपछि मेडिसिन सही समयमा खाएर डाक्टरको फलोअपमा जाने रुटिन बनाएँ
podcast sunera har kura ma positive side herne soch develop bhayo ra life sajilo feel hunchha,पोडकास्ट सुनेर हर कुरामा पोजिटिभ साइड हेर्ने सोच डेभलप भयो र लाइफ सजिलो फिल हुन्छ
news discussion ma corona pachi health awareness badheko cha ra sabai le vaccine pani ligareka chhan,न्यूज डिस्कसनमा कोरोनापछि हेल्थ अवेयरनेस बढेको छ र सबैले भ्याक्सिन पनि लिएरका छन्
arthatantra ko sthiti kharab bhayera mahangai dherai badheko cha ra ghar ko budget dherai tight bhayera garo pareko cha,अर्थतन्त्रको स्थिति खराब भएर महँगाई धेरै बढेको छ र घरको बजेट धेरै टाइट भएर गाह्रो परेको छ
petrol ko mol feri badhera sabai le gahro manauchhan ra public transport ma pani bhada badheko cha,पेट्रोलको मोल फेरि बढेर सबैले गाह्रो मनाउँछन् र पब्लिक ट्रान्सपोर्टमा पनि भाडा बढेको छ
share bajar ma dherai utar chadhau bhairako cha ra kati manche haru le nuksan khaaira chhan tara kati le faida,शेयर बजारमा धेरै उतार चढाव भइरहेको छ र कति मान्छेहरूले नोक्सान खाइरहेका छन् तर कतिले फाइदा
cryptocurrency ma paisa halera dherai manche haru le ramro faida kamaye tara kati le sabai gumaaye,क्रिप्टोकरन्सीमा पैसा हालेर धेरै मान्छेहरूले राम्रो फाइदा कमाए तर कतिले सबै गुमाए
bank ma account kholera online banking use garna suru gare tara digital payment ko safety barema dherai chinta cha,बैंकमा खाता खोलेर अनलाइन बैंकिङ यूज गर्न सुरु गरे तर डिजिटल पेमेंटको सेफ्टी बारेमा धेरै चिन्ता छ
inflation le sabai kura ko mol badhaudai chha ra tala tala ko manche haru ko jivan dherai garo bhairako cha,इन्फ्लेसनले सबै कुराको मोल बढाउँदै छ र तल्ला तल्लाको मान्छेहरूको जीवन धेरै गाह्रो भइरहेको छ
fuel price badhera gadi chalaaune haru le dherai kharcha garchhan ra business ma pani asar pareko cha,फ्युल प्राइस बढेर गाडी चलाउनेहरूले धेरै खर्च गर्छन् र बिजनेसमा पनि असर परेको छ
stock market ko news herera investment garne sochera chhu tara risk dherai bhayera dherai sochera matra halchu,स्टक मार्केटको न्यूज हेरेर इन्भेस्टमेन्ट गर्ने सोचेर छु तर रिस्क धेरै भएर धेरै सोचेर मात्र हाल्छु
bitcoin ra aru crypto ma paisa halda dherai utar chadhau hunchha ra ekai din ma dherai faida ra nuksan hunchha,बिटक्वाइन र अरू क्रिप्टोमा पैसा हाल्दा धेरै उतार चढाव हुन्छ र एकै दिनमा धेरै फाइदा र नोक्सान हुन्छ
banking service online bhayera dherai sajilo bhayo tara scam haru pani badheka chhan ra dhyan dinu parcha,बैंकिङ सर्भिस अनलाइन भएर धेरै सजिलो भयो तर स्क्यामहरू पनि बढेका छन् र ध्यान दिनु पर्छ
digital payment jaile khalti ra esewa use garchhu tara password strong rakhnu parcha ra link na kholnu parcha,डिजिटल पेमेंट जस्तै खल्ती र ईसेवा यूज गर्छु तर पासवर्ड स्ट्रङ राख्नु पर्छ र लिङ्क नखोल्नु पर्छ
mahagai le ghar ko kharcha badhaudai chha ra salary samma pugna garo bhayera side business suru garne sochera chhu,महँगाईले घरको खर्च बढाउँदै छ र स्यालरीसम्म पुग्न गाह्रो भएर साइड बिजनेस सुरु गर्ने सोचेर छु
cyber security ko barema sikepachi phone ma antivirus rakhne ra unknown call uthaaudina,साइबर सेक्युरिटीको बारेमा सिकेपछि फोनमा एन्टिभाइरस राख्ने र अननोन कल उठाउँदिन
stock market crash bhayera dherai investor haru le dherai nuksan khaye ra ab feri wait garne garchhan,स्टक मार्केट क्र्यास भएर धेरै इन्भेस्टरहरूले धेरै नोक्सान खाए र अब फेरि वेट गर्ने गर्छन्
fuel ko mol badhera transport company haru le bhada badhauna suru gare ra sabai le gahro manauchhan,फ्युलको मोल बढेर ट्रान्सपोर्ट कम्पनीहरूले भाडा बढाउन सुरु गरे र सबैले गाह्रो मनाउँछन्
bank le loan ko rate badhaeko cha ra naya business suru garna garo pareko cha,बैंकले लोनको रेट बढाएको छ र नयाँ बिजनेस सुरु गर्न गाह्रो परेको छ
cryptocurrency ko market volatile cha ra dherai manche haru le research nagari paisa gumaaira chhan,क्रिप्टोकरन्सीको मार्केट भोलाटाइल छ र धेरै मान्छेहरूले रिसर्च नगरी पैसा गुमाइरहेका छन्
online scam ko call aayera bank ko details magda maile uthaena ra safe bhaye,अनलाइन स्क्यामको कल आएर बैंकको डिटेल्स माग्दा मैले उठाइनँ र सेफ भएँ
arthatantra ma sudhar huna lageko cha tara mahangai control ma auna dherai time lagcha jasto lagcha,अर्थतन्त्रमा सुधार हुन लागेको छ तर महँगाई कन्ट्रोलमा आउन धेरै टाइम लाग्छ जस्तो लाग्छ
share bajar ma blue chip company ko share kinera long term ma rakhne sochera chhu,शेयर बजारमा ब्लु चिप कम्पनीको शेयर किनेर लङ टर्ममा राख्ने सोचेर छु
digital payment use garda convenience dherai cha tara fraud case badheko news sunera dhyan dinu parcha,डिजिटल पेमेंट यूज गर्दा कन्भिनियन्स धेरै छ तर फ्रड केस बढेको न्यूज सुनेर ध्यान दिनु पर्छ
inflation le daily use ko saman haru ko mol badhaudai chha ra middle class ko jivan sabai bhanda garo hunchha,इन्फ्लेसनले डेली यूजको सामानहरूको मोल बढाउँदै छ र मिडल क्लासको जीवन सबैभन्दा गाह्रो हुन्छ
banking app ma transaction gardai chhu tara two factor authentication always on rakhchu,बैंकिङ एपमा ट्रान्जेक्सन गर्दै छु तर टु फ्याक्टर अथेन्टिकेसन अल्वेज अन राख्छु
cryptocurrency ma invest garne manche haru le news herera update rakhnu parcha nabhane nuksan hunchha,क्रिप्टोकरन्सीमा इन्भेस्ट गर्ने मान्छेहरूले न्यूज हेरेर अपडेट राख्नु पर्छ नभने नोक्सान हुन्छ
fuel price badhera kheti garne haru le pani tractor chalaauna garo pareko cha,फ्युल प्राइस बढेर खेती गर्नेहरूले पनि ट्रयाक्टर चलाउन गाह्रो परेको छ
stock market ko technical analysis sikaera ramro return paauna khojda dherai time lagcha,स्टक मार्केटको टेक्निकल एनालिसिस सिकाएर राम्रो रिटर्न पाउन खोज्दा धेरै टाइम लाग्छ
cyber scam haru le fake link pathayera account hack garne garchhan ra sabai le alert huna parcha,साइबर स्क्यामहरूले फेक लिङ्क पठाएर खाता ह्याक गर्ने गर्छन् र सबैले अलर्ट हुनु पर्छ
economy ko barema news discussion herera government le naya policy lyauna parcha bhanne kura suniyo,इकोनोमीको बारेमा न्यूज डिस्कसन हेरेर सरकारले नयाँ पोलिसी ल्याउनु पर्छ भन्ने कुरा सुनियो
bank ma fixed deposit gareko paisa le interest kam hunchha tara safe hunchha bhanera rakhda chhu,बैंकमा फिक्स्ड डिपोजिट गरेको पैसाले इन्टरेस्ट कम हुन्छ तर सेफ हुन्छ भनेर राख्दै छु
digital rupee ra mobile wallet ko use badheko cha tara security breach ko khabar sunera dar lagcha,डिजिटल रुपैयाँ र मोबाइल वालेटको यूज बढेको छ तर सेक्युरिटी ब्रिचको खबर सुनेर डर लाग्छ
inflation control garna government le fuel subsidy dinu parcha bhanera manche haru le awaz uthaaudai chhan,इन्फ्लेसन कन्ट्रोल गर्न सरकारले फ्युल सब्सिडी दिनु पर्छ भनेर मान्छेहरूले आवाज उठाउँदै छन्
cryptocurrency trading gardai chhu tara stop loss rakhnu parcha ra emotion control garna parcha,क्रिप्टोकरन्सी ट्रेडिङ गर्दै छु तर स्टप लस राख्नु पर्छ र इमोसन कन्ट्रोल गर्नु पर्छ
share bajar ma IPO apply garera dherai manche haru le allotment paauna khojchhan tara sabai lai hudaina,शेयर बजारमा आईपीओ एप्लाई गरेर धेरै मान्छेहरूले अलटमेन्ट पाउन खोज्छन् तर सबैलाई हुँदैन
banking fraud ko case badheko cha ra branch ma pani dherai manche haru le complaint garchhan,बैंकिङ फ्रडको केस बढेको छ र ब्रान्चमा पनि धेरै मान्छेहरूले कम्प्लेन्ट गर्छन्
fuel price herera gadi kam chalaaune ra public transport jyada use garne garchhu,फ्युल प्राइस हेरेर गाडी कम चलाउने र पब्लिक ट्रान्सपोर्ट बढी यूज गर्ने गर्छु
cyber security sikaera afno data protect garne ra password haru regularly change garne routine banaaye,साइबर सेक्युरिटी सिकाएर आफ्नो डाटा प्रोटेक्ट गर्ने र पासवर्डहरू रेगुलरली चेन्ज गर्ने रुटिन बनाएँ
economy improve huna dherai time lagcha ra abhi samma unemployment pani dherai nai cha,इकोनोमी इम्प्रुभ हुन धेरै टाइम लाग्छ र अहिले सम्म अनएम्प्लोयमेन्ट पनि धेरै नै छ
stock market ko long term investment sabai bhanda ramro hunchha bhanera expert haru le bhanchan,स्टक मार्केटको लङ टर्म इन्भेस्टमेन्ट सबैभन्दा राम्रो हुन्छ भनेर एक्सपर्टहरूले भन्छन्
online banking ma otp share nagarnu parcha ra kasaile magyo bhane turant report garne,अनलाइन बैंकिङमा ओटीपी शेयर नगर्नु पर्छ र कसैले माग्यो भने तुरुन्त रिपोर्ट गर्ने
mahagai le middle class ko saving kam huna thaleko cha ra future ko lagi tension badhchha,महँगाईले मिडल क्लासको बचत कम हुन थालेको छ र फ्युचरको लागि टेन्सन बढ्छ
cryptocurrency ko future bright cha tara regulation ko wait garera matra invest garne sochera chhu,क्रिप्टोकरन्सीको फ्युचर ब्राइट छ तर रेगुलेसनको वेट गरेर मात्र इन्भेस्ट गर्ने सोचेर छु
bank le interest rate ghatayera loan sajilo pareko cha tara saving ko interest pani kam bhayo,बैंकले इन्टरेस्ट रेट घटाएर लोन सजिलो परेको छ तर सेभिङको इन्टरेस्ट पनि कम भयो
digital payment fraud bata bachna awareness program dherai hunchha ra sabai le participate garnu parcha,डिजिटल पेमेंट फ्रडबाट बच्न अवेयरनेस कार्यक्रम धेरै हुन्छ र सबैले पार्टिसिपेट गर्नु पर्छ
arthatantra ko news sunera budget plan garne garchhu ra kharcha kam garne try garchhu,अर्थतन्त्रको न्यूज सुनेर बजेट प्लान गर्ने गर्छु र खर्च कम गर्ने ट्राई गर्छु
fuel price badhera bijuli gadi kinne sochera chhu tara budget pugna garo bhairako cha,फ्युल प्राइस बढेर बिजुली गाडी किन्ने सोचेर छु तर बजेट पुग्न गाह्रो भइरहेको छ
share bajar ma research nagari kinna hudaina ra dherai time lagayera herne garchhu,शेयर बजारमा रिसर्च नगरी किन्न हुँदैन र धेरै टाइम लगाएर हेर्ने गर्छु
cyber attack badheko cha ra company haru le security system strong banaaudai chhan,साइबर अट्याक बढेको छ र कम्पनीहरूले सेक्युरिटी सिस्टम स्ट्रङ बनाउँदै छन्
inflation le gareko pressure le manche haru le dherai mehenat garera pani pet bhari khana garo hunchha,इन्फ्लेसनले गरेको प्रेसरले मान्छेहरूले धेरै मेहनत गरेर पनि पेट भरी खान गाह्रो हुन्छ
banking ra finance ko barema podcast sunera naya kura sikaera afno paisa manage garna suru gare,बैंकिङ र फाइनान्सको बारेमा पोडकास्ट सुनेर नयाँ कुरा सिकेर आफ्नो पैसा म्यानेज गर्न सुरु गरे
cryptocurrency exchange ma trading gardai chhu tara daily news update herera matra kaam garchhu,क्रिप्टोकरन्सी एक्सचेन्जमा ट्रेडिङ गर्दै छु तर डेली न्यूज अपडेट हेरेर मात्र काम गर्छु
economy ko growth rate kam bhayera job market ma pani competition dherai badheko cha,इकोनोमीको ग्रोथ रेट कम भएर जागिर मार्केटमा पनि कम्पिटिसन धेरै बढेको छ
digital payment ko convenience le sabai ko jivan sajilo pareko cha tara security awareness pani jaruri cha,डिजिटल पेमेंटको कन्भिनियन्सले सबैको जीवन सजिलो परेको छ तर सेक्युरिटी अवेयरनेस पनि जरुरी छ
gaun bata himal ko trek ma jaada dherai ramro mausam bhayera base camp samma pugera dherai maja aayo,गाउँबाट हिमालको ट्रेकमा जाँदा धेरै राम्रो मौसम भएर बेस क्याम्पसम्म पुगेर धेरै मजा आयो
annapurna trek gardai jada bato ma local manche haru sanga kura garda uniharuko katha sunera samaya bitcha,अन्नपूर्णा ट्रेक गर्दै जाँदा बाटोमा लोकल मान्छेहरूसँग कुरा गर्दा उनीहरूको कथा सुनेर समय बित्छ
everest base camp samma hike garera aayera thakai lage pani himal ko sundar drishya herera sabai thik bhayo,एभरेष्ट बेस क्याम्पसम्म हाइक गरेर आएर थकाई लागे पनि हिमालको सुन्दर दृश्य हेरेर सबै ठीक भयो
pahad chadne manche haru le dherai mehenat garchhan ra oxygen kam bhayera saas garo hunchha tara sapana pura hunchha,पहाड चढ्ने मान्छेहरूले धेरै मेहनत गर्छन् र अक्सिजन कम भएर सास गाह्रो हुन्छ तर सपना पूरा हुन्छ
hotel ma basera subha uthne bittikai mountain view herera coffee khayera din suru garne maja aaucha,होटलमा बसेर बिहान उठ्ने बित्तिकै माउन्टेन भ्यू हेरेर कफी खाएर दिन सुरु गर्ने मजा आउँछ
restaurant ma local nepali khana khayera review dinu parcha ra dal bhat ko swad ekdam ramro thiyo,रेस्टुरेन्टमा लोकल नेपाली खाना खाएर रिभ्यू दिनु पर्छ र दाल भातको स्वाद एकदम राम्रो थियो
ghar ma naya recipe sikaera momo pakayera sathi haru lai khwaauda sabai le bahut tarif gare,घरमा नयाँ रेसिपी सिकाएर मोमो पकाएर साथीहरूलाई खुवाउँदा सबैले धेरै तारिफ गरे
langtang trek ma jaada jharna ra ban ko sundar drishya herda man prafulla hunchha ra thakai kam lagcha,लाङटाङ ट्रेकमा जाँदा झर्ना र बनको सुन्दर दृश्य हेर्दा मन प्रफुल्ल हुन्छ र थकाई कम लाग्छ
hotel ko room herera safai ra view ramro bhaye pachi booking garne garchhau tara khana ko price dherai hunchha,होटलको रुम हेरेर सफाइ र भ्यू राम्रो भएपछि बुकिङ गर्ने गर्छौं तर खानाको मूल्य धेरै हुन्छ
pokhara ma lake side ma ghumera restaurant ma machha ko jhol khayera dherai ramro laagyo,पोखरामा लेक साइडमा घुमेर रेस्टुरेन्टमा माछाको झोल खाएर धेरै राम्रो लाग्यो
mountaineering ko training linu parcha ra dherai mehenat ra discipline chahiyo nabhane risk dherai hunchha,माउन्टेनियरिङको ट्रेनिङ लिनु पर्छ र धेरै मेहनत र डिसिप्लिन चाहियो नभने रिस्क धेरै हुन्छ
ghar ma daal bhat tara side ma tarkari ra achar banayera pakaaudai chhu ra swad ekdam ghar jasto aaucha,घरमा दाल भात तर साइडमा तरकारी र अचार बनाएर पकाउँदै छु र स्वाद एकदम घर जस्तो आउँछ
trek ma jaada light weight bag liyera pani ra khana dherai boknu parcha ra dhyan dinu parcha,ट्रेकमा जाँदा लाइट वेट झोला लिएर पानी र खाना धेरै बोक्नु पर्छ र ध्यान दिनु पर्छ
kathmandu ko thamel ma tourist haru ko lagi hotel dherai chhan ra ramro sanga basera ghumne garchhan,काठमाडौंको ठमेलमा टुरिस्टहरूको लागि होटल धेरै छन् र राम्रोसँग बसेर घुम्ने गर्छन्
manaslu trek gardai jada local ghar ma basera khana khayera uniharuko sangeet sunera dherai ramailo bhayo,मनास्लु ट्रेक गर्दै जाँदा लोकल घरमा बसेर खाना खाएर उनीहरूको संगीत सुनेर धेरै रमाइलो भयो
restaurant ma chicken chili ra fried rice order gare tara swad thik thiyo tara price ali mahango thiyo,रेस्टुरेन्टमा चिकेन चिल्ली र फ्राइड राइस अर्डर गरे तर स्वाद ठीक थियो तर मूल्य अलि महँगो थियो
cooking sikauna khojda mummy sanga basera tarkari pakaaudai chhu ra roj naya naya try garne garchhu,कुकिङ सिकाउन खोज्दा मम्मीसँग बसेर तरकारी पकाउँदै छु र रोज नयाँ नयाँ ट्राई गर्ने गर्छु
hiking ma subha chhaito niskera jungle bato hidda chir chir ko awaj sunera man shanti hunchha,हाइकिङमा बिहान छिटो निस्केर जंगल बाटो हिँड्दा चिर चिरको आवाज सुनेर मन शान्ति हुन्छ
mustang ko trek ma jaada thakali khana khayera review garne ho bhane dherai ramro ra alik alik chito hunchha,मुस्ताङको ट्रेकमा जाँदा थकाली खाना खाएर रिभ्यू गर्ने हो भने धेरै राम्रो र अलिक अलिक चिलो हुन्छ
hotel ma check in garepachi room service ma khana magayera rest liyera feri ghumna niskiye,होटलमा चेक इन गरेपछि रुम सर्भिसमा खाना मागेर रेस्ट लिएर फेरि घुम्न निस्किएँ
abc trek gardai jada gumnu ra machhapuchhre herera photo khichda dherai khusi feel hunchha,एबीसी ट्रेक गर्दै जाँदा घुम्नु र माछापुच्छ्रे हेरेर फोटो खिच्दा धेरै खुसी फिल हुन्छ
ghar ma sel roti ra alu ko achar banayera tihar ma sabai lai khwaaudai dherai tarahiko swad aayo,घरमा सेल रोटी र आलुको अचार बनाएर तिहारमा सबैलाई खुवाउँदै धेरै तरिकाको स्वाद आयो
restaurant review dinu parcha bhane service ramro tara khana ko portion ali kam bhayo bhanera lekhchu,रेस्टुरेन्ट रिभ्यू दिनु पर्छ भने सर्भिस राम्रो तर खानाको पोर्शन अलि कम भयो भनेर लेख्छु
mountaineering ko sapana pura garna dherai din ko planning ra physical training chahiyo,माउन्टेनियरिङको सपना पूरा गर्न धेरै दिनको प्लानिङ र फिजिकल ट्रेनिङ चाहियो
tourist haru nepal aaera trek ra hiking garda local economy lai pani madat hunchha ra sabai khusi hunchhan,टुरिस्टहरू नेपाल आएर ट्रेक र हाइकिङ गर्दा लोकल इकोनोमी लाई पनि मद्दत हुन्छ र सबै खुसी हुन्छन्
hotel ko buffet ma different type ko khana khayera try gare tara nepali khana sabai bhanda ramro laagcha,होटलको बुफेमा डिफरेन्ट टाइपको खाना खाएर ट्राई गरे तर नेपाली खाना सबैभन्दा राम्रो लाग्छ
cooking video herera try garda pahile dherai bigrinthyo tara ab dherai ramro banne bhayo ra maja aaucha,कुकिङ भिडियो हेरेर ट्राई गर्दा पहिले धेरै बिग्रिन्थ्यो तर अब धेरै राम्रो बन्ने भयो र मजा आउँछ
ghorepani trek ma pugepachi sunrise herera dherai manche haru le photo khichchhan ra khusi hunchhan,घोडेपानी ट्रेकमा पुगेपछि सनराइज हेरेर धेरै मान्छेहरूले फोटो खिच्छन् र खुसी हुन्छन्
restaurant ma thakali thali khayera review ma lekheko chu sabai item ko swad ekdam ghar ko jasto thiyo,रेस्टुरेन्टमा थकाली थाली खाएर रिभ्यूमा लेखेको छु सबै आइटमको स्वाद एकदम घरको जस्तो थियो
himali bato ma hiking gardai jada local ghar ma chai khayera rest liyera feri aghi badhne garchhau,हिमाली बाटोमा हाइकिङ गर्दै जाँदा लोकल घरमा चिया खाएर रेस्ट लिएर फेरि अघि बढ्ने गर्छौं
hotel booking online garepachi confirm bhayera excitement dherai hunchha ra safai ramro huna parcha,होटल बुकिङ अनलाइन गरेपछि कन्फर्म भएर एक्साइटमेन्ट धेरै हुन्छ र सफाइ राम्रो हुनु पर्छ
nepali style ko chicken curry ra roti pakayera sathi haru lai khwaauda sabai le bahut pasand gare,नेपाली स्टाइलको चिकेन करी र रोटी पकाएर साथीहरूलाई खुवाउँदा सबैले धेरै पसन्द गरे
sagarmatha base camp trek ko planning suru gare tara dherai paisa ra samaya chahiyo,सगरमाथा बेस क्याम्प ट्रेकको प्लानिङ सुरु गरे तर धेरै पैसा र समय चाहियो
restaurant ko dal makhani ra naan khayera review dinu parcha tara ghar ko jasto swad aaudaina,रेस्टुरेन्टको दाल मखनी र नान खाएर रिभ्यू दिनु पर्छ तर घरको जस्तो स्वाद आउँदैन
cooking ma naya masala prayog garda swad badhcha ra family sabai khusi hunchhan,कुकिङमा नयाँ मसला प्रयोग गर्दा स्वाद बढ्छ र परिवार सबै खुसी हुन्छन्
trek ma jaada weather badliyo ra barsa bhayo tara tent ma basera wait garda pani maja aayo,ट्रेकमा जाँदा वेदर बद्लियो र बर्षा भयो तर टेन्टमा बसेर वेट गर्दा पनि मजा आयो
hotel ma stay garera morning breakfast ma momo ra chiya khayera din ko planning garne garchhau,होटलमा स्टे गरेर मर्निङ ब्रेकफास्टमा मोमो र चिया खाएर दिनको प्लानिङ गर्ने गर्छौं
kathmandu ko newari khana restaurant ma khayera bara ra chatamari ko swad ekdam ramro thiyo,काठमाडौंको नेवारी खाना रेस्टुरेन्टमा खाएर बारा र चटामरीको स्वाद एकदम राम्रो थियो
hiking group sanga milera bag pack garepachi sabai milera aghi badhne ra photo khichne garchhau,हाइकिङ ग्रुपसँग मिलेर ब्याग प्याक गरेपछि सबै मिलेर अघि बढ्ने र फोटो खिच्ने गर्छौं
ghar mai simple dal bhat ra saag pakayera khana review garne ho bhane swad ma ta ghar kai sabai bhanda ramro,घरमै सिम्पल दाल भात र साग पकाएर खाना रिभ्यू गर्ने हो भने स्वादमा त घरकै सबैभन्दा राम्रो
tourism badhauna local manche haru le hotel ra restaurant kholera dherai madat garchhan,टुरिजम बढाउन लोकल मान्छेहरूले होटल र रेस्टुरेन्ट खोलेर धेरै मद्दत गर्छन्
manang trek ma jaada cold weather ma ramro jacket lagayera hidda pani himal ko thanda hawa le jado hunchha,मनाङ ट्रेकमा जाँदा कोल्ड वेदरमा राम्रो ज्याकेट लगाएर हिँड्दा पनि हिमालको ठण्डा हावाले जाडो हुन्छ
cooking class ma participate garepachi naya naya nepali ra international recipe sikaera ghar ma try garchhu,कुकिङ क्लासमा पार्टिसिपेट गरेपछि नयाँ नयाँ नेपाली र इन्टरनेशनल रेसिपी सिकाएर घरमा ट्राई गर्छु
restaurant ko rooftop ma basera night view herda ra khana khada dherai ramro feel hunchha,रेस्टुरेन्टको रुफटपमा बसेर नाइट भ्यू हेर्दा र खाना खाँदा धेरै राम्रो फिल हुन्छ
trek pachi hotel ma farkera rest liyera feri arko adventure ko planning suru garne garchhau,ट्रेकपछि होटलमा फर्केर रेस्ट लिएर फेरि अर्को एडभेन्चरको प्लानिङ सुरु गर्ने गर्छौं
aaja bihaana dekhi taauko dukhera hospital jaane sochdai thiye tara aba ali ramro bhayeko chha,आज बिहान देखि टाउको दुखेर अस्पताल जाने सोच्दै थिए तर अब अलि राम्रो भएको छ
manma dheryai tension bhayeko bela meditation garna thalyo ki stress ali kam hunchha,मनमा धेरै टेन्सन भएको बेला मेडिटेसन गर्न थाल्यो कि स्ट्रेस अलि कम हुन्छ
podcast ma suneko kura le mero man lai dherai prabhavit garyo ra aafno jindagi badalna thale,पडकास्टमा सुनेको कुराले मेरो मनलाई धेरै प्रभावित गर्यो र आफ्नो जिन्दगी बदल्न थाले
news herda herda deshma bhadra kura badhdai gayo ra manma chinta badhna thalyo,न्यूज हेर्दा हेर्दै देशमा भद्रा कुरा बढ्दै गयो र मनमा चिन्ता बढ्न थाल्यो
hospital ko emergency ward ma biraami dherai bhayeko le daaktar haru lai dherai kaam bhayo,अस्पतालको इमर्जेन्सी वार्डमा बिरामी धेरै भएकोले डाक्टरहरूलाई धेरै काम भयो
mental health ko barema kura garna dherai jana lai laaj lagcha tara yo dherai mahatwapoorn chha,मेन्टल हेल्थको बारेमा कुरा गर्न धेरै जनालाई लाज लाग्छ तर यो धेरै महत्त्वपूर्ण छ
motivational speaker le stage ma udbodhan garda manma naya urja aaune anubhuti hunchha,मोटिभेसनल स्पिकरले स्टेजमा उद्बोधन गर्दा मनमा नयाँ उर्जा आउने अनुभूति हुन्छ
aafno swasthya ko lagi niyamit rupma vyayam garnu parchha bhanne kura sabai lai thaaha chha,आफ्नो स्वास्थ्यको लागि नियमित रूपमा व्यायाम गर्नु पर्छ भन्ने कुरा सबैलाई थाहा छ
podcast sunera aafno jindagi ma kehi parivartan lyauna khojne soch aayo mero manma,पडकास्ट सुनेर आफ्नो जिन्दगीमा केही परिवर्तन ल्याउन खोज्ने सोच आयो मेरो मनमा
news discussion ma sabai jana le aafno bichar rakhe tara kasai le pani samadhan dina sakena,न्यूज डिस्कसनमा सबै जनाले आफ्नो विचार राखे तर कसैले पनि समाधान दिन सकेन
hospital jaada jaada medicine ko daam dherai badheko chha ra garib janata lai dherai gaarho bhayo,अस्पताल जाँदा जाँदा मेडिसिनको दाम धेरै बढेको छ र गरिब जनतालाई धेरै गाह्रो भयो
depression ko samasya le garda kati jana le aafno jindagi bata haari manne garchhan,डिप्रेसनको समस्याले गर्दा कति जनाले आफ्नो जिन्दगीबाट हारी मान्ने गर्छन्
motivational kura sunera manma utsaah aayo ra aafno lakshya praapti ko lagi mehenat garna thale,मोटिभेसनल कुरा सुनेर मनमा उत्साह आयो र आफ्नो लक्ष्य प्राप्ति को लागि मेहेनत गर्न थाले
podcast ma expert haru le swasthya ko barema diyo bhannne sujhav dherai upayogi lagyo,पडकास्टमा एक्सपर्टहरूले स्वास्थ्यको बारेमा दियो भन्ने सुझाव धेरै उपयोगी लाग्यो
news herera manma darr lagyo ki aafno parivaar ko swasthya ko lagi kehi garnu parchha,न्यूज हेरेर मनमा डर लाग्यो कि आफ्नो परिवारको स्वास्थ्यको लागि केही गर्नु पर्छ
hospital ma checkup garna jaada dherai samay lagyo ra aafno kaam pani adhai rahyo,अस्पतालमा चेकअप गर्न जाँदा धेरै समय लाग्यो र आफ्नो काम पनि अधै रह्यो
mental health ko clinic ma jaana laaj lagcha bhanne soch badalna parchha bhanne kura aayo,मेन्टल हेल्थको क्लिनिकमा जान लाज लाग्छ भन्ने सोच बदल्नु पर्छ भन्ने कुरा आयो
motivational speaker ko kura sunera aafno jindagi ma positive change lyauna man le chaahyo,मोटिभेसनल स्पिकरको कुरा सुनेर आफ्नो जिन्दगीमा पोजिटिभ चेन्ज ल्याउन मनले चाह्यो
podcast ma suneko advice le mero daily routine ma dherai sudhaar lyaaidiyo,पडकास्टमा सुनेको एडभाइसले मेरो डेली रुटिनमा धेरै सुधार ल्याइदियो
news discussion ma rajniti ko barema kura garda sabai jana ek arka sanga jhagada garna thale,न्यूज डिस्कसनमा राजनीति को बारेमा कुरा गर्दा सबै जना एक अर्कासँग झगडा गर्न थाले
aafno sharir ma kunai samasya dekhie turuntai daaktar lai dekhaaunu parchha bhanne kura sabai lai thaaha chha,आफ्नो शरीरमा कुनै समस्या देखिए तुरुन्तै डाक्टरलाई देखाउनु पर्छ भन्ने कुरा सबैलाई थाहा छ
anxiety ko samasya le garda raat ko neendra aaudaina ra din bhar man bechain rahanchha,एन्जाइटीको समस्याले गर्दा रातको निन्द्रा आउँदैन र दिनभर मन बेचैन रहन्छ
motivational kura padhera aafno lakshya praapti ko lagi naya utsaah saath jodera agadi badhne soch aayo,मोटिभेसनल कुरा पढेर आफ्नो लक्ष्य प्राप्ति को लागि नयाँ उत्साह साथ जोडेर अगाडि बढ्ने सोच आयो
podcast ma health expert haru le diet ko barema diyo bhannne sujhav mero jindagi ma dherai kaam lagyo,पडकास्टमा हेल्थ एक्सपर्टहरूले डाइटको बारेमा दियो भन्ने सुझाव मेरो जिन्दगीमा धेरै काम लाग्यो
news herera deshma badhdai gayeko corruption ko barema kura garda manma dukha lagyo,न्यूज हेरेर देशमा बढ्दै गएको करप्सनको बारेमा कुरा गर्दा मनमा दुख लाग्यो
hospital ko bill tirna gaarho bhayeko le garib parivaar haru lai dherai samasya bhayeko chha,अस्पतालको बिल तिर्न गाह्रो भएकोले गरिब परिवारहरूलाई धेरै समस्या भएको छ
mental health ko barema khula rupma kura garna thalyo ki samaj ma pani sudhaar aaudai chha,मेन्टल हेल्थको बारेमा खुला रूपमा कुरा गर्न थाल्यो कि समाजमा पनि सुधार आउँदै छ
motivational speaker le jindagi ko sangharsha ko barema kura garda manma naya himmat aayo,मोटिभेसनल स्पिकरले जिन्दगीको सङ्घर्षको बारेमा कुरा गर्दा मनमा नयाँ हिम्मत आयो
podcast sunera aafno career ko barema naya soch aayo ra aafno lakshya nirdharan garna thale,पडकास्ट सुनेर आफ्नो करियरको बारेमा नयाँ सोच आयो र आफ्नो लक्ष्य निर्धारण गर्न थाले
news discussion ma economy ko barema kura garda inflation ko barema dherai chinta bhayo,न्यूज डिस्कसनमा इकोनमीको बारेमा कुरा गर्दा इन्फ्लेसनको बारेमा धेरै चिन्ता भयो
aafno bachha ko health ko lagi niyamit checkup garna parchha bhanne kura sabai aba manne bhayeko chha,आफ्नो बच्चाको स्वास्थ्यको लागि नियमित चेकअप गर्नु पर्छ भन्ने कुरा सबै अब मान्ने भएको छ
stress management ko barema sikera aafno jindagi ma shanti ko anubhuti garna thale,स्ट्रेस म्यानेजमेन्टको बारेमा सिकेर आफ्नो जिन्दगीमा शान्तिको अनुभूति गर्न थाले
motivational kura sunera aafno sapana poora garna ko lagi mehenat garna thalyo,मोटिभेसनल कुरा सुनेर आफ्नो सपना पूरा गर्नको लागि मेहेनत गर्न थाल्यो
podcast ma suneko success story le mero man lai dherai inspire garyo ra agadi badhne himmat diyo,पडकास्टमा सुनेको सक्सेस स्टोरीले मेरो मनलाई धेरै इन्स्पायर गर्यो र अगाडि बढ्ने हिम्मत दियो
news herera samaj ma badhdai gayeko samasya ko barema sochna thalyo ra aafno yogdaan dina man le chaahyo,न्यूज हेरेर समाजमा बढ्दै गएको समस्याको बारेमा सोच्न थाल्यो र आफ्नो योगदान दिन मनले चाह्यो
hospital ma biraami lai herne daaktar haru ko kaam dherai gaarho chha ra uniharuko thakaa pani dekhda man dukhcha,अस्पतालमा बिरामीलाई हेर्ने डाक्टरहरूको काम धेरै गाह्रो छ र उनीहरूको थाकाइ पनि देख्दा मन दुख्छ
mental health ko samasya bhayeko manushya lai samaj le support garnu parchha bhanne soch badhdai gayeko chha,मेन्टल हेल्थको समस्या भएको मानुषलाई समाजले सपोर्ट गर्नु पर्छ भन्ने सोच बढ्दै गएको छ
motivational speaker ko book padhera aafno jindagi ma positive thinking lyauna thale,मोटिभेसनल स्पिकरको बुक पढेर आफ्नो जिन्दगीमा पोजिटिभ थिंकिङ ल्याउन थाले
podcast ma expert haru le career development ko barema diyo bhannne advice le mero soch ma parivartan aayo,पडकास्टमा एक्सपर्टहरूले करियर डेभलपमेन्टको बारेमा दियो भन्ने एडभाइसले मेरो सोचमा परिवर्तन आयो
news discussion ma education system ko barema kura garda sabai jana le aafno anubhav sunaaye,न्यूज डिस्कसनमा एजुकेसन सिस्टमको बारेमा कुरा गर्दा सबै जनाले आफ्नो अनुभव सुनाए
aafno swasthya ko lagi healthy khana khanu parchha bhanne kura aba sabai le manne bhayeko chha,आफ्नो स्वास्थ्यको लागि हेल्दी खाना खानु पर्छ भन्ने कुरा अब सबैले मान्ने भएको छ
anxiety ra depression ko samasya bata mukta huna ko lagi professional help linu parchha bhanne soch aayo,एन्जाइटी र डिप्रेसनको समस्याबाट मुक्त हुनको लागि प्रोफेसनल हेल्प लिनु पर्छ भन्ने सोच आयो
motivational kura sunera aafno lakshya praapti ko lagi naya tarika apnauna thale,मोटिभेसनल कुरा सुनेर आफ्नो लक्ष्य प्राप्ति को लागि नयाँ तरिका अपनाउन थाले
podcast ma suneko life lesson le mero daily life ma dherai positive impact paryo,पडकास्टमा सुनेको लाइफ लेसनले मेरो डेली लाइफमा धेरै पोजिटिभ इम्प्याक्ट पर्यो
news herera samaj ma badhdai gayeko cyber crime ko barema sochna thalyo ra aafno suraksha ko lagi savdhan bhayeko chhu,न्यूज हेरेर समाजमा बढ्दै गएको साइबर क्राइमको बारेमा सोच्न थाल्यो र आफ्नो सुरक्षाको लागि सवधान भएको छु
hospital ma emergency case aayeko bela daaktar haru le turantai action linu parchha ra yo dherai mahatwapoorn chha,अस्पतालमा इमर्जेन्सी केस आएको बेला डाक्टरहरूले तुरुन्तै एक्सन लिनु पर्छ र यो धेरै महत्त्वपूर्ण छ
mental health ko barema khula kura garna thalyo ki aafno man ko bojh kam hunchha bhanne anubhuti bhayo,मेन्टल हेल्थको बारेमा खुला कुरा गर्न थाल्यो कि आफ्नो मनको बोझ कम हुन्छ भन्ने अनुभूति भयो
motivational speaker le success ko lagi failure bata siknu parchha bhanne kura garda man ma naya soch aayo,मोटिभेसनल स्पिकरले सक्सेसको लागि फेल्योरबाट सिक्नु पर्छ भन्ने कुरा गर्दा मनमा नयाँ सोच आयो
podcast ma suneko advice le mero relationship ma dherai sudhaar lyaaidiyo ra communication ramro bhayo,पडकास्टमा सुनेको एडभाइसले मेरो रिलेसनशिपमा धेरै सुधार ल्याइदियो र कम्युनिकेसन राम्रो भयो
news discussion ma climate change ko barema kura garda aafno bhavishya ko barema chinta badhna thalyo,न्यूज डिस्कसनमा क्लाइमेट चेन्जको बारेमा कुरा गर्दा आफ्नो भविष्यको बारेमा चिन्ता बढ्न थाल्यो
chiya pasal ma basera gaun ko neta haru ko barema kura garda sabai le apna apna katha sunayera samaya bitcha ra hasera hasera kura hunchha,चिया पसलमा बसेर गाउँको नेताहरूको बारेमा कुरा गर्दा सबैले आफ्ना आफ्ना कथा सुनाएर समय बित्छ र हाँसेर हाँसेर कुरा हुन्छ
chiya pasal ma aaja pani bijuli gayo bhanera sabai le gahro manauchhan ra raati samma andhiyaro ma basera kura garchhan,चिया पसलमा आज पनि बिजुली गयो भनेर सबैले गाह्रो मनाउँछन् र राति सम्म अँध्यारोमा बसेर कुरा गर्छन्
hami ko tol ma naya tenant aayera raati samma loud music bajayera sabai ko nidra bigaaryo ra complaint garne sochera chhau,हामीको टोलमा नयाँ टेनान्ट आएर राति सम्म लाउड म्युजिक बजाएर सबैको निद्रा बिगार्यो र कम्प्लेन्ट गर्ने सोचेर छौं
gharbeti le rent badhauna khojda maile purano agreement anusar nai dinu parcha bhanera bahas gare tara kura mildaina,घरबेटीले रेन्ट बढाउन खोज्दा मैले पुरानो एग्रिमेन्ट अनुसार नै दिनु पर्छ भनेर बहस गरे तर कुरा मिल्दैन
internet ko speed ekdam slow bhayera online class join garna garo bhayo ra teacher le bolako suniye nabhaine bhayo,इन्टरनेटको स्पीड एकदम स्लो भएर अनलाइन क्लास जोइन गर्न गाह्रो भयो र टीचरले बोलेको सुनिएन भयो
mobile ma tiktok herda herda raati ko dherai samaya bitayera subha uthna garo bhayera mummy le gali khana pareko cha,मोबाइलमा टिकटक हेर्दा हेर्दा रातिको धेरै समय बिताएर बिहान उठ्न गाह्रो भएर मम्मीले गाली खान परेको छ
chiya pasal ma basera chhimeki ko ghar ko jagga ko barema kura huda dherai purano kura uthchhan ra bahas hunchha,चिया पसलमा बसेर छिमेकीको घरको जग्गाको बारेमा कुरा हुदा धेरै पुरानो कुरा उठ्छन् र बहस हुन्छ
bijuli aaune jaane bhayera fridge ma rakhako khana bigriyo ra ghar ko sabai le tension liera chhan,बिजुली आउने जाने भएर फ्रिजमा राखेको खाना बिग्रियो र घरको सबैले टेन्सन लिएर छन्
landlord sanga kura garda ghar ko chhano repair garna parcha bhanera sodhe tara uni le paisa chaina bhanchan,घरबेटीसँग कुरा गर्दा घरको छानो रिपेयर गर्नु पर्छ भनेर सोधे तर उनीले पैसा छैन भन्छन्
tol ma dui ghar ko bich ma park ko barema jhagada bhayera police samma pugne avastha aayo tara kura mildaina,टोलमा दुई घरको बिचमा पार्कको बारेमा झगडा भएर पुलिससम्म पुग्ने अवस्था आयो तर कुरा मिल्दैन
internet nabhayera office ko important meeting miss bhayo ra boss le feri report pathauna bhanchan,इन्टरनेट नभएर अफिसको इम्पोर्टेन्ट मिटिङ मिस भयो र बॉसले फेरि रिपोर्ट पठाउन भन्छन्
mobile addiction le bachha haru padhai ma dhyan didainan ra ghar ma mummy daddy le dherai gahro manauchhan,मोबाइल एडिक्सनले बच्चाहरू पढाइमा ध्यान दिँदैनन् र घरमा मम्मी ड्याडीले धेरै गाह्रो मनाउँछन्
chiya pasal ko gapp ma aaja ko bijuli problem ko barema sabai le afno afno dukha postaaudai chhan,चिया पसलको गफमा आजको बिजुली समस्या को बारेमा सबैले आफ्नो आफ्नो दुःख पोख्दै छन्
gharbeti le pani ko bill pani tenant le tirnu parcha bhanera naya niyam lagaauna khojda bahas suru bhayo,घरबेटीले पानीको बिल पनि टेनान्टले तिर्नु पर्छ भनेर नयाँ नियम लगाउन खोज्दा बहस सुरु भयो
raati samma mobile herera aankha dukhda pani sutna garo hunchha ra subha uthda thakai lagcha,राति सम्म मोबाइल हेरेर आँखा दुख्दा पनि सुत्न गाह्रो हुन्छ र बिहान उठ्दा थकाई लाग्छ
chhimeki haru bich ma chhori ko bihe ko barema kura huda purano risibh i uthera jhagada suru bhayo,छिमेकीहरू बिचमा छोरीको बिहेको बारेमा कुरा हुदा पुरानो रिसिबी उठेर झगडा सुरु भयो
bijuli gayeko cha ra mobile charge garna pani garo bhayera sabai le chiya pasal ma aaera basne garchhan,बिजुली गएको छ र मोबाइल चार्ज गर्न पनि गाह्रो भएर सबैले चिया पसलमा आएर बस्ने गर्छन्
internet le kaam gardaina bhayera office wfh garna garo pareko cha ra boss sanga kura garne sochera chhu,इन्टरनेटले काम गर्दैन भएर अफिस डब्ल्यूएफएच गर्न गाह्रो परेको छ र बॉससँग कुरा गर्ने सोचेर छु
gharbeti le rent time ma tirena bhane ghar bata nikalidinchu bhanera dhamki diyeko cha ra tension ma chhu,घरबेटीले रेन्ट टाइममा तिरेन भने घरबाट निकालिदिन्छु भनेर धम्की दिएको छ र टेन्सनमा छु
tol ko chiya pasal ma basera mobile ma reel herne manche haru dherai chhan ra gaff pani hudaina,टोलको चिया पसलमा बसेर मोबाइलमा रिल हेर्ने मान्छेहरू धेरै छन् र गफ पनि हुँदैन
bijuli aauda aauda pani voltage low bhayera fan pani ghumdaina ra garmi ma dherai garo hunchha,बिजुली आउँदा आउँदा पनि भोल्टेज लो भएर फ्यान पनि घुम्दैन र गर्मीमा धेरै गाह्रो हुन्छ
chhimeki ko kukkur raati bhar bhukda nidra hudaina ra maile complain gare tara kura mildaina,छिमेकीको कुकुर राति भर भुक्दा निद्रा हुँदैन र मैले कम्प्लेन्ट गरे तर कुरा मिल्दैन
internet package ko expiry bhayera feri load garna bhuliye ra important call miss bhayo,इन्टरनेट प्याकेजको एक्सपाइरी भएर फेरि लोड गर्न भुलिए र इम्पोर्टेन्ट कल मिस भयो
mobile herda herda padhai pani chodiyo ra exam auna lageko cha tara ab control garne sochera chhu,मोबाइल हेर्दा हेर्दा पढाइ पनि छोडियो र एक्जाम आउन लागेको छ तर अब कन्ट्रोल गर्ने सोचेर छु
landlord sanga basera ghar ko repair ko barema kura garda unile time lagcha bhanchan ra wait garnu parcha,ल्यान्डलर्डसँग बसेर घरको रिपेयरको बारेमा कुरा गर्दा उनीले टाइम लाग्छ भन्छन् र वेट गर्नु पर्छ
chiya pasal ma aaja pani current gayo bhanera sabai le frustration share garda hasera hasera kura hunchha,चिया पसलमा आज पनि करेन्ट गयो भनेर सबैले फ्रस्ट्रेसन शेयर गर्दा हाँसेर हाँसेर कुरा हुन्छ
naya tenant le ghar ko dewal ma nail thokera poster lagayera landlord le rishayera bahas gare,नयाँ टेनान्टले घरको देउवालमा नङ ठोकेर पोस्टर लगाएर घरबेटीले रिसाएर बहस गरे
internet slow bhayera youtube video herna garo bhayo ra buffer hudai raheko cha ra mood kharab bhayo,इन्टरनेट स्लो भएर युट्युब भिडियो हेर्न गाह्रो भयो र बफर हुदै रहेको छ र मूड खराब भयो
mobile addiction le ghar ko kaam pani chodiyo ra mummy le dherai gali khayera ab control garne bhaneko chu,मोबाइल एडिक्सनले घरको काम पनि छोडियो र मम्मीले धेरै गाली खाएर अब कन्ट्रोल गर्ने भनेको छु
chhimeki haru bich ma parking ko jagga ko barema jhagada bhayera tol ko sabai jana tension ma chhan,छिमेकीहरू बिचमा पार्किङको जग्गाको बारेमा झगडा भएर टोलको सबै जना टेन्सनमा छन्
bijuli nabhayera raati ko bela laptop charge nabhayera kaam sakina ra deadline miss bhayo,बिजुली नभएर रातिको बेला ल्यापटप चार्ज नभएर काम सकिन र डेडलाइन मिस भयो
gharbeti le deposit ko paisa feri didainan bhanera tenant le complaint gardai chhan ra kura mildaina,घरबेटीले डिपोजिटको पैसा फेरि दिँदैनन् भनेर टेनान्टले कम्प्लेन्ट गर्दै छन् र कुरा मिल्दैन
chiya pasal ma basera politics ra neta haru ko barema gaff garda samaya katai bittine thaha hudaina,चिया पसलमा बसेर पोलिटिक्स र नेताहरूको बारेमा गफ गर्दा समय कतै बित्ने थाहा हुँदैन
internet nabhayera bank ko bill tirna garo bhayo ra late fee lagla ki bhanne chinta hunchha,इन्टरनेट नभएर बैंकको बिल तिर्न गाह्रो भयो र लेट फी लाग्ला कि भन्ने चिन्ता हुन्छ
mobile herera herera aankha laamo bhayera doctor sanga check up garna jaana parcha bhanchan,मोबाइल हेरेर हेरेर आँखा लामो भएर डाक्टरसँग चेकअप गर्न जानु पर्छ भन्छन्
tol ma dui ghar ko bich ma chhoro chhori ko kura uthera chhimeki jhagada suru bhayo ra sabai herne garchhan,टोलमा दुई घरको बिचमा छोरो छोरीको कुरा उठेर छिमेकी झगडा सुरु भयो र सबै हेर्ने गर्छन्
landlord le ghar ma party nagarnu bhanera niyam banako cha tara tenant le mana gardainan,ल्यान्डलर्डले घरमा पार्टी नगर्नु भनेर नियम बनाएको छ तर टेनान्टले मान्दैनन्
bijuli ko load shedding le ghar ko sabai kaam bigaaryo ra raati ma padhna pani garo hunchha,बिजुलीको लोडसेडिङले घरको सबै काम बिगार्यो र रातिमा पढ्न पनि गाह्रो हुन्छ
internet connection har time ma cut hunchha ra office meeting ma bolna garo hunchha ra tension badhchha,इन्टरनेट कनेक्सन हर टाइममा कट हुन्छ र अफिस मिटिङमा बोल्न गाह्रो हुन्छ र टेन्सन बढ्छ
chiya pasal ma basera mobile ma reel herne haru lai herera sabai le haschhan tara uniharulai thaha hudaina,चिया पसलमा बसेर मोबाइलमा रिल हेर्नेहरूलाई हेरेर सबैले हाँस्छन् तर उनीहरूलाई थाहा हुँदैन
gharbeti ra tenant bich ma pani ko bill ko barema bahas bhairako cha ra mahina mahina ma jhagada hunchha,घरबेटी र टेनान्ट बिचमा पानीको बिलको बारेमा बहस भइरहेको छ र महिना महिनामा झगडा हुन्छ
mobile le dherai time kharcha garera ghar ko manche haru sanga kura garna pani time nabhayera dukh lagcha,मोबाइलले धेरै टाइम खर्च गरेर घरको मान्छेहरूसँग कुरा गर्न पनि टाइम नभएर दुःख लाग्छ
chhimeki ko ghar ma bijuli ko wire bigriyo ra hamro ghar ma pani asar paryo ra sabai le milera herauchhau,छिमेकीको घरमा बिजुलीको वायर बिग्रियो र हाम्रो घरमा पनि असर पर्यो र सबैले मिलेर हेरौँ
internet ko problem le bachha haru ko online class miss hunchha ra teacher le attendance mark gardainan,इन्टरनेटको समस्या ले बच्चाहरूको अनलाइन क्लास मिस हुन्छ र टीचरले एटेन्डेन्स मार्क गर्दैनन्
chiya pasal ko purano gaff ma landlord haru le tenant lai kina dherai dikkat dinchhan bhanera kura hunchha,चिया पसलको पुरानो गफमा घरबेटीहरूले टेनान्टलाई किन धेरै दिक्कत दिन्छन् भनेर कुरा हुन्छ
raati ko samaya ma mobile herda battery pani chhito sakkincha ra charge garna bijuli nabhayera garo hunchha,रातिको समयमा मोबाइल हेर्दा ब्याट्री पनि छिटो सकिन्छ र चार्ज गर्न बिजुली नभएर गाह्रो हुन्छ
tol ma naya tenant aayera safai nagardai ghar ko aagana bigaaryo ra sabai chhimeki le complaint garchhan,टोलमा नयाँ टेनान्ट आएर सफाइ नगर्दै घरको आँगन बिगार्यो र सबै छिमेकीले कम्प्लेन्ट गर्छन्
bijuli aaudaina bhane pani bill ta mahino mahina ma tirnu parcha bhanera sabai le gahro manauchhan,बिजुली आउँदैन भने पनि बिल त महिनो महिनामा तिर्नु पर्छ भनेर सबैले गाह्रो मनाउँछन्
internet ma dherai data kharcha bhayera package badhauna parcha ra budget bigrinchha,इन्टरनेटमा धेरै डाटा खर्च भएर प्याकेज बढाउनु पर्छ र बजेट बिग्रिन्छ
mobile addiction control garna sathi haru sanga milera challenge liyera herauchhau tara dherai din tikdaina,मोबाइल एडिक्सन कन्ट्रोल गर्न साथीहरूसँग मिलेर च्यालेन्ज लिएर हेरौँ तर धेरै दिन टिक्दैन
bachpan ma gaun ko khet ma khelne ra sathi haru sanga gaai charauna jaada dherai ramailo din bitauthe,बचपनमा गाउँको खेतमा खेल्ने र साथीहरूसँग गाई चराउन जाँदा धेरै रमाइलो दिन बिताउँथ्यौं
budo budhi haru le purano samaya ko katha sunaudai thiye ra uniharuko jivan sangharsha sunera dherai sikaune thiye,बुढो बुढीहरूले पुरानो समयको कथा सुनाउँदै थिए र उनीहरूको जीवन संघर्ष सुनेर धेरै सिकाउने थिए
sahitya ko barema bahas garda kabita haru le man ko kura dherai ramro sanga express garchhan bhanera sabai le bhane,साहित्यको बारेमा बहस गर्दा कविताहरूले मनको कुरा धेरै राम्रोसँग एक्सप्रेस गर्छन् भनेर सबैले भने
naya kitab padhera review garne ho bhane yo novel le nepali samaj ko samasya dherai ramro darshaaucha,नयाँ किताब पढेर रिभ्यू गर्ने हो भने यो उपन्यासले नेपाली समाजको समस्या धेरै राम्रो दर्शाउँछ
purano photo khichera yaad garne bela bachpan ko din haru samjhera aankha raalu aaucha,पुरानो फोटो खिचेर याद गर्ने बेला बचपनको दिनहरू सम्झेर आँखा रसाउँछ
ghumna jaada different thau ko local sanskriti ra parampara herera dherai naya kura sikaune maaja aaucha,घुम्न जाँदा डिफरेन्ट ठाउँको लोकल संस्कृति र परम्परा हेरेर धेरै नयाँ कुरा सिक्ने मजा आउँछ
samaj ma aaja pani chhori haru lai equal adhikar nadine samasya dherai chha ra hami sabai le awaz uthaauna parcha,समाजमा आज पनि छोरीहरूलाई इक्वल अधिकार नदिने समस्या धेरै छ र हामी सबैले आवाज उठाउनु पर्छ
budheskal ma aaera pani bachpan ko khelne kura samjhera hasne garchhu ra tyo bela feri aauna man lagcha,बुढेसकालमा आएर पनि बचपनको खेल्ने कुरा सम्झेर हाँस्ने गर्छु र त्यो बेला फेरि आउन मन लाग्छ
kabita path garera discussion garda prem ra dukha ko barema dherai gahiro kura uthchha ra man prafulla hunchha,कविता पाठ गरेर डिस्कसन गर्दा प्रेम र दुःखको बारेमा धेरै गहिरो कुरा उठ्छ र मन प्रफुल्ल हुन्छ
book review ma lekheko chu yo katha le nepali nari ko struggles dherai ramro tarika le dekhako chha,बुक रिभ्यूमा लेखेको छु यो कथा ले नेपाली नारीको स्ट्रगल्स धेरै राम्रो तरिकाले देखाएको छ
photography sikaera himal ra khet ko sundar drishya khichda dherai khusi feel hunchha ra share garne ichchha hunchha,फोटोग्राफी सिकाएर हिमाल र खेतको सुन्दर दृश्य खिच्दा धेरै खुसी फिल हुन्छ र शेयर गर्ने इच्छा हुन्छ
travel experience ma mustang ghumera thakali sanskriti ra parampara herera dherai naya kura bujhe,ट्राभल एक्सपीरियन्समा मुस्ताङ घुमेर थकाली संस्कृति र परम्परा हेरेर धेरै नयाँ कुरा बुझें
bachpan ma aama le sunaaune lok katha haru aaja pani yaad aaucha ra bachha haru lai sunaaune garchhu,बचपनमा आमाले सुनाउने लोक कथा हरू आज पनि याद आउँछ र बच्चाहरूलाई सुनाउने गर्छु
old age ma basera harek din purano din ko samjhana le man bhariyo hunchha tara tyo samaya feri aaos man lagcha,ओल्ड एजमा बसेर हरेक दिन पुरानो दिनको सम्झनाले मन भरियो हुन्छ तर त्यो समय फेरि आओस् मन लाग्छ
sahitya ko kitab padhera nepali sanskriti ko barema dherai bujhiyo ra afno jivan ma pani apply garne koshish garchhu,साहित्यको किताब पढेर नेपाली संस्कृतिको बारेमा धेरै बुझियो र आफ्नो जीवनमा पनि एप्लाई गर्ने कोसिस गर्छु
gender samasya ko barema kura garda ghar ghar ma chhori haru lai equal mauka dinu parcha bhanera sabai le bhane,जेण्डर समस्या को बारेमा कुरा गर्दा घर घरमा छोरीहरूलाई इक्वल मौका दिनु पर्छ भनेर सबैले भने
purano album herera bachpan ko photo khichda hasera hasera samjhana share garchhau ra aankha bhariyo hunchha,पुरानो एल्बम हेरेर बचपनको फोटो खिच्दा हाँसेर हाँसेर सम्झना शेयर गर्छौं र आँखा भरियो हुन्छ
local parampara anusar tihar ma bhailo khelne ra dashain ma tika lagaaune kura hami sabai le jogauna parcha,लोकल परम्परा अनुसार तिहारमा भैलो खेल्ने र दशैंमा टिका लगाउने कुरा हामी सबैले जोगाउनु पर्छ
samajik samasya ko barema kitab padhera dherai sochne baneko chu ra afno ghar bata nai suru garne sochera chhu,समाजिक समस्या को बारेमा किताब पढेर धेरै सोच्ने बनेको छु र आफ्नो घरबाट नै सुरु गर्ने सोचेर छु
kabita lekhera man ko kura express garne bela dherai shanti paauchhu ra afno anubhab share garne garchhu,कविता लेखेर मनको कुरा एक्सप्रेस गर्ने बेला धेरै शान्ति पाउँछु र आफ्नो अनुभव शेयर गर्ने गर्छु
budo manche le purano trek ko katha sunaudai thiye ra himal chadne sapana kasari pura gare bhanera,बुढो मान्छेले पुरानो ट्रेकको कथा सुनाउँदै थिए र हिमाल चढ्ने सपना कसरी पूरा गरे भनेर
photography ma focus gardai local sanskriti ko photo khichera book banaune sochera chhu,फोटोग्राफीमा फोकस गर्दै लोकल संस्कृतिको फोटो खिचेर किताब बनाउने सोचेर छु
bachpan ko din ma school hidne bato ra sathi haru sanga khelne kura samjhera aaja pani has lagcha,बचपनको दिनमा स्कूल हिँड्ने बाटो र साथीहरूसँग खेल्ने कुरा सम्झेर आज पनि हाँस लाग्छ
literature discussion ma premchand ra devkota ko barema kura huda dherai gahiro bujhiyo,साहित्य डिस्कसनमा प्रेमचन्द र देवकोटाको बारेमा कुरा हुदा धेरै गहिरो बुझियो
nariharu ko adhikar ko barema kitab padhera samaj ma badalaw lyauna parcha bhanne ichchha uthyo,नारीहरूको अधिकारको बारेमा किताब पढेर समाजमा बदलाव ल्याउनु पर्छ भन्ने इच्छा उठ्यो
travel gardai different gaun ko local festival herera dherai ramro anubhab sangalchhau,ट्राभल गर्दै डिफरेन्ट गाउँको लोकल फेस्टिभल हेरेर धेरै राम्रो अनुभव सङ्गाल्छौं
old age ma basera harek kura ma bachha haru lai salah dine garchhu ra uniharuko ramro future ko kamana garchhu,ओल्ड एजमा बसेर हरेक कुरामा बच्चाहरूलाई सल्लाह दिने गर्छु र उनीहरूको राम्रो फ्युचरको कामना गर्छु
purano nepali kavita haru padhera aaja ko samasya sanga compare garne garchhau ra dherai sochne baneko chhu,पुरानो नेपाली कविता हरू पढेर आजको समस्या सँग कम्पेयर गर्ने गर्छौं र धेरै सोच्ने बनेको छु
samaj ma dalit ra garib haru ko samasya dherai chha ra hami sabai le milera madat garna parcha,समाजमा दलित र गरिबहरूको समस्या धेरै छ र हामी सबैले मिलेर मद्दत गर्नु पर्छ
photography ko lagi subha ko surya udne bela himal ko photo khichda man ekdam shanti hunchha,फोटोग्राफीको लागि बिहानको सूर्य उद्ने बेला हिमालको फोटो खिच्दा मन एकदम शान्ति हुन्छ
bachpan ma aama sanga mandir jaane ra puja garne parampara aaja pani follow garne koshish garchhu,बचपनमा आमासँग मन्दिर जाने र पुजा गर्ने परम्परा आज पनि फलो गर्ने कोसिस गर्छु
book review ma yo katha le purano nepali sanskriti ra aadhunik samasya dui tai dekhako chha,बुक रिभ्यूमा यो कथा ले पुरानो नेपाली संस्कृति र आधुनिक समस्या दुवै देखाएको छ
budho budhi haru sanga basera uniharuko purano khel ra katha sunera samaya dherai ramro bitcha,बुढो बुढीसँग बसेर उनीहरूको पुरानो खेल र कथा सुनेर समय धेरै राम्रो बित्छ
gender equality ko barema bahas garda school ma pani bachha haru lai sikauna suru garna parcha,जेण्डर इक्वालिटीको बारेमा बहस गर्दा स्कूलमा पनि बच्चाहरूलाई सिकाउन सुरु गर्नु पर्छ
local culture ko barema photo series khichera social media ma share garda dherai manche haru le like garchhan,लोकल कल्चरको बारेमा फोटो सिरिज खिचेर सोसल मिडियामा शेयर गर्दा धेरै मान्छेहरूले लाइक गर्छन्
bachpan ko samjhana ma barsat ma khelne ra badi herne kura aaja pani yaad aaucha ra has lagcha,बचपनको सम्झनामा बर्षातमा खेल्ने र बाढी हेर्ने कुरा आज पनि याद आउँछ र हाँस लाग्छ
sahitya ma nepali nari ko chitra dherai balio tarika le lekheko kitab padhera dherai inspired bhaye,साहित्यमा नेपाली नारीको चित्र धेरै बलियो तरिकाले लेखेको किताब पढेर धेरै इन्स्पायर्ड भएँ
purano gaun ko parampara anusar bihe ra chhori ko vidai ko bela aaja pani aansu aaucha,पुरानो गाउँको परम्परा अनुसार बिहे र छोरीको विदाईको बेला आज पनि आँसु आउँछ
travel experience share garda different thau ko local khana ra sanskriti ko barema dherai kura lekhe,ट्राभल एक्सपीरियन्स शेयर गर्दा डिफरेन्ट ठाउँको लोकल खाना र संस्कृतिको बारेमा धेरै कुरा लेखे
old age stories sunera hami le aaja ko generation le purano kura nabirsnu parcha bhanne bujhe,ओल्ड एज स्टोरीज सुनेर हामीले आजको जेनेरेसनले पुरानो कुरा नबिर्सनु पर्छ भन्ने बुझें
kabita discussion ma prem kabita haru padhera dherai ramro feel hunchha ra afno pani lekne ichchha hunchha,कविता डिस्कसनमा प्रेम कविता हरू पढेर धेरै राम्रो फिल हुन्छ र आफ्नो पनि लेख्ने इच्छा हुन्छ
samajik samasya ko barema photo khichera awareness badhauna khojda dherai manche haru le support gare,समाजिक समस्या को बारेमा फोटो खिचेर अवेयरनेस बढाउन खोज्दा धेरै मान्छेहरूले सपोर्ट गरे
bachpan ma school ma teacher le padhaaune nepali sahitya aaja pani yaad aaucha ra maan lagcha,बचपनमा स्कूलमा टीचरले पढाउने नेपाली साहित्य आज पनि याद आउँछ र मन लाग्छ
nari purush ko barabari ko barema kitab padhera ghar ghar ma charcha garna suru garne sochera chhu,नारी पुरुषको बराबरीको बारेमा किताब पढेर घर घरमा छलफल गर्न सुरु गर्ने सोचेर छु
local festival ma photography gardai sabai manche haru ko khusi ko expression capture garne garchhu,लोकल फेस्टिभलमा फोटोग्राफी गर्दै सबै मान्छेहरूको खुसीको एक्सप्रेसन क्याप्चर गर्ने गर्छु
budo kaka le purano yuddh ra swatantrata sangharsha ko katha sunaudai thiye ra dherai garima feel bhayo,बुढो काका ले पुरानो युद्ध र स्वतन्त्रता संघर्षको कथा सुनाउँदै थिए र धेरै गरिमा फिल भयो
travel gardai different thau ko parampara anusar puja garne tarika herera dherai naya kura sike,ट्राभल गर्दै डिफरेन्ट ठाउँको परम्परा अनुसार पुजा गर्ने तरिका हेरेर धेरै नयाँ कुरा सिके
samaj ma aaja pani chhori haru lai padhauna nabhanne soch dherai chha ra yo badalnu jaruri chha,समाजमा आज पनि छोरीहरूलाई पढाउन नभन्ने सोच धेरै छ र यो बदल्नु जरुरी छ
purano kitab haru padhera nepali sahitya ko dherai gahiro kura bujhda man khusi hunchha,पुरानो किताब हरू पढेर नेपाली साहित्यको धेरै गहिरो कुरा बुझ्दा मन खुसी हुन्छ
photography ra travel combine garera local sanskriti ko documentation garne project suru gareko chu,फोटोग्राफी र ट्राभल कम्बाइन गरेर लोकल संस्कृतिको डकुमेन्टेसन गर्ने प्रोजेक्ट सुरु गरेको छु
bachpan ko din haru feri aaos bhanera budheskal ma basera sapana dekhe pani has lagcha,बचपनको दिन हरू फेरि आओस् भनेर बुढेसकालमा बसेर सपना देखे पनि हाँस लाग्छ
gender issue ko barema poetry lekhera sabai lai sunaauna khojda dherai ramro response paaye,जेण्डर इश्यूको बारेमा कविता लेखेर सबैलाई सुनाउन खोज्दा धेरै राम्रो रेस्पोन्स पाएँ
aajkal ko mahangi le garda aafno ghar ko kharcha chalaauna dherai gaarho bhairaaheko chha ra sabai le chinta gari raheko chhan,आजकलको महँगीले गर्दा आफ्नो घरको खर्च चलाउन धेरै गाह्रो भइरहेको छ र सबैले चिन्ता गरिरहेका छन्
petrolium ko daam badhda badhdai jaada transportation ko kharcha pani badhne bhayeko chha ra yasko asar sabai kshetra ma pariraaheko chha,पेट्रोलियमको दाम बढ्दा बढ्दै जाँदा ट्रान्सपोर्टेसनको खर्च पनि बढ्ने भएको छ र यसको असर सबै क्षेत्रमा परिरहेको छ
share bazar ma utaar chadhaav dherai bhayeko le niveshak haru lai dherai chinta bhayeko chha ra kun share kinne bhanne dovidha ma chhan,सेयर बजारमा उतारचढाव धेरै भएकोले नवेशकहरूलाई धेरै चिन्ता भएको छ र कुन सेयर किन्ने भन्ने दोविधामा छन्
cryptocurrency ko mulya ekdamai asthir bhayeko chha ra kasailai pani kun bela kati ghaata hunchha bhanne thaha hudaina,क्रिप्टोकरेन्सीको मूल्य एकदमै अस्थिर भएको छ र कसैलाई पनि कुन बेला कति घाटा हुन्छ भन्ने थाहा हुँदैन
bank ma jaada jaada lambaa line ma basera aafno kaam garna parchha ra online banking ko suvidha pani sabai lai upalabdha chaina,बैंकमा जाँदा जाँदा लामो लाइनमा बसेर आफ्नो काम गर्न पर्छ र अनलाइन बैंकिङको सुविधा पनि सबैलाई उपलब्ध छैन
digital wallet prayog garda password ra pin number surakshit raakhnu parchha bhanne kura sabai lai thaaha bhaye pani kasailai laaparbaahi garna sakchhan,डिजिटल वालेट प्रयोग गर्दा पासवर्ड र पिन नम्बर सुरक्षित राख्नु पर्छ भन्ने कुरा सबैलाई थाहा भए पनि कसैलाई लापरबाही गर्न सक्छन्
online fraud ra scam bata bachna ko lagi internet prayog garda savdhaan bhayera matra transaction garnu parchha bhanne sujhav diiraaheko chhan,अनलाइन फ्रड र स्क्यामबाट बच्नको लागि इन्टरनेट प्रयोग गर्दा सवधान भएर मात्र ट्रान्जेक्सन गर्नु पर्छ भन्ने सुझाव दिइरहेका छन्
cyber security ko mudda ma sarkar le naya niyam banaaudai chha tara yasko karyaanvayan kasari hunchha bhanne prashna uttheko chha,साइबर सुरक्षाको मुद्दामा सरकारले नयाँ नियम बनाउँदै छ तर यसको कार्यान्वयन कसरी हुन्छ भन्ने प्रश्न उठेको छ
arthatantra ma aayeko manda le garda rozgaar ko samasya pani badhdai gayeko chha ra yuva haru bidesh jaana thaleko chhan,अर्थतन्त्रमा आएको मन्दा ले गर्दा रोजगारको समस्या पनि बढ्दै गएको छ र युवाहरू विदेश जान थालेका छन्
mudrasphiti ko dar badhda aam janata ko krodh badhne garchha ra sarkar viruddha protest garna thalchhan,मुद्रास्फीतिको दर बढ्दा आम जनताको क्रोध बढ्ने गर्छ र सरकार विरुद्ध प्रोटेस्ट गर्न थाल्छन्
diesel ra petrolium ko daam ma parivartan bhayeko bela transport vyavasaayi haru le bhaada badhaaune dhamki dinchhan,डिजेल र पेट्रोलियमको दाममा परिवर्तन भएको बेला ट्रान्सपोर्ट व्यवसायीहरूले भाडा बढाउने धम्की दिन्छन्
share bazar ma nivesh garnu aghi bazaar ko avastha ra company ko pradarshan herera matra nirnay lina parchha,सेयर बजारमा नवेश गर्नु अघि बजारको अवस्था र कम्पनीको प्रदर्शन हेरेर मात्र निर्णय लिनु पर्छ
bitcoin ra ethereium jasta cryptocurrency haru ma lagani garnu aghi yo kshetra ko jokhim bujhnu parchha bhanne expert haru le bhannchhan,बिटकोइन र इथेरियम जस्ता क्रिप्टोकरेन्सीहरूमा लगानी गर्नु अघि यो क्षेत्रको जोखिम बुझ्नु पर्छ भन्ने एक्सपर्टहरूले भन्छन्
bank ko mobile app prayog garda kasailai pani aafno account ko jankari surakshit raakhnu parchha ra password barabar parivartan garnu parchha,बैंकको मोबाइल एप प्रयोग गर्दा कसैलाई पनि आफ्नो अकाउन्टको जानकारी सुरक्षित राख्नु पर्छ र पासवर्ड बराबर परिवर्तन गर्नु पर्छ
digital payment system le vyapar lai sajilo banaaidiyo tara internet ko samasya bhayeko bela transaction ma samasya aaudai chha,डिजिटल पेमेन्ट सिस्टमले व्यापारलाई सजिलो बनाइदियो तर इन्टरनेटको समस्या भएको बेला ट्रान्जेक्सनमा समस्या आउँदै छ
online shopping garda fake website ma paryo bhane paisa ra jankari dui nai gumauna sakchhan ra yesto ghatna dherai bhayeko chhan,अनलाइन शपिङ गर्दा फेक वेबसाइटमा पर्यो भने पैसा र जानकारी दुई नै गुमाउन सक्छन् र यस्तो घटना धेरै भएको छन्
cyber attack bata bachna ko lagi company haru le aafno system ma suraksha ko vyavastha majabut banaaunu parchha bhanne sujhav diiraaheko chhan,साइबर अट्याकबाट बच्नको लागि कम्पनीहरूले आफ्नो सिस्टममा सुरक्षाको व्यवस्था मजबुत बनाउनु पर्छ भन्ने सुझाव दिइरहेका छन्
arthatantra sudhaarna ko lagi sarkar le naya niti lyaaudai chha tara yasko prabhav aam janata ma kahile dekhincha bhanne prashna chha,अर्थतन्त्र सुधारनको लागि सरकारले नयाँ नीति ल्याउँदै छ तर यसको प्रभाव आम जनता मा कहिले देखिन्छ भन्ने प्रश्न छ
khadya anna ra aavashyak saman ko daam badhda garib parivaar haru lai dherai gaarho bhayeko chha ra uniharuko jindagi kathin bhayeko chha,खाद्यान्न र आवश्यक सामानको दाम बढ्दा गरिब परिवारहरूलाई धेरै गाह्रो भएको छ र उनीहरूको जिन्दगी कठिन भएको छ
lpg gas ko silinder ko daam badhda ghar ka mahila haru lai khana pakaauna dherai samasya bhayeko chha ra bikalpa khojiraaheko chhan,एलपीजी ग्यासको सिलिन्डरको दाम बढ्दा घरका महिलाहरूलाई खाना पकाउन धेरै समस्या भएको छ र विकल्प खोजिरहेका छन्
share bazar ma ghaata bhayeko bela niveshak haru le aafno paisa firta lina khojda pani sambhav hudaina bhanne avastha aaidai chha,सेयर बजारमा घाटा भएको बेला नवेशकहरूले आफ्नो पैसा फिर्ता लिन खोज्दा पनि सम्भव हुँदैन भन्ने अवस्था आइँदै छ
cryptocurrency ko kar niyam spasht na bhayeko le kasailai pani yo kshetra ma lagani garna dar lagda chha ra sarkar le spasht niyam banaaunu parchha,क्रिप्टोकरेन्सीको कर नियम स्पष्ट नभएकोले कसैलाई पनि यो क्षेत्रमा लगानी गर्न डर लाग्दछ र सरकारले स्पष्ट नियम बनाउनु पर्छ
bank loan lina jaada jaada dherai kaagajpatra ra jamanat ko aavashyakta parne bhayeko le saajha vyakti haru lai loan lina gaarho bhayeko chha,बैंक लोन लिन जाँदा जाँदा धेरै कागजपत्र र जमानतको आवश्यकता पर्ने भएकोले साझा व्यक्तिहरूलाई लोन लिन गाह्रो भएको छ
digital wallet ma paisa rakhda kasailai pani aafno mobile surakshit raakhnu parchha ra lost bhayoma turantai block garaaunu parchha bhanne sujhav chha,डिजिटल वालेटमा पैसा राख्दा कसैलाई पनि आफ्नो मोबाइल सुरक्षित राख्नु पर्छ र लस्ट भएकोमा तुरुन्तै ब्लक गराउनु पर्छ भन्ने सुझाव छ
online fraud haru bata bachna ko lagi kasai le pani aafno otp ra password kasailai pani dina hunna bhanne kura sabai lai thaaha hunu parchha,अनलाइन फ्रडहरूबाट बच्नको लागि कसैले पनि आफ्नो ओटीपी र पासवर्ड कसैलाई पनि दिनु हुँदैन भन्ने कुरा सबैलाई थाहा हुनु पर्छ
cyber security ko training nalinu bhayeko karmachari haru le company ko data surakshit raakhna sakdainan ra yesto avastha ma company lai thulo nuksaan huna sakchha,साइबर सुरक्षाको तालिम नलिनु भएको कर्मचारीहरूले कम्पनीको डाटा सुरक्षित राख्न सक्दैनन् र यस्तो अवस्थामा कम्पनीलाई ठूलो नोक्सान हुन सक्छ
arthatantra ma aayeko sankat le garda sarkari aay ma kami aayeko chha ra vikas nirman ka kaam ma dhilo huna sakchha bhanne chinta badhdai chha,अर्थतन्त्रमा आएको संकटले गर्दा सरकारी आयमा कमी आएको छ र विकास निर्माणका काममा ढिलो हुन सक्छ भन्ने चिन्ता बढ्दै छ
mahangi ko kaaran le garda aam janata ko krodh badhda badhdai jaada sarkar viruddha aandolan garna thalne sambhavana badhdai chha,महँगीको कारणले गर्दा आम जनताको क्रोध बढ्दा बढ्दै जाँदा सरकार विरुद्ध आन्दोलन गर्न थाल्ने सम्भावना बढ्दै छ
international bazaar ma tel ko daam badhda nepal ma pani petrolium ko daam badhne niyamit bhayeko chha ra yasko asar sabai ma pariraaheko chha,अन्तर्राष्ट्रिय बजारमा तेलको दाम बढ्दा नेपालमा पनि पेट्रोलियमको दाम बढ्ने नियमित भएको छ र यसको असर सबैमा परिरहेको छ
share bazar ma naya niveshak haru le bina jankari lagani garda ghaata hune sambhavana dherai hunchha ra expert ko salah linu parchha,सेयर बजारमा नयाँ नवेशकहरूले बिना जानकारी लगानी गर्दा घाटा हुने सम्भावना धेरै हुन्छ र एक्सपर्टको सलह लिनु पर्छ
cryptocurrency ma lagani garnu aghi yo digital sampatti ko prakriti ra jokhim bujhnu parchha ra ekdamai savdhaan bhayera matra kadam chalauna parchha,क्रिप्टोकरेन्सीमा लगानी गर्नु अघि यो डिजिटल सम्पत्तिको प्रकृति र जोखिम बुझ्नु पर्छ र एकदमै सवधान भएर मात्र कदम चलाउनु पर्छ
bank ko online service prayog garda kasailai pani aafno login jankari surakshit raakhnu parchha ra public computer ma login nagarnu parchha bhanne sujhav chha,बैंकको अनलाइन सेवा प्रयोग गर्दा कसैलाई पनि आफ्नो लगइन जानकारी सुरक्षित राख्नु पर्छ र पब्लिक कम्प्युटरमा लगइन नगर्नु पर्छ भन्ने सुझाव छ
digital payment ko prayog badhda pani internet ko samasya ra technical glitch le garda transaction fail hune ghatna dherai bhayeko chhan,डिजिटल पेमेन्टको प्रयोग बढ्दा पनि इन्टरनेटको समस्या र टेक्निकल ग्लिचले गर्दा ट्रान्जेक्सन फेल हुने घटना धेरै भएको छन्
online shopping ma fake product paayeko bela customer haru le complaint garna gaarho bhayeko chha ra yesto samasya samadhan garna naya niyam aavashyak chha,अनलाइन शपिङमा फेक प्रोडक्ट पाएको बेला कस्टमरहरूले कम्प्लेन्ट गर्न गाह्रो भएको छ र यस्तो समस्या समाधान गर्न नयाँ नियम आवश्यक छ
cyber attack bata bachna ko lagi regular software update garnu parchha ra strong password prayog garnu parchha bhanne sujhav expert haru le dinchhan,साइबर अट्याकबाट बच्नको लागि रेगुलर सफ्टवेयर अपडेट गर्नु पर्छ र स्ट्रङ पासवर्ड प्रयोग गर्नु पर्छ भन्ने सुझाव एक्सपर्टहरूले दिन्छन्
arthatantra sudhaarna ko lagi niji kshetra ra sarkari kshetra ko sahakaar aavashyak chha bhanne vichar expert haru le rakheko chhan,अर्थतन्त्र सुधारनको लागि निजी क्षेत्र र सरकारी क्षेत्रको सहकार्य आवश्यक छ भन्ने विचार एक्सपर्टहरूले राखेका छन्
aavashyak saman ko daam niyantran garna sarkar le kadam chalaayeko chha tara yasko prabhav kahile dekhincha bhanne prashna aam janata ma chha,आवश्यक सामानको दाम नियन्त्रण गर्न सरकारले कदम चलाएको छ तर यसको प्रभाव कहिले देखिन्छ भन्ने प्रश्न आम जनता मा छ
public transport ko bhaada badhda aam janata lai daily commute ma dherai samasya bhayeko chha ra yasko asar arthatantra ma pani pariraaheko chha,पब्लिक ट्रान्सपोर्टको भाडा बढ्दा आम जनतालाई डेली कम्युटमा धेरै समस्या भएको छ र यसको असर अर्थतन्त्रमा पनि परिरहेको छ
share bazar ma utaar chadhaav ko bela niveshak haru le emotional bhayera nirnay lina hunna bhanne salah diiraaheko chhan expert haru le,सेयर बजारमा उतारचढावको बेला नवेशकहरूले इमोसनल भएर निर्णय लिनु हुँदैन भन्ने सलह दिइरहेका छन् एक्सपर्टहरूले
cryptocurrency ko mulya ma aayeko parivartan le garda kasailai pani ekdamai savdhaan bhayera matra lagani garna sujhav diiraaheko chhan,क्रिप्टोकरेन्सीको मूल्यमा आएको परिवर्तनले गर्दा कसैलाई पनि एकदमै सवधान भएर मात्र लगानी गर्न सुझाव दिइरहेका छन्
bank ma jaada jaada lambaa line ma basnu parne avastha ra digital service ko abhaav le garda aam janata lai dherai gaarho bhayeko chha,बैंकमा जाँदा जाँदा लामो लाइनमा बस्नु पर्ने अवस्था र डिजिटल सेवाको अभावले गर्दा आम जनतालाई धेरै गाह्रो भएको छ
digital payment system le vyapar lai sajilo banaaidiyo tara gaun gaun ma internet ko suvidha na bhayeko le yasko prayog seemit chha,डिजिटल पेमेन्ट सिस्टमले व्यापारलाई सजिलो बनाइदियो तर गाउँगाउँमा इन्टरनेटको सुविधा नभएकोले यसको प्रयोग सीमित छ
online fraud bata bachna ko lagi kasailai pani aafno personal jankari social media ma share nagarnu parchha bhanne sujhav diiraaheko chhan,अनलाइन फ्रडबाट बच्नको लागि कसैलाई पनि आफ्नो पर्सनल जानकारी सोसल मिडियामा शेयर नगर्नु पर्छ भन्ने सुझाव दिइरहेका छन्
cyber security ko mudda ma company haru le aafno karmachari haru lai regular training dina parchha bhanne kura expert haru le bhannchhan,साइबर सुरक्षाको मुद्दामा कम्पनीहरूले आफ्नो कर्मचारीहरूलाई रेगुलर तालिम दिनु पर्छ भन्ने कुरा एक्सपर्टहरूले भन्छन्
arthatantra ma aayeko samasya le garda sarkar le turantai upay garna parchha bhanne aavaj aam janata bata aaunai chha,अर्थतन्त्रमा आएको समस्याले गर्दा सरकारले तुरुन्तै उपाय गर्नु पर्छ भन्ने आवाज आम जनताबाट आउँदै छ
mahangi ko kaaran le garda saajha parivaar haru le aafno kharcha ma kaat maaraa garna thaleko chhan ra yasko asar swasthya ma pani pariraaheko chha,महँगीको कारणले गर्दा साझा परिवारहरूले आफ्नो खर्चमा काटमारा गर्नु थालेका छन् र यसको असर स्वास्थ्यमा पनि परिरहेको छ
international market ma tel ko daam ghatda nepal ma pani petrolium ko daam ghatne niyamit bhayeko chha tara yasko pura fayda aam janata lai mildaina,अन्तर्राष्ट्रिय मार्केटमा तेलको दाम घट्दा नेपालमा पनि पेट्रोलियमको दाम घट्ने नियमित भएको छ तर यसको पूरा फाइदा आम जनतालाई मिल्दैन
share bazar ma nivesh garnu aghi company ko financial report ra performance herera matra nirnay lina parchha bhanne sujhav diiraaheko chhan,सेयर बजारमा नवेश गर्नु अघि कम्पनीको फाइनान्सियल रिपोर्ट र परफर्मेन्स हेरेर मात्र निर्णय लिनु पर्छ भन्ने सुझाव दिइरहेका छन्
cryptocurrency ko kar niyam spasht na bhayeko le niveshak haru lai dherai confusion bhayeko chha ra sarkar le chito niyam banaaunu parchha,क्रिप्टोकरेन्सीको कर नियम स्पष्ट नभएकोले नवेशकहरूलाई धेरै कन्फ्युजन भएको छ र सरकारले चिटो नियम बनाउनु पर्छ
bank loan ko byaaj dar badhda saajha vyapar haru lai business chalaauna dherai gaarho bhayeko chha ra uniharuko vikas ma baadha aaunai chha,बैंक लोनको ब्याज दर बढ्दा साझा व्यापारहरूलाई बिजनेस चलाउन धेरै गाह्रो भएको छ र उनीहरूको विकासमा बाधा आउँदै छ
pariyabaran suraksha abhiyan ma sathi haru sanga milera rukh ropne kaam garda dherai ramro feel bhayo ra gaun le pani madat gare,पर्यावरण संरक्षण अभियानमा साथीहरूसँग मिलेर रूख रोप्ने काम गर्दा धेरै राम्रो फिल भयो र गाउँले पनि मद्दत गरे
swachchha abhiyan ma tol ma sabai jana milera fohor safai garda hamro gaun dherai sundar dekhincha ra man khusi hunchha,स्वच्छ अभियानमा टोलमा सबै जना मिलेर फोहोर सफाइ गर्दा हाम्रो गाउँ धेरै सुन्दर देखिन्छ र मन खुसी हुन्छ
ngo sanga milera school ma padhne bachha haru lai kitab ra kapda bitaran garda uniharuko anuhar ma khusi dekhera dherai laagyo,एनजीओसँग मिलेर स्कूलमा पढ्ने बच्चाहरूलाई किताब र कपडा बितरण गर्दा उनीहरूको अनुहारमा खुसी देखेर धेरै लाग्यो
campus rajniti ma student union ko chunab ladhera hamro adhikar ko barema awaz uthaaudai chhau tara dherai challenge aaucha,क्याम्पस राजनितिमा स्टुडेन्ट युनियनको चुनाव लडेर हाम्रो अधिकारको बारेमा आवाज उठाउँदै छौं तर धेरै च्यालेन्ज आउँछ
pradarshan karyakram ma sadak ma niklera plastic banawas ko against ma nara lagaaudai sabai le support gare,प्रदर्शन कार्यक्रममा सडकमा निस्केर प्लास्टिक बनावासको अगस्टमा नारा लगाउँदै सबैले सपोर्ट गरे
volunteer bhayera earthquake pidit haru lai relief samagri bitaran garne kaam garda uniharuko dukh ma madat pugera ramro laagcha,भोलन्टियर भएर भूकम्प पीडितहरूलाई रिलिफ सामग्री बितरण गर्ने काम गर्दा उनीहरूको दुःखमा मद्दत पुगेर राम्रो लाग्छ
ngo le sanchalan gareko mahila sashaktikaran program ma participate garepachi dherai nayi kura sike ra afno ghar ma pani apply gare,एनजीओले सञ्चालन गरेको महिला सशक्तिकरण कार्यक्रममा पार्टिसिपेट गरेपछि धेरै नयाँ कुरा सिके र आफ्नो घरमा पनि एप्लाई गरे
campus ma padhne student haru le politics ko barema bahas garda dherai interesting kura uthchha tara padhai pani chhodnu hudaina,क्याम्पसमा पढ्ने स्टुडेन्टहरूले पोलिटिक्सको बारेमा बहस गर्दा धेरै इन्टरेस्टिङ कुरा उठ्छ तर पढाइ पनि छोड्नु हुँदैन
hami sabai milera jal srot sanrakshan abhiyan suru gareka chhau ra nadi ma fohor nafalne barema awareness badhaudai chhau,हामी सबै मिलेर जल स्रोत संरक्षण अभियान सुरु गरेका छौं र नदीमा फोहोर नफाल्ने बारेमा अवेयरनेस बढाउँदै छौं
protest karyakram ma sarkar ko against ma niyam badalnu parcha bhanera sadak band garaudai chhau ra awaz uthaaudai chhau,प्रोटेस्ट कार्यक्रममा सरकारको अगस्टमा नियम बदल्नु पर्छ भनेर सडक बन्द गराउँदै छौं र आवाज उठाउँदै छौं
volunteering kaam ma gaun gaun ma gayera health check up camp sanchalan garda dherai garib manche haru ko madat bhayo,भोलन्टियरिङ काममा गाउँ गाउँमा गएर हेल्थ चेकअप क्याम्प सञ्चालन गर्दा धेरै गरिब मान्छेहरूको मद्दत भयो
ngo ko project ma participate garepachi paryabaran sambandhi dherai gahiro gyan paaye ra ab feri aghi badhne ichchha cha,एनजीओको प्रोजेक्टमा पार्टिसिपेट गरेपछि पर्यावरण सम्बन्धी धेरै गहिरो ज्ञान पाए र अब फेरि अघि बढ्ने इच्छा छ
campus politics ma union sanga milera fee badhaunu hudaina bhanera rally nikale tara management le kura mandainan,क्याम्पस पोलिटिक्समा युनियनसँग मिलेर फी बढाउनु हुँदैन भनेर र्‍याली निकाले तर म्यानेजमेन्टले कुरा मान्दैनन्
strike karyakram ma teacher haru sanga milera padhai ko quality badhauna parcha bhanera awaz uthaaudai chhau,स्ट्राइक कार्यक्रममा टीचरहरूसँग मिलेर पढाइको क्वालिटी बढाउनु पर्छ भनेर आवाज उठाउँदै छौं
rukh ropne abhiyan ma dherai jana volunteer aayera ekaichhoti ma sau sau rukh ropda gaun ko sundarta badhcha,रूख रोप्ने अभियानमा धेरै जना भोलन्टियर आएर एकैचोटि सय सय रूख रोप्दा गाउँको सुन्दरता बढ्छ
ngo le sanchalan gareko anti corruption campaign ma participate garepachi dherai manche haru jaagrisil bhaeko dekhera khusi laagyo,एनजीओले सञ्चालन गरेको एन्टी करप्शन अभियानमा पार्टिसिपेट गरेपछि धेरै मान्छेहरू जागरूक भएको देखेर खुसी लाग्यो
protest rally ma climate change ko against ma niyam strict garna parcha bhanera dherai manche haru jamma bhayera aayo,प्रोटेस्ट र्‍यालीमा क्लाइमेट चेन्जको अगस्टमा नियम स्ट्रिक्ट गर्नु पर्छ भनेर धेरै मान्छेहरू जम्मा भएर आयो
campus ma student politics ko chunab auna lageko cha ra sabai group le apna apna agenda rakhdai chhan,क्याम्पसमा स्टुडेन्ट पोलिटिक्सको चुनाव आउन लागेको छ र सबै ग्रुपले आफ्ना आफ्ना एजेन्डा राख्दै छन्
volunteer bhayera hospital ma blood donate garne kaam garda aru ko jivan bachaauna sakiyo bhanne anubhab dherai ramro laagcha,भोलन्टियर भएर हस्पिटलमा ब्लड डोनेट गर्ने काम गर्दा अरूको जीवन बचाउन सकियो भन्ने अनुभव धेरै राम्रो लाग्छ
paryabaran jogauna ko lagi plastic use kam garne abhiyan suru gareka chhau ra sabai le support garna suru gare,पर्यावरण जोगाउनको लागि प्लास्टिक यूज कम गर्ने अभियान सुरु गरेका छौं र सबैले सपोर्ट गर्न सुरु गरे
ngo sanga milera flood pidit haru ko lagi temporary shelter banaauna madat garda uniharuko dukh halka bhayo,एनजीओसँग मिलेर बाढी पीडितहरूको लागि टेम्पोररी शेल्टर बनाउन मद्दत गर्दा उनीहरूको दुःख हल्का भयो
strike ma sadak band bhayera dherai samasya aaucha tara hamro adhikar ko lagi ladnu parcha bhanera sabai le bhane,स्ट्राइकमा सडक बन्द भएर धेरै समस्या आउँछ तर हाम्रो अधिकारको लागि लड्नु पर्छ भनेर सबैले भने
campus rajniti ma padhai ra politics dui tai balance garna garo hunchha tara student union le madat garchha,क्याम्पस राजनितिमा पढाइ र पोलिटिक्स दुवै ब्यालेन्स गर्न गाह्रो हुन्छ तर स्टुडेन्ट युनियनले मद्दत गर्छ
pradarshan karyakram ma fuel mol ghattauna parcha bhanera dherai bato hidda pani thakai lageko chaina,प्रदर्शन कार्यक्रममा फ्युल मोल घटाउनु पर्छ भनेर धेरै बाटो हिँड्दा पनि थकाई लागेको छैन
volunteering kaam ma school ma free tuition dinu parcha bhanera bachha haru lai padhaauda uniharuko progress dekhera khusi hunchhu,भोलन्टियरिङ काममा स्कूलमा फ्री ट्युसन दिनु पर्छ भनेर बच्चाहरूलाई पढाउँदा उनीहरूको प्रोग्रेस देखेर खुसी हुन्छु
ngo ko mahila empowerment project ma participate garepachi dherai didi bahini haru le apna adhikar bujhna thale,एनजीओको महिला एम्पावरमेन्ट प्रोजेक्टमा पार्टिसिपेट गरेपछि धेरै दिदीबहिनीहरूले आफ्ना अधिकार बुझ्न थाले
ralli nikaler sarkar ko environment policy ko virodh garda dherai media le coverage gare ra hamro awaz pugyo,र्‍याली निकालेर सरकारको पर्यावरण पोलिसीको विरोध गर्दा धेरै मिडियाले कभरेज गरे र हाम्रो आवाज पुग्यो
campus ma chhatra sangathan le padhai ko sudhar ko lagi protest gare tara administration le kura mandaina,क्याम्पसमा छात्र सङ्गठनले पढाइको सुधारको लागि प्रोटेस्ट गरे तर एडमिनिस्ट्रेसनले कुरा मान्दैन
bijuli ra internet ko samasya solve garna ko lagi sabai student milera protest karyakram garne sochera chhau,बिजुली र इन्टरनेटको समस्या सोल्भ गर्नको लागि सबै स्टुडेन्ट मिलेर प्रोटेस्ट कार्यक्रम गर्ने सोचेर छौं
swachchha nepal abhiyan ma dherai jana volunteer aayera fohor sangalera recycling garne kaam suru bhayo,स्वच्छ नेपाल अभियानमा धेरै जना भोलन्टियर आएर फोहोर सङ्गालेर रिसाइक्लिङ गर्ने काम सुरु भयो
ngo le sanchalan gareko disaster preparedness training ma participate garepachi future ko bipatti ko lagi tayar bhaye,एनजीओले सञ्चालन गरेको डिजास्टर प्रिपेयर्डनेस ट्रेनिङमा पार्टिसिपेट गरेपछि फ्युचरको बिपत्तिको लागि तयार भएँ
protest rally ma gender samanta ko lagi awaz uthaaudai chhau ra sabai le haath ma placard bokera hidda ramro laagcha,प्रोटेस्ट र्‍यालीमा जेण्डर समानता को लागि आवाज उठाउँदै छौं र सबैले हातमा प्लेकार्ड बोकेर हिँड्दा राम्रो लाग्छ
campus politics ko bahas ma democracy ra student adhikar ko barema dherai ramro charcha hunchha,क्याम्पस पोलिटिक्सको बहसमा डेमोक्रेसी र स्टुडेन्ट अधिकारको बारेमा धेरै राम्रो छलफल हुन्छ
volunteer haru milera gaun ma plastic free abhiyan chalaaudai chhau ra manche haru le jute bag prayog garna thale,भोलन्टियरहरू मिलेर गाउँमा प्लास्टिक फ्री अभियान चलाउँदै छौं र मान्छेहरूले जुटे ब्याग प्रयोग गर्न थाले
strike karyakram le padhai adkinchha tara hamro maag pura nabhaye samma ladnu parcha bhanera union le bhanchha,स्ट्राइक कार्यक्रमले पढाइ अड्किन्छ तर हाम्रो माग पूरा नभएसम्म लड्नु पर्छ भनेर युनियनले भन्छ
paryabaran sanrakshan ko lagi school school ma awareness program sanchalan garda bachha haru dherai interested dekhinchhan,पर्यावरण संरक्षणको लागि स्कूल स्कूलमा अवेयरनेस कार्यक्रम सञ्चालन गर्दा बच्चाहरू धेरै इन्टरेस्टेड देखिन्छन्
ngo sanga milera mahila haru lai sewing machine sikaauna madat garda uniharule apna rojgar suru gare,एनजीओसँग मिलेर महिला हरूलाई सिउइङ मेसिन सिकाउन मद्दत गर्दा उनीहरूले आफ्नो रोजगार सुरु गरे
campus ma chhatra haru le against fee hike protest gare ra management sanga bahas bhairako cha,क्याम्पसमा छात्रहरूले अगस्ट फी हाइक प्रोटेस्ट गरे र म्यानेजमेन्टसँग बहस भइरहेको छ
ralli ma climate justice ko maag gardai dherai sabai umer ka manche haru jamma bhayera sadak bhariyo,र्‍यालीमा क्लाइमेट जस्टिसको माग गर्दै धेरै सबै उमेरका मान्छेहरू जम्मा भएर सडक भरियो
volunteering kaam le afno time kharcha garchha tara aru ko lagi madat pugda manma dherai shanti paauchhu,भोलन्टियरिङ कामले आफ्नो टाइम खर्च गर्छ तर अरूको लागि मद्दत पुग्दा मनमा धेरै शान्ति पाउँछु
ngo le gareko anti tobacco campaign ma participate garepachi dherai bachha haru le churot chodne bachan diye,एनजीओले गरेको एन्टी टोबाको अभियानमा पार्टिसिपेट गरेपछि धेरै बच्चाहरूले चुरोट छोड्ने बाचा दिए
protest program ma sadak ma basera dharna diyera hamro maag sunaauna khojda police le rokna khojchha,प्रोटेस्ट कार्यक्रममा सडकमा बसेर धर्ना दिएर हाम्रो माग सुनाउन खोज्दा पुलिसले रोक्न खोज्छ
campus rajniti le padhai bigaarne bhanchan tara hamile padhai ra rajniti dui tai agadi badhauna sakchhau,क्याम्पस राजनितिले पढाइ बिगार्ने भन्छन् तर हामीले पढाइ र राजनिति दुवै अघि बढाउन सक्छौं
jal sanrakshan abhiyan ma nadi kinar safai garda dherai manche haru le hamro kaam ko tarif gare,जल संरक्षण अभियानमा नदी किनार सफाइ गर्दा धेरै मान्छेहरूले हाम्रो कामको तारिफ गरे
ngo activities ma regular volunteer gardai chhu ra dherai nayi sathi haru banaera network pani badhiyo,एनजीओ एक्टिभिटिजमा रेगुलर भोलन्टियर गर्दै छु र धेरै नयाँ साथीहरू बनाएर नेटवर्क पनि बढ्यो
strike ra rally le traffic jam garchha tara hamro adhikar ko lagi yo garna parcha bhanera sabai le bujhe,स्ट्राइक र र्‍यालीले ट्राफिक जाम गर्छ तर हाम्रो अधिकारको लागि यो गर्नु पर्छ भनेर सबैले बुझें
paryabaran ko lagi tree plantation drive ma school student haru dherai aayera dherai rukh ropne bhayo,पर्यावरणको लागि ट्री प्लान्टेसन ड्राइभमा स्कूल स्टुडेन्टहरू धेरै आएर धेरै रूख रोप्ने भयो
campus politics discussion ma neta haru ko barema bahas garda dherai interesting ra gahiro kura uthchha,क्याम्पस पोलिटिक्स डिस्कसनमा नेताहरूको बारेमा बहस गर्दा धेरै इन्टरेस्टिङ र गहिरो कुरा उठ्छ
volunteer sanga milera gaun ko school ma library sthapana garne kaam garda bachha haru ko padhai madat hunchha,भोलन्टियरसँग मिलेर गाउँको स्कूलमा लाइब्रेरी स्थापना गर्ने काम गर्दा बच्चाहरूको पढाइ मद्दत हुन्छ
ngo le sanchalan gareko awareness rally ma participate garepachi paryabaran ko barema dherai kura bujhiyo,एनजीओले सञ्चालन गरेको अवेयरनेस र्‍यालीमा पार्टिसिपेट गरेपछि पर्यावरणको बारेमा धेरै कुरा बुझियो
protest ma sabai student milera padhai ko sudhar ra scholarship badhauna parcha bhanera niyamit awaz uthaaudai chhau,प्रोटेस्टमा सबै स्टुडेन्ट मिलेर पढाइको सुधार र स्कलरसिप बढाउनु पर्छ भनेर नियमित आवाज उठाउँदै छौं
ma aaja pani career confusion ma pareko chu kina ki engineering padhera pani job interview ma repeatedly reject bhairako chu ra kun field ma switch garnu ramro hunchha bhanera sochdai chu,म आज पनि क्यारियर कन्फ्युजनमा परेको छु किनकि इन्जिनियरिङ पढेर पनि जागिर इन्टरभ्यूमा बारम्बार रिजेक्ट भइरहेको छु र कुन फिल्डमा स्विच गर्नु राम्रो हुन्छ भनेर सोच्दै छु
timi le internship ko lagi apply gareko thiyau ta kasto experience bhayo remote work ko option pani thiyo ki,तिमीले इन्टर्नसिपको लागि अप्लाई गरेको थियौ त कस्तो एक्सपीरियन्स भयो रिमोट वर्कको अप्सन पनि थियो कि
ma freelancing client haru sanga deal gardai garda daily household chores pani samhalnu parcha ra time management garna garo bhairako cha,म फ्रीलान्सिङ क्लाइन्टहरूसँग डिल गर्दै गर्दा डेली हाउसहोल्ड चोर्स पनि सम्हाल्नु पर्छ र टाइम म्यानेजमेन्ट गर्न गाह्रो भइरहेको छ
job interview ma gayera technical round ma ramro perform gare pani salary negotiation ma fail bhaye pachi frustration hunchha ra career path clear chhaina,जागिर इन्टरभ्यूमा गएर टेक्निकल राउन्डमा राम्रो परफर्म गरे पनि स्यालरी नेगोसिएसनमा फेल भएपछि फ्रस्ट्रेसन हुन्छ र क्यारियर पाथ क्लियर छैन
malai remote work ko lagi international freelancing platform ma profile banauna man lagyo tara daily ghar ko kaam haru le time khaairako cha,मलाई रिमोट वर्कको लागि इन्टरनेशनल फ्रीलान्सिङ प्लेटफर्ममा प्रोफाइल बनाउन मन लाग्यो तर डेली घरको कामहरूले टाइम खाइरहेको छ
internship ko experience le malai confidence diyeko cha tara full time job khojda skills match nabhayera rejection aairacha,इन्टर्नसिपको एक्सपीरियन्सले मलाई कन्फिडेन्स दिएको छ तर फुल टाइम जागिर खोज्दा स्किल्स म्याच नभएर रिजेक्सन आइरहन्छ
aaja office ma remote work gareko din ma ghar ko chores pani complete garnu parcha ra thakera siddiyeko chu,आज अफिसमा रिमोट वर्क गरेको दिनमा घरको चोर्स पनि कम्प्लिट गर्नु पर्छ र थाकेर सिद्धिएको छु
timi ko job interview ko lagi preparation kasto bhairako cha technical skills improve garna online course join gareko chu,तिमीको जागिर इन्टरभ्यूको लागि प्रिपरेसन कस्तो भइरहेको छ टेक्निकल स्किल्स इम्प्रुभ गर्न अनलाइन कोर्स ज्वाइन गरेको छु
freelancing client haru le deadline tight rakhera pressure dincha ra ghar ko daily household work haru pani chhoda chhad gardai hunchha,फ्रीलान्सिङ क्लाइन्टहरूले डेडलाइन टाइट राखेर प्रेसर दिन्छ र घरको डेली हाउसहोल्ड वर्कहरू पनि छोडा छाड गर्दै हुन्छ
ma career confusion ma chu kina ki engineering pachi MBA garne ki directly job ma focus garne bhanera doubt bhairako cha,म क्यारियर कन्फ्युजनमा छु किनकि इन्जिनियरिङ पछि एमबीए गर्ने कि डाइरेक्टली जागिरमा फोकस गर्ने भनेर डाउट भइरहेको छ
internship ko samaya ma remote work garera ramro experience collect gare tara abba full time opportunity pauna garo bhairako cha,इन्टर्नसिपको समयमा रिमोट वर्क गरेर राम्रो एक्सपीरियन्स कलेक्ट गरे तर अब फुल टाइम अपर्च्युनिटी पाउन गाह्रो भइरहेको छ
daily household chores samhalda samhalda freelancing ko client haru sanga communication maintain garna time nabhayera stress hunchha,डेली हाउसहोल्ड चोर्स सम्हाल्दा सम्हाल्दा फ्रीलान्सिङको क्लाइन्टहरूसँग कम्युनिकेसन मेन्टेन गर्न टाइम नभएर स्ट्रेस हुन्छ
job interview ma soft skills ko barema sodhda malai nervous bhayera ramro jawaf dina sakina ra improve garna parcha,जागिर इन्टरभ्यूमा सफ्ट स्किल्सको बारेमा सोध्दा मलाई नर्भस भएर राम्रो जवाफ दिन सकिन र इम्प्रुभ गर्नु पर्छ
timi le remote work gardai garda ghar ko kaam haru kasari manage garchhau malai pani tip deu na,तिमीले रिमोट वर्क गर्दै गर्दा घरको कामहरू कसरी म्यानेज गर्छौ मलाई पनि टिप देऊ न
freelancing ma nayo client pauna ko lagi portfolio update gardai chu tara daily chores le dherai time lincha,फ्रीलान्सिङमा नयाँ क्लाइन्ट पाउनको लागि पोर्टफोलियो अपडेट गर्दै छु तर डेली चोर्सले धेरै टाइम लिन्छ
career confusion solve garna ko lagi senior haru sanga kura garda uniharule different suggestions dincha ra confuse bhanchhu,क्यारियर कन्फ्युजन सोल्भ गर्नको लागि सिनियरहरूसँग कुरा गर्दा उनीहरूले डिफरेन्ट सजेसन्स दिन्छ र कन्फ्युज भन्छु
internship ko last week ma remote work complete gare tara certificate pauna ko lagi report submit garna baki cha,इन्टर्नसिपको लास्ट विकमा रिमोट वर्क कम्प्लिट गरे तर सर्टिफिकेट पाउनको लागि रिपोर्ट सबमिट गर्न बाँकी छ
ma ghar ma daily household chores gardai freelancing project haru handle garchhu tara balance garna challenging bhairako cha,म घरमा डेली हाउसहोल्ड चोर्स गर्दै फ्रीलान्सिङ प्रोजेक्टहरू ह्यान्डल गर्छु तर ब्यालेन्स गर्न च्यालेन्जिङ भइरहेको छ
job interview prepare gardai garda communication skills ko lagi mock interview practice garchhu ra confidence badhauna khojirako chu,जागिर इन्टरभ्यू प्रिपेयर गर्दै गर्दा कम्युनिकेसन स्किल्सको लागि मॉक इन्टरभ्यू प्राक्टिस गर्छु र कन्फिडेन्स बढाउन खोजिरहेको छु
remote work ko advantage ho ki ghar batai kaam garna paunchha tara household chores le disturb garchha dherai,रिमोट वर्कको एडभान्टेज हो कि घरबाटै काम गर्न पाउँछ तर हाउसहोल्ड चोर्सले डिस्टर्ब गर्छ धेरै
freelancing client haru le payment delay gardinchha ra tension hunchha tara career ma agadi badhna ko lagi continue garchhu,फ्रीलान्सिङ क्लाइन्टहरूले पेमेन्ट डिले गर्दिन्छ र टेन्सन हुन्छ तर क्यारियरमा अगाडि बढ्नको लागि कन्टिन्यु गर्छु
timi ko internship experience share gara na malai pani apply garna motivation paunchhu,तिमीको इन्टर्नसिप एक्सपीरियन्स शेयर गर न मलाई पनि अप्लाई गर्न मोटिभेसन पाउँछु
daily chores sakera beluka ma remote work ko meeting attend garchhu ra thakai le nidra lagcha,डेली चोर्स सकेर बेलुका मा रिमोट वर्कको मिटिङ अटेन्ड गर्छु र थकाईले निद्रा लाग्छ
career confusion ma pareko belama book haru padhera ra podcast sunera clear hunchha ki bhanera try garchhu,क्यारियर कन्फ्युजनमा परेको बेलामा किताबहरू पढेर र पोडकास्ट सुनेर क्लियर हुन्छ कि भनेर ट्राई गर्छु
job interview ma technical question haru sodhda malai coding skills demonstrate garna sakina tara abba practice badhauna parcha,जागिर इन्टरभ्यूमा टेक्निकल प्रश्नहरू सोध्दा मलाई कोडिङ स्किल्स डेमोन्स्ट्रेट गर्न सकिन तर अब प्राक्टिस बढाउनु पर्छ
internship ko samaya ma remote work ko flexibility le dherai sikne ma help garyo tara ghar ko responsibility pani thulo thiyo,इन्टर्नसिपको समयमा रिमोट वर्कको फ्लेक्सिबिलिटीले धेरै सिक्नेमा हेल्प गर्‍यो तर घरको रेस्पोन्सिबिलिटी पनि ठूलो थियो
ma freelancing ko lagi nayo client search gardai chu ra daily household chores ko schedule banauna try garchhu,म फ्रीलान्सिङको लागि नयाँ क्लाइन्ट सर्च गर्दै छु र डेली हाउसहोल्ड चोर्सको स्केड्युल बनाउन ट्राई गर्छु
timi le job interview ma k kura sodhe thiyau ra kasari prepare gareko thiyau share gara,तिमीले जागिर इन्टरभ्यूमा के के कुरा सोधे थियौ र कसरी प्रिपेयर गरेको थियौ शेयर गर
remote work gardai garda family sanga time spend garna paunchhu tara career growth ko lagi extra effort dinu parcha,रिमोट वर्क गर्दै गर्दा परिवारसँग टाइम स्पेन्ड गर्न पाउँछु तर क्यारियर ग्रोथको लागि एक्स्ट्रा एफर्ट दिनु पर्छ
household chores complete nagari freelancing project start gardina bhanera discipline maintain garchhu tara dherai chhito hunchha,हाउसहोल्ड चोर्स कम्प्लिट नगरी फ्रीलान्सिङ प्रोजेक्ट स्टार्ट गर्दिन भनेर डिसिप्लिन मेन्टेन गर्छु तर धेरै छिटो हुन्छ
career ma confusion hune bela ma mentor sanga kura garda uniharule internship ra remote work ko importance bujhaunchhan,क्यारियरमा कन्फ्युजन हुने बेलामा मेन्टरसँग कुरा गर्दा उनीहरूले इन्टर्नसिप र रिमोट वर्कको इम्पोर्टन्स बुझाउँछन्
job interview ko result aauna wait gardai chu ra meanwhile freelancing ko chhoto chhoto project haru liera practice garchhu,जागिर इन्टरभ्यूको रिजल्ट आउन वेट गर्दै छु र मिनह्वाइल फ्रीलान्सिङको छोटो छोटो प्रोजेक्टहरू लिएर प्राक्टिस गर्छु
internship experience le malai real world skills diyeko cha tara ghar ko daily chores le time manage garna sikaeko cha,इन्टर्नसिप एक्सपीरियन्सले मलाई रियल वर्ल्ड स्किल्स दिएको छ तर घरको डेली चोर्सले टाइम म्यानेज गर्न सिकाएको छ
ma remote work ko lagi suitable environment banauna ghar ma corner set up garchhu ra household work schedule pani adjust garchhu,म रिमोट वर्कको लागि सुटेबल एनभाइरोन्मेन्ट बनाउन घरमा कर्नर सेट अप गर्छु र हाउसहोल्ड वर्क स्केड्युल पनि एडजस्ट गर्छु
freelancing client haru le positive feedback diye pachi motivation badhcha ra career confusion kam hunchha,फ्रीलान्सिङ क्लाइन्टहरूले पोजिटिभ फिडब्याक दिएपछि मोटिभेसन बढ्छ र क्यारियर कन्फ्युजन कम हुन्छ
timi ko daily routine ma job preparation ra household chores kasari balance garchhau malai pani sikau,तिमीको डेली रुटिनमा जागिर प्रिपरेसन र हाउसहोल्ड चोर्स कसरी ब्यालेन्स गर्छौ मलाई पनि सिकाऊ
internship ko bela remote work le flexibility diyeko thiyo tara abba full time job ko lagi prepare bhairako chu,इन्टर्नसिपको बेला रिमोट वर्कले फ्लेक्सिबिलिटी दिएको थियो तर अब फुल टाइम जागिरको लागि प्रिपेयर भइरहेको छु
career confusion solve garna ko lagi different field ko online webinar haru join garchhu ra knowledge badhaunchhu,क्यारियर कन्फ्युजन सोल्भ गर्नको लागि डिफरेन्ट फिल्डको अनलाइन वेबिनारहरू ज्वाइन गर्छु र नॉलेज बढाउँछु
job interview ma gayera company culture ko barema sodhda ramro lagcha ra decision linna help garchha,जागिर इन्टरभ्यूमा गएर कम्पनी कल्चरको बारेमा सोध्दा राम्रो लाग्छ र डिसिजन लिन हेल्प गर्छ
daily household chores sakera beluka freelancing ko deadline complete garna baschu ra focus maintain garna khojchu,डेली हाउसहोल्ड चोर्स सकेर बेलुका फ्रीलान्सिङको डेडलाइन कम्प्लिट गर्न बस्छु र फोकस मेन्टेन गर्न खोज्छु
ma internship apply gardai chu ra remote work option dine company haru khojirako chu,म इन्टर्नसिप अप्लाई गर्दै छु र रिमोट वर्क अप्सन दिने कम्पनीहरू खोजिरहेको छु
freelancing ma success pauna ko lagi client management skills improve garna parcha ra ghar ko kaam haru sangai,फ्रीलान्सिङमा सफलता पाउनको लागि क्लाइन्ट म्यानेजमेन्ट स्किल्स इम्प्रुभ गर्नु पर्छ र घरको कामहरूसँगै
timi le job interview experience share garda malai dherai help hunchha kina ki ma pani prepare bhairako chu,तिमीले जागिर इन्टरभ्यू एक्सपीरियन्स शेयर गर्दा मलाई धेरै हेल्प हुन्छ किनकि म पनि प्रिपेयर भइरहेको छु
remote work ko future bright dekhincha tara household chores ko burden le dherai kura affect garchha,रिमोट वर्कको फ्युचर ब्राइट देखिन्छ तर हाउसहोल्ड चोर्सको बर्डनले धेरै कुरा प्रभावित गर्छ
career ma agadi badhna ko lagi internship ra freelancing dubai garera experience build garchhu,क्यारियरमा अगाडि बढ्नको लागि इन्टर्नसिप र फ्रीलान्सिङ दुबै गरेर एक्सपीरियन्स बिल्ड गर्छु
aaja ghar ko sabai chores sakera job preparation ko lagi focus gare tara thakera focus nabhayera problem bhayo,आज घरको सबै चोर्स सकेर जागिर प्रिपरेसनको लागि फोकस गरे तर थाकेर फोकस नभएर समस्या भयो
freelancing client sanga meeting ma household chore ko sound nabhauna ko lagi quiet time choose garchhu,फ्रीलान्सिङ क्लाइन्टसँग मिटिङमा हाउसहोल्ड चोरको साउन्ड नभउनको लागि क्वाइट टाइम चुज गर्छु
internship complete bhayera pani remote work continue garne option khojirako chu ra career confusion ghatauna,इन्टर्नसिप कम्प्लिट भएर पनि रिमोट वर्क कन्टिन्यु गर्ने अप्सन खोजिरहेको छु र क्यारियर कन्फ्युजन घटाउन
job interview ko lagi dress code ra behavior practice gardai chu ra confidence badhauna khojirako chu,जागिर इन्टरभ्यूको लागि ड्रेस कोड र बिहेबियर प्राक्टिस गर्दै छु र कन्फिडेन्स बढाउन खोजिरहेको छु
ma ra mero dai aaja pani room share garne barema jhagada garyo kina ki usle mero kitab haru bigareko cha ra malai padhna garo bhairako cha,म र मेरो दाई आज पनि रुम शेयर गर्ने बारेमा झगडा गर्‍यो किनकि उसले मेरो किताबहरू बिगारेको छ र मलाई पढ्न गाह्रो भइरहेको छ
timi le class ma teacher ko agadi hasera joke gareko thiyau ra sabai jana hasera roll garera basyaun,तिमीले क्लासमा टीचरको अगाडि हाँसेर जोक गरेको थियौ र सबै जना हाँसेर रोल गरेर बस्यौँ
sir le malai teacher student talk ma sodhe ki timi kina regularly homework nagarchhau ra future ko barema sochera padh,सरले मलाई टीचर स्टुडेन्ट टकमा सोधे कि तिमी किन रेगुलर्ली होमवर्क गर्दैनौ र फ्युचरको बारेमा सोचेर पढ
school ma rumor falyo ki ram le new crush banako ra sabai le uslai tease gardai chhan,स्कूलमा रुमर फाल्यो कि रामले नयाँ क्रश बनाएको र सबैले उसलाई टिज गर्दै छन्
aaja didi sanga emotional conversation bhayo ra usle malai life ko struggle haru barema sunayera rakhdi,आज दिदीसँग इमोशनल कन्भर्सेसन भयो र उसले मलाई लाइफको स्ट्रगलहरू बारेमा सुनाएर राख्दी
baba ko inspirational life story sunera malai dherai motivation paayo ki unile garib paristhitima pani mehenat garera agadi badhe,बाबाको इन्स्पायरेशनल लाइफ स्टोरी सुनेर मलाई धेरै मोटिभेसन पायो कि उनीले गरिब परिस्थितिमा पनि मेहनत गरेर अगाडि बढे
sathi le class ma joke gareko thiyo ki sir ko mobile ringtone purano Nepali geet thiyo ra hami sabai hasera bhut bhut garyau,साथीले क्लासमा जोक गरेको थियो कि सरको मोबाइल रिङटोन पुरानो नेपाली गीत थियो र हामी सबै हाँसेर भुत भुत गर्‍यौं
dai sanga sibling argument bhairako cha kina ki usle mero laptop use garchha tara malai sodhdena ra battery khatam garchha,दाईसँग सिब्लिङ आर्गुमेन्ट भइरहेको छ किनकि उसले मेरो ल्यापटप युज गर्छ तर मलाई सोध्दैन र ब्याट्री खत्तम गर्छ
madam le teacher student talk ma malai sodhin ki timro sapana ke ho ra timi kasari achieve garne sochdai chhau,म्याडमले टीचर स्टुडेन्ट टकमा मलाई सोधिन कि तिम्रो सपना के हो र तिमी कसरी अचिभ गर्न सोच्दै छौ
school ma rumor spread bhayo ki exam postpone hunchha bhanera tara pachi thulo jhooth sabit bhayo,स्कूलमा रुमर स्प्रेड भयो कि एक्जाम पोस्टपोन हुन्छ भनेर तर पछि ठूलो झुट साबित भयो
aaja bahini sanga emotional conversation ma usle malai timi le malai ignore garchhau bhanera roye ra malai man pardaina,आज बहिनीसँग इमोशनल कन्भर्सेसनमा उसले मलाई तिमीले मलाई इग्नोर गर्छौ भनेर रोए र मलाई मन पर्दैन
baje ko inspirational life story sunera malai thaha bhayo ki kasari uniharule earthquake ma pani ghar banaera family lai sambhale,बाजेको इन्स्पायरेशनल लाइफ स्टोरी सुनेर मलाई थाहा भयो कि कसरी उनीहरूले भूकम्पमा पनि घर बनाएर परिवारलाई सम्हाले
class ma sathi le joke garyo ki homework nagare teacher le punishment dine ra hami sabai hasera hasera pet dukhne,क्लासमा साथीले जोक गर्‍यो कि होमवर्क नगरे टीचरले पनिशमेन्ट दिने र हामी सबै हाँसेर हाँसेर पेट दुख्ने
malai ra mero bahini bich sibling argument hunchha kina ki usle mero dress haru bina sodhera use garchhe,मलाई र मेरो बहिनी बिच सिब्लिङ आर्गुमेन्ट हुन्छ किनकि उसले मेरो ड्रेसहरू बिना सोधेर युज गर्छे
sir sanga teacher student talk ma malai career advice paayo ra unile malai mehenat garera agadi badh bhanera inspire garyo,सरसँग टीचर स्टुडेन्ट टकमा मलाई क्यारियर एडभाइस पायो र उनीले मलाई मेहनत गरेर अगाडि बढ भनेर इन्स्पायर गर्‍यो
aaja school ma rumor falyo ki principal le nayo rule laaunchhan ra sabai student haru tension ma chhan,आज स्कूलमा रुमर फाल्यो कि प्रिन्सिपलले नयाँ रुल ल्याउँछन् र सबै स्टुडेन्टहरू टेन्सनमा छन्
didi le malai emotional conversation ma timi le sadhai mero kura sun dinu hunchha bhanera support gari ra malai rakhdi,दिदीले मलाई इमोशनल कन्भर्सेसनमा तिमीले सधैं मेरो कुरा सुन दिनु हुन्छ भनेर सपोर्ट गरि र मलाई राख्दी
ama ko inspirational life story sunera malai thaha bhayo ki kasari unile ghar ko responsibility sambhalera pani padhai continue gari,आमाको इन्स्पायरेशनल लाइफ स्टोरी सुनेर मलाई थाहा भयो कि कसरी उनीले घरको रेस्पोन्सिबिलिटी सम्हालेर पनि पढाइ कन्टिन्यु गरिन्
classroom ma hasne joke thiyo ki sir le question sodhda sabai chup lagera baschan tara malai sodhe pachi hasera,क्लासरुममा हाँस्ने जोक थियो कि सरले प्रश्न सोध्दा सबै चुप लागेर बस्छन् तर मलाई सोधेपछि हाँसेर
sibling argument ma dai le malai timi le sadhai mero saman bigarchhau bhanera ghar ko sabai le sunne gari karayo,सिब्लिङ आर्गुमेन्टमा दाईले मलाई तिमीले सधैं मेरो सामान बिगार्छौ भनेर घरको सबैले सुन्ने गरी करायो
teacher le malai specially bolayera teacher student talk ma padhai ma dhyan deu ra future bright bana bhanin,टीचरले मलाई स्पेसियली बोलाएर टीचर स्टुडेन्ट टकमा पढाइमा ध्यान देऊ र फ्युचर ब्राइट बन भनेिन्
school ma rumor spreading bhairako cha ki ram ra sita milera project gareko ra sabai le uniharulai couple bhanera tease garchhan,स्कूलमा रुमर स्प्रेडिङ भइरहेको छ कि राम र सीता मिलेर प्रोजेक्ट गरेको र सबैले उनीहरूलाई कपल भनेर टिज गर्छन्
aaja bahini sanga emotional conversation bhayera usle malai timi mero sabai bhanda ramro dai hau bhanera malai hug gari,आज बहिनीसँग इमोशनल कन्भर्सेसन भएर उसले मलाई तिमी मेरो सबैभन्दा राम्रो दाई हौ भनेर मलाई हग गरि
baba le dinubhako inspirational life story le malai inspire garyo ki kasari hardship ma pani sapana pura garna sakincha,बाबाले दिनुभएको इन्स्पायरेशनल लाइफ स्टोरीले मलाई इन्स्पायर गर्‍यो कि कसरी हार्डसिपमा पनि सपना पूरा गर्न सकिन्छ
class ma sathi le teacher ko imitation gardai joke garyo ra pura class hasera roll garera hasyo,क्लासमा साथीले टीचरको इमिटेसन गर्दै जोक गर्‍यो र पुरा क्लास हाँसेर रोल गरेर हाँस्यो
dai ra bahini bich sibling argument bhayo kina ki remote control kasle hold garne bhanera tv herne bela jhagada,दाई र बहिनी बिच सिब्लिङ आर्गुमेन्ट भयो किनकि रिमोट कन्ट्रोल कसले होल्ड गर्ने भनेर टीभी हेर्ने बेला झगडा
sir sanga teacher student talk ma malai motivation diyera timi le garna sakchhau bhanera confidence badhauna help garyo,सरसँग टीचर स्टुडेन्ट टकमा मलाई मोटिभेसन दिएर तिमीले गर्न सक्छौ भनेर कन्फिडेन्स बढाउन हेल्प गर्‍यो
aaja school ma nayo rumor aayo ki final exam ma new syllabus add bhayo bhanera sabai tension ma chhan,आज स्कूलमा नयाँ रुमर आयो कि फाइनल एक्जाममा नयाँ सिलेबस एड भयो भनेर सबै टेन्सनमा छन्
mummy sanga emotional conversation ma usle malai timro sapana pura gar bhanera support gari ra rakhdi,मम्मीसँग इमोशनल कन्भर्सेसनमा उनीले मलाई तिम्रो सपना पूरा गर भनेर सपोर्ट गरि र राख्दी
daju ko inspirational life story sunera malai thaha bhayo ki kasari unile abroad ma mehenat garera family lai support garchhan,दाजुको इन्स्पायरेशनल लाइफ स्टोरी सुनेर मलाई थाहा भयो कि कसरी उनीले अब्रोडमा मेहनत गरेर परिवारलाई सपोर्ट गर्छन्
classroom joke thiyo ki sir le blackboard ma galti lekhera pachi hasera sudhare ra hami sabai hasyaun,क्लासरुम जोक थियो कि सरले ब्ल्याकबोर्डमा गल्ती लेखेर पछि हाँसेर सुधारेर र हामी सबै हाँस्यौँ
sibling argument ma bahini le malai timi sadhai mero kura ignore garchhau bhanera roera ghar ma hungama gari,सिब्लिङ आर्गुमेन्टमा बहिनीले मलाई तिमी सधैं मेरो कुरा इग्नोर गर्छौ भनेर रोएर घरमा हङ्गामा गरि
teacher le malai after class bolayera teacher student talk ma timro improvement dherai ramro bhairako cha bhanin,टीचरले मलाई अफ्टर क्लास बोलाएर टीचर स्टुडेन्ट टकमा तिम्रो इम्प्रुभमेन्ट धेरै राम्रो भइरहेको छ भनिन्
school ma rumor spread garne sathi le malai pani involve garyo tara malai ramro lagena ra stop gare,स्कूलमा रुमर स्प्रेड गर्ने साथीले मलाई पनि इनभोल्भ गर्‍यो तर मलाई राम्रो लागेन र स्टप गरे
aaja dai sanga emotional conversation bhayera unile malai sorry bhanera sibling bond strong banauna help garyo,आज दाईसँग इमोशनल कन्भर्सेसन भएर उनीले मलाई सरी भनेर सिब्लिङ बन्ड स्ट्रङ बनाउन हेल्प गर्‍यो
ama ko life story inspirational thiyo kina ki unile sabai muskil haru face garera pani hami sabai lai padhauna sakhin,आमाको लाइफ स्टोरी इन्स्पायरेशनल थियो किनकि उनीले सबै मुस्किलहरू फेस गरेर पनि हामी सबैलाई पढाउन सकिन्
class ma hasne joke thiyo ki exam ko bela sabai le cheating garne plan garyo tara teacher le pakadnu bhayo,क्लासमा हाँस्ने जोक थियो कि एक्जामको बेला सबैले चिटिङ गर्ने प्लान गर्‍यो तर टीचरले पक्डनु भयो
malai ra mero sathi bich sibling jasto argument hunchha kina ki usle sadhai mero notes copy garchha,मलाई र मेरो साथी बिच सिब्लिङ जस्तो आर्गुमेन्ट हुन्छ किनकि उसले सधैं मेरो नोट्स कपी गर्छ
sir le classroom ma teacher student talk gardai sabai lai inspire garda malai pani dherai ramro lagyo,सरले क्लासरुममा टीचर स्टुडेन्ट टक गर्दै सबैलाई इन्स्पायर गर्दा मलाई पनि धेरै राम्रो लाग्यो
rumor spreading ko karan le school ma dherai misunderstanding bhayo tara pachi sabai clear bhayo,रुमर स्प्रेडिङको कारणले स्कूलमा धेरै मिसअन्डरस्ट्यान्डिङ भयो तर पछि सबै क्लियर भयो
bahini sanga emotional conversation ma usle malai timi sadhai mero hero hau bhanera malai emotional banai,बहिनीसँग इमोशनल कन्भर्सेसनमा उसले मलाई तिमी सधैं मेरो हिरो हौ भनेर मलाई इमोशनल बनाइ
baje le dinubhako inspirational story le malai sikayo ki mehenat ra patience le sabai sapana pura garna sakincha,बाजेले दिनुभएको इन्स्पायरेशनल स्टोरीले मलाई सिकायो कि मेहनत र पेशेन्सले सबै सपना पूरा गर्न सकिन्छ
class ma sathi haru le teacher ko agadi hasdai joke garda pura class ko mood change bhayo,क्लासमा साथीहरूले टीचरको अगाडि हाँस्दै जोक गर्दा पुरा क्लासको मूड चेन्ज भयो
sibling argument solve garna ko lagi ama le hami dubai lai samjhayera family time important bhanin,सिब्लिङ आर्गुमेन्ट सोल्भ गर्नको लागि आमाले हामी दुवैलाई सम्झाएर परिवार टाइम इम्पोर्टेन्ट भनिन्
teacher sanga malai special talk bhayo ra unile malai weak subject ma extra help dine bhanin,टीचरसँग मलाई स्पेसल टक भयो र उनीले मलाई विक सब्जेक्टमा एक्स्ट्रा हेल्प दिने भनिन्
aaja school ma rumor aayo ki new teacher aaunchhan ra sabai curious bhayera kura garchhan,आज स्कूलमा रुमर आयो कि नयाँ टीचर आउँछन् र सबै क्युरियस भएर कुरा गर्छन्
didi le emotional conversation ma timi le sadhai ramro perform garchhau future ma success paaunchhau bhanin,दिदीले इमोशनल कन्भर्सेसनमा तिमीले सधैं राम्रो परफर्म गर्छौ फ्युचरमा सफलता पाउँछौ भनिन्
inspirational life story sunera malai thaha bhayo ki kasari chhoto umer mai sapana dekhera agadi badhna sakincha,इन्स्पायरेशनल लाइफ स्टोरी सुनेर मलाई थाहा भयो कि कसरी छोटो उमेरमै सपना देखेर अगाडि बढ्न सकिन्छ
classroom jokes le dherai stress reduce garchha ra teacher pani hasera participate garchhan kabhi kabhi,क्लासरुम जोक्सले धेरै स्ट्रेस रिड्युज गर्छ र टीचर पनि हाँसेर पार्टिसिपेट गर्छन् कहिले कहिले
malai ra mero bahini ko sibling argument sadhai chhoto kura ma hunchha tara pachi hasera milchha,मलाई र मेरो बहिनीको सिब्लिङ आर्गुमेन्ट सधैं छोटो कुरामा हुन्छ तर पछि हाँसेर मिल्छ
sir le teacher student talk ma malai ramro advice dinubhayo ra malai dherai help bhayo,सरले टीचर स्टुडेन्ट टकमा मलाई राम्रो एडभाइस दिनुभयो र मलाई धेरै हेल्प भयो
ma aaja ghar ma family conversation ma ama sanga school ko barema kura gardai thiye ra unile malai mehenat gar bhanin,म आज घरमा परिवार कन्भर्सेसनमा आमासँग स्कूलको बारेमा कुरा गर्दै थिएँ र उनीले मलाई मेहनत गर भनिन्
baba le family conversation ma college life ko experience share garda unile hardship haru face gareko sunera malai motivate bhayo,बाबाले परिवार कन्भर्सेसनमा कलेज लाइफको एक्सपीरियन्स शेयर गर्दा उनीले हार्डसिपहरू फेस गरेको सुनेर मलाई मोटिभेट भयो
sathi haru sanga friendship talk ma hostel life ko barema hasdai kura garda raat bhar khelne ra padhne samjhera ramailo lagyo,साथीहरूसँग फ्रेन्डसिप टकमा होस्टल लाइफको बारेमा हाँस्दै कुरा गर्दा रातभर खेल्ने र पढ्ने सम्झेर रमाइलो लाग्यो
school life ma teacher le class ma sodhe ki timi haru ko sapana ke ho ra sabai le apafnai kura share garyau,स्कूल लाइफमा टीचरले क्लासमा सोधे कि तिमीहरूको सपना के हो र सबैले आफ्नै कुरा शेयर गर्‍यौ
college ma friend sanga friendship talk gardai thiye ki future ko career barema ra kasari prepare garne bhanera discuss garyau,कलेजमा साथीसँग फ्रेन्डसिप टक गर्दै थिएँ कि फ्युचरको क्यारियर बारेमा र कसरी प्रिपेयर गर्ने भनेर डिस्कस गर्‍यौ
hostel ma basne sathi haru sanga raat ko family conversation jasto kura hune garchha ra ghar ko yaad aaucha,होस्टलमा बस्ने साथीहरूसँग रातको परिवार कन्भर्सेसन जस्तो कुरा हुने गर्छ र घरको याद आउँछ
aaja school life ko samjhana ma sathi haru sanga purano din haru recall gardai hasera kura garyau,आज स्कूल लाइफको सम्झनामा साथीहरूसँग पुरानो दिनहरू रिकल गर्दै हाँसेर कुरा गर्‍यौ
college life ma first year ma dherai nayo friend banera friendship talk ma ramro time spend garchhau,कलेज लाइफमा फस्ट इयरमा धेरै नयाँ साथी बनेर फ्रेन्डसिप टकमा राम्रो टाइम स्पेन्ड गर्छौ
ama sanga family conversation ma hostel ko khana ra rules ko barema sunayera unile malai samjhain,आमासँग परिवार कन्भर्सेसनमा होस्टलको खाना र रुल्सको बारेमा सुनाएर उनीले मलाई सम्झाइन
school ma friend haru sanga friendship talk ma exam ko tension share garda sabai le ek arka lai motivate garyau,स्कूलमा साथीहरूसँग फ्रेन्डसिप टकमा एक्जामको टेन्सन शेयर गर्दा सबैले एक अर्कालाई मोटिभेट गर्‍यौ
hostel life ma room mate sanga raat bhar kura garda ghar ko family stories sunera emotional bhayo,होस्टल लाइफमा रुम मेटसँग रातभर कुरा गर्दा घरको परिवार स्टोरीज सुनेर इमोशनल भयो
college ma lecture sakera sathi haru sanga canteen ma basera friendship talk garchhau ra din ko events share garchhau,कलेजमा लेक्चर सकेर साथीहरूसँग क्यान्टिनमा बसेर फ्रेन्डसिप टक गर्छौ र दिनको इभेन्ट्स शेयर गर्छौ
baba ra ama sanga family conversation ma school result ko barema kura huda malai dherai tension bhayo,बाबा र आमासँग परिवार कन्भर्सेसनमा स्कूल रिजल्टको बारेमा कुरा हुँदा मलाई धेरै टेन्सन भयो
school life ko sabse ramro kura ho sathi haru sanga friendship talk ra hasne masti,स्कूल लाइफको सबैभन्दा राम्रो कुरा हो साथीहरूसँग फ्रेन्डसिप टक र हाँस्ने मस्ती
hostel ma nayo aako sathi sanga friendship talk ma usko ghar ko barema sodhda ramro connection bhayo,होस्टलमा नयाँ आएको साथीसँग फ्रेन्डसिप टकमा उसको घरको बारेमा सोध्दा राम्रो कनेक्सन भयो
college life ma assignment ko pressure le dherai stress dincha tara sathi haru sanga kura garda relief paunchhu,कलेज लाइफमा असाइनमेन्टको प्रेसरले धेरै स्ट्रेस दिन्छ तर साथीहरूसँग कुरा गर्दा रिलिफ पाउँछु
family conversation ma didi le malai college choose garne barema advice diyera ramro field linu bhanin,परिवार कन्भर्सेसनमा दिदीले मलाई कलेज चुज गर्ने बारेमा एडभाइस दिएर राम्रो फिल्ड लिनु भनिन्
school ma teacher sanga kura garda school life ko discipline ko barema bujhera malai thaha bhayo,स्कूलमा टीचरसँग कुरा गर्दा स्कूल लाइफको डिसिप्लिनको बारेमा बुझेर मलाई थाहा भयो
hostel life ma electricity gayera raat ma sathi haru sanga mobile flashlight ma basera ghost story sunera hasyaun,होस्टल लाइफमा विद्युत गएर रातमा साथीहरूसँग मोबाइल फ्ल्याशलाइटमा बसेर घोस्ट स्टोरी सुनेर हाँस्यौँ
college ma group study garda friendship talk ma padhne bhanda hasne ra masti dherai hunchha,कलेजमा ग्रुप स्टडी गर्दा फ्रेन्डसिप टकमा पढ्ने भन्दा हाँस्ने र मस्ती धेरै हुन्छ
aaja ghar ma family conversation ma sabai jana basera tihar ko plan garna thaleka thiyau,आज घरमा परिवार कन्भर्सेसनमा सबै जना बसेर तिहारको प्लान गर्न थालेकाथियौँ
school life ma purano sathi haru sanga milera friendship talk gardai yaad haru refresh garyau,स्कूल लाइफमा पुरानो साथीहरूसँग मिलेर फ्रेन्डसिप टक गर्दै यादहरू रिफ्रेस गर्‍यौ
hostel ko mess ma khana khadai sathi haru sanga college life ko complaint ra masti ko kura hunchha,होस्टलको मेसमा खाना खाँदै साथीहरूसँग कलेज लाइफको कम्प्लेन्ट र मस्तीको कुरा हुन्छ
baba sanga family conversation ma school ko teacher haru ko barema kura garda unile ramro advice dinubhayo,बाबासँग परिवार कन्भर्सेसनमा स्कूलको टीचरहरूको बारेमा कुरा गर्दा उनीले राम्रो एडभाइस दिनुभयो
college life ma first time hostel basda ghar ko yaad le emotional conversation bhayo sathi sanga,कलेज लाइफमा फस्ट टाइम होस्टल बस्दा घरको यादले इमोशनल कन्भर्सेसन भयो साथीसँग
school ma interval ma sathi haru sanga friendship talk garda hasdai khelera time bitne garchha,स्कूलमा इन्टरभलमा साथीहरूसँग फ्रेन्डसिप टक गर्दा हाँस्दै खेलेर टाइम बित्ने गर्छ
hostel life ko sabse ramro part ho raat ko friendship talk ra nayo nayo kura sikhne,होस्टल लाइफको सबैभन्दा राम्रो पार्ट हो रातको फ्रेन्डसिप टक र नयाँ नयाँ कुरा सिक्ने
family ma ama le malai school life ko importance bujhaudai padhai ma dhyan deu bhanin,परिवारमा आमाले मलाई स्कूल लाइफको इम्पोर्ट्यान्स बुझाउँदै पढाइमा ध्यान देऊ भनिन्
college ma new semester suru huda sathi haru sanga friendship talk ma nayo nayo plan haru banaiyo,कलेजमा नयाँ सेमेस्टर सुरु हुँदा साथीहरूसँग फ्रेन्डसिप टकमा नयाँ नयाँ प्लानहरू बनाइयो
hostel room ma room mate sanga family jasto conversation hunchha ra problem haru share garchhau,होस्टल रुममा रुम मेटसँग परिवार जस्तो कन्भर्सेसन हुन्छ र समस्याहरू शेयर गर्छौ
school life ma annual function ko lagi practice gardai sathi haru sanga masti gardai ramailo lagyo,स्कूल लाइफमा एनुअल फंक्सनको लागि प्राक्टिस गर्दै साथीहरूसँग मस्ती गर्दै रमाइलो लाग्यो
friendship talk ma sathi le malai college ko first day ko experience sunayera hasaayo,फ्रेन्डसिप टकमा साथीले मलाई कलेजको फस्ट डेको एक्सपीरियन्स सुनाएर हँसायो
family conversation ma dai le malai hostel life ko freedom ra responsibility dubai barema samjhayo,परिवार कन्भर्सेसनमा दाईले मलाई होस्टल लाइफको फ्रीडम र रेस्पोन्सिबिलिटी दुवै बारेमा सम्झायो
college life ma exam time ma sathi haru sanga group discussion ra friendship talk le tension kam garchha,कलेज लाइफमा एक्जाम टाइममा साथीहरूसँग ग्रुप डिस्कसन र फ्रेन्डसिप टकले टेन्सन कम गर्छ
hostel ma basne haru sanga friendship talk garda different district ko culture ra khana ko barema thaha paunchhu,होस्टलमा बस्नेहरूसँग फ्रेन्डसिप टक गर्दा डिफरेन्ट डिस्ट्रिक्टको कल्चर र खानाको बारेमा थाहा पाउँछु
school ma teacher le family conversation jasto class ma sabai student sanga kura garda ramro environment banchha,स्कूलमा टीचरले परिवार कन्भर्सेसन जस्तो क्लासमा सबै स्टुडेन्टसँग कुरा गर्दा राम्रो एनभाइरोन्मेन्ट बन्छ
aaja ghar family conversation ma tihar ko lagi nayo luga kinne plan garyau ra sabai khusi chhan,आज घर परिवार कन्भर्सेसनमा तिहारको लागि नयाँ लुगा किन्ने प्लान गर्‍यौ र सबै खुसी छन्
college hostel ma room mate haru sanga raat ko friendship talk le ghar ko yaad kam garchha,कलेज होस्टलमा रुम मेटहरू सँग रातको फ्रेन्डसिप टकले घरको याद कम गर्छ
school life ko friend haru sanga aaja phone ma kura garda purano din haru yaad aayera emotional bhayo,स्कूल लाइफको साथीहरूसँग आज फोनमा कुरा गर्दा पुरानो दिनहरू याद आएर इमोशनल भयो
family ma mummy sanga school ko teacher ko complaint gardai kura garda unile malai samjhain,परिवारमा मम्मीसँग स्कूलको टीचरको कम्प्लेन्ट गर्दै कुरा गर्दा उनीले मलाई सम्झाइन
college life ma project group ma sathi haru sanga friendship talk gardai kaam pani agadi badhyo,कलेज लाइफमा प्रोजेक्ट ग्रुपमा साथीहरूसँग फ्रेन्डसिप टक गर्दै काम पनि अगाडि बढ्यो
hostel life ma cooking sikauna sathi haru sanga milera try garda hasne ra khelne bhayo,होस्टल लाइफमा कुकिङ सिकाउन साथीहरूसँग मिलेर ट्राई गर्दा हाँस्ने र खेल्ने भयो
sathi sanga friendship talk ma school life ko sabse ramro yaad haru share garda dherai ramailo lagyo,साथीसँग फ्रेन्डसिप टकमा स्कूल लाइफको सबैभन्दा राम्रो यादहरू शेयर गर्दा धेरै रमाइलो लाग्यो
ama baba sanga family conversation ma college admission ko barema discuss garda uniharule support dinubhayo,आमा बाबासँग परिवार कन्भर्सेसनमा कलेज एडमिसनको बारेमा डिस्कस गर्दा उनीहरूले सपोर्ट दिनुभयो
hostel ma nayo semester ma nayo room mate aayera friendship talk suru bhayo ra ramro lagcha,होस्टलमा नयाँ सेमेस्टरमा नयाँ रुम मेट आएर फ्रेन्डसिप टक सुरु भयो र राम्रो लाग्छ
school life ma classroom ma sathi haru sanga hasdai masti garda pani padhai hudaina,स्कूल लाइफमा क्लासरुममा साथीहरूसँग हाँस्दै मस्ती गर्दा पनि पढाइ हुँदैन
college ma canteen ma basera sathi haru sanga long friendship talk garda time ko pata nai lagdaina,कलेजमा क्यान्टिनमा बसेर साथीहरूसँग लङ फ्रेन्डसिप टक गर्दा टाइमको पत्ता नै लाग्दैन
family conversation ma dai le malai hostel ma ramro sanga padh ra discipline maintain gar bhanera samjhayo,परिवार कन्भर्सेसनमा दाईले मलाई होस्टलमा राम्रोसँग पढ र डिसिप्लिन मेन्टेन गर भनेर सम्झायो
school ko annual picnic ma sathi haru sanga friendship talk ra khelne masti le din ramailo bhayo,स्कूलको एनुअल पिकनिकमा साथीहरूसँग फ्रेन्डसिप टक र खेल्ने मस्तीले दिन रमाइलो भयो
hostel life ma exam agadi raat bhar sathi haru sanga group study ra kura garda dherai help hunchha,होस्टल लाइफमा एक्जाम अगाडि रातभर साथीहरूसँग ग्रुप स्टडी र कुरा गर्दा धेरै हेल्प हुन्छ
college life suru huna agadi family conversation ma sabai le malai best wishes diyera pathaayo,कलेज लाइफ सुरु हुन अगाडि परिवार कन्भर्सेसनमा सबैले मलाई बेस्ट विशेस दिएर पठायो
sathi haru sanga school life ko final year ko yaad garera friendship talk ma emotional bhayera kura garyau,साथीहरूसँग स्कूल लाइफको फाइनल इयरको याद गरेर फ्रेन्डसिप टकमा इमोशनल भएर कुरा गर्‍यौ
hostel ma basda ghar ko family conversation miss hunchha tara sathi harule family jastai support garchhan,होस्टलमा बस्दा घरको परिवार कन्भर्सेसन मिस हुन्छ तर साथीहरूले परिवार जस्तै सपोर्ट गर्छन्
aaja weekend ma sathi haru sanga cinema hall ma jaera new nepali movie herda dherai ramro lagyo kina ki acting ra direction ekdam natural thiyo,आज विकेन्डमा साथीहरूसँग सिनेमा हलमा गएर नयाँ नेपाली मुभी हेर्‍दा धेरै राम्रो लाग्यो किनकि एक्टिङ र डाइरेक्सन एकदम नेचुरल थियो
timi le herne last movie ko review sunau na malai pani interest bhairako cha trailer herera,तिमीले हेर्ने लास्ट मुभीको रिभ्यू सुनाउ न मलाई पनि इन्टरेस्ट भइरहेको छ ट्रेलर हेरेर
bollywood celebrity gossip ma aaja dherai news aayo ki deepika ra ranveer ko baby announcement hunchha bhanera,बलिउड सेलिब्रिटी गसिपमा आज धेरै न्यूज आयो कि दीपिका र रणवीरको बेबी अनाउन्समेन्ट हुन्छ भनेर
nepali movie industry ma yo film le dherai record todeko cha ra audience haru ko feedback pani ekdam positive bhairako cha,नेपाली मुभी इन्डस्ट्रीमा यो फिल्मले धेरै रेकर्ड तोडेको छ र अडियन्सहरूको फिडब्याक पनि एकदम पोजिटिभ भइरहेको छ
sathi haru sanga music discussion ma yo new album ko barema kura garda lyrics dherai deep ra melody addictive bhayo,साथीहरूसँग म्युजिक डिस्कसनमा यो नयाँ एल्बमको बारेमा कुरा गर्दा लिरिक्स धेरै डिप र मेलोडी एडिक्टिभ भयो
concert experience dherai ramro thiyo kina ki live stage ma artist le crowd sanga interact garda energy ekdam high thiyo,कन्सर्ट एक्सपीरियन्स धेरै राम्रो थियो किनकि लाइभ स्टेजमा आर्टिस्टले क्राउडसँग इन्टरएक्ट गर्दा इनर्जी एकदम हाई थियो
film review ma yo movie ko story weak thiyo tara acting ra cinematography le dherai cover garyo ra end ta unexpected thiyo,फिल्म रिभ्यूमा यो मुभीको स्टोरी विक थियो तर एक्टिङ र सिनेमेटोग्राफीले धेरै कभर गर्‍यो र एन्ड त अनएक्सपेक्टेड थियो
celebrity gossip sunera hasdai kura garda priyanka chopra ko hollywood comeback ko barema dherai discussion bhairako cha,सेलिब्रिटी गसिप सुनेर हाँस्दै कुरा गर्दा प्रियंका चोपडाको हलिउड कमब्याकको बारेमा धेरै डिस्कसन भइरहेको छ
aaja radio ma purano nepali song sunera music discussion ma sathi haru sanga nostalgia share garyau,आज रेडियोमा पुरानो नेपाली गीत सुनेर म्युजिक डिस्कसनमा साथीहरूसँग नस्टाल्जिया शेयर गर्‍यौ
international concert ma first time jaera live music sunera dherai emotional bhaye ra crowd ko energy le maja aayo,इन्टरनेशनल कन्सर्टमा फस्ट टाइम गएर लाइभ म्युजिक सुनेर धेरै इमोशनल भएँ र क्राउडको इनर्जीले मजा आयो
yo movie herera malai inspiration paayo kina ki lead actor ko struggle story real life jasto lagyo,यो मुभी हेरेर मलाई इन्स्पिरेसन पायो किनकि लिड एक्टरको स्ट्रगल स्टोरी रियल लाइफ जस्तो लाग्यो
sathi le film review gardai movie ko plot hole haru point out garda hami sabai hasera discuss garyau,साथीले फिल्म रिभ्यू गर्दै मुभीको प्लट होलहरू प्वाइन्ट आउट गर्दा हामी सबै हाँसेर डिस्कस गर्‍यौ
music discussion ma yo band ko new song ko guitar riff dherai ramro bhayo ra vocals pani powerful chhan,म्युजिक डिस्कसनमा यो ब्यान्डको नयाँ गीतको गिटार रिफ धेरै राम्रो भयो र भोकल्स पनि पावरफुल छन्
celebrity gossip ma aaja social media ma viral bhayo ki koi actor ra actress ko breakup news ra sabai shocked chhan,सेलिब्रिटी गसिपमा आज सोसल मिडियामा भाइरल भयो कि कोही एक्टर र एक्ट्रेसको ब्रेकअप न्यूज र सबै शक्‍ड छन्
concert experience share gardai sathi le malai stage ko light ra sound system dherai world class thiyo bhanera bhanyo,कन्सर्ट एक्सपीरियन्स शेयर गर्दै साथीले मलाई स्टेजको लाइट र साउन्ड सिस्टम धेरै वर्ल्ड क्लास थियो भनेर भन्यो
nepali film ko review ma yo picture le social issue lai ramro tarika le present garyo ra acting pani natural thiyo,नेपाली फिल्मको रिभ्यूमा यो पिक्चरले सोसल इस्यूलाई राम्रो तरिकाले प्रेजेन्ट गर्‍यो र एक्टिङ पनि नेचुरल थियो
aaja new released song sunera music discussion ma sathi haru sanga repeat gara repeat gara bhandai basyaun,आज नयाँ रिलिज्ड गीत सुनेर म्युजिक डिस्कसनमा साथीहरूसँग रिपिट गर रिपिट गर भन्दै बस्यौँ
bollywood celebrity gossip le dherai time waste garchha tara interesting pani hunchha specially relationship news haru,बलिउड सेलिब्रिटी गसिपले धेरै टाइम वेस्ट गर्छ तर इन्टरेस्टिङ पनि हुन्छ स्पेसियली रिलेसनसिप न्यूजहरू
concert ma rain pardai pani crowd le enjoy garyo ra artist le pani energetic performance diye ra dherai maja aayo,कन्सर्टमा वर्षा पर्दै पनि क्राउडले एन्जोय गर्‍यो र आर्टिस्टले पनि इनर्जेटिक परफर्मेन्स दिए र धेरै मजा आयो
yo movie ko trailer herera dherai hype bhayo tara hall ma herda plot expected jasto nai thiyo,यो मुभीको ट्रेलर हेरेर धेरै हाइप भयो तर हलमा हेर्‍दा प्लट एक्सपेक्टेड जस्तो नै थियो
sathi sanga music discussion ma classical ra modern fusion song ko barema ramro kura bhayo ra knowledge badhyo,साथीसँग म्युजिक डिस्कसनमा क्लासिकल र मोडर्न फ्युजन गीतको बारेमा राम्रो कुरा भयो र नॉलेज बढ्यो
film review gardai malai yo picture ko ending ta dherai weak lagyo tara starting ra middle part dherai engaging thiyo,फिल्म रिभ्यू गर्दै मलाई यो पिक्चरको एन्डिङ त धेरै विक लाग्यो तर स्टार्टिङ र मिडल पार्ट धेरै एन्गेजिङ थियो
celebrity gossip ma yo actress ko new movie ko promotion ko lagi dherai controversy create bhairako cha,सेलिब्रिटी गसिपमा यो एक्ट्रेसको नयाँ मुभीको प्रमोसनको लागि धेरै कन्ट्रोभर्सी क्रिएट भइरहेको छ
aaja stadium concert ma jaera favorite singer ko live performance herda aankha bhari aayo ra awaj pani thik thiyo,आज स्टेडियम कन्सर्टमा गएर फेवराइट सिंगरको लाइभ परफर्मेन्स हेर्‍दा आँखा भरि आयो र आवाज पनि ठिक थियो
music discussion ma purano ra nayo generation ko song haru compare garda dherai interesting kura haru thaha payau,म्युजिक डिस्कसनमा पुरानो र नयाँ जेनेरेसनको गीतहरू कम्पेयर गर्दा धेरै इन्टरेस्टिङ कुराहरू थाहा पायौँ
nepali movie herera sathi haru sanga review gardai acting ko taafi le dherai taarif garyau tara story average thiyo,नेपाली मुभी हेरेर साथीहरूसँग रिभ्यू गर्दै एक्टिङको तारिफले धेरै तारिफ गर्‍यौ तर स्टोरी एभरेज थियो
concert experience ko barema post garda malai dherai like ra comment aayo kina ki photos pani dherai ramra thiye,कन्सर्ट एक्सपीरियन्सको बारेमा पोस्ट गर्दा मलाई धेरै लाइक र कमेन्ट आयो किनकि फोटोहरू पनि धेरै राम्रा थिए
yo celebrity couple ko breakup gossip le social media filled bhairako cha ra fan haru divided chhan,यो सेलिब्रिटी कपलको ब्रेकअप गसिपले सोसल मिडिया फिल्ड भइरहेको छ र फ्यानहरू डिभाइडेड छन्
film review ma malai yo movie ko background music dherai impactful lagyo ra emotional scenes ma dherai ramro kaam garyo,फिल्म रिभ्यूमा मलाई यो मुभीको ब्याकग्राउन्ड म्युजिक धेरै इम्प्याक्टफुल लाग्यो र इमोशनल सिनहरूमा धेरै राम्रो काम गर्‍यो
sathi haru sanga music discussion ma upcoming concert ticket book garne barema plan garda excitement badhyo,साथीहरूसँग म्युजिक डिस्कसनमा अपकमिङ कन्सर्ट टिकट बुक गर्ने बारेमा प्लान गर्दा एक्साइटमेन्ट बढ्यो
aaja herne movie ko climax scene ekdam unexpected thiyo ra hall ma sabai jana taali bajaayera heriraheka thiye,आज हेर्ने मुभीको क्लाइमेक्स सिन एकदम अनएक्सपेक्टेड थियो र हलमा सबै जना ताली बजाएर हेरिरहेका थिए
celebrity gossip sunera hasera kura garda yo actor ko new fitness transformation le dherai fan banako raicha,सेलिब्रिटी गसिप सुनेर हाँसेर कुरा गर्दा यो एक्टरको नयाँ फिटनेस ट्रान्सफर्मेसनले धेरै फ्यान बनाएको रहिछ
concert ma agadi basera live gaana sunera awaj ma dherai difference feel bhayo studio version bhanda,कन्सर्टमा अगाडि बसेर लाइभ गाना सुनेर आवाजमा धेरै डिफरेन्स फिल भयो स्टुडियो भर्सन भन्दा
music discussion ma yo album ko production quality international level ko jasto lagyo ra mixing pani clear thiyo,म्युजिक डिस्कसनमा यो एल्बमको प्रोडक्सन क्वालिटी इन्टरनेशनल लेभलको जस्तो लाग्यो र मिक्सिङ पनि क्लियर थियो
film ko review gardai sathi le malai acting ta ramro tara direction weak bhayo bhanera criticize garyo,फिल्मको रिभ्यू गर्दै साथीले मलाई एक्टिङ त राम्रो तर डाइरेक्सन विक भयो भनेर क्रिटिसाइज गर्‍यो
new nepali movie ko barema dherai hype bhairako cha ra opening day ma hall full bhayera record todeko news aayo,नयाँ नेपाली मुभीको बारेमा धेरै हाइप भइरहेको छ र ओपनिङ डेमा हल फुल भएर रेकर्ड तोडेको न्यूज आयो
concert experience le malai dherai motivate garyo ra favorite artist ko energy dekhda sapana dekhera aayo,कन्सर्ट एक्सपीरियन्सले मलाई धेरै मोटिभेट गर्‍यो र फेवराइट आर्टिस्टको इनर्जी देख्दा सपना देखेर आयो
celebrity gossip ma yo singer ko new relationship news le fan haru ko dherai reaction aayera trend ma aayo,सेलिब्रिटी गसिपमा यो सिंगरको नयाँ रिलेसनसिप न्यूजले फ्यानहरूको धेरै रियाक्सन आएर ट्रेन्डमा आयो
sathi haru sanga movie review gardai plot twist ko barema discuss garda pura raat kura garyau,साथीहरूसँग मुभी रिभ्यू गर्दै प्लट ट्विस्टको बारेमा डिस्कस गर्दा पुरा रात कुरा गर्‍यौ
music ko barema discussion ma purano classic geet haru ko importance bujhera nayo generation lai recommend garyau,म्युजिकको बारेमा डिस्कसनमा पुरानो क्लासिक गीतहरूको इम्पोर्ट्यान्स बुझेर नयाँ जेनेरेसनलाई रेकमेन्ड गर्‍यौ
yo film herera family sanga kura garda sabai le acting ko taarif garyau tara story predictable thiyo,यो फिल्म हेरेर परिवारसँग कुरा गर्दा सबैले एक्टिङको तारिफ गर्‍यौ तर स्टोरी प्रेडिक्टेबल थियो
concert ma rain ma pani bhijera gaana sunera experience dherai memorable bhayo ra yaad rahane hunchha,कन्सर्टमा वर्षामा पनि भिजेर गाना सुनेर एक्सपीरियन्स धेरै मेमोरेबल भयो र याद रहने हुन्छ
celebrity gossip news padhera hasera sathi lai share garda uniharule pani update diyera kura agadi badhyo,सेलिब्रिटी गसिप न्यूज पढेर हाँसेर साथीलाई शेयर गर्दा उनीहरूले पनि अपडेट दिएर कुरा अगाडि बढ्यो
music discussion ma yo collaboration song le dherai naya flavor lyaeko cha ra youth haru ko favorite bhairako cha,म्युजिक डिस्कसनमा यो कोलाबोरेसन गीतले धेरै नयाँ फ्लेभर ल्याएको छ र युवाहरूको फेवराइट भइरहेको छ
aaja released movie ko first day first show ma jaera review banauna plan garyau ra excited chhu,आज रिलिज्ड मुभीको फस्ट डे फस्ट शोमा गएर रिभ्यू बनाउन प्लान गर्‍यौ र एक्साइटेड छु
concert experience share garda malai thaha bhayo ki live music ko feel alagai hunchha recorded bhanda,कन्सर्ट एक्सपीरियन्स शेयर गर्दा मलाई थाहा भयो कि लाइभ म्युजिकको फिल अलगै हुन्छ रेकर्डेड भन्दा
film review ma yo picture le nepali culture lai beautifully showcase garyo ra acting pani top class thiyo,फिल्म रिभ्यूमा यो पिक्चरले नेपाली कल्चरलाई ब्युटिफुली शोकेस गर्‍यो र एक्टिङ पनि टप क्लास थियो
sathi haru sanga celebrity gossip gardai hasdai kura garda time kataeko pata nai lagdaina,साथीहरूसँग सेलिब्रिटी गसिप गर्दै हाँस्दै कुरा गर्दा टाइम कटेको पत्ता नै लाग्दैन
music ko barema ramro discussion bhayera nayo playlist banauna inspiration paayo ra dherai geet haru save garyau,म्युजिकको बारेमा राम्रो डिस्कसन भएर नयाँ प्लेलिस्ट बनाउन इन्स्पिरेसन पायो र धेरै गीतहरू सेभ गर्‍यौ
yo movie ko trailer le dherai curiosity jagayo ra hall ma herne plan banaera sathi haru sanga kura garyau,यो मुभीको ट्रेलरले धेरै क्युरियोसिटी जगायो र हलमा हेर्ने प्लान बनाएर साथीहरूसँग कुरा गर्‍यौ
aaja india nepal cricket match herda dherai tension bhayo kina ki last over ma Nepal le almost chase gareko thiyo,आज भारत नेपाल क्रिकेट म्याच हेर्‍दा धेरै टेन्सन भयो किनकि लास्ट ओभरमा नेपालले अल्मोस्ट चेज गरेको थियो
sathi haru sanga cricket talk ma virat kohli ko form ko barema discuss garda sabai excited chhan,साथीहरूसँग क्रिकेट टकमा विराट कोहलीको फर्मको बारेमा डिस्कस गर्दा सबै एक्साइटेड छन्
football fandom ma manchester united ko match herera sathi haru sanga celebration garyau ra late night samma kura garyau,फुटबल फ्यानडममा म्यानचेस्टर युनाइटेडको म्याच हेरेर साथीहरूसँग सेलिब्रेसन गर्‍यौ र लेट नाइटसम्म कुरा गर्‍यौ
online gaming ma pubg ma squad sanga khelera aaja chicken dinner paayo ra dherai maja aayo,अनलाइन गेमिङमा पब्जीमा स्क्वाडसँग खेलेर आज चिकेन डिनर पायो र धेरै मजा आयो
esports tournament ma nepali team le international team lai harayera sabai Nepali fan haru khusi chhan,इ स्पोर्ट्स टुर्नामेन्टमा नेपाली टिमले इन्टरनेशनल टिमलाई हराएर सबै नेपाली फ्यानहरू खुसी छन्
cricket world cup ko barema sathi haru sanga talk gardai nepal ko performance improve bhairako cha bhanera discuss garyau,क्रिकेट वर्ल्ड कपको बारेमा साथीहरूसँग टक गर्दै नेपालको परफर्मेन्स इम्प्रुभ भइरहेको छ भनेर डिस्कस गर्‍यौ
football match ma real madrid le last minute ma goal halera win garyo ra fan haru ko excitement herda ramailo lagyo,फुटबल म्याचमा रियल मadrid ले लास्ट मिनेटमा गोल हालेर विन गर्‍यो र फ्यानहरूको एक्साइटमेन्ट हेर्‍दा रमाइलो लाग्यो
online gaming ko valorant ma rank push gardai sathi sanga strategy discuss garda raat ko time bitne garchha,अनलाइन गेमिङको भ्यालेरेन्टमा र्‍याङ्क पुश गर्दै साथीसँग स्ट्राटेजी डिस्कस गर्दा रातको टाइम बित्ने गर्छ
esports ma free fire tournament herda nepali players ko skill dekhda proud feel bhayo,इ स्पोर्ट्समा फ्री फायर टुर्नामेन्ट हेर्‍दा नेपाली प्लेयर्सको स्किल देख्दा प्राउड फिल भयो
aaja cricket match ma babar azam ko century herera sathi haru sanga taarif gardai kura garyau,आज क्रिकेट म्याचमा बाबर आजमको सेन्चुरी हेर्‍दा साथीहरूसँग तारिफ गर्दै कुरा गर्‍यौ
football fandom ma nepal ko national team ko match miss nagari live herne plan garyau ra excited chhu,फुटबल फ्यानडममा नेपालको नेशनल टिमको म्याच मिस नगरी लाइभ हेर्ने प्लान गर्‍यौ र एक्साइटेड छु
online gaming ma dota two ko international tournament herda pro players ko gameplay le mind blow garyo,अनलाइन गेमिङमा डोटा टुको इन्टरनेशनल टुर्नामेन्ट हेर्‍दा प्रो प्लेयर्सको गेमप्लेले माइन्ड ब्लो गर्‍यो
sathi haru sanga cricket talk ma ipl auction ko barema kura garda dherai interesting player movements thiye,साथीहरूसँग क्रिकेट टकमा आईपीएल अक्सनको बारेमा कुरा गर्दा धेरै इन्टरेस्टिङ प्लेयर मुभमेन्ट्स थिए
football match herda messi ko dribbling skill dekhda fan haru sabai uthe ra taali bajauna thale,फुटबल म्याच हेर्‍दा मेस्सीको ड्रिब्लिङ स्किल देख्दा फ्यानहरू सबै उठे र ताली बजाउन थाले
esports league ma nepali team strong perform gardai chha ra next round ma pugne sambhawana dherai cha,इ स्पोर्ट्स लिगमा नेपाली टिम स्ट्रङ परफर्म गर्दै छ र नेक्स्ट राउन्डमा पुग्ने सम्भावना धेरै छ
aaja online gaming session ma friends sanga bgmi khelera dherai kill haru garyau ra rank badhyo,आज अनलाइन गेमिङ सेशनमा फ्रेन्ड्ससँग बीजीएमआई खेलेर धेरै किलहरू गर्‍यौ र र्‍याङ्क बढ्यो
cricket talks ma test match ko patience ko barema discuss garda purano players ko stories sunera thaha payau,क्रिकेट टक्समा टेस्ट म्याचको पेशेन्सको बारेमा डिस्कस गर्दा पुराना प्लेयर्सको स्टोरीज सुनेर थाहा पायौँ
football world cup qualifier match ma nepal le ramro khelera draw gareko news le sabai fan haru khusi chhan,फुटबल वर्ल्ड कप क्वालिफायर म्याचमा नेपालले राम्रो खेलेर ड्र बनाएको न्यूजले सबै फ्यानहरू खुसी छन्
esports ma valorant ko pro scene herda strategy ra teamwork ko importance bujhera malai sikne man lagyo,इ स्पोर्ट्समा भ्यालेरेन्टको प्रो सिन हेर्‍दा स्ट्राटेजी र टिमवर्कको इम्पोर्ट्यान्स बुझेर मलाई सिक्ने मन लाग्यो
sathi sanga cricket talk gardai nepal cricket team ko future ko barema sapana dekhera kura garyau,साथीसँग क्रिकेट टक गर्दै नेपाल क्रिकेट टिमको फ्युचरको बारेमा सपना देखेर कुरा गर्‍यौ
online gaming ma toxic player haru sanga khelera mood kharab bhayo tara sathi haru le samjhaayera ramro bhayo,अनलाइन गेमिङमा टक्सिक प्लेयरहरूसँग खेलेर मूड खराब भयो तर साथीहरूले सम्झाएर राम्रो भयो
football fandom ma champions league final herne lagi sathi haru sanga get together plan garyau,फुटबल फ्यानडममा च्याम्पियन्स लिग फाइनल हेर्ने लागि साथीहरूसँग गेट टुगेदर प्लान गर्‍यौ
aaja esports tournament live herda nepali commentator ko voice sunera dherai ramailo lagyo ra support garyau,आज इ स्पोर्ट्स टुर्नामेन्ट लाइभ हेर्‍दा नेपाली कमेन्टेटरको भ्वाइस सुनेर धेरै रमाइलो लाग्यो र सपोर्ट गर्‍यौ
cricket match ko highlight herera sathi haru sanga sixer haru ko barema discuss garda hasdai basyaun,क्रिकेट म्याचको हाइलाइट हेरेर साथीहरूसँग सिक्सरहरूको बारेमा डिस्कस गर्दा हाँस्दै बस्यौँ
football ko epl season ma arsenal ko performance dekhda fan haru hopeful chhan ra kura garchhan,फुटबलको ईपीएल सिजनमा आर्सनलको परफर्मेन्स देख्दा फ्यानहरू होपफुल छन् र कुरा गर्छन्
online gaming ma new update aayera map change bhayo ra sathi haru sanga explore gardai khelyau,अनलाइन गेमिङमा नयाँ अपडेट आएर म्याप चेन्ज भयो र साथीहरूसँग एक्सप्लोर गर्दै खेल्‍यौ
esports world championship ma korea ra china ko team haru ko match herda competition level herera shocked bhaye,इ स्पोर्ट्स वर्ल्ड च्याम्पियनसिपमा कोरिया र चीनको टिमहरूको म्याच हेर्‍दा कम्पिटिसन लेभल हेर्‍दा शक्‍ड भएँ
cricket talks ma t20 format ko excitement ko barema sathi haru sanga ramro discussion bhayo,क्रिकेट टक्समा टी२० फर्म्याटको एक्साइटमेन्टको बारेमा साथीहरूसँग राम्रो डिस्कसन भयो
football match herda penalty shootout ma tension le hamro mutu dhadkadai thiyo tara favorite team jeetyo,फुटबल म्याच हेर्‍दा पेनाल्टी सुटआउटमा टेन्सनले हाम्रो मुटु धड्कदै थियो तर फेवराइट टिम जित्यो
aaja pubg mobile ma new season suru huda sathi haru sanga squad banayera grind garyau ra maja aayo,आज पब्जी मोबाइलमा नयाँ सिजन सुरु हुँदा साथीहरूसँग स्क्वाड बनाएर ग्राइन्ड गर्‍यौ र मजा आयो
nepal cricket team ko recent win le sabai fan haru ma hope jagayo ra social media filled bhayo,नेपाल क्रिकेट टिमको रिसेन्ट विनले सबै फ्यानहरूमा होप जगायो र सोसल मिडिया फिल्ड भयो
football fandom ma nepal super league ko match local stadium ma jaera live herne plan banauna thaleka chhaun,फुटबल फ्यानडममा नेपाल सुपर लिगको म्याच लोकल स्टेडियममा गएर लाइभ हेर्ने प्लान बनाउन थालेकाछौँ
esports ma cs go ko match herda aim ra reflex ko barema sathi sanga kura garda knowledge badhyo,इ स्पोर्ट्समा सीएस गोको म्याच हेर्‍दा एइम र रिफ्लेक्सको बारेमा साथीसँग कुरा गर्दा नॉलेज बढ्यो
online gaming ko free fire event ma booyah pauna ko lagi strategy banaudai practice garchhau,अनलाइन गेमिङको फ्री फायर इभेन्टमा बुइयाह पाउनको लागि स्ट्राटेजी बनाउँदै प्राक्टिस गर्छौ
cricket world cup qualifier ma nepal ko batting dekhda dherai proud feel bhayo ra sathi haru sanga celebrate garyau,क्रिकेट वर्ल्ड कप क्वालिफायरमा नेपालको ब्याटिङ देख्दा धेरै प्राउड फिल भयो र साथीहरूसँग सेलिब्रेट गर्‍यौ
football match ko var video herera controversy ko barema sathi haru sanga bahas garyau,फुटबल म्याचको भिएआर भिडियो हेरेर कन्ट्रोभर्सीको बारेमा साथीहरूसँग बहस गर्‍यौ
esports career banauna khojne sathi sanga kura garda practice ra dedication ko importance bujhayau,इ स्पोर्ट्स क्यारियर बनाउन खोज्ने साथीसँग कुरा गर्दा प्राक्टिस र डेडिकेसनको इम्पोर्ट्यान्स बुझायौ
aaja online gaming ma ranked match ma comeback victory paayera dherai khusi lagyo ra sathi haru le taarif garyau,आज अनलाइन गेमिङमा र्‍याङ्कड म्याचमा कमब्याक भिक्ट्री पाएर धेरै खुसी लाग्यो र साथीहरूले तारिफ गर्‍यौ
cricket talk ma test cricket ko purity ko barema discuss garda purano classic matches yaad aaye,क्रिकेट टकमा टेस्ट क्रिकेटको प्युरिटीको बारेमा डिस्कस गर्दा पुराना क्लासिक म्याचेस याद आए
football fandom le malai dherai discipline sikaayo kina ki regularly match herne routine baneko cha,फुटबल फ्यानडमले मलाई धेरै डिसिप्लिन सिकायो किनकि रेगुलर्ली म्याच हेर्ने रुटिन बनेको छ
esports tournament final herda crowd ko cheer sunera live ma jaane ichchha bhayo,इ स्पोर्ट्स टुर्नामेन्ट फाइनल हेर्‍दा क्राउडको चियर सुनेर लाइभमा जाने इच्छा भयो
sathi haru sanga cricket discussion ma favorite player ko stats compare gardai time bitne garchha,साथीहरूसँग क्रिकेट डिस्कसनमा फेवराइट प्लेयरको स्ट्याट्स कम्पेयर गर्दै टाइम बित्ने गर्छ
online gaming community ma nayo update herera bug report gardai sathi haru sanga kura garyau,अनलाइन गेमिङ कम्युनिटीमा नयाँ अपडेट हेरेर बग रिपोर्ट गर्दै साथीहरूसँग कुरा गर्‍यौ
nepal ko football team le friendly match ma ramro khelera confidence badhaeko cha bhanera news sunera khusi,नेपालको फुटबल टिमले फ्रेन्डली म्याचमा राम्रो खेलेर कन्फिडेन्स बढाएको छ भनेर न्यूज सुनेर खुसी
esports ma mobile legends tournament herda nepali players ko teamwork dekhda inspire bhaye,इ स्पोर्ट्समा मोबाइल लेजेन्ड्स टुर्नामेन्ट हेर्‍दा नेपाली प्लेयर्सको टिमवर्क देख्दा इन्स्पायर भएँ
cricket match herda umpiring decision controversial bhayo ra sathi haru sanga bahas garera hasyaun,क्रिकेट म्याच हेर्‍दा अम्पायरिङ डिसिजन कन्ट्रोभर्सियल भयो र साथीहरूसँग बहस गरेर हाँस्यौँ
football premier league ma liverpool ko winning streak dekhda fan haru ko excitement herda maja aayo,फुटबल प्रिमियर लिगमा लिभरपुलको विनिङ स्ट्रिक देख्दा फ्यानहरूको एक्साइटमेन्ट हेर्‍दा मजा आयो
aaja valorant ranked ma sathi haru sanga 5 stack khelera immortal rank pugna khojirako chhaun,आज भ्यालेरेन्ट र्‍याङ्कडमा साथीहरूसँग ५ स्ट्याक खेलेर इम्मोर्टल र्‍याङ्क पुग्न खोजिरहेका छौँ
online gaming ra esports ko future bright dekhera career sochne sathi haru dherai chhan,अनलाइन गेमिङ र इ स्पोर्ट्सको फ्युचर ब्राइट देखेर क्यारियर सोच्ने साथीहरू धेरै छन्
cricket ipl season suru huna agadi prediction gardai sathi haru sanga fun kura garyau,क्रिकेट आईपीएल सिजन सुरु हुन अगाडि प्रेडिक्सन गर्दै साथीहरूसँग फन कुरा गर्‍यौ
football match ko halftime ma sathi haru sanga analysis gardai second half ko strategy sochera discuss garyau,फुटबल म्याचको हाफटाइममा साथीहरूसँग एनालिसिस गर्दै सेकेन्ड हाफको स्ट्राटेजी सोचेर डिस्कस गर्‍यौ
esports training camp ma join garne plan garda daily practice routine banauna thaleka chhaun,इ स्पोर्ट्स ट्रेनिङ क्याम्पमा ज्वाइन गर्ने प्लान गर्दा डेली प्राक्टिस रुटिन बनाउन थालेकाछौँ
aaja cricket t20 match ma hat trick ball herera sabai jana uthe ra dherai khusi bhaye,आज क्रिकेट टी२० म्याचमा ह्याटट्रिक बल हेर्‍दा सबै जना उठे र धेरै खुसी भए
football fandom ra online gaming dubai le malai weekend ko time ramro sanga bitna help garchha,फुटबल फ्यानडम र अनलाइन गेमिङ दुवैले मलाई विकेन्डको टाइम राम्रोसँग बित्न हेल्प गर्छ
ma aaja technology discussion ma sathi haru sanga new iphone ko features ko barema kura gardai thiye ra dherai ramro lagyo,म आज टेक्नोलोजी डिस्कसनमा साथीहरूसँग नयाँ आइफोनको फिचर्सको बारेमा कुरा गर्दै थिएँ र धेरै राम्रो लाग्यो
programming life ma raat ko 2 baje samma bug fix gardai basda thakai le nidra lagcha tara satisfaction pani hunchha,प्रोग्रामिङ लाइफमा रातको २ बजेसम्म बग फिक्स गर्दै बस्दा थकाईले निद्रा लाग्छ तर सन्तुष्टि पनि हुन्छ
ai ra ml talks ma chatgpt le kasari hamro kaam haru easy banauna sakcha bhanera sathi haru sanga discuss garyau,एआई र एमएल टक्समा च्याटजिपिटीले कसरी हाम्रो कामहरू इजी बनाउन सक्छ भनेर साथीहरूसँग डिस्कस गर्‍यौ
startup culture ma idea validate garna ko lagi dherai customer interview garna parcha ra feedback le dherai help garchha,स्टार्टअप कल्चरमा आइडिया भ्यालिडेट गर्नको लागि धेरै कस्टमर इन्टरभ्यू गर्नु पर्छ र फिडब्याकले धेरै हेल्प गर्छ
freelancing ma nayo client pauna ko lagi proposal haru pathaudai chu ra waiting ma tension hunchha,फ्रीलान्सिङमा नयाँ क्लाइन्ट पाउनको लागि प्रपोजलहरू पठाउँदै छु र वेटिङमा टेन्सन हुन्छ
online classes ma zoom ma mic off rahera padhda focus maintain garna garo bhairako cha,अनलाइन क्लासेसमा जुममा माइक अफ राखेर पढ्दा फोकस मेन्टेन गर्न गाह्रो भइरहेको छ
exam pressure le malai raat bhar padhna banaeko cha tara concentration nabhayera result kharab huna sakcha,एक्जाम प्रेसरले मलाई रातभर पढ्न बनाएको छ तर कन्सन्ट्रेसन नभएर रिजल्ट खराब हुन सक्छ
programming life ko sabse garo part ho deadline agadi code refactor garna ra bugs fix garna,प्रोग्रामिङ लाइफको सबैभन्दा गाह्रो पार्ट हो डेडलाइन अगाडि कोड रिफ्याक्टर गर्न र बग्स फिक्स गर्न
ai and ml ko future ko barema discussion ma hamro nepal ma pani dherai opportunity aaunchha bhanera hope lagyo,एआई र एमएलको फ्युचरको बारेमा डिस्कसनमा हाम्रो नेपालमा पनि धेरै अपर्च्युनिटी आउँछ भनेर होप लाग्यो
startup ma funding khojda investor haru sanga pitch gardai dherai reject bhayo tara continue garchhu,स्टार्टअपमा फन्डिङ खोज्दा इनभेस्टरहरूसँग पिच गर्दै धेरै रिजेक्ट भयो तर कन्टिन्यु गर्छु
freelancing client le sudden deadline change gardinchha ra raat bhar kaam garna parcha,फ्रीलान्सिङ क्लाइन्टले सडन डेडलाइन चेन्ज गर्दिन्छ र रातभर काम गर्नु पर्छ
online classes ko record herera exam prepare gardai chu tara live class attend nagarda doubt clear hudaina,अनलाइन क्लासेसको रेकर्ड हेरेर एक्जाम प्रिपेयर गर्दै छु तर लाइभ क्लास अटेन्ड नगर्दा डाउट क्लियर हुँदैन
technology discussion ma 5g network ko benefit ko barema kura garda nepal ma implementation kasto hunchha sochdaun,टेक्नोलोजी डिस्कसनमा ५जी नेटवर्कको बेनिफिटको बारेमा कुरा गर्दा नेपालमा इम्प्लिमेन्टेसन कस्तो हुन्छ सोच्दै छौँ
programming ma new framework sikauna ko lagi online tutorial herda raat ko time bitne garchha,प्रोग्रामिङमा नयाँ फ्रेमवर्क सिकाउनको लागि अनलाइन ट्युटोरियल हेर्‍दा रातको टाइम बित्ने गर्छ
ai tools haru le programming life easy banauna thaleko cha tara fundamental knowledge pani important cha,एआई टुल्सहरूले प्रोग्रामिङ लाइफ इजी बनाउन थालेको छ तर फन्डामेन्टल नॉलेज पनि इम्पोर्टेन्ट छ
startup culture ma failure lai accept garera agadi badhne mentality develop garna parcha,स्टार्टअप कल्चरमा फेलियरलाई एक्सेप्ट गरेर अगाडि बढ्ने मेन्टालिटी डेभलप गर्नु पर्छ
freelancing ma payment delay bhayera dherai chhito tension hunchha tara good review collect garna parcha,फ्रीलान्सिङमा पेमेन्ट डिले भएर धेरै छिटो टेन्सन हुन्छ तर गुड रिभ्यू कलेक्ट गर्नु पर्छ
exam pressure ma sathi haru sanga group study gardai motivation paaunchhu ra doubt haru clear garchhau,एक्जाम प्रेसरमा साथीहरूसँग ग्रुप स्टडी गर्दै मोटिभेसन पाउँछु र डाउटहरू क्लियर गर्छौ
online classes ma network problem le dherai class miss bhairako cha ra teacher sanga request garna parcha,अनलाइन क्लासेसमा नेटवर्क समस्या ले धेरै क्लास मिस भइरहेको छ र टीचरसँग रिक्वेस्ट गर्नु पर्छ
ai ml model train garna gpu ko kharcha dherai hunchha ra cloud service use garna sochdai chu,एआई एमएल मोडेल ट्रेन गर्न जीपीयूको खर्च धेरै हुन्छ र क्लाउड सर्भिस युज गर्न सोच्दै छु
programming life ma open source project ma contribute garera portfolio strong banauna khojirako chu,प्रोग्रामिङ लाइफमा ओपन सोर्स प्रोजेक्टमा कन्ट्रिब्युट गरेर पोर्टफोलियो स्ट्रङ बनाउन खोजिरहेको छु
startup ma mvp banaera launch garna ko lagi team sanga raat din mehenat garchhau,स्टार्टअपमा एमभीपी बनाएर लन्च गर्नको लागि टिमसँग रातदिन मेहनत गर्छौ
freelancing platform ma profile optimize gardai chu ra proposal acceptance rate badhauna try garchhu,फ्रीलान्सिङ प्लेटफर्ममा प्रोफाइल अप्टिमाइज गर्दै छु र प्रपोजल एक्सेप्टेन्स रेट बढाउन ट्राई गर्छु
exam pressure le mental health affect gardai cha tara break liera exercise garna suru gareko chu,एक्जाम प्रेसरले मेन्टल हेल्थ प्रभावित गर्दै छ तर ब्रेक लिएर एक्सरसाइज गर्न सुरु गरेको छु
technology ko nayo trend jasto blockchain ko barema sathi haru sanga discussion gardai knowledge badhyo,टेक्नोलोजीको नयाँ ट्रेन्ड जस्तो ब्लकचेनको बारेमा साथीहरूसँग डिस्कसन गर्दै नॉलेज बढ्यो
ai le job haru replace garchha ki bhanera programming life ma discuss garda upskill garna parcha bhanera bujhyau,एआईले जागिरहरू रिप्लेस गर्छ कि भनेर प्रोग्रामिङ लाइफमा डिस्कस गर्दा अपस्किल गर्नु पर्छ भनेर बुझ्यौ
online classes ko assignment deadline sangai exam pressure le dherai stress dincha,अनलाइन क्लासेसको असाइनमेन्ट डेडलाइनसँगै एक्जाम प्रेसरले धेरै स्ट्रेस दिन्छ
startup culture ma customer feedback ignore nagari product improve garna sadhai try garchhau,स्टार्टअप कल्चरमा कस्टमर फिडब्याक इग्नोर नगरी प्रोडक्ट इम्प्रुभ गर्न सधैं ट्राई गर्छौ
freelancing ma skill upgrade garna ko lagi daily 2 hours coding practice garchhu,फ्रीलान्सिङमा स्किल अपग्रेड गर्नको लागि डेली २ घण्टा कोडिङ प्राक्टिस गर्छु
programming ma stack overflow ma question post gardai community bata help pauna dherai sajilo hunchha,प्रोग्रामिङमा स्ट्याक ओभरफ्लोमा प्रश्न पोस्ट गर्दै कम्युनिटीबाट हेल्प पाउन धेरै सजिलो हुन्छ
ai and ml talks ma generative ai ko ethical issue ko barema ramro discussion bhayo,एआई र एमएल टक्समा जेनेरेटिभ एआईको एथिकल इस्यूको बारेमा राम्रो डिस्कसन भयो
exam pressure manage garna ko lagi pomodoro technique use gardai chu ra effective bhairako cha,एक्जाम प्रेसर म्यानेज गर्नको लागि पोमोडोरो टेक्निक युज गर्दै छु र इफेक्टिभ भइरहेको छ
technology discussion ma cyber security ko importance bujhera 2 factor authentication enable garyau,टेक्नोलोजी डिस्कसनमा साइबर सेक्युरिटीको इम्पोर्ट्यान्स बुझेर २ फ्याक्टर अथेन्टिकेसन इनेबल गर्‍यौ
startup ma bootstrap garera suru garda dherai challenge hunchha tara independence ko feeling ramro hunchha,स्टार्टअपमा बुटस्ट्र्याप गरेर सुरु गर्दा धेरै च्यालेन्ज हुन्छ तर इन्डिपेन्डेन्सको फिलिङ राम्रो हुन्छ
freelancing success story sunera malai pani motivation paayo ra consistent kaam garna thale,फ्रीलान्सिङ सफलता स्टोरी सुनेर मलाई पनि मोटिभेसन पायो र कन्सिस्टेन्ट काम गर्न थाले
online classes ma teacher le doubt clear garne session rakheko thiyo tara malai attend garna bhuliyo,अनलाइन क्लासेसमा टीचरले डाउट क्लियर गर्ने सेशन राखेको थियो तर मलाई अटेन्ड गर्न भुलियो
programming life ma code review process le dherai sikne ma help garchha ra quality pani badhcha,प्रोग्रामिङ लाइफमा कोड रिभ्यू प्रोसेसले धेरै सिक्नेमा हेल्प गर्छ र क्वालिटी पनि बढ्छ
ai tools use garera coding speed badhauna sakine ra tara logic strong banauna parcha,एआई टुल्स युज गरेर कोडिङ स्पीड बढाउन सकिने र तर लजिक स्ट्रङ बनाउनु पर्छ
exam pressure ma last minute padhne habit le result affect garchha ra abba early start garne sochdai chu,एक्जाम प्रेसरमा लास्ट मिनेट पढ्ने ह्याबिटले रिजल्ट प्रभावित गर्छ र अब अर्ली स्टार्ट गर्ने सोच्दै छु
startup culture ko sabse ramro kura ho team ko collaboration ra shared vision,स्टार्टअप कल्चरको सबैभन्दा राम्रो कुरा हो टिमको कोलाबोरेसन र शेयरड भिजन
freelancing ra full time job compare gardai sathi sanga kura garda freedom ko importance bujhyau,फ्रीलान्सिङ र फुल टाइम जागिर कम्पेयर गर्दै साथीसँग कुरा गर्दा फ्रीडमको इम्पोर्ट्यान्स बुझ्यौ
technology ko advancement herda hamro daily life kasari change bhairako cha bhanera discuss garyau,टेक्नोलोजीको एडभान्समेन्ट हेर्‍दा हाम्रो डेली लाइफ कसरी चेन्ज भइरहेको छ भनेर डिस्कस गर्‍यौ
ai ml project ma dataset clean garna dherai time lagcha tara result ramro aaunchha,एआई एमएल प्रोजेक्टमा डाटासेट क्लिन गर्न धेरै टाइम लाग्छ तर रिजल्ट राम्रो आउँछ
online classes ko advantage ho ghar batai padhna paunchha tara discipline maintain garna garo hunchha,अनलाइन क्लासेसको एडभान्टेज हो घरबाटै पढ्न पाउँछ तर डिसिप्लिन मेन्टेन गर्न गाह्रो हुन्छ
programming competition ma participate gardai skill improve bhairako cha ra confidence pani badhyo,प्रोग्रामिङ कम्पिटिसनमा पार्टिसिपेट गर्दै स्किल इम्प्रुभ भइरहेको छ र कन्फिडेन्स पनि बढ्यो
startup idea ma market research nagari direct launch gardaa failure ko risk dherai hunchha,स्टार्टअप आइडियामा मार्केट रिसर्च नगरी डाइरेक्ट लन्च गर्दा फेलियरको रिस्क धेरै हुन्छ
exam pressure ra freelancing deadline dubai ekai time ma aayera time management garna garo bhayo,एक्जाम प्रेसर र फ्रीलान्सिङ डेडलाइन दुवै एकै टाइममा आएर टाइम म्यानेजमेन्ट गर्न गाह्रो भयो
ai le content create garna help garchha tara originality maintain garna parcha bhanera sathi le bhanyo,एआईले कन्टेन्ट क्रिएट गर्न हेल्प गर्छ तर ओरिजिनालिटी मेन्टेन गर्नु पर्छ भनेर साथीले भन्यो
technology discussion ma quantum computing ko barema sunera future science fiction jasto lagyo,टेक्नोलोजी डिस्कसनमा क्वान्टम कम्प्युटिङको बारेमा सुनेर फ्युचर साइन्स फिक्सन जस्तो लाग्यो
programming life ma bug fix bhayera code run huda ko khusi alagai hunchha,प्रोग्रामिङ लाइफमा बग फिक्स भएर कोड रन हुँदा को खुसी अलगै हुन्छ
freelancing ma long term client build garna ko lagi quality work ra communication important hunchha,फ्रीलान्सिङमा लङ टर्म क्लाइन्ट बिल्ड गर्नको लागि क्वालिटी वर्क र कम्युनिकेसन इम्पोर्टेन्ट हुन्छ
online classes ma camera on rakhna parne rule le malai dherai uncomfortable banaucha,अनलाइन क्लासेसमा क्यामेरा अन राख्नु पर्ने रुलले मलाई धेरै अनकम्फर्टेबल बनाउँछ
ai and ml ko career scope dherai ramro cha bhanera sathi haru sanga motivation talk bhayo,एआई र एमएलको क्यारियर स्कोप धेरै राम्रो छ भनेर साथीहरूसँग मोटिभेसन टक भयो
startup ma pivot garna sakne flexibility hunchha tara initial plan stick garna pani parcha,स्टार्टअपमा पिभट गर्न सकिने फ्लेक्सिबिलिटी हुन्छ तर इनिसियल प्लान स्टिक गर्न पनि पर्छ
exam pressure ma family le support gardai chhan tara afai focus maintain garna khojirako chu,एक्जाम प्रेसरमा परिवारले सपोर्ट गर्दै छन् तर आफै फोकस मेन्टेन गर्न खोजिरहेको छु
programming ra ai integrate garera nayo project suru garne plan banauda excitement badhyo,प्रोग्रामिङ र एआई इन्टिग्रेट गरेर नयाँ प्रोजेक्ट सुरु गर्ने प्लान बनाउँदा एक्साइटमेन्ट बढ्यो
aaja bihaana dekheko naya nepali film ko katha ramro thiyo tara acting ma ali kamjori dekhinathyo,आज बिहान देखेको नयाँ नेपाली फिल्मको कथा राम्रो थियो तर अभिनयमा अलि कमजोरी देखिन्थ्यो
social media ma celebrity haru ko barema garieko gossip herda herda kasailai pani sachchai ke ho bhanne thaha huna gaarho bhayo,सोसल मिडियामा सेलिब्रिटीहरूको बारेमा गरिएको गोसिप हेर्दा हेर्दै कसैलाई पनि सच्चाइ के हो भन्ने थाहा हुन गाह्रो भयो
concert ma gayeko bela stage ma aayeko singer le gaayeko geet sunera sabai jana le taali bajaaudai naachiraaheko dekhie,कन्सर्टमा गएको बेला स्टेजमा आएको सिङ्गरले गाएको गीत सुनेर सबै जनाले ताली बजाउँदै नाचिरहेको देखिए
music discussion ma kasailai pani aafno man parne geet ko barema kura garda dherai utsaah ko anubhuti hunchha ra man ramro hunchha,म्युजिक डिस्कसनमा कसैलाई पनि आफ्नो मन पर्ने गीतको बारेमा कुरा गर्दा धेरै उत्साहको अनुभूति हुन्छ र मन राम्रो हुन्छ
film review lekhda director ko vision ra actor haru ko performance dui watai kura herera matra nyaya garnu parchha bhanne soch aayo mero manma,फिल्म रिव्यु लेख्दा डाइरेक्टरको भिजन र एक्टरहरूको परफर्मेन्स दुईवटै कुरा हेरेर मात्र न्याय गर्नु पर्छ भन्ने सोच आयो मेरो मनमा
celebrity ko jindagi ko barema media le dekhayeko kura sabai sachchai huna sakdaina ra kasailai pani afno anuman ma matra vishwaas garna hunna,सेलिब्रिटीको जिन्दगीको बारेमा मिडियाले देखाएको कुरा सबै सच्चाइ हुन सक्दैन र कसैलाई पनि आफ्नो अनुमानमा मात्र विश्वास गर्न हुँदैन
naya music album release bhayeko bela radio ma bajne geet haru sunera man ma dherai khusi ko anubhuti bhayo ra purano yaad haru taajaa bhayo,नयाँ म्युजिक एल्बम रिलिज भएको बेला रेडियोमा बज्ने गीतहरू सुनेर मनमा धेरै खुसीको अनुभूति भयो र पुरानो यादहरू ताजा भयो
cinema hall ma film herda audience haru ko reaction herera nai film ko success ko anuman garna sakincha bhanne kura film critic haru le bhannchhan,सिनेमा हलमा फिल्म हेर्दा अडियन्सहरूको रियाक्सन हेरेर नै फिल्मको सक्सेसको अनुमान गर्न सकिन्छ भन्ने कुरा फिल्म क्रिटिकहरूले भन्छन्
concert ko ticket lina jaada dherai bheed bhayeko le online book garna khojyo tara website crash bhayera paisa ra samay dui nai waste bhayo,कन्सर्टको टिकट लिन जाँदा धेरै भीड भएकोले अनलाइन बुक गर्न खोज्यो तर वेबसाइट क्र्यास भएर पैसा र समय दुई नै वेस्ट भयो
music industry ma naya singer haru lai mauka dina gaarho bhayeko chha ra purana artist haru nai agadi aaune avastha dekhda man dukhcha,म्युजिक इन्डस्ट्रीमा नयाँ सिङ्गरहरूलाई मौका दिन गाह्रो भएको छ र पुराना आर्टिस्टहरू नै अगाडि आउने अवस्था देख्दा मन दुख्छ
film ko shooting location ma jaada local janata haru le actor haru lai dekhna ko lagi dherai bheed jamma bhayeko thiyo ra security ko samasya bhayo,फिल्मको सुटिङ लोकेशनमा जाँदा लोकल जनताहरूले एक्टरहरूलाई देख्नको लागि धेरै भीड जम्मा भएको थियो र सुरक्षाको समस्या भयो
celebrity interview herda uniharuko jindagi ko sangharsha ko kura sunera mero man ma naya prerna milyo ra aafno lakshya praapti ko lagi mehenat garna thale,सेलिब्रिटी इन्टरभ्यु हेर्दा उनीहरूको जिन्दगीको सङ्घर्षको कुरा सुनेर मेरो मनमा नयाँ प्रेरणा मिल्यो र आफ्नो लक्ष्य प्राप्ति को लागि मेहेनत गर्न थाले
music video ma dekhayeko story ra geet ko lyrics ma sambandh na bhayeko le kasailai pani message clear bhayena ra confusion bhayo,म्युजिक भिडियोमा देखाएको स्टोरी र गीतको लिरिक्समा सम्बन्ध नभएकोले कसैलाई पनि मेसेज क्लियर भएन र कन्फ्युजन भयो
film festival ma participate gareko nepali film haru lai international audience le kasto react garchhan bhanne kura jaanna dherai man lagyo,फिल्म फेस्टिभलमा पार्टिसिपेट गरेको नेपाली फिल्महरूलाई इन्टरनेसनल अडियन्सले कस्तो रियाक्ट गर्छन् भन्ने कुरा जान्न धेरै मन लाग्यो
concert ma singer le audience sanga interact garda man ma dherai khusi lagyo ra yo experience jindagi bhar yaad rahane wala bhayo,कन्सर्टमा सिङ्गरले अडियन्ससँग इन्टरएक्ट गर्दा मनमा धेरै खुसी लाग्यो र यो एक्सपेरियन्स जिन्दगी भर याद रहने वाला भयो
celebrity haru ko fashion style copy garna khojda aafno personality anusar na mileko le ajib lagyo ra aafno style ma rahnu ramro bhayo,सेलिब्रिटीहरूको फ्यासन स्टाइल कपी गर्न खोज्दा आफ्नो पर्सनालिटी अनुसार नमिलेकोले अजिब लाग्यो र आफ्नो स्टाइलमा रहनु राम्रो भयो
music discussion forum ma kasailai pani aafno man parne genre ko barema kura garda dherai interesting topic nikalcha ra bichar badalna ramro lagcha,म्युजिक डिस्कसन फोरममा कसैलाई पनि आफ्नो मन पर्ने जेनराको बारेमा कुरा गर्दा धेरै इन्ट्रेस्टिङ टपिक निकाल्छ र विचार बदल्न राम्रो लाग्छ
film ko climax part ma unexpected twist aayeko le sabai audience haru le surprise bhayera taali bajaaudai khushi manaaudai dekhie,फिल्मको क्लाइम्याक्स पार्टमा अनएक्सपेक्टेड ट्विस्ट आएकोले सबै अडियन्सहरूले सर्प्राइज भएर ताली बजाउँदै खुसी मनाउँदै देखिए
celebrity ko personal life ma hune ghatna haru media le over exaggerate garda sachchai ke ho bhanne thaha pauna gaarho bhayeko chha,सेलिब्रिटीको पर्सनल लाइफमा हुने घटनाहरू मिडियाले ओभर एक्साजरेट गर्दा सच्चाइ के हो भन्ने थाहा पाउन गाह्रो भएको छ
music concert ko preparation ma organizer haru le dherai mehenat gareko dekhda uniharuko kaam ko mahatwa bujhna sakiyo ra respect badhyo,म्युजिक कन्सर्टको प्रिपरेसनमा अर्गनाइजरहरूले धेरै मेहेनत गरेको देख्दा उनीहरूको कामको महत्त्व बुझ्न सकियो र रेस्पेक्ट बढ्यो
film review garda director ko intention ra audience ko expectation ma farak bhayeko le kasailai pani film ko mulyankan garna gaarho bhayeko chha,फिल्म रिव्यु गर्दा डाइरेक्टरको इन्टेन्सन र अडियन्सको एक्सपेक्टेसनमा फरक भएकोले कसैलाई पनि फिल्मको मूल्यांकन गर्न गाह्रो भएको छ
naya singer ko awaaj ma unique quality bhayeko le radio ma bajne bela matrai pehichan huna thalyo ra popularity badhna thalyo,नयाँ सिङ्गरको आवाजमा युनिक क्वालिटी भएकोले रेडियोमा बज्ने बेला मात्रै पहिचान हुन थाल्यो र पपुलारिटी बढ्न थाल्यो
celebrity gossip sunera kasailai pani turantai vishwaas garna hunna ra source check gari heraunu parchha bhanne kura aba manne bhayeko chha,सेलिब्रिटी गोसिप सुनेर कसैलाई पनि तुरुन्तै विश्वास गर्न हुँदैन र सोर्स चेक गरी हेराउनु पर्छ भन्ने कुरा अब मान्ने भएको छ
music industry ma digital platform ko prayog badhda purano tarika le kaam garne artist haru lai samasya aaunai chha bhanne chinta badhdai chha,म्युजिक इन्डस्ट्रीमा डिजिटल प्लेटफर्मको प्रयोग बढ्दा पुरानो तरिकाले काम गर्ने आर्टिस्टहरूलाई समस्या आउँदै छ भन्ने चिन्ता बढ्दै छ
film ko shooting ma badal ko kharab abastha le garda schedule ma dhilo huna sakchha bhanne risk hamesha hunchha ra producer haru lai tension hunchha,फिल्मको सुटिङमा बादलको खराब अबस्थाले गर्दा स्केज्युलमा ढिलो हुन सक्छ भन्ने रिस्क हमेशा हुन्छ र प्रोड्यूसरहरूलाई टेन्सन हुन्छ
concert ma gayeko bela stage decoration ra lighting ko arrangement dekhda man ma dherai utsaah aayo ra experience ajib ramro bhayo,कन्सर्टमा गएको बेला स्टेज डेकोरेसन र लाइटिङको अरेन्जमेन्ट देख्दा मनमा धेरै उत्साह आयो र एक्सपेरियन्स अजिब राम्रो भयो
celebrity haru ko social media post herera uniharuko real life ko barema kehi thaha pauna sakdaina bhanne kura aba sabai lai thaaha bhayeko chha,सेलिब्रिटीहरूको सोसल मिडिया पोस्ट हेरेर उनीहरूको रियल लाइफको बारेमा केही थाहा पाउन सक्दैन भन्ने कुरा अब सबैलाई थाहा भएको छ
music discussion ma kasailai pani aafno favorite song ko barema kura garda emotion ra memory ko kura pani aaudai chha ra man ramro hunchha,म्युजिक डिस्कसनमा कसैलाई पनि आफ्नो फेभरेट सङको बारेमा कुरा गर्दा इमोसन र मेमोरीको कुरा पनि आउँदै छ र मन राम्रो हुन्छ
film ko script ma kamjori bhayeko le actor haru ko ramro performance pani audience samma pugena ra film flop bhayeko dekhda man dukhcha,फिल्मको स्क्रिप्टमा कमजोरी भएकोले एक्टरहरूको राम्रो परफर्मेन्स पनि अडियन्स सम्म पुगेन र फिल्म फ्लप भएको देख्दा मन दुख्छ
naya music album ko promotion ko lagi artist haru le dherai thau ma jaana parne bhayeko le uniharuko thakaa pani dekhda man ma daya aaudai chha,नयाँ म्युजिक एल्बमको प्रमोसनको लागि आर्टिस्टहरूले धेरै ठाउँमा जानु पर्ने भएकोले उनीहरूको थाकाइ पनि देख्दा मनमा दया आउँदै छ
celebrity interview ma uniharule aafno jindagi ko barema khula rupma kura garda man ma respect badhcha ra uniharuko sangharsha ko barema bujhna milchha,सेलिब्रिटी इन्टरभ्युमा उनीहरूले आफ्नो जिन्दगीको बारेमा खुला रूपमा कुरा गर्दा मनमा रेस्पेक्ट बढ्छ र उनीहरूको सङ्घर्षको बारेमा बुझ्न मिल्छ
music concert ko ticket price dherai badheko le saajha fan haru lai concert ma jaana gaarho bhayeko chha ra yasko asar artist ko popularity ma pani parna sakchha,म्युजिक कन्सर्टको टिकट प्राइस धेरै बढेकोले साझा फ्यानहरूलाई कन्सर्टमा जान गाह्रो भएको छ र यसको असर आर्टिस्टको पपुलारिटीमा पनि पर्न सक्छ
film review garda kasailai pani aafno personal preference lai side ma raakhera objective bhayera mulyankan garna parchha bhanne kura critic haru le bhannchhan,फिल्म रिव्यु गर्दा कसैलाई पनि आफ्नो पर्सनल प्रेफरेन्सलाई साइडमा राखेर अब्जेक्टिभ भएर मूल्यांकन गर्नु पर्छ भन्ने कुरा क्रिटिकहरूले भन्छन्
celebrity haru ko fashion choice ma kasailai pani copy garna khojda aafno comfort ra personality anusar na bhayeko le problem huna sakchha bhanne sujhav diiraaheko chhan,सेलिब्रिटीहरूको फ्यासन च्वाइसमा कसैलाई पनि कपी गर्न खोज्दा आफ्नो कम्फर्ट र पर्सनालिटी अनुसार नभएकोले प्रोब्लम हुन सक्छ भन्ने सुझाव दिइरहेका छन्
music industry ma naya talent lai mauka dina ko lagi competition ra reality show haru ko aayojana garna thalyo tara quality maintain garna gaarho bhayeko chha,म्युजिक इन्डस्ट्रीमा नयाँ ट्यालेन्टलाई मौका दिनको लागि कम्पिटिसन र रियालिटी शोहरूको आयोजना गर्न थाल्यो तर क्वालिटी मेन्टेन गर्न गाह्रो भएको छ
film ko shooting location ma local janata haru sanga ramro sambandh banaauna sakyo bhane kaam sajilo hunchha ra yasko asar film ko quality ma pani dekhincha,फिल्मको सुटिङ लोकेशनमा लोकल जनताहरूसँग राम्रो सम्बन्ध बनाउन सक्यो भने काम सजिलो हुन्छ र यसको असर फिल्मको क्वालिटीमा पनि देखिन्छ
concert ma singer le audience ko request anusar extra song gaayeko bela sabai jana le dherai khushi bhayera taali bajaaudai naachiraaheko dekhie,कन्सर्टमा सिङ्गरले अडियन्सको रिक्वेस्ट अनुसार एक्स्ट्रा सङ गाएको बेला सबै जनाले धेरै खुसी भएर ताली बजाउँदै नाचिरहेको देखिए
celebrity gossip ma sachchai ra afwaah ko farak bujhna gaarho bhayeko le kasailai pani turantai kura ma vishwaas garna hunna bhanne soch badhdai chha,सेलिब्रिटी गोसिपमा सच्चाइ र अफवाहको फरक बुझ्न गाह्रो भएकोले कसैलाई पनि तुरुन्तै कुरामा विश्वास गर्न हुँदैन भन्ने सोच बढ्दै छ
music discussion ma kasailai pani aafno favorite artist ko barema kura garda emotion ra passion ko kura aaudai chha ra yo dherai positive hunchha,म्युजिक डिस्कसनमा कसैलाई पनि आफ्नो फेभरेट आर्टिस्टको बारेमा कुरा गर्दा इमोसन र प्यासनको कुरा आउँदै छ र यो धेरै पोजिटिभ हुन्छ
film ko budget ra quality ma balance na bhayeko le kasailai pani audience ko expectation pura garna gaarho bhayeko chha ra yasko asar box office ma dekhincha,फिल्मको बजेट र क्वालिटीमा ब्यालेन्स नभएकोले कसैलाई पनि अडियन्सको एक्सपेक्टेसन पूरा गर्न गाह्रो भएको छ र यसको असर बक्स अफिसमा देखिन्छ
naya singer lai industry ma sthapit huna ko lagi dherai samay ra mehenat lagcha bhanne kura purana artist haru le experience bata bhannchhan,नयाँ सिङ्गरलाई इन्डस्ट्रीमा स्थापित हुनको लागि धेरै समय र मेहेनत लाग्छ भन्ने कुरा पुराना आर्टिस्टहरूले एक्सपेरियन्सबाट भन्छन्
celebrity haru ko life style herera kasailai pani aafno jindagi sanga compare garna hunna bhanne kura mental health expert haru le bhannchhan,सेलिब्रिटीहरूको लाइफ स्टाइल हेरेर कसैलाई पनि आफ्नो जिन्दगीसँग कम्पेयर गर्न हुँदैन भन्ने कुरा मेन्टल हेल्थ एक्सपर्टहरूले भन्छन्
music concert ko organization ma technical problem aayeko bela audience haru le patience rakhera wait garna parne bhayeko le uniharuko support dekhda man ramro lagyo,म्युजिक कन्सर्टको अर्गनाइजेसनमा टेक्निकल प्रोब्लम आएको बेला अडियन्सहरूले पेसिन्स राखेर वेट गर्नु पर्ने भएकोले उनीहरूको सपोर्ट देख्दा मन राम्रो लाग्यो
film review garda kasailai pani aafno opinion diuda respect purvak rakhnu parchha ra kasai ko creative work ko mazaak udhaauna hunna bhanne kura sabai lai thaaha hunu parchha,फिल्म रिव्यु गर्दा कसैलाई पनि आफ्नो ओपिनियन दिउँदा रेस्पेक्ट पूर्बक राख्नु पर्छ र कसैको क्रिएटिभ वर्कको मजाक उडाउनु हुँदैन भन्ने कुरा सबैलाई थाहा हुनु पर्छ
music industry ma copyright ko mudda ma dherai confusion bhayeko le artist haru lai aafno kaam ko suraksha ko lagi legal advice lina parchha bhanne sujhav diiraaheko chhan,म्युजिक इन्डस्ट्रीमा कपीराइटको मुद्दामा धेरै कन्फ्युजन भएकोले आर्टिस्टहरूलाई आफ्नो कामको सुरक्षाको लागि लिगल एडभाइस लिनु पर्छ भन्ने सुझाव दिइरहेका छन्
celebrity interview ma uniharule aafno failure ko barema khula rupma kura garda man ma naya prerna milchha ra aafno jindagi ma positive soch aaudai chha,सेलिब्रिटी इन्टरभ्युमा उनीहरूले आफ्नो फेल्योरको बारेमा खुला रूपमा कुरा गर्दा मनमा नयाँ प्रेरणा मिल्छ र आफ्नो जिन्दगीमा पोजिटिभ सोच आउँदै छ
music concert ma gayeko bela security ko vyavastha ramro bhayeko le audience haru le dherai comfortable anubhuti garyo ra event safal bhayo,म्युजिक कन्सर्टमा गएको बेला सुरक्षाको व्यवस्था राम्रो भएकोले अडियन्सहरूले धेरै कम्फर्टेबल अनुभूति गर्यो र इभेन्ट सफल भयो
film ko story ma cultural element haru ramro tarikaa le sametieko le local audience lai dherai man paryo ra international level ma pani appreciation paayo,फिल्मको स्टोरीमा कल्चरल एलिमेन्टहरू राम्रो तरिकाले समेटिएकोले लोकल अडियन्सलाई धेरै मन पर्यो र इन्टरनेसनल लेभलमा पनि अप्रिसिएसन पायो
celebrity haru ko social media activity herera uniharuko fan base kasto chha bhanne anuman garna sakincha tara yo hamesha accurate huna sakdaina,सेलिब्रिटीहरूको सोसल मिडिया एक्टिभिटी हेरेर उनीहरूको फ्यान बेस कस्तो छ भन्ने अनुमान गर्न सकिन्छ तर यो हमेशा एक्युरेट हुन सक्दैन
music discussion ma kasailai pani aafno favorite genre ko barema kura garda naya artist ra song ko barema jankari pauna milchha ra yo dherai upayogi hunchha,म्युजिक डिस्कसनमा कसैलाई पनि आफ्नो फेभरेट जेनराको बारेमा कुरा गर्दा नयाँ आर्टिस्ट र सङको बारेमा जानकारी पाउन मिल्छ र यो धेरै उपयोगी हुन्छ
ma timi sanga ko yo sambandha barema dherai sochdai chu kina ki hami dubai ko bhavana ek arka sanga milcha ki bhanera,म तिमीसँगको यो सम्बन्ध बारेमा धेरै सोच्दै छु किनकि हामी दुवैको भावना एक अर्कासँग मिल्छ कि भनेर
aaja timi le malai chhodera jaane nirnaya liyeko sunera mero man ekdam dukhyo ra raat bhar roye,आज तिमीले मलाई छोडेर जाने निर्णय लिएको सुनेर मेरो मन एकदम दुख्यो र रातभर रोएँ
aba hamro bibaha ko barema ghar ma kura garne time bhayo kina ki hami dherai barsa dekhi sangai chhaun,अब हाम्रो विवाहको बारेमा घरमा कुरा गर्ने समय भयो किनकि हामी धेरै वर्षदेखि सँगै छौं
baba ama le malai bachcha palan ko barema samjhaudai chhan ra usko future ko lagi mehenat gar bhanchan,बाबा आमाले मलाई बच्चा पालनको बारेमा सम्झाउँदै छन् र उसको फ्युचरको लागि मेहनत गर भन्छन्
timi ra ma bich ko yo maya sadhai rahos bhanera ma prayas garchhu tara samaya le badalcha ki,तिमी र म बिचको यो माया सधैं रहोस् भनेर म प्रयास गर्छु तर समयले बदल्छ कि
usle malai chhodi sake pachi ma ekant ma basera purano yaad haru samjhera dukh manchhu,उसले मलाई छोडिसकेपछि म एकान्तमा बसेर पुरानो यादहरू सम्झेर दुख मान्छु
bibaha pachi bachcha haru ko jimma lina dherai garo hunchha tara hami dubai milera sambhalna sakchhaun,विवाहपछि बच्चाहरूको जिम्मा लिन धेरै गाह्रो हुन्छ तर हामी दुवै मिलेर सम्हाल्न सक्छौं
malai timro sanga ko sambandha ma dherai vishwas thiyo tara timi le arko sanga kura garda man tukraiyo,मलाई तिम्रोसँगको सम्बन्धमा धेरै विश्वास थियो तर तिमीले अर्कोसँग कुरा गर्दा मन टुक्रियो
ama le parenting ko barema kura gardai bachcha lai ramro sanskar dinu parcha bhanin,आमाले प्यारेन्टिङको बारेमा कुरा गर्दै बच्चालाई राम्रो संस्कार दिनु पर्छ भनिन्
hamro bibaha ko lagi kura garda ghar pariwar le dherai khusi manayo ra ashirbad diyeko cha,हाम्रो विवाहको लागि कुरा गर्दा घर परिवारले धेरै खुसी मनायो र आशीर्वाद दिएको छ
breakup pachi ma afno jeevan lai nayo tarika le suru garne sochdai chu tara timro yaad aaucha,ब्रेकअपपछि म आफ्नो जीवनलाई नयाँ तरिकाले सुरु गर्ने सोच्दै छु तर तिम्रो याद आउँछ
bachcha haru lai palda palda ama baba ko dherai samjhine garchha ra uniharuko mehenat bujhcha,बच्चाहरूलाई पाल्दा पाल्दा आमा बाबाको धेरै सम्झिने गर्छ र उनीहरूको मेहनत बुझ्छ
timi sanga sambandha todna agadi ekchoti antim kura garna man lagyo kina ki dherai kura baki chhan,तिमीसँग सम्बन्ध तोड्न अगाडि एकचोटि अन्तिम कुरा गर्न मन लाग्यो किनकि धेरै कुरा बाँकी छन्
bibaha garne umer bhayo bhanera ghar le pressure dincha tara ma tayar chhu ki bhanera sochdai chu,विवाह गर्ने उमेर भयो भनेर घरले प्रेसर दिन्छ तर म तयार छु कि भनेर सोच्दै छु
bachcha ko sikai ra ramro bhavishya ko lagi hami dubai le dherai samaya dinu parcha,बच्चाको सिकाइ र राम्रो भविष्यको लागि हामी दुवैले धेरै समय दिनु पर्छ
usle malai chhodi sakeko ek mahina bhayo tara malai ajhai usko kura sunne man lagcha,उसले मलाई छोडिसकेको एक महिना भयो तर मलाई अझै उसको कुरा सुन्ने मन लाग्छ
bibaha pachi ghar ko zimma sambhalda sambhalda maya pani badhcha ra samjhauta hunchha,विवाहपछि घरको जिम्मा सम्हाल्दा सम्हाल्दा माया पनि बढ्छ र समझदारी हुन्छ
sambandha ma samjhauta garna sakincha tara timi le sadhai mero kura ignore garyau,सम्बन्धमा समझदारी गर्न सकिन्छ तर तिमीले सधैं मेरो कुरा इग्नोर गर्‍यौ
ama baba le bachcha palan ma dherai garo gareko thiyo ra hami haru lai ramro sanga harsauna saknu bhayo,आमा बाबाले बच्चा पालनमा धेरै गाह्रो गरेको थियो र हामीहरूलाई राम्रोसँग हुर्काउन सक्नुभयो
timi ra ma ko sambandha sadhai yo tarikai rahos bhanera ma timilai sodhna aako chu,तिमी र मको सम्बन्ध सधैं यो तरिकै रहोस् भनेर म तिमीलाई सोध्न आएको छु
bibaha ko lagi keta herne kura suru bhayo ra malai dherai tension bhairako cha,विवाहको लागि केटा हेर्ने कुरा सुरु भयो र मलाई धेरै टेन्सन भइरहेको छ
bachcha lai ramro sanga padhauna ra usko sapana pura garna hami le mehenat garnu parcha,बच्चालाई राम्रोसँग पढाउन र उसको सपना पूरा गर्न हामीले मेहनत गर्नु पर्छ
sambandha tode pachi ma afailai samhalna garo bhairako cha ra dherai eklo feel garchhu,सम्बन्ध तोडेपछि म आफूलाई सम्हाल्न गाह्रो भइरहेको छ र धेरै एक्लो फिल गर्छु
ghar ma bibaha ko charcha huda sabai le timilai ramro bujheko chhan ra man paryo,घरमा विवाहको चर्चा हुँदा सबैले तिमीलाई राम्रो बुझेको छन् र मन पर्यो
bachcha haru sanga khelne ra uniharuko kura sunne le parenting ko maja bujhaucha,बच्चाहरूसँग खेल्ने र उनीहरूको कुरा सुन्नेले प्यारेन्टिङको मजा बुझाउँछ
timi le malai chhodne nirnaya sahi thiyo ki galat bhanera malai ajhai doubt hunchha,तिमीले मलाई छोड्ने निर्णय सही थियो कि गलत भनेर मलाई अझै डाउट हुन्छ
bibaha pachi hami dubai le ek arka lai samjhauta garera saath dinu parcha,विवाहपछि हामी दुवैले एक अर्कालाई समझदारी गरेर साथ दिनु पर्छ
ama le malai bachcha palne bela ko anubhav sunaudai chhan ra dherai kura sikauna khojirako chhan,आमाले मलाई बच्चा पाल्ने बेलाको अनुभव सुनाउँदै छन् र धेरै कुरा सिकाउन खोजिरहेका छन्
sambandha ma vishwas nabhaye pachi sabai kura bigrincha ra hami dubai dukhi chhaun,सम्बन्धमा विश्वास नभएपछि सबै कुरा बिग्रिन्छ र हामी दुवै दुखी छौं
bibaha garera ghar basne sapana dekhda malai timi sangai ko jeevan ramro lagyo,विवाह गरेर घर बस्ने सपना देख्दा मलाई तिमीसँगैको जीवन राम्रो लाग्यो
bachcha haru ko lagi hami le ramro udaharan dinu parcha ra uniharulai sahi bato dekhauna parcha,बच्चाहरूको लागि हामीले राम्रो उदाहरण दिनु पर्छ र उनीहरूलाई सही बाटो देखाउनु पर्छ
timi sanga ko sambandha todeko ek barsa bhayo tara malai feri nayo suruwat garna man lagdaina,तिमीसँगको सम्बन्ध तोडेको एक वर्ष भयो तर मलाई फेरि नयाँ सुरुवात गर्न मन लाग्दैन
ghar pariwar le bibaha ko lagi ramro keta khojera malai sodhda malai khusi lagyo,घर परिवारले विवाहको लागि राम्रो केटा खोजेर मलाई सोध्दा मलाई खुसी लाग्यो
bachcha palda samaya ko dherai kharcha hunchha tara uniharuko haso le sabai bhulcha,बच्चा पाल्दा समयको धेरै खर्च हुन्छ तर उनीहरूको हाँसोले सबै बिर्सन्छ
sambandha ma samaya din sakina bhanera timi le malai chhodi sakeko ho bhanera bujhe,सम्बन्धमा समय दिन सकिनँ भनेर तिमीले मलाई छोडिसकेको हो भनेर बुझेँ
bibaha pachi responsibility dherai badhcha tara hami dubai ko maya le sabai sambhalna sakchha,विवाहपछि रेस्पोन्सिबिलिटी धेरै बढ्छ तर हामी दुवैको मायाले सबै सम्हाल्न सक्छ
ama baba sanga bachcha ko barema kura garda uniharule dherai anubhav share garyau,आमा बाबासँग बच्चाको बारेमा कुरा गर्दा उनीहरूले धेरै अनुभव शेयर गर्‍यौ
timi le malai chhodi sake pachi ma mero afno bato khojna thaleko chu,तिमीले मलाई छोडिसकेपछि म मेरो आफ्नो बाटो खोज्न थालेको छु
bibaha ko lagi tayari suru garne bela ma dherai khusi ra dar pani bhairako cha,विवाहको लागि तयारी सुरु गर्ने बेलामा धेरै खुसी र डर पनि भइरहेको छ
bachcha haru lai maya ra anushasan dubai dinu parcha ra sahi tarika le harsauna parcha,बच्चाहरूलाई माया र अनुशासन दुवै दिनु पर्छ र सही तरिकाले हुर्काउनु पर्छ
sambandha ma misunderstanding bhayera jhagada hune garchha tara samjhauta le sabai thik garchha,सम्बन्धमा मिसअन्डरस्ट्यान्डिङ भएर झगडा हुने गर्छ तर समझदारीले सबै ठिक गर्छ
ghar le malai bibaha garera chhoriko ghar pathauna khojirako chhan ra ma sochdai chu,घरले मलाई विवाह गरेर छोरीको घर पठाउन खोजिरहेको छन् र म सोच्दै छु
bachcha palan ma sabai bhanda important kura ho uniharuko kura sunne ra samjhine,बच्चा पालनमा सबैभन्दा महत्त्वपूर्ण कुरा हो उनीहरूको कुरा सुन्ने र सम्झिने
timi sanga ko purano sambandha ko yaad le malai ajhai dukhaunchha tara ma agadi badhna khojchu,तिमीसँगको पुरानो सम्बन्धको यादले मलाई अझै दुखाउँछ तर म अगाडि बढ्न खोज्छु
bibaha pachi hami sangai basera ramro parivar banauna sakchhaun bhanera malai vishwas cha,विवाहपछि हामी सँगै बसेर राम्रो परिवार बनाउन सक्छौं भनेर मलाई विश्वास छ
bachcha haru ko lagi hami le samaya ko dherai khyal rakhnu parcha ra uniharulai sikau,बच्चाहरूको लागि हामीले समयको धेरै ख्याल राख्नु पर्छ र उनीहरूलाई सिकाऊ
sambandha todeko kura timi le sodhda malai feri purano yaad haru aaucha ra roye,सम्बन्ध तोडेको कुरा तिमीले सोध्दा मलाई फेरि पुरानो यादहरू आउँछ र रोएँ
bibaha ko charcha huda ghar ma sabai le khusi manauchhan ra nayo khusi ko aash gardai chhan,विवाहको चर्चा हुँदा घरमा सबैले खुसी मनाउँछन् र नयाँ खुसीको आश गर्दै छन्
bachcha sanga khelne ra padhaune bela ma dherai ananda paaunchhu ra parenting ko asal maja yo ho,बच्चासँग खेल्ने र पढाउने बेलामा धेरै आनन्द पाउँछु र प्यारेन्टिङको असल मजा यो हो
timi le malai chhodi sake pachi ma dherai badali sakeko chu ra nayo jeevan suru gareko chu,तिमीले मलाई छोडिसकेपछि म धेरै बदलिएसकेको छु र नयाँ जीवन सुरु गरेको छु
bibaha garne agadi dherai kura bujhera agadi badhnu parcha ra ramro nirnaya linu parcha,विवाह गर्न अगाडि धेरै कुरा बुझेर अगाडि बढ्नु पर्छ र राम्रो निर्णय लिनु पर्छ
ama le bachcha haru ko barema kura gardai uniharulai sahi bato ma lagna ko lagi salah dinubhayo,आमाले बच्चाहरूको बारेमा कुरा गर्दै उनीहरूलाई सही बाटोमा लग्नको लागि सल्लाह दिनुभयो
gaun ma bihana surya udne agadi uthera khet ma gaai charauna jaane ra din bhar mehanat garne jivan dherai saral tara sukhmayi hunchha,गाउँमा बिहान सूर्य उड्ने अगाडि उठेर खेतमा गाई चराउन जाने र दिनभर मेहनत गर्ने जीवन धेरै सरल तर सुखमय हुन्छ
sahar ko jivan ma traffic jam ma faskera office pugna ghantaun lagcha ra hawa pani dherai phohor hunchha,शहरको जीवनमा ट्राफिक जाममा फस्केर अफिस पुग्न घण्टौं लाग्छ र हावा पनि धेरै फोहोर हुन्छ
bidesh padhna jane sapana dekhda gaun ko ghar pariwar chhodera najane garo lagcha tara future ko lagi garne nirnaya ho,विदेश पढ्न जाने सपना देख्दा गाउँको घर परिवार छोडेर नजाने गाह्रो लाग्छ तर फ्युचरको लागि गर्ने निर्णय हो
bidesh rojgar ma jaane manche haru le airport ma pariwar sanga antar bida garne bela sabai ko aankha ma aansu aaucha,विदेश रोजगारीमा जाने मान्छेहरूले एयरपोर्टमा परिवारसँग अन्तर विदा गर्ने बेला सबैको आँखामा आँसु आउँछ
gaun ko jivan ma chhimeki haru sanga milera kheti garne ra saath ma basne maja alagai hunchha,गाउँको जीवनमा छिमेकीहरूसँग मिलेर खेती गर्ने र सँगै बस्ने मजा अलगै हुन्छ
sahar ma basda paisa dherai kamai hunchha tara time nabhayera pariwar sanga basne mauka kam hunchha,शहरमा बस्दा पैसा धेरै कमाइ हुन्छ तर समय नभएर परिवारसँग बस्ने मौका कम हुन्छ
bidesh ma padhne student haru le pahile mahina dherai ghar ko yaad ma runchan tara pachi abitu hunchhan,विदेशमा पढ्ने विद्यार्थीहरूले पहिले महिना धेरै घरको यादमा रुन्छन् तर पछि अभ्यस्त हुन्छन्
bidesh rojgar bata paisa pathauda gaun ma ghar banne ra bachcha haru ko padhai agadi badcha,विदेश रोजगारीबाट पैसा पठाउँदा गाउँमा घर बन्ने र बच्चाहरूको पढाइ अगाडि बढ्छ
airport ma manche haru aafno aafno gantavyama jaane bela ek arka sanga antar bida gardai chhan ra emotional dekhincha,एयरपोर्टमा मान्छेहरू आफ्नो आफ्नो गन्तव्यमा जाने बेला एक अर्कासँग अन्तर विदा गर्दै छन् र इमोशनल देखिन्छ
gaun ma barsat ma khet bharne ra nadi ma paani badhne bela sabai jana milera kaam garchhan,गाउँमा वर्षातमा खेत भरिने र नदीमा पानी बढ्ने बेला सबै जना मिलेर काम गर्छन्
sahar ko jivan ma bijuli ra internet ko suvidha hunchha tara mansik tanab pani dherai badhi raheko cha,शहरको जीवनमा बिजुली र इन्टरनेटको सुविधा हुन्छ तर मानसिक तनाब पनि धेरै बढिरहेको छ
bidesh padhna jane chhora chhori lai ghar ma sabai le ashirbad gardai bida garda aankha bhari aaucha,विदेश पढ्न जाने छोरा छोरीलाई घरमा सबैले आशीर्वाद गर्दै विदा गर्दा आँखा भरि आउँछ
bidesh rojgar ma jaada nepali manche haru airport ma nepali bhasa ma kura gardai ek arka lai support garchhan,विदेश रोजगारीमा जाँदा नेपाली मान्छेहरू एयरपोर्टमा नेपाली भाषामा कुरा गर्दै एक अर्कालाई सपोर्ट गर्छन्
gaun ko saral jivan chhodera sahar ma aayera kam khojne manche haru dherai chhan tara garo pani hunchha,गाउँको सरल जीवन छोडेर शहरमा आएर काम खोज्ने मान्छेहरू धेरै छन् तर गाह्रो पनि हुन्छ
bidesh ma padhera degree liyera gaun ferne ichchha mero pani cha tara abba samma pura hudaina,विदेशमा पढेर डिग्री लिएर गाउँ फर्कने इच्छा मेरो पनि छ तर अहिलेसम्म पूरा हुँदैन
airport scene herda manche haru khusi ra dukha dubai anuhar ma dekhincha koi jaane koi aune,एयरपोर्ट सिन हेर्‍दा मान्छेहरू खुसी र दुख दुवै अनुहारमा देखिन्छ कोही जाने कोही आउने
gaun ma sabai milera dasain tihar manaune ani ramailo garne parampara ajhai jiwit cha,गाउँमा सबै मिलेर दशैं तिहार मनाउने र रमाइलो गर्ने परम्परा अझै जिवित छ
sahar ma basne manche haru le time nabhayera gaun ma ghar jane mauka pani paudainan,शहरमा बस्ने मान्छेहरूले समय नभएर गाउँमा घर जाने मौका पनि पाउँदैनन्
bidesh rojgar ma dherai nepali dai bahini haru jaanchhan ra uniharuko mehanat le deshma paisa aaucha,विदेश रोजगारीमा धेरै नेपाली दाजुभाइ बहिनीहरू जान्छन् र उनीहरूको मेहनतले देशमा पैसा आउँछ
bidesh padhne bela ma nayo sanskriti ra bhasa sikauna parcha ra ghar ko khana ko yaad dherai aaucha,विदेश पढ्ने बेलामा नयाँ संस्कृति र भाषा सिकाउनु पर्छ र घरको खानाको याद धेरै आउँछ
gaun ko jivan ma morning walk gardai hawa khane ra sital pani ko maja alag hunchha,गाउँको जीवनमा मर्निङ वॉक गर्दै हावा खाने र शीतल पानीको मजा अलग हुन्छ
sahar ma pollution ra noise le swasthya bigarchha tara kam ko lagi basne bhanera manche haru basirachan,शहरमा प्रदूषण र नोइजले स्वास्थ्य बिगार्छ तर कामको लागि बस्ने भनेर मान्छेहरू बसिरहन
airport ma bidesh jaane nepali haru le bhari bokera line ma basda uniharuko anuhar ma aash ra dar dekhincha,एयरपोर्टमा विदेश जाने नेपालीहरूले भारी बोकेर लाइनमा बस्दा उनीहरूको अनुहारमा आश र डर देखिन्छ
gaun ma kheti patti garne ra pasupalan garne manche haru ko jivan dherai mehanat ma adharit hunchha,गाउँमा खेतीपाती गर्ने र पशुपालन गर्ने मान्छेहरूको जीवन धेरै मेहनतमा आधारित हुन्छ
bidesh bata ferda airport ma pariwar le malaai bhetna aayera dherai khusi manauchhan,विदेशबाट फर्कदा एयरपोर्टमा परिवारले मलाई भेट्न आएर धेरै खुसी मनाउँछन्
sahar ko jivan ma nayo nayo technology ra fashion ko charcha hunchha tara khusi kam hunchha,शहरको जीवनमा नयाँ नयाँ टेक्नोलोजी र फेसनको चर्चा हुन्छ तर खुसी कम हुन्छ
bidesh padhna jane chhori le ghar ma ama sanga antar bida gardai runu ra hasnu dubai gari,विदेश पढ्न जाने छोरीले घरमा आमासँग अन्तर विदा गर्दै रुनु र हाँस्नु दुवै गरि
gaun ma bijuli nabhayera raat ma diyo bale ra kura garne bela dherai ramailo hunchha,गाउँमा बिजुली नभएर रातमा दियो बालेर कुरा गर्ने बेला धेरै रमाइलो हुन्छ
bidesh rojgar ma jaane dai le malai paisa pathauna promise gareko cha ra ghar ko awastha sudharne cha,विदेश रोजगारीमा जाने दाईले मलाई पैसा पठाउन प्रतिज्ञा गरेको छ र घरको अवस्था सुधार्ने छ
airport ma security check gardai manche haru line ma ubhiera wait garda dherai thakai feel garchhan,एयरपोर्टमा सुरक्षा जाँच गर्दै मान्छेहरू लाइनमा उभिएर वेट गर्दा धेरै थकाई फिल गर्छन्
gaun ko saral jivan le man lai santi dincha tara paisa kam hunchha ra manche haru sahar tir lagchhan,गाउँको सरल जीवनले मनलाई शान्ति दिन्छ तर पैसा कम हुन्छ र मान्छेहरू शहरतिर लाग्छन्
sahar ma job garera paisa kamayera gaun ma ghar banaune sapana dherai manche haru ko hunchha,शहरमा जागिर गरेर पैसा कमाएर गाउँमा घर बनाउने सपना धेरै मान्छेहरूको हुन्छ
bidesh ma padhera doctor enginear banne ichchha rakhera gaun bata student haru janchhan,विदेशमा पढेर डाक्टर इन्जिनियर बन्ने इच्छा राखेर गाउँबाट विद्यार्थीहरू जान्छन्
bidesh rojgar bata aako paisa le gaun ma bidyalaya ra sadak banauna madat garchha,विदेश रोजगारीबाट आएको पैसाले गाउँमा विद्यालय र सडक बनाउन मद्दत गर्छ
airport ma hawai jahaj udne agadi sabai passenger haru gate ma basera wait garchhan ra excitement dekhincha,एयरपोर्टमा हवाईजहाज उड्ने अगाडि सबै यात्रुहरू गेटमा बसेर वेट गर्छन् र एक्साइटमेन्ट देखिन्छ
gaun ma sabai kura ma saath dinu parne culture hunchha ra koi eklo hudaina,गाउँमा सबै कुरामा साथ दिनु पर्ने संस्कृति हुन्छ र कोही एक्लो हुँदैन
sahar ko fast jivan le manche lai thakai dincha tara ramro opportunity pani dincha,शहरको फास्ट जीवनले मान्छेलाई थकाई दिन्छ तर राम्रो अवसर पनि दिन्छ
bidesh padhne bela ma nayo desh ko mausam ra khana sanga abitu huna dherai samaya lagcha,विदेश पढ्ने बेलामा नयाँ देशको मौसम र खानासँग अभ्यस्त हुन धेरै समय लाग्छ
bidesh rojgar ma jaada nepali haru le airport ma nepali geet sunera yaad garne garchhan,विदेश रोजगारीमा जाँदा नेपालीहरूले एयरपोर्टमा नेपाली गीत सुनेर याद गर्ने गर्छन्
gaun ko jivan ma kheti ko mausam anusar sabai kaam hunchha ra tyo anusar din bitcha,गाउँको जीवनमा खेतीको मौसम अनुसार सबै काम हुन्छ र त्यो अनुसार दिन बित्छ
sahar ma basera pani gaun ko chhimeki ra mitra haru ko yaad sadhai aaune garchha,शहरमा बसेर पनि गाउँको छिमेकी र मित्रहरूको याद सधैं आउने गर्छ
bidesh bata feri gaun ferne manche haru le airport ma aayera dherai khusi share garchhan,विदेशबाट फेरि गाउँ फर्कने मान्छेहरूले एयरपोर्टमा आएर धेरै खुसी शेयर गर्छन्
gaun ma electricity aaune pachi pani manche haru le purano tarika mai jivan bitaine garchhan,गाउँमा बिजुली आउनेपछि पनि मान्छेहरूले पुरानो तरिकामै जीवन बिताउने गर्छन्
bidesh padhna jane agadi ghar ma sabai sanga basera ramro kura garne ra salah line garchhan,विदेश पढ्न जाने अगाडि घरमा सबैसँग बसेर राम्रो कुरा गर्ने र सल्लाह लिने गर्छन्
sahar ko jivan ra gaun ko jivan dubai ko afnai alag alag ramro ra naramro paksha chhan,शहरको जीवन र गाउँको जीवन दुवैको आफ्नै अलग अलग राम्रो र नराम्रो पक्ष छन्
airport ma bidesh jaane ra aune manche haru ko bhid herda deshma dherai manche bidesh ma chhan bhanne thaha hunchha,एयरपोर्टमा विदेश जाने र आउने मान्छेहरूको भीड हेर्‍दा देशमा धेरै मान्छे विदेशमा छन् भन्ने थाहा हुन्छ
bidesh rojgar ma kam garera paisa kamayera gaun ma ramro ghar ra jagga kinne sapana dekheko chu,विदेश रोजगारीमा काम गरेर पैसा कमाएर गाउँमा राम्रो घर र जग्गा किन्ने सपना देखेको छु
gaun ma sabai jana ek arka ko dukh sukh ma saath dinchhan ra tyo maya sadhai rahos,गाउँमा सबै जना एक अर्काको दुख सुखमा साथ दिन्छन् र त्यो माया सधैं रहोस्
gaaun ma bijuli ko samasya bhayeko le raat ko samay ma kaam garna dherai gaarho hunchha ra sabai le mombatti balaaera basnu parchha,गाउँमा बिजुलीको समस्या भएकोले रातको समयमा काम गर्न धेरै गाह्रो हुन्छ र सबैले मम्बत्ती बालाएर बस्नु पर्छ
sahar ko jindagi ma dherai bheed bhaagdaudai chha ra sabai jana le aafno kaam ma vyast bhayeko dekhda man ma eklopan ko anubhuti hunchha,सहरको जिन्दगीमा धेरै भीड भाग्दौदै छ र सबै जनाले आफ्नो काममा व्यस्त भएको देख्दा मनमा एक्लोपनको अनुभूति हुन्छ
bidesh jaane sochdai chhu tara visa ko process ma dherai samay lagcha ra kaagajpatra poora garna pani gaarho hunchha bhanne chinta badhdai chha,विदेश जाने सोच्दै छु तर भिसाको प्रोसेसमा धेरै समय लाग्छ र कागजपत्र पूरा गर्न पनि गाह्रो हुन्छ भन्ने चिन्ता बढ्दै छ
abroad padhna jaane vidyarthi haru lai scholarship pauna ko lagi dherai mehenat garnu parchha ra competitive exam pass garna pani sajilo hudaina,अब्रोड पढ्न जाने विद्यार्थीहरूलाई स्कलरसिप पाउनको लागि धेरै मेहेनत गर्नु पर्छ र कम्पिटिटिभ एग्जाम पास गर्न पनि सजिलो हुँदैन
foreign employment ma jaane yuva haru le ghar parivaar bata taddha bhayera naya desh ma basnu parchha ra yasko asar manoma pani pariraaheko chha,फरेन एम्प्लोयमेन्टमा जाने युवाहरूले घर परिवारबाट टाढा भएर नयाँ देशमा बस्नु पर्छ र यसको असर मनोमा पनि परिरहेको छ
airport ma jaada jaada lambaa line ma basera security check garna parchha ra boarding pass lina pani dherai samay lagchha bhanne anubhuti sabai lai hunchha,एयरपोर्टमा जाँदा जाँदा लामो लाइनमा बसेर सिक्योरिटी चेक गर्न पर्छ र बोर्डिङ पास लिन पनि धेरै समय लाग्छ भन्ने अनुभूति सबैलाई हुन्छ
gaaun ko khet ma kaam garda sharir thakincha tara man ma shanti ra santusti ko anubhuti hunchha ra yo jindagi ko ramro hissa ho,गाउँको खेतमा काम गर्दा शरीर थाकिन्छ तर मनमा शान्ति र सन्तुष्टिको अनुभूति हुन्छ र यो जिन्दगीको राम्रो हिस्सा हो
sahar ma ghar ko kiraya dherai badheko le saajha manushya haru lai basna ko lagi thau khojna gaarho bhayeko chha ra tension badhdai chha,सहरमा घरको किराया धेरै बढेकोले साझा मानुष्यहरूलाई बस्नको लागि ठाउँ खोज्न गाह्रो भएको छ र टेन्सन बढ्दै छ
migration ko kaaran le gaaun ma janashankhya ghatdai gayeko chha ra khet bari haru baajha parera chhodine avastha aayeko dekhda man dukhcha,माइग्रेसनको कारणले गाउँमा जनसङ्ख्या घट्दै गएको छ र खेतबारीहरू बाँझा परेर छोड्ने अवस्था आएको देख्दा मन दुख्छ
abroad studies ma jaane vidyarthi haru lai naya bhasha sikna ra naya sanskriti ma ghulmilna dherai samay lagcha ra yasko asar padhai ma pani pariraaheko chha,अब्रोड स्टडिजमा जाने विद्यार्थीहरूलाई नयाँ भाषा सिक्न र नयाँ संस्कृतिमा घुलमिल्न धेरै समय लाग्छ र यसको असर पढाइमा पनि परिरहेको छ
foreign employment bata paise pathaayeko le ghar parivaar ko jindagi sudhryeko chha tara bidesh ma basne vyakti ko man ma ghar ko yaad le dherai satayeko chha,फरेन एम्प्लोयमेन्टबाट पैसा पठाएकोले घर परिवारको जिन्दगी सुध्रिएको छ तर विदेशमा बस्ने व्यक्तिको मनमा घरको यादले धेरै सताएको छ
airport ko departure hall ma sabai yatri haru le aafno luggage check garaaudai chhan ra kasai kasai le last minute ma ticket ko samasya bhayeko dekhincha,एयरपोर्टको डिपार्चर हलमा सबै यात्रीहरूले आफ्नो लगेज चेक गराउँदै छन् र कसैकसैले लास्ट मिनेटमा टिकटको समस्या भएको देखिन्छ
gaaun ma nadi ko paani le khet ma ramro fasal uthauna madat garchha tara baadha aayeko bela sabai kura bigrincha bhanne dar hamesha rahanchha,गाउँमा नदीको पानीले खेतमा राम्रो फसल उठाउन मद्दत गर्छ तर बाढी आएको बेला सबै कुरा बिग्रिन्छ भन्ने डर हमेशा रहन्छ
sahar ko traffic jam ma phasera office jaana gaarho bhayeko chha ra yasko le garda din bhar ko kaam ma asar pariraaheko chha bhanne complaint badhdai chha,सहरको ट्र्याफिक जाममा फसेर अफिस जान गाह्रो भएको छ र यसकोले गर्दा दिनभरको काममा असर परिरहेको छ भन्ने कम्प्लेन्ट बढ्दै छ
bidesh jaane yuva haru le ghar bata bidaa linu aghi sabai sanga bhent garna man lagcha ra kasai kasai le aanshu bhi rokna sakdainan,विदेश जाने युवाहरूले घरबाट बिदा लिनु अघि सबैसँग भेट गर्न मन लाग्छ र कसैकसैले आँसु पनि रोक्न सक्दैनन्
abroad padhna jaane vidyarthi haru lai accommodation ko samasya dherai hunchha ra naya desh ma surakshit basna ko lagi savdhaan bhayera matra ghumnu parchha,अब्रोड पढ्न जाने विद्यार्थीहरूलाई अकोमोडेसनको समस्या धेरै हुन्छ र नयाँ देशमा सुरक्षित बस्नको लागि सवधान भएर मात्र घुम्नु पर्छ
foreign employment ma kaam garda bhasha ko samasya le garda communication ma problem aaudai chha ra yasko le kaam ma dhilo huna sakchha bhanne chinta rahanchha,फरेन एम्प्लोयमेन्टमा काम गर्दा भाषाको समस्याले गर्दा कम्युनिकेसनमा प्रोब्लम आउँदै छ र यसकोले काममा ढिलो हुन सक्छ भन्ने चिन्ता रहन्छ
airport ma immigration counter ma jaada officer haru le passport ra visa check gardai chhan ra kasai kasai le document ma kami bhayeko le problem face garnu pariraaheko chha,एयरपोर्टमा इमिग्रेसन काउन्टरमा जाँदा अफिसरहरूले पासपोर्ट र भिसा चेक गर्दै छन् र कसैकसैले डाकुमेन्टमा कमी भएकोले प्रोब्लम फेस गर्नु परिरहेको छ
gaaun ko school ma teacher ko abhaav le garda baccha haru lai ramro sikshya pauna gaarho bhayeko chha ra yasko asar uniharuko bhavishya ma pariraaheko chha,गाउँको स्कूलमा टीचरको अभावले गर्दा बच्चाहरूलाई राम्रो शिक्षा पाउन गाह्रो भएको छ र यसको असर उनीहरूको भविष्यमा परिरहेको छ
sahar ma naya ghar banaaunda permit lina ra kaagajpatra poora garna dherai samay lagcha ra yasko le garda construction ko kaam ma dhilo hunchha,सहरमा नयाँ घर बनाउँदा परमिट लिन र कागजपत्र पूरा गर्न धेरै समय लाग्छ र यसकोले गर्दा कन्स्ट्रक्सनको काममा ढिलो हुन्छ
migration le garda gaaun ma purano sanskriti ra parampara haru bilayna thaleko chhan ra aba yo samasya samadhan garna ko lagi kadam chalauna parchha bhanne vichar aayeko chha,माइग्रेसनले गर्दा गाउँमा पुरानो संस्कृति र परम्पराहरू बिल्न थालेका छन् र अब यो समस्या समाधान गर्नको लागि कदम चलाउनु पर्छ भन्ने विचार आएको छ
abroad studies ma jaane vidyarthi haru lai part time job garna paayeko le kharcha chalaauna sajilo bhayeko chha tara padhai ma dhyan dina gaarho hunchha,अब्रोड स्टडिजमा जाने विद्यार्थीहरूलाई पार्ट टाइम जब गर्न पाएकोले खर्च चलाउन सजिलो भएको छ तर पढाइमा ध्यान दिन गाह्रो हुन्छ
foreign employment ma kaam garda overtime garna parne bhayeko le sharir thakincha tara ghar ko kharcha ko lagi yo sabai sahnu parchha bhanne soch man ma aaudai chha,फरेन एम्प्लोयमेन्टमा काम गर्दा ओभरटाइम गर्नु पर्ने भएकोले शरीर थाकिन्छ तर घरको खर्चको लागि यो सबै सहनु पर्छ भन्ने सोच मनमा आउँदै छ
airport ko arrival hall ma parivaar haru le aafna priya jan lai swagat garna aayeko dekhda man ma dherai khusi ko anubhuti hunchha ra aanshu aauna sakchha,एयरपोर्टको अराइभल हलमा परिवारहरूले आफ्नो प्रिय जनलाई स्वागत गर्न आएको देख्दा मनमा धेरै खुसीको अनुभूति हुन्छ र आँसु आउन सक्छ
gaaun ma haat bazaar ma jaada local utpadan haru kinna paayeko le saajha janata lai fayda hunchha tara bahaar ko saman ko daam dherai hunchha,गाउँमा हाट बजारमा जाँदा लोकल उत्पादनहरू किन्न पाएकोले साझा जनतालाई फाइदा हुन्छ तर बाहिरको सामानको दाम धेरै हुन्छ
sahar ma public transport ko suvidha ramro bhayeko le ghumna sajilo chha tara rush ko samay ma seat pauna gaarho hunchha ra khada basnu parchha,सहरमा पब्लिक ट्रान्सपोर्टको सुविधा राम्रो भएकोले घुम्न सजिलो छ तर रशको समयमा सिट पाउन गाह्रो हुन्छ र खडा बस्नु पर्छ
bidesh jaane yuva haru le passport banaauna jaada dherai kaagajpatra ra samay lagcha ra yasko le garda plan ma dhilo huna sakchha bhanne tension rahanchha,विदेश जाने युवाहरूले पासपोर्ट बनाउन जाँदा धेरै कागजपत्र र समय लाग्छ र यसकोले गर्दा प्लानमा ढिलो हुन सक्छ भन्ने टेन्सन रहन्छ
abroad padhna jaane vidyarthi haru lai university ko admission process ma dherai competition hunchha ra entrance exam ko preparation garna dherai mehenat garnu parchha bhanne baat sabai lai thaaha chha,अब्रोड पढ्न जाने विद्यार्थीहरूलाई युनिभर्सिटीको एडमिसन प्रोसेसमा धेरै कम्पिटिसन हुन्छ र एन्ट्रेन्स एग्जामको प्रिपरेसन गर्न धेरै मेहेनत गर्नु पर्छ भन्ने बात सबैलाई थाहा छ
foreign employment ko lagi agency haru le dherai paisa linchhan ra kasai kasai le fraud garna sakchhan bhanne dar le garda savdhaan bhayera matra nirnay lina parchha,फरेन एम्प्लोयमेन्टको लागि एजेन्सीहरूले धेरै पैसा लिन्छन् र कसैकसैले फ्रड गर्न सक्छन् भन्ने डरले गर्दा सवधान भएर मात्र निर्णय लिनु पर्छ
airport ma flight delay bhayeko bela yatri haru le dherai samay kurera basnu parchha ra kasai kasai le aafno agadi ko kaam ma asar parne dar le tension ma pariraaheko chhan,एयरपोर्टमा फ्लाइट डिले भएको बेला यात्रीहरूले धेरै समय कुरेर बस्नु पर्छ र कसैकसैले आफ्नो अघिको काममा असर पर्ने डरले टेन्सनमा परिरहेका छन्
gaaun ma bijuli aayeko pachi internet ko suvidha pani badheko le baccha haru lai online class lina sajilo bhayeko chha tara signal ko samasya kahile kahile aaudai chha,गाउँमा बिजुली आएको पछि इन्टरनेटको सुविधा पनि बढेकोले बच्चाहरूलाई अनलाइन क्लास लिन सजिलो भएको छ तर सिग्नलको समस्या कहिलेकाहीं आउँदै छ
sahar ma shopping mall haru dherai bhayeko le saman kinna sajilo chha tara daam dherai hunchha ra budget bhitra kaam chalaauna gaarho hunchha bhanne complaint aam janata bata aaunai chha,सहरमा शपिङ मलहरू धेरै भएकोले सामान किन्न सजिलो छ तर दाम धेरै हुन्छ र बजेट भित्र काम चलाउन गाह्रो हुन्छ भन्ने कम्प्लेन्ट आम जनताबाट आउँदै छ
migration bata pharkaayeko paisa le ghar banaauna ra vyapar garna madat garchha tara bidesh ma basne vyakti ko man ma ghar parivaar ko yaad le satayeko rahanchha,माइग्रेसनबाट फर्काएको पैसाले घर बनाउन र व्यापार गर्न मद्दत गर्छ तर विदेशमा बस्ने व्यक्तिको मनमा घर परिवारको यादले सताएको रहन्छ
abroad studies ma jaane vidyarthi haru lai naya desh ko mausam ra khana ko abhyas garna dherai samay lagcha ra yasko le garda swasthya ma asar parna sakchha,अब्रोड स्टडिजमा जाने विद्यार्थीहरूलाई नयाँ देशको मौसम र खानाको अभ्यास गर्न धेरै समय लाग्छ र यसकोले गर्दा स्वास्थ्यमा असर पर्न सक्छ
foreign employment ma kaam garda local janata sanga ramro sambandh banaauna sakyo bhane jindagi sajilo hunchha tara bhasha ko samasya le garda communication ma problem aaudai chha,फरेन एम्प्लोयमेन्टमा काम गर्दा लोकल जनतासँग राम्रो सम्बन्ध बनाउन सक्यो भने जिन्दगी सजिलो हुन्छ तर भाषाको समस्याले गर्दा कम्युनिकेसनमा प्रोब्लम आउँदै छ
airport ma customs check garda kasai kasai le aafno saman ma niyam viruddh ko kura rakheko bhayema problem huna sakchha ra yasko le garda savdhaan bhayera matra saman raknu parchha,एयरपोर्टमा कस्टम्स चेक गर्दा कसैकसैले आफ्नो सामानमा नियम विरुद्धको कुरा राखेको भएमा प्रोब्लम हुन सक्छ र यसकोले गर्दा सवधान भएर मात्र सामान राख्नु पर्छ
gaaun ko jindagi ma sabai ek arka sanga milera baschhan ra kunai samasya aayeko bela sabai le milera samadhan garna khojchhan bhanne baat ramro lagcha,गाउँको जिन्दगीमा सबै एक अर्कासँग मिलेर बस्छन् र कुनै समस्या आएको बेला सबैले मिलेर समाधान गर्न खोज्छन् भन्ने बात राम्रो लाग्छ
sahar ma raat ko samay ma bahira ghumna jaada suraksha ko chinta badhdai chha ra kasai kasai le ghar bata bahira nikalna dar lagda chha bhanne anubhuti aaudai chha,सहरमा रातको समयमा बाहिर घुम्न जाँदा सुरक्षाको चिन्ता बढ्दै छ र कसैकसैले घरबाट बाहिर निकाल्न डर लाग्दछ भन्ने अनुभूति आउँदै छ
bidesh jaane yuva haru le visa interview ko lagi dherai preparation garna parchha ra officer ko prashna ko uttar diuda atma vishwaas raakhnu parchha bhanne salah expert haru le dinchhan,विदेश जाने युवाहरूले भिसा इन्टरभ्युको लागि धेरै प्रिपरेसन गर्नु पर्छ र अफिसरको प्रश्नको उत्तर दिउँदा आत्मविश्वास राख्नु पर्छ भन्ने सलह एक्सपर्टहरूले दिन्छन्
abroad padhna jaane vidyarthi haru lai scholarship paayeko bhayema kharcha ko tension kam hunchha tara competition dherai bhayeko le pauna gaarho hunchha bhanne baat sabai lai thaaha chha,अब्रोड पढ्न जाने विद्यार्थीहरूलाई स्कलरसिप पाएको भएमा खर्चको टेन्सन कम हुन्छ तर कम्पिटिसन धेरै भएकोले पाउन गाह्रो हुन्छ भन्ने बात सबैलाई थाहा छ
foreign employment ma jaane yuva haru le medical checkup garna parchha ra yasko lagi dherai hospital ma jaana parne bhayeko le samay ra paisa dui nai kharcha hunchha,फरेन एम्प्लोयमेन्टमा जाने युवाहरूले मेडिकल चेकअप गर्नु पर्छ र यसको लागि धेरै हस्पिटलमा जानु पर्ने भएकोले समय र पैसा दुई नै खर्च हुन्छ
airport ma boarding gate ma jaada flight ko announcement sunera turantai taiyaar bhayera jaanu parchha ra kasai kasai le last minute ma pugera tension ma parne ghatna dherai hunchhan,एयरपोर्टमा बोर्डिङ गेटमा जाँदा फ्लाइटको एनाउन्समेन्ट सुनेर तुरुन्तै तयार भएर जानु पर्छ र कसैकसैले लास्ट मिनेटमा पुगेर टेन्सनमा पर्ने घटना धेरै हुन्छन्
gaaun ma kheti badi ko kaam ma sabai parivaar ko sahayog hunchha ra yo ekata le garda kaam sajilo hunchha bhanne anubhuti kisan haru lai hunchha,गाउँमा खेतीबाडीको काममा सबै परिवारको सहायोग हुन्छ र यो एकताले गर्दा काम सजिलो हुन्छ भन्ने अनुभूति किसानहरूलाई हुन्छ
sahar ma ghar ko kiraya dherai bhayeko le saajha manushya haru lai basna ko lagi thau khojna gaarho hunchha ra tension badhdai chha bhanne baat aam janata bata aaunai chha,सहरमा घरको किराया धेरै भएकोले साझा मानुष्यहरूलाई बस्नको लागि ठाउँ खोज्न गाह्रो हुन्छ र टेन्सन बढ्दै छ भन्ने बात आम जनताबाट आउँदै छ
migration le garda gaaun ma yuva haru ko abhaav bhayeko le kheti badi ko kaam ma samasya aayeko chha ra yasko asar utpadan ma pani dekhincha,माइग्रेसनले गर्दा गाउँमा युवाहरूको अभाव भएकोले खेतीबाडीको काममा समस्या आएको छ र यसको असर उत्पादनमा पनि देखिन्छ
abroad studies ma jaane vidyarthi haru lai naya desh ma friend banaauna ra social life banaauna dherai samay lagcha ra yasko le garda pahilo samay ma eklopan ko anubhuti hunchha,अब्रोड स्टडिजमा जाने विद्यार्थीहरूलाई नयाँ देशमा फ्रेन्ड बनाउन र सोसल लाइफ बनाउन धेरै समय लाग्छ र यसकोले गर्दा पहिलो समयमा एक्लोपनको अनुभूति हुन्छ
foreign employment ma kaam garda overtime ko paisa paayeko le ghar ko kharcha chalaauna sajilo bhayeko chha tara sharir thakera swasthya ma asar parna sakchha bhanne chinta rahanchha,फरेन एम्प्लोयमेन्टमा काम गर्दा ओभरटाइमको पैसा पाएकोले घरको खर्च चलाउन सजिलो भएको छ तर शरीर थाकेर स्वास्थ्यमा असर पर्न सक्छ भन्ने चिन्ता रहन्छ
airport ma luggage ko weight limit bhayeko le kasai kasai le extra saman chhodnu parne bhayeko chha ra yasko le garda tension hunchha bhanne ghatna dherai sunincha,एयरपोर्टमा लगेजको वेट लिमिट भएकोले कसैकसैले एक्स्ट्रा सामान छोड्नु पर्ने भएको छ र यसकोले गर्दा टेन्सन हुन्छ भन्ने घटना धेरै सुनिन्छ
gaaun ma nadi ko paani le khet ma ramro fasal uthauna madat garchha tara baadha aayeko bela sabai kura bigrincha bhanne dar hamesha rahanchha ra kisan haru le savdhaan bhayera basnu parchha,गाउँमा नदीको पानीले खेतमा राम्रो फसल उठाउन मद्दत गर्छ तर बाढी आएको बेला सबै कुरा बिग्रिन्छ भन्ने डर हमेशा रहन्छ र किसानहरूले सवधान भएर बस्नु पर्छ
sahar ma public transport ko suvidha ramro bhayeko le ghumna sajilo chha tara rush ko samay ma seat pauna gaarho hunchha ra khada basnu parchha bhanne complaint badhdai chha,सहरमा पब्लिक ट्रान्सपोर्टको सुविधा राम्रो भएकोले घुम्न सजिलो छ तर रशको समयमा सिट पाउन गाह्रो हुन्छ र खडा बस्नु पर्छ भन्ने कम्प्लेन्ट बढ्दै छ
ma aaja micro bus ma office jaane bela traffic jam ma faskera dherai der bhayo ra ghar pugda pani thakai le siddiye,म आज माइक्रो बसमा अफिस जाने बेला ट्राफिक जाममा फसेर धेरै ढेर भयो र घर पुग्दा पनि थकाईले सिद्धिएँ
sahar ko sadak ma bas chadne bela manche haru ko bhid herda public transport ko awastha dherai kharab dekhincha,शहरको सडकमा बस चढ्ने बेला मान्छेहरूको भीड हेर्‍दा पब्लिक ट्रान्सपोर्टको अवस्था धेरै खराब देखिन्छ
bajar ma jaera luga kinna khojda pasal wala sanga mol tokmoli gardai ek ghanta samma basera akhir ma sasto paaye,बजारमा गएर लुगा किन्न खोज्दा पसलवालासँग मोल तोक्मोली गर्दै एक घण्टासम्म बसेर अन्तमा सस्तो पाएँ
traffic jam ma tempo ma basera office pugna teen ghanta lagda sabai jana gyan garchhan ra tension badhcha,ट्राफिक जाममा टेम्पोमा बसेर अफिस पुग्न तीन घण्टा लाग्दा सबै जना गनगन गर्छन् र टेन्सन बढ्छ
public transport ma ticket katda conductor le ramro sanga hisab gardaina ra dherai jana le jhagada garchhan,पब्लिक ट्रान्सपोर्टमा टिकट काट्दा कन्डक्टरले राम्रोसँग हिसाब गर्दैन र धेरै जनाले झगडा गर्छन्
mall ma jaera saman herda kinne man lagyo tara mol dherai mahango bhayera bargaining nagari feri niskiye,मलमा गएर सामान हेर्‍दा किन्ने मन लाग्यो तर मोल धेरै महँगो भएर बार्गेनिङ नगरी फेरि निस्किएँ
aaja bus ma chadne bela manche haru ko bhid le dhakela dhakeli bhayo ra saaas pani rokine jasto lagyo,आज बसमा चढ्ने बेला मान्छेहरूको भीडले धकेला धकेली भयो र सास पनि रोकिने जस्तो लाग्यो
bajar ma tarkari kinna jaada pasal wala sanga mol tokmoli gardai akhir ma sahi dam ma liye ra khusi lagyo,बजारमा तरकारी किन्न जाँदा पसलवालासँग मोल तोक्मोली गर्दै अन्तमा सही दाममा लिए र खुसी लाग्यो
traffic jam ma sadak ma gadi haru ek arka sanga jamm bhayera agadi badhna nai sakdaina ra sabai thakera baschan,ट्राफिक जाममा सडकमा गाडीहरू एक अर्कासँग जाम भएर अगाडि बढ्न नै सकिँदैन र सबै थाकेर बस्छन्
micro bus ma office staff haru sanga basaera din ko kura sunera time bitcha tara jam le der hunchha,माइक्रो बसमा अफिस स्टाफहरूसँग बसेर दिनको कुरा सुनेर टाइम बित्छ तर जामले ढेर हुन्छ
sahar ko bajar ma jaera saman kinna jaada pasal haru le dherai mol rakhchan ra bargaining nagari hudaina,शहरको बजारमा गएर सामान किन्न जाँदा पसलहरूले धेरै मोल राख्छन् र बार्गेनिङ नगरी हुँदैन
public transport ko awastha sudharna parcha kina ki din ma dherai manche haru yahi basera office school janchhan,पब्लिक ट्रान्सपोर्टको अवस्था सुधार्नु पर्छ किनकि दिनमा धेरै मान्छेहरू यही बसेर अफिस स्कूल जान्छन्
tempo ma basera ghar jaane bela traffic jam ma pareko thiye ra dherai der bhayera ghar ma sabai le sodhe,टेम्पोमा बसेर घर जाने बेला ट्राफिक जाममा परेको थिएँ र धेरै ढेर भएर घरमा सबैले सोधे
bajar ma luga kinne bela pasal wala sanga mol tokda usle dherai ghatayera dincha ra khusi hunchha,बजारमा लुगा किन्ने बेला पसलवालासँग मोल तोक्दा उसले धेरै घटाएर दिन्छ र खुसी हुन्छ
bus stop ma dherai der samma bus naaune karan le manche haru risayera gyan garchhan ra public transport ko gunaaso garchhan,बस स्टपमा धेरै ढेरसम्म बस नआउने कारणले मान्छेहरू रिसाएर गनगन गर्छन् र पब्लिक ट्रान्सपोर्टको गुनासो गर्छन्
shopping gardai saman ko mol herera bargaining garna ma dherai samaya lagcha tara sasto paaune maja hunchha,शपिङ गर्दै सामानको मोल हेरेर बार्गेनिङ गर्नमा धेरै समय लाग्छ तर सस्तो पाउने मजा हुन्छ
traffic jam ma phone herera time bitaudai office pugda pani kaam suru garna garo hunchha,ट्राफिक जाममा फोन हेरेर टाइम बिताउँदै अफिस पुग्दा पनि काम सुरु गर्न गाह्रो हुन्छ
public transport ma seat pauna garo hunchha ra ubhiera jaada khutta dherai dukha garchha,पब्लिक ट्रान्सपोर्टमा सिट पाउन गाह्रो हुन्छ र उभिएर जाँदा खुट्टा धेरै दुख गर्छ
bajar ma pasal pasal ghumera saman kinne bela mol tokmoli garera dherai ghatayera liye ra maja aayo,बजारमा पसल पसल घुमेर सामान किन्ने बेला मोल तोक्मोली गरेर धेरै घटाएर लिए र मजा आयो
aaja sadak ma thulo traffic jam bhayera bus der bhayo ra office ko meeting miss bhayo,आज सडकमा ठूलो ट्राफिक जाम भएर बस ढेर भयो र अफिसको मिटिङ मिस भयो
micro bus ma chhadai agadi basera janne haru le window kholera hawa khane garchhan tara jam ma basda garo hunchha,माइक्रो बसमा छत अगाडि बसेर जानेहरूले विन्डो खोलेर हावा खाने गर्छन् तर जाममा बस्दा गाह्रो हुन्छ
shopping ma nayo dress herera mol sodhda pasal wala le dherai bhaneko thiyo tara bargaining pachi sahi dam ma kine,शपिङमा नयाँ ड्रेस हेरेर मोल सोध्दा पसलवालाले धेरै भनेको थियो तर बार्गेनिङपछि सही दाममा किने
public transport ma conductor le bhari bokne manche haru lai dherai pressure dincha ra jhagada hunchha,पब्लिक ट्रान्सपोर्टमा कन्डक्टरले भारी बोक्ने मान्छेहरूलाई धेरै प्रेसर दिन्छ र झगडा हुन्छ
traffic jam herda sadak ma gadi haru line ma ubhiyeko dekhda kasto garo hunchha bhanera man ma aaunchha,ट्राफिक जाम हेर्‍दा सडकमा गाडीहरू लाइनमा उभिएको देख्दा कस्तो गाह्रो हुन्छ भनेर मनमा आउँछ
bajar ma tarkari ra phal kinne bela mol tokmoli garera sasto paaune bani basyo ra dherai bachcha hunchha,बजारमा तरकारी र फल किन्ने बेला मोल तोक्मोली गरेर सस्तो पाउने बानी बस्यो र धेरै बचत हुन्छ
bus ma basera gaun jane manche haru le dherai saman bokera aauchhan ra public transport bhari hunchha,बसमा बसेर गाउँ जाने मान्छेहरूले धेरै सामान बोकेर आउँछन् र पब्लिक ट्रान्सपोर्ट भारी हुन्छ
sahar ko traffic jam le dherai time waste garchha ra manche haru ko mood kharab hunchha,शहरको ट्राफिक जामले धेरै टाइम वेस्ट गर्छ र मान्छेहरूको मूड खराब हुन्छ
mall ma jaera saman kinna khojda mol herera bargaining nagari hudaina ra dherai samaya lagcha,मलमा गएर सामान किन्न खोज्दा मोल हेरेर बार्गेनिङ नगरी हुँदैन र धेरै समय लाग्छ
public transport ma mobile ma geet sunera time bitaudai office pugne garchhu tara jam ma der hunchha,पब्लिक ट्रान्सपोर्टमा मोबाइलमा गीत सुनेर टाइम बिताउँदै अफिस पुग्ने गर्छु तर जाममा ढेर हुन्छ
bajar ma pasal wala sanga mol tokda usle hasera ghatayera dincha ra ramro deal hunchha,बजारमा पसलवालासँग मोल तोक्दा उसले हाँसेर घटाएर दिन्छ र राम्रो डिल हुन्छ
traffic jam ma pareko bela radio ma news sunera samaya bitcha ra thaha paaunchhu,ट्राफिक जाममा परेको बेला रेडियोमा न्यूज सुनेर समय बित्छ र थाहा पाउँछु
tempo ma chhadai ma basera hawa khadai jaada dherai ramailo hunchha tara jam ma ubhiera garo hunchha,टेम्पोमा छतमा बसेर हावा खाँदै जाँदा धेरै रमाइलो हुन्छ तर जाममा उभिएर गाह्रो हुन्छ
shopping gardai ek pasal bata arko pasal ghumera mol compare garera sabse sasto liye,शपिङ गर्दै एक पसलबाट अर्को पसल घुमेर मोल कम्पेयर गरेर सबैभन्दा सस्तो लिएँ
public transport ko bus ma seat nabhayera ubhiera jaada khutta dukhcha ra thakai badhcha,पब्लिक ट्रान्सपोर्टको बसमा सिट नभएर उभिएर जाँदा खुट्टा दुख्छ र थकाई बढ्छ
bajar ma sabai saman herera bargaining garne bani le dherai paisa bachcha ra maja pani aaucha,बजारमा सबै सामान हेरेर बार्गेनिङ गर्ने बानीले धेरै पैसा बच्छ र मजा पनि आउँछ
aaja office jaane micro ma traffic jam le dherai der bhayera boss le phone gare ra sodhe,आज अफिस जाने माइक्रोमा ट्राफिक जामले धेरै ढेर भएर बॉसले फोन गरेर सोधे
bus stop ma bas await gardai manche haru le public transport ko barema gyan gardai baschan,बस स्टपमा बसको प्रतीक्षा गर्दै मान्छेहरूले पब्लिक ट्रान्सपोर्टको बारेमा गनगन गर्दै बस्छन्
saman kinne bela mol sodhda pasal wala le dherai bhanchan tara bargaining pachi ghatayera dinchan,सामान किन्ने बेला मोल सोध्दा पसलवालाले धेरै भन्छन् तर बार्गेनिङपछि घटाएर दिन्छन्
traffic jam ma pareko din ma ghar bata niskine agadi samaya herera niske hunchha,ट्राफिक जाममा परेको दिनमा घरबाट निस्किने अगाडि समय हेरेर निस्किनु हुन्छ
public transport ma regular jaada manche haru ek arka sanga chineko jasto feel hunchha,पब्लिक ट्रान्सपोर्टमा रेगुलर जाँदा मान्छेहरू एक अर्कासँग चिनेको जस्तो फिल हुन्छ
bajar ma phal ko pasal ma mol tokmoli gardai ramro ra fresh kinera liye,बजारमा फलको पसलमा मोल तोक्मोली गर्दै राम्रो र फ्रेस किनेर लिएँ
sahar ko sadak ma hune traffic jam le dherai pollution pani badhaucha ra swasthya bigarchha,शहरको सडकमा हुने ट्राफिक जामले धेरै प्रदूषण पनि बढाउँछ र स्वास्थ्य बिगार्छ
micro bus ma basera sathi sanga kura gardai office pugne garchhu tara jam ma der bhayo,माइक्रो बसमा बसेर साथीसँग कुरा गर्दै अफिस पुग्ने गर्छु तर जाममा ढेर भयो
shopping ma luga ra juutta herera mol tokera dherai ghatayera kinera liye ra khusi chhu,शपिङमा लुगा र जुत्ता हेरेर मोल तोकेर धेरै घटाएर किनेर लिए र खुसी छु
public transport sudharna ko lagi dherai manche haru le awaj uthairachan ra sudhar huna parcha,पब्लिक ट्रान्सपोर्ट सुधार्नको लागि धेरै मान्छेहरूले आवाज उठाइरहन छन् र सुधार हुनु पर्छ
traffic jam ma pareko bela manche haru le horn bajaayera jhan badhaucha ra samasya badhcha,ट्राफिक जाममा परेको बेला मान्छेहरूले हर्न बजाएर झन् बढाउँछ र समस्या बढ्छ
bajar ma din bhar ghumera bargaining gardai saman kinera ghar pugda thakai le siddiye,बजारमा दिनभर घुमेर बार्गेनिङ गर्दै सामान किनेर घर पुग्दा थकाईले सिद्धिएँ
bus ma chadne agadi line ma ubhiera wait garna parcha ra manche haru ko bhid dherai hunchha,बसमा चढ्ने अगाडि लाइनमा उभिएर वेट गर्नु पर्छ र मान्छेहरूको भीड धेरै हुन्छ
saman kinne pasal ma mol sodhda pasal wala le hasera ramro deal dincha ra maja aaucha,सामान किन्ने पसलमा मोल सोध्दा पसलवालाले हाँसेर राम्रो डिल दिन्छ र मजा आउँछ
saajha bus ma chadna ko lagi lambaa line ma basera kurerabaadhi matra bus aayena ra sabai jana le garmi ma thakinera basnu paryo,साझा बसमा चढ्नको लागि लामो लाइनमा बसेर कुरेरबाढि मात्र बस आएन र सबै जनाले गर्मीमा थाकिनेर बस्नु पर्यो
traffic jam ma phasera office jaana gaarho bhayeko le din bhar ko kaam ma asar paryo ra boss le gussa garyo,ट्राफिक जाममा फसेर अफिस जान गाह्रो भएकोले दिनभरको काममा असर पर्यो र बसले गुस्सा गर्यो
bazaar ma saman kinna jaada daam dherai badheko le aafno budget bhitra kaam chalaauna dherai gaarho bhayeko chha,बजारमा सामान किन्न जाँदा दाम धेरै बढेकोले आफ्नो बजेट भित्र काम चलाउन धेरै गाह्रो भएको छ
kirana pasal ma daam ghataauna khojda pasal wala le ghataauna sakdaina bhanera inkaar garyo ra mero man dukhyo,किराना पसलमा दाम घटाउन खोज्दा पसलवालाले घटाउन सक्दैन भनेर इन्कार गर्यो र मेरो मन दुख्यो
microbus ma chadna khojda conductor le bhaada badhaayeko sunera yatri haru le protest garna thale ra bicha sadak ma jhagada bhayo,माइक्रोबसमा चढ्न खोज्दा कन्डक्टरले भाडा बढाएको सुनेर यात्रीहरूले प्रोटेस्ट गर्न थाले र बिच सडकमा झगडा भयो
sahar ko mukhya sadak ma traffic police le gadi rokdai chhan tara driver haru le niyam na manera agadi badhiraaheko chhan,सहरको मुख्य सडकमा ट्र्याफिक पुलिसले गाडी रोक्दै छन् तर ड्राइभरहरूले नियम नमानेर अगाडि बढिरहेका छन्
shopping mall ma discount ko bela saman kinna jaada dherai bheed bhayeko le aafno man parne saman pauna gaarho bhayo,शपिङ मलमा डिस्काउन्टको बेला सामान किन्न जाँदा धेरै भीड भएकोले आफ्नो मन पर्ने सामान पाउन गाह्रो भयो
bargaining garda pasal wala le pahilo daam bhannchha ani customer le ghataauna khojchha tara kasai kasai le milna sakdainan,बार्गेनिङ गर्दा पसलवालाले पहिलो दाम भन्छ अनि कस्टमरले घटाउन खोज्छ तर कसैकसैले मिल्न सक्दैनन्
public transport ko samay ma aniyamitata bhayeko le yatri haru le dherai samay kurera basnu parchha ra din bigrinchha,पब्लिक ट्रान्सपोर्टको समयमा अनियमितता भएकोले यात्रीहरूले धेरै समय कुरेर बस्नु पर्छ र दिन बिग्रिन्छ
traffic signal ma gadi rokda rokda samay bitdai janchha ra aafno ghar pugna dherai deri hunchha bhanne tension badhdai chha,ट्राफिक सिग्नलमा गाडी रोक्दा रोक्दा समय बित्दै जान्छ र आफ्नो घर पुग्न धेरै ढेरी हुन्छ भन्ने टेन्सन बढ्दै छ
kapada kinna jaada naya design ko kurta dekhie tara daam sunera man ma darr lagyo ra bargaining garna thale,कपडा किन्न जाँदा नयाँ डिजाइनको कुर्ता देखियो तर दाम सुनेर मनमा डर लाग्यो र बार्गेनिङ गर्न थाले
bus stop ma khada bhayeko bela achanak paani parsyo ra sabai yatri haru le chhata muni basera baadal kurnu paryo,बस स्टपमा खडा भएको बेला अचानक पानी पर्यो र सबै यात्रीहरूले छाता मुनि बसेर बादल कुर्नु पर्यो
traffic jam ma phasera mobile ma time bitaaudai thiye tara battery sakiyo ra aafno kaam adhai rahyo,ट्राफिक जाममा फसेर मोबाइलमा समय बिताउँदै थिए तर ब्याट्री सकियो र आफ्नो काम अधै रह्यो
bazaar ma taraakaari kinna jaada daam ghataauna khojda dokaan wala le ramro taraakaari dekhayera daam badhaayo,बजारमा तरकारी किन्न जाँदा दाम घटाउन खोज्दा दोकानवालाले राम्रो तरकारी देखाएर दाम बढायो
saajha bus ma seat pauna ko lagi dherai jana le dhakka dhakki gardai chhan ra buddha buddhi haru lai baas pauna gaarho bhayeko chha,साझा बसमा सिट पाउनको लागि धेरै जनाले धक्का धक्की गर्दै छन् र बुढा बुढीहरूलाई बास पाउन गाह्रो भएको छ
shopping garda credit card use garna khojyo tara machine ma problem aayeko le cash ma matra kaam chalaaunu paryo,शपिङ गर्दा क्रेडिट कार्ड प्रयोग गर्न खोज्यो तर मेसिनमा प्रोब्लम आएकोले क्यासमा मात्र काम चलाउनु पर्यो
traffic police le helmet na lagaayeko rider lai rokyo ra fine tinne bhannu bhayo tara rider le bahas garna thalyo,ट्राफिक पुलिसले हेलमेट नलगाएको राइडरलाई रोक्यो र फाइन तिन्ने भन्नु भयो तर राइडरले बहस गर्न थाल्यो
bargaining ma expert bhayeko sathi sanga gayera saman kinna jaada usle daam ramro tarikaa le ghataaidiyo ra mero paisa bachyo,बार्गेनिङमा एक्सपर्ट भएको साथीसँग गएर सामान किन्न जाँदा उसले दाम राम्रो तरिकाले घटाइदियो र मेरो पैसा बच्यो
public transport ma chadna ko lagi ticket lina jaada counter bandha thiyo ra online book garna pani internet ko samasya bhayo,पब्लिक ट्रान्सपोर्टमा चढ्नको लागि टिकट लिन जाँदा काउन्टर बन्धा थियो र अनलाइन बुक गर्न पनि इन्टरनेटको समस्या भयो
traffic jam ma phasera gadi chalaaudai chhimeki sanga phone ma kura garda garda samay kati bitayo thaha bhayena,ट्राफिक जाममा फसेर गाडी चलाउँदै छिमेकीसँग फोनमा कुरा गर्दा गर्दा समय कति बित्यो थाहा भएन
bazaar ma naya aayeko mobile kinna jaada daam sunera man ma darr lagyo ra arko pasal ma herera aayen,बजारमा नयाँ आएको मोबाइल किन्न जाँदा दाम सुनेर मनमा डर लाग्यो र अर्को पसलमा हेरेर आएन
saajha bus ma conductor le ticket dina bhannu bhayo tara paisa change na bhayeko le problem bhayo ra pachadi ko seat ma basnu paryo,साझा बसमा कन्डक्टरले टिकट दिन भन्नु भयो तर पैसा चेन्ज नभएकोले प्रोब्लम भयो र पछाडिको सिटमा बस्नु पर्यो
shopping mall ma elevator ma dherai jana chadna khojda overload bhayeko le sabai jana oralna paryo ra tension bhayo,शपिङ मलमा एलिभेटरमा धेरै जना चढ्न खोज्दा ओभरलोड भएकोले सबै जना ओराल्नु पर्यो र टेन्सन भयो
traffic signal ma green light aayeko bela achanak ambulance aayeko le sabai gadi haru le baato diyeraa hidna paryo,ट्राफिक सिग्नलमा ग्रीन लाइट आएको बेला अचानक एम्बुलेन्स आएकोले सबै गाडीहरूले बाटो दिएर हिड्नु पर्यो
bargaining garda dokaan wala le last daam bhannu bhayo tara customer le arko thau ma herera aayen bhanera gayera,बार्गेनिङ गर्दा दोकानवालाले लास्ट दाम भन्नु भयो तर कस्टमरले अर्को ठाउँमा हेरेर आएन भनेर गएर
public transport ko bhaada badhda aam janata lai daily commute ma dherai samasya bhayeko chha ra protest garna thaleko chhan,पब्लिक ट्रान्सपोर्टको भाडा बढ्दा आम जनतालाई डेली कम्युटमा धेरै समस्या भएको छ र प्रोटेस्ट गर्न थालेका छन्
traffic jam ma phasera office pugda deri bhayeko le boss le gussa garyo ra aafno kaam ma dhyan dina gaarho bhayo,ट्राफिक जाममा फसेर अफिस पुग्दा ढेरी भएकोले बसले गुस्सा गर्यो र आफ्नो काममा ध्यान दिन गाह्रो भयो
bazaar ma saman kinna jaada quality herera matra kinne bhanne soch aayo ra sasto daam ma ramro saman khojna thale,बजारमा सामान किन्न जाँदा क्वालिटी हेरेर मात्र किन्ने भन्ने सोच आयो र सस्तो दाममा राम्रो सामान खोज्न थाले
saajha bus ma chadna khojda conductor le bhaada badhaayeko sunera yatri haru le gussa bhayera bahas garna thale,साझा बसमा चढ्न खोज्दा कन्डक्टरले भाडा बढाएको सुनेर यात्रीहरूले गुस्सा भएर बहस गर्न थाले
traffic police le driving license na dekhayeko driver lai rokyo ra kaagajpatra ma kami bhayeko le gadi japhat bhayo,ट्राफिक पुलिसले ड्राइभिङ लाइसेन्स नदेखाएको ड्राइभरलाई रोक्यो र कागजपत्रमा कमी भएकोले गाडी जफत भयो
shopping garda online order garna khojyo tara delivery charge dherai bhayeko le offline kinne nirnay liyen,शपिङ गर्दा अनलाइन अर्डर गर्न खोज्यो तर डेलिभरी चार्ज धेरै भएकोले अफलाइन किन्ने निर्णय लिएन
bargaining ma dokaan wala le customer lai ramro saman dekhayera daam ghataaidiyo ra transaction safal bhayo,बार्गेनिङमा दोकानवालाले कस्टमरलाई राम्रो सामान देखाएर दाम घटाइदियो र ट्रान्जेक्सन सफल भयो
public transport ma chadna ko lagi bus aayeko bela dherai jana le ekai chotin chadna khojda dhakka dhakki bhayo,पब्लिक ट्रान्सपोर्टमा चढ्नको लागि बस आएको बेला धेरै जनाले एकै चोटिन चढ्न खोज्दा धक्का धक्की भयो
traffic jam ma phasera gadi ma radio sunera time bitaaudai thiye tara news ma man dukhaune kura aayeko le man bigryo,ट्राफिक जाममा फसेर गाडीमा रेडियो सुनेर समय बिताउँदै थिए तर न्यूजमा मन दुखाउने कुरा आएकोले मन बिग्र्यो
bazaar ma taraakaari kinna jaada daam ghataauna khojda dokaan wala le purano taraakaari dekhayo ra mero man bigryo,बजारमा तरकारी किन्न जाँदा दाम घटाउन खोज्दा दोकानवालाले पुरानो तरकारी देखायो र मेरो मन बिग्र्यो
saajha bus ma conductor le ticket check garda kasai ko ticket na bhayeko le fine tinne bhannu bhayo ra bahas bhayo,साझा बसमा कन्डक्टरले टिकट चेक गर्दा कसैको टिकट नभएकोले फाइन तिन्ने भन्नु भयो र बहस भयो
traffic signal ma khada bhayeko bela achanak bike wala le signal todera hidyo ra accident huna baaaki bhaayo,ट्राफिक सिग्नलमा खडा भएको बेला अचानक बाइकवालाले सिग्नल तोडेेर हिड्यो र एक्सीडेन्ट हुन बाँकी भायो
shopping mall ma kapada kinna jaada size na mileko le exchange garna paryo ra dherai samay lagyo,शपिङ मलमा कपडा किन्न जाँदा साइज नमिलेकोले एक्सचेन्ज गर्न पर्यो र धेरै समय लाग्यो
bargaining garda customer le daam ghataauna khojda dokaan wala le quality ko kura uthayera daam badhaayo,बार्गेनिङ गर्दा कस्टमरले दाम घटाउन खोज्दा दोकानवालाले क्वालिटीको कुरा उठाएर दाम बढायो
public transport ma chadna ko lagi bus aayeko bela paani parsyo ra sabai yatri haru bhijera chadnu paryo,पब्लिक ट्रान्सपोर्टमा चढ्नको लागि बस आएको बेला पानी पर्यो र सबै यात्रीहरू भिजेर चढ्नु पर्यो
traffic jam ma phasera mobile ma game khelera time bitaaudai thiye tara battery sakiyo ra man dukhyo,ट्राफिक जाममा फसेर मोबाइलमा गेम खेलेर समय बिताउँदै थिए तर ब्याट्री सकियो र मन दुख्यो
bazaar ma saman kinna jaada daam sunera man ma darr lagyo ra bargaining garna thale tara dokaan wala le inkaar garyo,बजारमा सामान किन्न जाँदा दाम सुनेर मनमा डर लाग्यो र बार्गेनिङ गर्न थाले तर दोकानवालाले इन्कार गर्यो
saajha bus ma seat pauna ko lagi dherai jana le dhakka dhakki gardai chhan ra buddha buddhi haru lai baas pauna gaarho bhayeko chha,साझा बसमा सिट पाउनको लागि धेरै जनाले धक्का धक्की गर्दै छन् र बुढा बुढीहरूलाई बास पाउन गाह्रो भएको छ
traffic police le helmet na lagaayeko rider lai rokyo ra fine tinne bhannu bhayo tara rider le bahas garna thalyo,ट्राफिक पुलिसले हेलमेट नलगाएको राइडरलाई रोक्यो र फाइन तिन्ने भन्नु भयो तर राइडरले बहस गर्न थाल्यो
shopping garda credit card use garna khojyo tara machine ma problem aayeko le cash ma matra kaam chalaaunu paryo,शपिङ गर्दा क्रेडिट कार्ड प्रयोग गर्न खोज्यो तर मेसिनमा प्रोब्लम आएकोले क्यासमा मात्र काम चलाउनु पर्यो
bargaining ma expert bhayeko sathi sanga gayera saman kinna jaada usle daam ramro tarikaa le ghataaidiyo ra mero paisa bachyo,बार्गेनिङमा एक्सपर्ट भएको साथीसँग गएर सामान किन्न जाँदा उसले दाम राम्रो तरिकाले घटाइदियो र मेरो पैसा बच्यो
public transport ko samay ma aniyamitata bhayeko le yatri haru le dherai samay kurera basnu parchha ra din bigrinchha,पब्लिक ट्रान्सपोर्टको समयमा अनियमितता भएकोले यात्रीहरूले धेरै समय कुरेर बस्नु पर्छ र दिन बिग्रिन्छ
traffic signal ma gadi rokda rokda samay bitdai janchha ra aafno ghar pugna dherai deri hunchha bhanne tension badhdai chha,ट्राफिक सिग्नलमा गाडी रोक्दा रोक्दा समय बित्दै जान्छ र आफ्नो घर पुग्न धेरै ढेरी हुन्छ भन्ने टेन्सन बढ्दै छ
bazaar ma taraakaari kinna jaada daam ghataauna khojda dokaan wala le ramro taraakaari dekhayera daam badhaayo,बजारमा तरकारी किन्न जाँदा दाम घटाउन खोज्दा दोकानवालाले राम्रो तरकारी देखाएर दाम बढायो
saajha bus ma conductor le ticket dina bhannu bhayo tara paisa change na bhayeko le problem bhayo ra pachadi ko seat ma basnu paryo,साझा बसमा कन्डक्टरले टिकट दिन भन्नु भयो तर पैसा चेन्ज नभएकोले प्रोब्लम भयो र पछाडिको सिटमा बस्नु पर्यो
dai sanga aaja feri room ko saman barema jhagada bhayo kina ki usle mero kitab haru bigari rakhda ra malai padhna garo bhairako cha,दाईसँग आज फेरि रुमको सामान बारेमा झगडा भयो किनकि उसले मेरो किताबहरू बिगारी राख्दा र मलाई पढ्न गाह्रो भइरहेको छ
classroom ma sathi le sir ko imitation gardai joke garyo ra pura class hasera roll bhayo tara sir le dekhnu bhayo,क्लासरुममा साथीले सरको इमिटेसन गर्दै जोक गर्‍यो र पुरा क्लास हाँसेर रोल भयो तर सरले देख्नु भयो
madam le malai teacher student talk ma bolayera timi kina homework nagarchhau ra future ko barema soch bhanin,म्याडमले मलाई टीचर स्टुडेन्ट टकमा बोलाएर तिमी किन होमवर्क गर्दैनौ र फ्युचरको बारेमा सोच भनिन्
school ma rumor falyo ki final exam postpone bhayo bhanera sabai student haru khusi le hasdai kura garchhan,स्कूलमा रुमर फाल्यो कि फाइनल एक्जाम पोस्टपोन भयो भनेर सबै स्टुडेन्टहरू खुसीले हाँस्दै कुरा गर्छन्
bahini sanga emotional conversation ma usle malai timi sadhai mero kura sun dinu hunchha ra malai rakhdi,बहिनीसँग इमोशनल कन्भर्सेसनमा उसले मलाई तिमी सधैं मेरो कुरा सुन दिनु हुन्छ र मलाई राख्दी
baje ko inspirational life story sunera malai thaha bhayo ki muskil paristhitima pani mehenat le sapana pura garna sakincha,बाजेको इन्स्पायरेशनल लाइफ स्टोरी सुनेर मलाई थाहा भयो कि मुस्किल परिस्थितिमा पनि मेहनतले सपना पूरा गर्न सकिन्छ
sibling argument ma dai le malai timi sadhai mero laptop bina sodhera use garchhau bhanera risayera karayo,सिब्लिङ आर्गुमेन्टमा दाईले मलाई तिमी सधैं मेरो ल्यापटप बिना सोधेर युज गर्छौ भनेर रिसाएर करायो
class ma hasne joke thiyo ki sir le question sodhda sabai chup lagera baschan tara malai sodhe pachi haso,क्लासमा हाँस्ने जोक थियो कि सरले प्रश्न सोध्दा सबै चुप लागेर बस्छन् तर मलाई सोधेपछि हाँसो
sir sanga teacher student talk ma malai career ko barema salah magda unile mehenat garera agadi badh bhanera inspire garyo,सरसँग टीचर स्टुडेन्ट टकमा मलाई क्यारियरको बारेमा सल्लाह माग्दा उनीले मेहनत गरेर अगाडि बढ भनेर इन्स्पायर गर्‍यो
school ma rumor spreading bhairako cha ki ram ra sita milera project gareko ra sabai le uniharulai tease garchhan,स्कूलमा रुमर स्प्रेडिङ भइरहेको छ कि राम र सीता मिलेर प्रोजेक्ट गरेको र सबैले उनीहरूलाई टिज गर्छन्
aaja didi sanga emotional conversation bhayera usle malai timi mero sabai bhanda ramro bhai hau bhanin,आज दिदीसँग इमोशनल कन्भर्सेसन भएर उसले मलाई तिमी मेरो सबैभन्दा राम्रो भाइ हौ भनिन्
ama ko inspirational life story sunera malai dherai motivation paayo ki unile ghar ko jimma sambhalera pani padhai continue gari,आमाको इन्स्पायरेशनल लाइफ स्टोरी सुनेर मलाई धेरै मोटिभेसन पायो कि उनीले घरको जिम्मा सम्हालेर पनि पढाइ कन्टिन्यु गरिन्
bahini sanga sibling argument bhayo kina ki usle mero nayo pen bina sodhera use gari ra malai ris uthyo,बहिनीसँग सिब्लिङ आर्गुमेन्ट भयो किनकि उसले मेरो नयाँ पेन बिना सोधेर युज गरि र मलाई रिस उठ्यो
classroom ma sathi le teacher ko purano dress ko barema joke garda pura class hasera pet dukhne samma gayo,क्लासरुममा साथीले टीचरको पुरानो ड्रेसको बारेमा जोक गर्दा पुरा क्लास हाँसेर पेट दुख्ने सम्म गयो
sir le malai specially teacher student talk ma padhai ma dhyan deu ra weak subject ma extra time dinu bhanin,सरले मलाई स्पेसियली टीचर स्टुडेन्ट टकमा पढाइमा ध्यान देऊ र विक सब्जेक्टमा एक्स्ट्रा टाइम दिनु भनिन्
aaja school ma nayo rumor aayo ki principal le nayo rule laaunchhan ra sabai student haru curious chhan,आज स्कूलमा नयाँ रुमर आयो कि प्रिन्सिपलले नयाँ रुल ल्याउँछन् र सबै स्टुडेन्टहरू क्युरियस छन्
didi sanga emotional conversation ma usle malai timi le sadhai mero sapana bujh dinu hunchha bhanera rakhdi,दिदीसँग इमोशनल कन्भर्सेसनमा उसले मलाई तिमीले सधैं मेरो सपना बुझ दिनु हुन्छ भनेर राख्दी
baba le dinubhako inspirational story le malai sikayo ki garibi ma pani ekdin sapana pura garna sakincha,बाबाले दिनुभएको इन्स्पायरेशनल स्टोरीले मलाई सिकायो कि गरिबीमा पनि एकदिन सपना पूरा गर्न सकिन्छ
dai ra ma bich sibling argument sadhai chhoto kura ma hunchha tara pachi hasera milne garchha,दाई र म बिच सिब्लिङ आर्गुमेन्ट सधैं छोटो कुरामा हुन्छ तर पछि हाँसेर मिल्ने गर्छ
class ma hasne joke garda sir le pani hasera participate garnu bhayo ra mood dherai ramro bhayo,क्लासमा हाँस्ने जोक गर्दा सरले पनि हाँसेर पार्टिसिपेट गर्नु भयो र मूड धेरै राम्रो भयो
teacher student talk ma madam le malai timro improvement dherai ramro bhairako cha ra continue gara bhanin,टीचर स्टुडेन्ट टकमा म्याडमले मलाई तिम्रो इम्प्रुभमेन्ट धेरै राम्रो भइरहेको छ र कन्टिन्यु गर भनिन्
school ma rumor spread garne sathi le malai pani involve garyo tara malai ramro lagen ra stop gare,स्कूलमा रुमर स्प्रेड गर्ने साथीले मलाई पनि इनभोल्भ गर्‍यो तर मलाई राम्रो लागेन र स्टप गरे
aaja bahini sanga emotional conversation bhayera usle malai timi mero hero hau ra malai hug gari,आज बहिनीसँग इमोशनल कन्भर्सेसन भएर उसले मलाई तिमी मेरो हिरो हौ र मलाई हग गरि
daju ko inspirational life story sunera malai thaha bhayo ki abroad ma mehenat garera family lai support garna sakincha,दाजुको इन्स्पायरेशनल लाइफ स्टोरी सुनेर मलाई थाहा भयो कि अब्रोडमा मेहनत गरेर परिवारलाई सपोर्ट गर्न सकिन्छ
sibling argument ma dai le malai timi sadhai mero saman bigarchhau bhanera ghar ma sabai le sunne gari karayo,सिब्लिङ आर्गुमेन्टमा दाईले मलाई तिमी सधैं मेरो सामान बिगार्छौ भनेर घरमा सबैले सुन्ने गरी करायो
classroom ma sathi haru le teacher ko agadi hasdai joke garda pura class ko mood change bhayo,क्लासरुममा साथीहरूले टीचरको अगाडि हाँस्दै जोक गर्दा पुरा क्लासको मूड चेन्ज भयो
sir sanga teacher student talk ma malai motivation diyera timi le garna sakchhau bhanera confidence badhauna help garyo,सरसँग टीचर स्टुडेन्ट टकमा मलाई मोटिभेसन दिएर तिमीले गर्न सक्छौ भनेर कन्फिडेन्स बढाउन हेल्प गर्‍यो
rumor spreading ko karan le school ma misunderstanding bhayo tara pachi sabai clear bhayera hasyaun,रुमर स्प्रेडिङको कारणले स्कूलमा मिसअन्डरस्ट्यान्डिङ भयो तर पछि सबै क्लियर भएर हाँस्यौँ
mummy sanga emotional conversation ma usle malai timro sapana pura gar ra sadhai saath dinchu bhanin,मम्मीसँग इमोशनल कन्भर्सेसनमा उनीले मलाई तिम्रो सपना पूरा गर र सधैं साथ दिन्छु भनिन्
baje le dinubhako inspirational story le malai sikayo ki patience ra mehenat le sabai muskil haru parkhauna sakincha,बाजेले दिनुभएको इन्स्पायरेशनल स्टोरीले मलाई सिकायो कि पेशेन्स र मेहनतले सबै मुस्किलहरू पार गर्न सकिन्छ
bahini sanga sibling argument solve garna ko lagi ama le hami dubai lai samjhayera family ko maya important bhanin,बहिनीसँग सिब्लिङ आर्गुमेन्ट सोल्भ गर्नको लागि आमाले हामी दुवैलाई सम्झाएर परिवारको माया इम्पोर्टेन्ट भनिन्
teacher le after class malai bolayera teacher student talk ma timi dherai ramro progress garirako chhau bhanin,टीचरले अफ्टर क्लास मलाई बोलाएर टीचर स्टुडेन्ट टकमा तिमी धेरै राम्रो प्रोग्रेस गरिरहेको छौ भनिन्
school ma rumor aayo ki nayo teacher aaunchhan ra sabai jana curious bhayera unko barema kura garchhan,स्कूलमा रुमर आयो कि नयाँ टीचर आउँछन् र सबै जना क्युरियस भएर उनको बारेमा कुरा गर्छन्
dai sanga emotional conversation bhayera unile malai sorry bhanera hami dubai ko bond dherai strong banauna help garyo,दाईसँग इमोशनल कन्भर्सेसन भएर उनीले मलाई सरी भनेर हामी दुवैको बन्ड धेरै स्ट्रङ बनाउन हेल्प गर्‍यो
ama ko jivan katha inspirational thiyo kina ki unile sabai muskil haru face garera hami sabailai ramro sanga harsauna saknu bhayo,आमाको जीवन कथा इन्स्पायरेशनल थियो किनकि उनीले सबै मुस्किलहरू फेस गरेर हामी सबैलाई राम्रोसँग हुर्काउन सक्नुभयो
class ma sathi le teacher ko agadi hasdai joke garda sir le pani hasera samjhauta garnu bhayo,क्लासमा साथीले टीचरको अगाडि हाँस्दै जोक गर्दा सरले पनि हाँसेर समझदारी गर्नु भयो
sibling argument ma bahini le malai timi sadhai mero kura ignore garchhau bhanera roera ghar ma hungama gari,सिब्लिङ आर्गुमेन्टमा बहिनीले मलाई तिमी सधैं मेरो कुरा इग्नोर गर्छौ भनेर रोएर घरमा हङ्गामा गरि
sir le malai teacher student talk ma weak subject ma extra help dine ra confidence badhauna madat garyo,सरले मलाई टीचर स्टुडेन्ट टकमा विक सब्जेक्टमा एक्स्ट्रा हेल्प दिने र कन्फिडेन्स बढाउन मद्दत गर्‍यो
aaja school ma rumor falyo ki annual function ko date change bhayo ra sabai jana discussion garchhan,आज स्कूलमा रुमर फाल्यो कि एनुअल फंक्सनको डेट चेन्ज भयो र सबै जना डिस्कसन गर्छन्
didi le emotional conversation ma timi le sadhai ramro garchhau ra future ma dherai success paaunchhau bhanin,दिदीले इमोशनल कन्भर्सेसनमा तिमीले सधैं राम्रो गर्छौ र फ्युचरमा धेरै सफलता पाउँछौ भनिन्
baba ko inspirational life story sunera malai thaha bhayo ki chhoto umer mai sapana dekhne ra mehenat garne le agadi badhcha,बाबाको इन्स्पायरेशनल लाइफ स्टोरी सुनेर मलाई थाहा भयो कि छोटो उमेरमै सपना देख्ने र मेहनत गर्नेले अगाडि बढ्छ
classroom jokes le dherai stress kam garchha ra teacher haru pani kabhi kabhi hasera participate garchhan,क्लासरुम जोक्सले धेरै स्ट्रेस कम गर्छ र टीचरहरू पनि कहिले कहिले हाँसेर पार्टिसिपेट गर्छन्
malai ra mero bahini ko sibling argument chhoto chhoto kura ma hunchha tara pachi hasera sabai milchha,मलाई र मेरो बहिनीको सिब्लिङ आर्गुमेन्ट छोटो छोटो कुरामा हुन्छ तर पछि हाँसेर सबै मिल्छ
sir sanga teacher student talk ma malai ramro salah dinubhayo ra mero padhai ma dherai madat bhayo,सरसँग टीचर स्टुडेन्ट टकमा मलाई राम्रो सल्लाह दिनुभयो र मेरो पढाइमा धेरै मद्दत भयो
ma pulchowk campus ma computer engineering padhdai aman shakya sir ko class ma dherai ramro sikne ma help paairako chu,म पुल्चोक क्याम्पसमा कम्प्युटर इन्जिनियरिङ पढ्दै अमन शाक्य सरको क्लासमा धेरै राम्रो सिक्नेमा हेल्प पाइरहेको छु
tribhuvan university ko pulchowk campus ma aman shakya sir le computer engineering ko subject dherai ramro tarika le padhauna hunchha,त्रिभुवन विश्वविद्यालयको पुल्चोक क्याम्पसमा अमन शाक्य सरले कम्प्युटर इन्जिनियरिङको सब्जेक्ट धेरै राम्रो तरिकाले पढाउनु हुन्छ
aaja lalitpur ko jwagal bata pulchowk campus samma hidai aman shakya sir ko lecture ma pugna khoje,आज ललितपुरको ज्वागलबाट पुल्चोक क्याम्पससम्म हिँड्दै अमन शाक्य सरको लेक्चरमा पुग्न खोजे
jawalakhel ma basera tribhuvan university pulchowk campus ma computer engineering padhna daily micro bas chadne garchhu,जावलाखेलमा बसेर त्रिभुवन विश्वविद्यालय पुल्चोक क्याम्पसमा कम्प्युटर इन्जिनियरिङ पढ्न डेली माइक्रो बस चढ्ने गर्छु
aman shakya sir le pulchowk campus ma computer engineering ko programming class ma dherai practical example dinu hunchha,अमन शाक्य सरले पुल्चोक क्याम्पसमा कम्प्युटर इन्जिनियरिङको प्रोग्रामिङ क्लासमा धेरै प्राक्टिकल उदाहरण दिनु हुन्छ
tribhuvan university pulchowk campus ko computer engineering padhdai aman shakya sir sanga project ko barema kura garyau,त्रिभुवन विश्वविद्यालय पुल्चोक क्याम्पसको कम्प्युटर इन्जिनियरिङ पढ्दै अमन शाक्य सरसँग प्रोजेक्टको बारेमा कुरा गर्‍यौ
lalitpur ko jawalakhel dekhi pulchowk hidda aman shakya sir ko class miss nabhauna dherai chhito hidna parcha,ललितपुरको जावलाखेलदेखि पुल्चोक हिँड्दा अमन शाक्य सरको क्लास मिस नभउन धेरै छिटो हिँड्नु पर्छ
pulchowk campus ma aman shakya sir le computer engineering students haru lai dherai inspire garne kura sunau dinu hunchha,पुल्चोक क्याम्पसमा अमन शाक्य सरले कम्प्युटर इन्जिनियरिङ स्टुडेन्टहरूलाई धेरै इन्स्पायर गर्ने कुरा सुनाउन दिनु हुन्छ
tribhuvan university ko pulchowk campus ma computer engineering padhne bela aman shakya sir sabai bhanda favorite teacher hun,त्रिभुवन विश्वविद्यालयको पुल्चोक क्याम्पसमा कम्प्युटर इन्जिनियरिङ पढ्ने बेला अमन शाक्य सर सबैभन्दा फेवराइट टीचर हुन्
jwagal ma sathi haru sanga basera pulchowk campus jaane planning garda aman shakya sir ko assignment ko barema kura garyau,ज्वागलमा साथीहरूसँग बसेर पुल्चोक क्याम्पस जाने प्लानिङ गर्दा अमन शाक्य सरको असाइनमेन्टको बारेमा कुरा गर्‍यौ
aman shakya sir le tribhuvan university pulchowk campus ma computer engineering ko class ma coding ko important tips dinu bhayo,अमन शाक्य सरले त्रिभुवन विश्वविद्यालय पुल्चोक क्याम्पसमा कम्प्युटर इन्जिनियरिङको क्लासमा कोडिङको महत्त्वपूर्ण टिप्स दिनु भयो
lalitpur pulchowk campus ma padhne computer engineering ko student haru aman shakya sir ko lecture herera dherai motivate hunchhan,ललितपुर पुल्चोक क्याम्पसमा पढ्ने कम्प्युटर इन्जिनियरिङका स्टुडेन्टहरू अमन शाक्य सरको लेक्चर हेरेर धेरै मोटिभेट हुन्छन्
jawalakhel dekhi pulchowk samma daily jaada aman shakya sir ko class miss nabhauna dherai mehenat garchhu,जावलाखेलदेखि पुल्चोकसम्म डेली जाँदा अमन शाक्य सरको क्लास मिस नभउन धेरै मेहनत गर्छु
pulchowk campus ko library ma basera computer engineering ko assignment gardai aman shakya sir le diyeko question solve garchhu,पुल्चोक क्याम्पसको लाइब्रेरीमा बसेर कम्प्युटर इन्जिनियरिङको असाइनमेन्ट गर्दै अमन शाक्य सरले दिएको प्रश्न सोल्भ गर्छु
tribhuvan university pulchowk campus ma aman shakya sir sanga teacher student talk ma future career ko barema ramro salah paaye,त्रिभुवन विश्वविद्यालय पुल्चोक क्याम्पसमा अमन शाक्य सरसँग टीचर स्टुडेन्ट टकमा फ्युचर क्यारियरको बारेमा राम्रो सल्लाह पाएँ
computer engineering padhne sathi haru sanga jwagal ma basera pulchowk campus ko aman shakya sir ko class ko barema discuss garyau,कम्प्युटर इन्जिनियरिङ पढ्ने साथीहरूसँग ज्वागलमा बसेर पुल्चोक क्याम्पसको अमन शाक्य सरको क्लासको बारेमा डिस्कस गर्‍यौ
aman shakya sir le lalitpur pulchowk campus ma computer engineering students lai dherai practical knowledge dinu hunchha,अमन शाक्य सरले ललितपुर पुल्चोक क्याम्पसमा कम्प्युटर इन्जिनियरिङ स्टुडेन्टहरूलाई धेरै प्राक्टिकल नॉलेज दिनु हुन्छ
tribhuvan university ko pulchowk campus pugna jawalakhel bata micro chadne garchhu ra aman shakya sir ko class attend garchhu,त्रिभुवन विश्वविद्यालयको पुल्चोक क्याम्पस पुग्न जावलाखेलबाट माइक्रो चढ्ने गर्छु र अमन शाक्य सरको क्लास अटेन्ड गर्छु
pulchowk campus ma computer engineering ko semester exam agadi aman shakya sir le extra class liyera dherai help garnu bhayo,पुल्चोक क्याम्पसमा कम्प्युटर इन्जिनियरिङको सेमेस्टर एक्जाम अगाडि अमन शाक्य सरले एक्स्ट्रा क्लास लिएर धेरै हेल्प गर्नु भयो
jwagal ma room ma basera tribhuvan university pulchowk campus ko aman shakya sir ko note haru copy gardai padhne garchhu,ज्वागलमा रुममा बसेर त्रिभुवन विश्वविद्यालय पुल्चोक क्याम्पसको अमन शाक्य सरको नोटहरू कपी गर्दै पढ्ने गर्छु

ma pulchowk campus ma engineering padhdai chhu tara project ko deadline le dherai stress dinchha ra ratiraat sutnu pani nasakne bhayo,म पुल्चोक क्याम्पसमा इन्जिनियरिङ पढ्दै छु तर प्रोजेक्टको डेडलाइनले धेरै स्ट्रेस दिन्छ र रातिरात सुत्नु पनि नसक्ने भयो
timi jwagal bata pulchowk samma hidda kati time lagchha ra cycle ma jaane ho ki micro ma,तिमी ज्वागलबाट पुल्चोकसम्म हिँड्दा कति टाइम लाग्छ र साइकलमा जाने हो कि माइक्रोमा
aman shakya sir le aaja class ma ai ml ko barema dherai ramro explain garnubhayo tara assignment pani dherai diyeko chha,अमन शाक्य सरले आज क्लासमा एआई एमएलको बारेमा धेरै राम्रो एक्सप्लेन गर्नुभयो तर असाइनमेन्ट पनि धेरै दिइएको छ
tribhuvan university ko exam pressure le sabai lai tension ma rakheko chha tara padhai sangai part time kam pani garnu parne bhayo,त्रिभुवन युनिभर्सिटीको एक्जाम प्रेसरले सबैलाई टेन्सनमा राखेको छ तर पढाइसँगै पार्ट टाइम काम पनि गर्नु पर्‍यो
kathmandu ko traffic jam ma basera office jada dherai time waste hunchha ra fuel pani dherai khanchha,काठमाडौंको ट्राफिक जाममा बसेर अफिस जाँदा धेरै टाइम वेस्ट हुन्छ र इन्धन पनि धेरै खान्छ
balen mayor le lalitpur ma dherai ramro kaam garirakheko chhan tara sabai janale support garnu parne ho,बालेन मेयरले ललितपुरमा धेरै राम्रो काम गरिराखेको छन् तर सबै जनाले सपोर्ट गर्नु पर्ने हो
ma ra mero sathi haru chitwan bata pokhara ghumne plan gardaichhaun tara budget ko lagi dherai sochnu parne bhayo,म र मेरो साथीहरू चितवनबाट पोखरा घुम्ने प्लान गर्दैछौं तर बजेटको लागि धेरै सोच्नु पर्ने भयो
dashain ko chhutti ma gaun gayera pariwar sanga samaya bitai ra aaja feri college ko routine ma farkiye,दशैंको छुट्टीमा गाउँ गएर परिवारसँग समय बिताएर आज फेरि कलेजको रुटिनमा फर्किएँ
online class haru ma dherai distraction hunchha ra focus rakhna garho bhairakheko chha tara padhai pani chhodnu hudaina,अनलाइन क्लासहरूमा धेरै डिस्ट्र्याक्सन हुन्छ र फोकस राख्न गाह्रो भइराखेको छ तर पढाइ पनि छोड्नु हुँदैन
mero hostel ko roommate le ratiraat movie herera sutdaina ra ma pani disturb hunchhu tara uslai kehi bhanne aaudaina,मेरो होस्टेलको रुममेटले रातिरात मुभी हेरेर सुत्दैन र म पनि डिस्टर्ब हुन्छु तर उसलाई केही भन्ने आउँदैन
kavre ko gaun ma bijuli aaune samasya dherai chha ra mobile charge garna pani muskil parchha,काभ्रेको गाउँमा बिजुली आउने समस्या धेरै छ र मोबाइल चार्ज गर्न पनि मुश्किल पर्छ
timi hetauda bata kathmandu aaera freelancing garne sochdai chhau tara client haru le payment time ma gardainan,तिमी हेटौंडाबाट काठमाडौं आएर फ्रीलान्सिङ गर्ने सोच्दै छौ तर क्लाइन्टहरूले पेमेंट टाइममा गर्दैनन्
aaja facebook ma viral video herera hasdai base tara tyo reel le dherai man touch garyo ra sochera base,आज फेसबुकमा भाइरल भिडियो हेरेर हाँस्दै बसेँ तर त्यो रीलले धेरै मन टच गर्‍यो र सोचेर बसेँ
pulchowk engineering ko project group ma sabai jana active chhan tara ekjana le kaam nagareko le sabai lai problem bhairakheko chha,पुल्चोक इन्जिनियरिङको प्रोजेक्ट ग्रुपमा सबै जना एक्टिभ छन् तर एकजनाले काम नगरेकोले सबैलाई समस्या भइराखेको छ
mero didi le abroad studies ko lagi ielts prepare gardai chhin ra ma pani uslai support gardai chhu tara tension pani hunchha,मेरो दीदीले अब्रोड स्टडीजको लागि आईईएलटीएस प्रिपेयर गर्दै छिन् र म पनि उसलाई सपोर्ट गर्दै छु तर टेन्सन पनि हुन्छ
chakupat ma basne mero kaka le kathmandu ko traffic ra pollution ko barema dherai garchhan ra ma pani agree garchhu,चकुपाटमा बस्ने मेरो काका ले काठमाडौंको ट्राफिक र प्रदूषणको बारेमा धेरै गर्छन् र म पनि एग्री गर्छु
tihar ko time ma lights haru jada dherai ramro dekhinchha ra ghar ghar ma mitho mitho khana pakdachan,तिहारको टाइममा लाइटहरू जाँदा धेरै राम्रो देखिन्छ र घर घरमा मिठो मिठो खाना पाक्दछन्
mero boss le office ma dherai pressure dinubhayo tara maile project time ma complete gare ra uslai impress gare,मेरो बोसले अफिसमा धेरै प्रेसर दिनुभयो तर मैले प्रोजेक्ट टाइममा कम्प्लिट गरेर उहाँलाई इम्प्रेस गरे
bhaktapur ko durbar square ma gayera purano sanskriti herda man lagyo tara tourist haru le dherai photo khichirakheka thiye,भक्तपुरको दरबार स्क्वायरमा गएर पुरानो संस्कृति हेर्दा मन लाग्यो तर टुरिस्टहरूले धेरै फोटो खिचिराखेका थिए
ma ra timi cricket match herne plan gardaichhaun tara nepal le jitne ho ki harne ho bhanera tension ma chhaun,म र तिमी क्रिकेट म्याच हेर्ने प्लान गर्दैछौं तर नेपालले जित्ने हो कि हार्ने हो भनेर टेन्सनमा छौं
programming life ma bug fix gardai rat samma baseko thiye tara finally solution paye ra khusi lageko chha,प्रोग्रामिङ लाइफमा बग फिक्स गर्दै रातसम्म बसेको थिएँ तर फाइनली सोलुसन पाएर खुसी लागेको छ
startup culture ma dherai risk hunchha tara successful bhayo bhane jindagi badlinchha bhanera dherai le bhanchhan,स्टार्टअप कल्चरमा धेरै रिस्क हुन्छ तर सफल भयो भने जीवन बदलिन्छ भनेर धेरैले भन्छन्
mero sathi le relationship ma breakup bhayo ra maile uslai samjhayera dherai time bitaye tara usko man birsina garho bhairakheko chha,मेरो साथीले रिलेसनसिपमा ब्रेकअप भयो र मैले उसलाई सम्झाएर धेरै टाइम बिताएँ तर उसको मन बिर्सिन गाह्रो भइराखेको छ
village life ma farming garne dherai muskil chha tara organic product le ramro daam paunchha bhanera kaka le bhannubhayo,भिलेज लाइफमा फार्मिङ गर्न धेरै मुश्किल छ तर अर्गानिक प्रोडक्टले राम्रो दाम पाउँछ भनेर काकाले भन्नुभयो
kathmandu ma bijuli cutoff huda pani laptop ma battery le project complete garnu parne bhayo ra dherai tension bhayo,काठमाडौंमा बिजुली कटअफ हुँदा पनि ल्यापटपमा ब्याट्रीले प्रोजेक्ट कम्प्लिट गर्नु पर्‍यो र धेरै टेन्सन भयो
timi le aaja kun youtube vlog hereko thiyau ra ma pani tyo herne sochdai chhu tara time nabhayera base,तिमीले आज कुन युट्युब भ्लग हेरेको थियौ र म पनि त्यो हेर्ने सोच्दै छु तर टाइम नभएर बसेँ
exam pressure ma padhdai chhu tara mental health pani khyal rakhnu parne ho bhanera doctor le bhannubhayo,एक्जाम प्रेसरमा पढ्दै छु तर मेन्टल हेल्थ पनि ख्याल राख्नु पर्ने हो भनेर डाक्टरले भन्नुभयो
pokhara ko lakeside ma ghumera dherai ramro lageko thiyo ra photo haru khichera social media ma post gare,पोखराको लेकसाइडमा घुमेर धेरै राम्रो लागेको थियो र फोटोहरू खिचेर सोसल मिडियामा पोस्ट गरे
mero ghar ko landlord le rent badhaune bhannaubhayo ra ma sanga dherai argument bhayo tara finally compromise bhayo,मेरो घरको ल्यान्डलर्डले रेन्ट बढाउने भन्नुभयो र मसँग धेरै आर्गुमेन्ट भयो तर फाइनली कम्प्रोमाइज भयो
chitwan national park ma safari garda wild animal haru dekhera dherai khusi lageko thiyo tara safety pani dhyan rakhnu parne rahechha,चितवन नेशनल पार्कमा सफारी गर्दा वाइल्ड एनिमलहरू देखेर धेरै खुसी लागेको थियो तर सेफ्टी पनि ध्यान राख्नु पर्ने रहेछ
tribhuvan university ko library ma padhna jaada dherai peace hunchha tara book haru ko number dherai kam chha,त्रिभुवन युनिभर्सिटीको लाइब्रेरीमा पढ्न जाँदा धेरै पिस हुन्छ तर किताबहरूको नम्बर धेरै कम छ
aaja office ma meeting ma dherai discussion bhayo tara final decision aile samma aayeko chhaina ra wait garnu parne bhayo,आज अफिसमा मिटिङमा धेरै डिस्कसन भयो तर फाइनल डिसिजन अहिले सम्म आएको छैन र वेट गर्नु पर्‍यो
mero sathi haru sanga tiktok reel banaudai chhaun tara ramro content aaudaina ra views pani kam aaunchhan,मेरो साथीहरूसँग टिकटक रील बनाउँदै छौं तर राम्रो कन्टेन्ट आउँदैन र भ्यूज पनि कम आउँछन्
dashain tihar pachi feri routine life ma farkinu parne bhayo ra motivation pani ghatdai gayo tara padhai chalauna parne chha,दशैं तिहारपछि फेरि रुटिन लाइफमा फर्किनु पर्‍यो र मोटिभेसन पनि घट्दै गयो तर पढाइ चलाउनु पर्ने छ
pulchowk campus ko canteen ma khana khana jaada sathi haru sanga gaff gardai dherai maja aaunchha ra time pani bitchha,पुल्चोक क्याम्पसको क्यान्टिनमा खाना खाना जाँदा साथीहरूसँग गफ गर्दै धेरै मजा आउँछ र टाइम पनि बित्छ
kathmandu ko weather ma jado hudai aayo ra sweater ra jacket lagauna suru gare tara chiso pani dherai chha,काठमाडौंको वेदरमा जाडो हुँदै आयो र स्वेटर र ज्याकेट लगाउन सुरु गरे तर चिसो पनि धेरै छ
mero bhai le school ma teacher sanga argument garyo ra maile uslai samjhayera ghar ma lyayera kura gare,मेरो भाइले स्कुलमा टीचरसँग आर्गुमेन्ट गर्‍यो र मैले उसलाई सम्झाएर घरमा ल्याएर कुरा गरे
foreign employment ma jane sochdai chhu tara pariwar lai chhodera jaanu garho parchha ra dherai sochera baseko chhu,फरेन एम्प्लोयमेन्टमा जाने सोच्दै छु तर परिवारलाई छोडेर जानु गाह्रो पर्छ र धेरै सोचेर बसेको छु
instagram reels herera time bitai ra padhai ma focus nabhayera regret bhairakheko chha tara ab feri suru garne,इन्स्टाग्राम रील्स हेरेर टाइम बिताएर पढाइमा फोकस नभएर रिग्रेट भइराखेको छ तर अब फेरि सुरु गर्ने
balen le kathmandu ko infrastructure ma dherai kaam gardaichhan tara sabai janale support garnu parcha bhanera ma pani bhanchhu,बालेनले काठमाडौंको इन्फ्रास्ट्रक्चरमा धेरै काम गर्दैछन् तर सबै जनाले सपोर्ट गर्नु पर्छ भनेर म पनि भन्छु
mero didi ko bihe ko kura hudai chha ra ghar ma dherai discussion bhairakheko chha tara maile pani ramro kura garchhu,मेरो दीदीको बिहेको कुरा हुँदै छ र घरमा धेरै डिस्कसन भइराखेको छ तर मैले पनि राम्रो कुरा गर्छु
pokhara trek ma jaada dherai thakai lageko thiyo tara himal ko sundar view le sabai thakaaan haraayeko thiyo,पोखरा ट्रेकमा जाँदा धेरै थकाई लागेको थियो तर हिमालको सुन्दर भ्यूले सबै थकान हराएको थियो
college life ma dherai nayaa sathi haru banera ramro experience bhairakheko chha tara padhai pani serious lina parne chha,कलेज लाइफमा धेरै नयाँ साथीहरू बनेर राम्रो एक्सपिरियन्स भइराखेको छ तर पढाइ पनि सिरियस लिनु पर्ने छ
aaja news ma economy ra inflation ko barema dherai kura bhairakheko chha ra sabai lai tension bhairakheko chha,आज न्यूजमा इकोनोमी र इन्फ्लेसनको बारेमा धेरै कुरा भइराखेको छ र सबैलाई टेन्सन भइराखेको छ
mero ghar ko bijuli bill dherai aayo ra ma sanga kura garda landlord le pani samasya dekhauna thalyo,मेरो घरको बिजुली बिल धेरै आयो र मसँग कुरा गर्दा ल्यान्डलर्डले पनि समस्या देखाउन थाल्यो
sathi haru sanga gaming kheldai rat samma base tara bholi exam chha ra ab padhna suru garnu parne bhayo,साथीहरूसँग गेमिङ खेल्दै रातसम्म बसेँ तर भोलि एक्जाम छ र अब पढ्न सुरु गर्नु पर्‍यो
lumbini ghumera buddha ko barema dherai janna paaye ra mero manma dherai shanti bhayo tara feri kaam ma farkiye,लुम्बिनी घुमेर बुद्धको बारेमा धेरै जान्न पाएँ र मेरो मनमा धेरै शान्ति भयो तर फेरि काममा फर्किएँ
pulchowk ko library ma padhera exam ko lagi taiyari gardai chhu tara sathi haru le pani help garchhan,पुल्चोकको लाइब्रेरीमा पढेर एक्जामको लागि तयारी गर्दै छु तर साथीहरूले पनि हेल्प गर्छन्
pulchowk campus ma project ko presentation dina aghi raat bhari mehenat garyo tara aman shakya sir le kehi correction garna bhannu bhayo,पुलचोक क्याम्पसमा प्रोजेक्टको प्रेजेन्टेसन दिन अघि रात भरि मेहेनत गर्यो तर अमन शक्य सरले केही करेक्सन गर्न भन्नु भयो
tribhuvan university ko pulchowk campus bata pass out bhayeko dherai vidyarthi haru aaja kal foreign employment ma jaana thaleko chhan,त्रिभुवन युनिभर्सिटीको पुलचोक क्याम्पसबाट पास आउट भएको धेरै विद्यार्थीहरू आजकल फरेन एम्प्लोयमेन्टमा जान थालेका छन्
jwagal bata pulchowk campus samma aauda sadhai traffic jam ma phasnu parchha ra class ma pugna deri hunchha,ज्वगलबाट पुलचोक क्याम्पस सम्म आउँदा सधैं ट्र्याफिक जाममा फस्नु पर्छ र क्लासमा पुग्न ढेरी हुन्छ
chakupat ko ghar bata nikalna aghi bihaana ko chiya khana bhulyo ra campus pugera pachhi matra yaad aayo,चाकुपाटको घरबाट निकाल्न अघि बिहानको चिया खान भुल्यो र क्याम्पस पुगेर पछि मात्र याद आयो
lalitpur ko sadak haru abhi pani purano avastha ma chhan ra pulchowk campus aauda dhulo le garda saas lina gaarho hunchha,ललितपुरको सडकहरू अझै पनि पुरानो अवस्थामा छन् र पुलचोक क्याम्पस आउँदा धुलोले गर्दा सास लिन गाह्रो हुन्छ
kathmandu ma bijuli ko samasya ali kam bhayeko chha tara kavre ma aaja pani load shedding bhayeko suniyo,काठमाडौंमा बिजुलीको समस्या अलि कम भएको छ तर काभ्रेमा आज पनि लोड सेडिङ भएको सुनियो
bhaktapur ko durbar square ma ghumauna jane yuva haru le aafno mobile ma photo khichera social media ma post garna thaleko chhan,भक्तपुरको दरबार स्क्वायरमा घुम्न जाने युवाहरूले आफ्नो मोबाइलमा फोटो खिचेर सोसल मिडियामा पोस्ट गर्न थालेका छन्
kavre ko gaun ma internet ko speed ali dherai badheko le online class lina sajilo bhayeko chha bhanne kura suniyo,काभ्रेको गाउँमा इन्टरनेटको स्पीड अलि धेरै बढेकोले अनलाइन क्लास लिन सजिलो भएको छ भन्ने कुरा सुनियो
chitwan ma haathi ko aatank le garda kisan haru le khet ma kaam garna dar lagda chhan bhanne samachar aayo,चितवनमा हात्तीको आतंकले गर्दा किसानहरूले खेतमा काम गर्न डर लाग्दछन् भन्ने समाचार आयो
hetauda bata kathmandu aauda bus ma chadna ko lagi dherai samay kurera basnu parchha ra garmi ma thakincha,हेटौडाबाट काठमाडौं आउँदा बसमा चढ्नको लागि धेरै समय कुरेर बस्नु पर्छ र गर्मीमा थाकिन्छ
pokhara ko fewa taal ma boat ride garna jaada mausam ramro bhayeko le dherai tourist haru aayeko dekhincha,पोखराको फेवा तालमा बोट राइड गर्न जाँदा मौसम राम्रो भएकोले धेरै टुरिस्टहरू आएको देखिन्छ
balen le kathmandu ko sadak sudhar ko lagi naya plan lyaaeko kura media ma aayeko thiyo tara karyaanvayan kahile hunchha thaha chaina,बालेनले काठमाडौंको सडक सुधारको लागि नयाँ प्लान ल्याएको कुरा मिडियामा आएको थियो तर कार्यान्वयन कहिले हुन्छ थाहा छैन
pulchowk campus ko library ma padhna jaada wifi ko speed ali dherai hunchha ra online research garna sajilo hunchha,पुलचोक क्याम्पसको लाइब्रेरीमा पढ्न जाँदा वाइफाइको स्पीड अलि धेरै हुन्छ र अनलाइन रिसर्च गर्न सजिलो हुन्छ
aman shakya sir le project ko report ma kehi thapnu parchha bhanera feedback dinu bhayo ra feri revise garna paryo,अमन शक्य सरले प्रोजेक्टको रिपोर्टमा केही थप्नु पर्छ भनेर फिडब्याक दिनु भयो र फेरी रिभाइज गर्न पर्यो
tribhuvan university ko exam ko result aayeko bela pulchowk campus ka dherai vidyarthi haru le khushi manaayeko dekhincha,त्रिभुवन युनिभर्सिटीको एग्जामको रिजल्ट आएको बेला पुलचोक क्याम्पसका धेरै विद्यार्थीहरूले खुसी मनाएको देखिन्छ
jwagal ko chiyapasal ma bihaana ko samay ma dherai vidyarthi haru jamma bhayera aafno assignment ko barema kura garchhan,ज्वगलको चियापसलमा बिहानको समयमा धेरै विद्यार्थीहरू जम्मा भएर आफ्नो असाइनमेन्टको बारेमा कुरा गर्छन्
chakupat bata pulchowk campus samma पैदल jaada lagbhag bees minute lagcha tara garmi ko din ma ali gaarho hunchha,चाकुपाटबाट पुलचोक क्याम्पस सम्म पैदल जाँदा लगभग बीस मिनेट लाग्छ तर गर्मीको दिनमा अलि गाह्रो हुन्छ
lalitpur ko mahotsav ma pulchowk campus ka student haru le cultural program present gareko thiyo ra sabai le taali bajaaudai dekhie,ललितपुरको महोत्सवमा पुलचोक क्याम्पसका स्टुडेन्टहरूले कल्चरल प्रोग्राम प्रेजेन्ट गरेको थियो र सबैले ताली बजाउँदै देखिए
kathmandu ma air pollution ko samasya badhdai gayeko le pulchowk campus ma mask lagayera aaudai vidyarthi haru ko sankhya badhdai chha,काठमाडौंमा एयर पोल्युसनको समस्या बढ्दै गएकोले पुलचोक क्याम्पसमा मास्क लगाएर आउँदै विद्यार्थीहरूको सङ्ख्या बढ्दै छ
bhaktapur ko pottery industry ma kaam garne karigar haru le aafno paramparik kala lai bachaauna khojiraaheko chhan bhanne kura suniyo,भक्तपुरको पोटरी इन्डस्ट्रीमा काम गर्ने कारीगरहरूले आफ्नो परम्परागत कलालाई बचाउन खोजिरहेका छन् भन्ने कुरा सुनियो
kavre ko pahad ma bijuli ko tower thapne kaam suru bhayeko le aba gaun ma internet ko suvidha aaudai chha bhanne kura aayo,काभ्रेको पहाडमा बिजुलीको टावर थाप्ने काम सुरु भएकोले अब गाउँमा इन्टरनेटको सुविधा आउँदै छ भन्ने कुरा आयो
chitwan ko national park ma ghumna jaane tourist haru le jungle safari ko anubhav garna dherai man lagcha bhanne suniyo,चितवनको नेशनल पार्कमा घुम्न जाने टुरिस्टहरूले जङ्गल सफारीको अनुभव गर्न धेरै मन लाग्छ भन्ने सुनियो
hetauda ko industrial area ma kaam garne kamdaar haru lai swasthya ko lagi regular checkup garna sujhav diiraaheko chhan,हेटौडाको इन्डस्ट्रियल एरियामा काम गर्ने कर्मदारहरूलाई स्वास्थ्यको लागि रेगुलर चेकअप गर्न सुझाव दिइरहेका छन्
pokhara ma paragliding garna jaane yuva haru le aafno courage dekhayera aakash ma udne anubhav garna man lagcha bhanne kura aayo,पोखरामा पाराग्लाइडिङ गर्न जाने युवाहरूले आफ्नो करेज देखाएर आकाशमा उड्ने अनुभव गर्न मन लाग्छ भन्ने कुरा आयो
balen le kathmandu ko khane paani ko samasya samadhan garna naya plan lyaaeko kura media ma aayeko thiyo tara kahile pura hunchha thaha chaina,बालेनले काठमाडौंको खाने पानीको समस्या समाधान गर्न नयाँ प्लान ल्याएको कुरा मिडियामा आएको थियो तर कहिले पूरा हुन्छ थाहा छैन
pulchowk campus ma naya lab banaune kaam suru bhayeko le aba practical class haru ali ramro hune asha chha bhanne kura aayo,पुलचोक क्याम्पसमा नयाँ ल्याब बनाउने काम सुरु भएकोले अब प्र्याक्टिकल क्लासहरू अलि राम्रो हुने आशा छ भन्ने कुरा आयो
aman shakya sir le aafno student haru lai project ko lagi research garna library ma jaanu parchha bhanera sujhav dinu bhayo,अमन शक्य सरले आफ्नो स्टुडेन्टहरूलाई प्रोजेक्टको लागि रिसर्च गर्न लाइब्रेरीमा जानु पर्छ भनेर सुझाव दिनु भयो
tribhuvan university ko pulchowk campus bata engineering padheko dherai vidyarthi haru aaja kal startup shuru garna thaleko chhan,त्रिभुवन युनिभर्सिटीको पुलचोक क्याम्पसबाट इन्जिनियरिङ पढेका धेरै विद्यार्थीहरू आजकल स्टार्टअप सुरु गर्न थालेका छन्
jwagal ko sadak ma bijuli ko kamba dhaleko le raat ko samay ma ali ujyalo bhayeko chha ra yatraa garna sajilo bhayeko chha,ज्वगलको सडकमा बिजुलीको खम्बा ढालेकोले रातको समयमा अलि उज्यालो भएको छ र यात्रा गर्न सजिलो भएको छ
chakupat ko aaspaas ma naya ghar haru banna thaleko le kiraya ko daam pani badhdai gayeko chha bhanne kura suniyo,चाकुपाटको आसपासमा नयाँ घरहरू बन्न थालेकोले किरायाको दाम पनि बढ्दै गएको छ भन्ने कुरा सुनियो
lalitpur ko nagarpalika le sadak sudhar ko kaam chito garna khojiraaheko chha tara barsaat ko samay ma dhilo huna sakchha,ललितपुरको नगरपालिकाले सडक सुधारको काम चिटो गर्न खोजिरहेको छ तर वर्षातको समयमा ढिलो हुन सक्छ
kathmandu ma metro rail ko kaam suru bhayeko le aavashya future ma public transport ko samasya kam hune asha chha bhanne kura aayo,काठमाडौंमा मेट्रो रेलको काम सुरु भएकोले आवश्यक फ्युचरमा पब्लिक ट्रान्सपोर्टको समस्या कम हुने आशा छ भन्ने कुरा आयो
bhaktapur ko nyatapole mandir ma puja garna jaane bhakt haru le aafno manokamana pura hune asha rakheko dekhincha,भक्तपुरको न्यातापोले मन्दिरमा पूजा गर्न जाने भक्तहरूले आफ्नो मनोकामना पूरा हुने आशा राखेको देखिन्छ
kavre ko school haru ma computer lab banaune kaam suru bhayeko le aba baccha haru lai digital sikshya pauna sajilo hunchha,काभ्रेको स्कूलहरूमा कम्प्युटर ल्याब बनाउने काम सुरु भएकोले अब बच्चाहरूलाई डिजिटल शिक्षा पाउन सजिलो हुन्छ
chitwan ma malaria ko samasya kam bhayeko chha tara dengue ko khatra badhdai gayeko le savdhaan bhayera basnu parchha bhanne kura aayo,चितवनमा मलेरियाको समस्या कम भएको छ तर डेङ्गुको खतरा बढ्दै गएकोले सवधान भएर बस्नु पर्छ भन्ने कुरा आयो
hetauda bata kathmandu jaane baato ma naya tunnel banaune kaam suru bhayeko le aavashya yatraa ko samay kam hune asha chha,हेटौडाबाट काठमाडौं जाने बाटोमा नयाँ टनेल बनाउने काम सुरु भएकोले आवश्यक यात्राको समय कम हुने आशा छ
pokhara ko annapurna circuit ma trekking garna jaane yuva haru le aafno fitness ko dhyan dinu parchha bhanne sujhav diiraaheko chhan,पोखराको अन्नपूर्ण सर्किटमा ट्रेकिङ गर्न जाने युवाहरूले आफ्नो फिटनेसको ध्यान दिनु पर्छ भन्ने सुझाव दिइरहेका छन्
balen le kathmandu ko khala ko samasya samadhan garna naya ground banaune plan lyaaeko kura media ma aayeko thiyo,बालेनले काठमाडौंको खालाको समस्या समाधान गर्न नयाँ ग्राउन्ड बनाउने प्लान ल्याएको कुरा मिडियामा आएको थियो
pulchowk campus ma annual function ko preparation suru bhayeko le student haru dherai utsaahit bhayeko dekhincha bhanne kura aayo,पुलचोक क्याम्पसमा एनुअल फङ्क्सनको प्रिपरेसन सुरु भएकोले स्टुडेन्टहरू धेरै उत्साहित भएको देखिन्छ भन्ने कुरा आयो
aman shakya sir le aafno class ma naya topic padhaaudai student haru lai example dekhayera bujhaauna khojnu bhayo,अमन शक्य सरले आफ्नो क्लासमा नयाँ टपिक पढाउँदै स्टुडेन्टहरूलाई उदाहरण देखाएर बुझाउन खोज्नु भयो
tribhuvan university ko convocation ma pulchowk campus ka top student haru lai medal pradaan gariyo ra sabai le taali bajaaudai dekhie,त्रिभुवन युनिभर्सिटीको कन्भोकेसनमा पुलचोक क्याम्पसका टप स्टुडेन्टहरूलाई मेडल प्रदान गरियो र सबैले ताली बजाउँदै देखिए
jwagal ko chiyapasal ma bihaana ko samay ma dherai local janata haru jamma bhayera rajniti ko barema bahas garna thalchhan,ज्वगलको चियापसलमा बिहानको समयमा धेरै लोकल जनताहरू जम्मा भएर राजनीति को बारेमा बहस गर्न थाल्छन्
chakupat bata pulchowk campus samma aauda cycle chalaayera jaane vidyarthi haru ko sankhya badhdai gayeko chha bhanne dekhincha,चाकुपाटबाट पुलचोक क्याम्पस सम्म आउँदा साइकल चलाएर जाने विद्यार्थीहरूको सङ्ख्या बढ्दै गएको छ भन्ने देखिन्छ
lalitpur ko hospital ma naya equipment haru aayeko le biraami haru ko upachar ali ramro hune asha chha bhanne kura suniyo,ललितपुरको हस्पिटलमा नयाँ इक्विपमेन्टहरू आएकोले बिरामीहरूको उपचार अलि राम्रो हुने आशा छ भन्ने कुरा सुनियो
kathmandu ma bijuli ko bill badheko le saajha janata lai dherai tension bhayeko chha ra sarkar viruddha protest garna thaleko chhan,काठमाडौंमा बिजुलीको बिल बढेकोले साझा जनतालाई धेरै टेन्सन भएको छ र सरकार विरुद्ध प्रोटेस्ट गर्न थालेका छन्
bhaktapur ko school haru ma naya teacher haru niyukti bhayeko le baccha haru lai ramro sikshya pauna sajilo hune asha chha,भक्तपुरको स्कूलहरूमा नयाँ टीचरहरू नियुक्ति भएकोले बच्चाहरूलाई राम्रो शिक्षा पाउन सजिलो हुने आशा छ
kavre ko gaun ma naya sadak banaayeko le kisan haru lai bazaar samma saman puraauna sajilo bhayeko chha bhanne kura aayo,काभ्रेको गाउँमा नयाँ सडक बनाएकोले किसानहरूलाई बजार सम्म सामान पुर्याउन सजिलो भएको छ भन्ने कुरा आयो
chitwan ko hospital ma doctor haru ko abhaav le garda biraami haru lai upachar pauna gaarho bhayeko chha bhanne samachar aayo,चितवनको हस्पिटलमा डाक्टरहरूको अभावले गर्दा बिरामीहरूलाई उपचार पाउन गाह्रो भएको छ भन्ने समाचार आयो
hetauda ko factory haru ma pollution control garna ko lagi naya machine haru lagaune kaam suru bhayeko chha bhanne kura suniyo,हेटौडाको फ्याक्ट्रीहरूमा पोल्युसन कन्ट्रोल गर्नको लागि नयाँ मेसिनहरू लगाउने काम सुरु भएको छ भन्ने कुरा सुनियो
pokhara ma naya hotel haru banna thaleko le tourism industry ma ali sudhaar aaudai chha bhanne vishwas chha bhanne kura aayo,पोखरामा नयाँ होटलहरू बन्न थालेकोले टुरिज्म इन्डस्ट्रीमा अलि सुधार आउँदै छ भन्ने विश्वास छ भन्ने कुरा आयो
balen le kathmandu ko kachha ko samasya samadhan garna naya plan lyaaeko kura media ma aayeko thiyo tara kahile pura hunchha thaha chaina,बालेनले काठमाडौंको कचराको समस्या समाधान गर्न नयाँ प्लान ल्याएको कुरा मिडियामा आएको थियो तर कहिले पूरा हुन्छ थाहा छैन
ma pulchowk campus ko canteen ma sathi haru sanga gaff gardai project ko idea share gare tara time dherai bitigo,म पुल्चोक क्याम्पसको क्यान्टिनमा साथीहरूसँग गफ गर्दै प्रोजेक्टको आइडिया शेयर गरे तर टाइम धेरै बित्यो
tribhuvan university ma online class bhairakheko chha tara internet ko problem le dherai disturb garchha ra concentration hudaina,त्रिभुवन युनिभर्सिटीमा अनलाइन क्लास भइराखेको छ तर इन्टरनेटको समस्या ले धेरै डिस्टर्ब गर्छ र कन्सन्ट्रेसन हुँदैन
balen le kathmandu ma dherai infrastructure project suru gareko chhan ra janata ko support pani badhirakheko chha,बालेनले काठमाडौंमा धेरै इन्फ्रास्ट्रक्चर प्रोजेक्ट सुरु गरेको छन् र जनताको सपोर्ट पनि बढिराखेको छ
mero sathi le abroad studies ko lagi australia apply garyo tara visa process dherai jhanjhat bhayo ra tension ma chha,मेरो साथीले अब्रोड स्टडीजको लागि अस्ट्रेलिया अप्लाई गर्‍यो तर भिसा प्रोसेस धेरै झन्झट भयो र टेन्सनमा छ
dashain ko chhutti ma gaun gayera daju bhauju haru sanga ramailo garyau tara kathmandu farkida feri routine life suru bhayo,दशैंको छुट्टीमा गाउँ गएर दाजुभाउजुहरूसँग रमाइलो गर्‍यौ तर काठमाडौं फर्किदा फेरि रुटिन लाइफ सुरु भयो
pokhara ko lakeside ma basera himal herda man shanti bhayo tara tourist haru ko bhid le dherai noise bhairakheko thiyo,पोखराको लेकसाइडमा बसेर हिमाल हेर्दा मन शान्ति भयो तर टुरिस्टहरूको भीडले धेरै नोइज भइराखेको थियो
office ko meeting ma boss le new project ko barema discuss garnubhayo ra sabai lai deadline tight chha bhanera warning dinubhayo,अफिसको मिटिङमा बोसले नयाँ प्रोजेक्टको बारेमा डिस्कस गर्नुभयो र सबैलाई डेडलाइन टाइट छ भनेर वार्निङ दिनुभयो
chitwan ma elephant safari garda dherai maja aayo tara safety rules strictly follow garnu parne rahechha,चितवनमा एलिफेन्ट सफारी गर्दा धेरै मजा आयो तर सेफ्टी रुल्स स्ट्रिक्टली फलो गर्नु पर्ने रहेछ
mero roommate le ratiraat tiktok reel banaudai chha ra ma sutna nasakera padhai ma focus garna garho bhairakheko chha,मेरो रुममेटले रातिरात टिकटक रील बनाउँदै छ र म सुत्न नसकेर पढाइमा फोकस गर्न गाह्रो भइराखेको छ
kavre ko gaunma farming garne kaka haru le climate change le dherai samasya pareko chha bhanera garchhan,काभ्रेको गाउँमा फार्मिङ गर्ने काकाहरूले क्लाइमेट चेन्जले धेरै समस्या परेको छ भनेर गर्छन्
jwagal ma basne mero didi le pulchowk samma daily micro chadhera office jaanchhin ra traffic ma dherai time waste hunchha,ज्वागलमा बस्ने मेरो दीदीले पुल्चोकसम्म डेली माइक्रो चढेर अफिस जान्छिन् र ट्राफिकमा धेरै टाइम वेस्ट हुन्छ
aman shakya sir le ai ko ethics ko barema class ma ramro kura garnubhayo ra sabai student haru inspired bhaye,अमन शाक्य सरले एआईको एथिक्सको बारेमा क्लासमा राम्रो कुरा गर्नुभयो र सबै स्टुडेन्टहरू इन्स्पायर्ड भए
facebook ma viral post herera hasdai base tara tyo post le social problem ko barema dherai sochna bicharyo,फेसबुकमा भाइरल पोस्ट हेरेर हाँस्दै बसेँ तर त्यो पोस्टले सोसल प्रोब्लमको बारेमा धेरै सोच्न बिचार्‍यो
lumbini ghumera buddha ko jivan ko barema dherai janna paaye ra mero manma dherai inspiration bhayo,लुम्बिनी घुमेर बुद्धको जीवनको बारेमा धेरै जान्न पाएँ र मेरो मनमा धेरै इन्स्पिरेसन भयो
bholi exam chha tara padhai ma focus nabhai mobile ma gaming kheldai base ra ab regret bhairakheko chha,भोलि एक्जाम छ तर पढाइमा फोकस नभई मोबाइलमा गेमिङ खेल्दै बसेँ र अब रिग्रेट भइराखेको छ
hetuada bata kathmandu aaera freelancing suru gare tara client haru le timely payment nagarda muskil parirakheko chha,हेटौंडाबाट काठमाडौं आएर फ्रीलान्सिङ सुरु गरे तर क्लाइन्टहरूले टाइमली पेमेंट नगर्दा मुश्किल परिराखेको छ
tihar ma ghar ghar ma diyo bali ra rangoli banaudai dherai ramailo bhayo ra pariwar sanga khusi share garyau,तिहारमा घर घरमा दियो बाली र रंगोली बनाउँदै धेरै रमाइलो भयो र परिवारसँग खुसी शेयर गर्‍यौ
college ko canteen ma sathi haru sanga cricket match ko barema bahas gardai time bitayo tara padhai pani chhodnu hudaina,कलेजको क्यान्टिनमा साथीहरूसँग क्रिकेट म्याचको बारेमा बहस गर्दै टाइम बितायो तर पढाइ पनि छोड्नु हुँदैन
mero ghar ko bijuli ra internet ko bill dherai aayo ra landlord sanga kura garda dherai argument bhayo,मेरो घरको बिजुली र इन्टरनेटको बिल धेरै आयो र ल्यान्डलर्डसँग कुरा गर्दा धेरै आर्गुमेन्ट भयो
startup idea ko barema sathi haru sanga discuss gardai chhaun tara funding pauna garho chha ra dherai sochnu parne bhayo,स्टार्टअप आइडियाको बारेमा साथीहरूसँग डिस्कस गर्दै छौं तर फन्डिङ पाउन गाह्रो छ र धेरै सोच्नु पर्ने भयो
bhaktapur durbar square ma photo khichda local culture ko barema dherai thaha paye ra man lagyo,भक्तपुर दरबार स्क्वायरमा फोटो खिच्दा लोकल कल्चरको बारेमा धेरै थाहा पाएँ र मन लाग्यो
programming ko bug le rat samma jagae tara finally fix gare pachi khusi lageko chha ra sathi harulai share gare,प्रोग्रामिङको बगले रातसम्म जगायो तर फाइनली फिक्स गरेपछि खुसी लागेको छ र साथीहरूलाई शेयर गरे
relationship ma misunderstanding bhayera breakup ko kura aayo tara sathi haru le samjhaera feri milaye,रिलेसनसिपमा मिसअन्डरस्ट्यान्डिङ भएर ब्रेकअपको कुरा आयो तर साथीहरूले सम्झाएर फेरि मिलाए
village life ma dherai peace hunchha tara modern facility nabhayera youth haru city tira migrate garchhan,भिलेज लाइफमा धेरै पिस हुन्छ तर मोडर्न फेसिलिटी नभएर युथहरू सिटी तिर माइग्रेट गर्छन्
kathmandu ko traffic jam ma baseko time ma podcast sunera padhai related knowledge badhaudai chhu,काठमाडौंको ट्राफिक जाममा बसेको टाइममा पोडकास्ट सुनेर पढाइ रिलेटेड नलेज बढाउँदै छु
pulchowk engineering ko assignment complete garna group study garda sathi haru le dherai help gare ra time ma sakiyo,पुल्चोक इन्जिनियरिङको असाइनमेन्ट कम्प्लिट गर्न ग्रुप स्टडी गर्दा साथीहरूले धेरै हेल्प गरे र टाइममा सकियो
instagram reels herera fashion trend follow garchhu tara real life ma apply garna budget le allow gardaina,इन्स्टाग्राम रील्स हेरेर फेसन ट्रेन्ड फलो गर्छु तर रियल लाइफमा अप्लाई गर्न बजेटले अलाउ गर्दैन
mental health ko barema awareness badhauna school ma program bhayo ra sabai student haru le participate gare,मेन्टल हेल्थको बारेमा अवेयरनेस बढाउन स्कुलमा प्रोग्राम भयो र सबै स्टुडेन्टहरूले पार्टिसिपेट गरे
mero bhai le school ma teacher sanga disagreement garyo tara maile ghar ma samjhaera usko behavior sudhare,मेरो भाइले स्कुलमा टीचरसँग डिसएग्रीमेन्ट गर्‍यो तर मैले घरमा सम्झाएर उसको बिहेवियर सुधारेँ
foreign employment ma jane plan garda pariwar sanga dherai kura garyau tara finally decision lina garho bhayo,फरेन एम्प्लोयमेन्टमा जाने प्लान गर्दा परिवारसँग धेरै कुरा गर्‍यौ तर फाइनली डिसिजन लिन गाह्रो भयो
chakupat ma morning walk garda fresh air paauchhu tara pollution badhdaichha ra mask lagauna parne bhayo,चकुपाटमा मर्निङ वॉक गर्दा फ्रेस एयर पाउँछु तर प्रदूषण बढ्दैछ र मास्क लगाउनु पर्ने भयो
youtube vlog herera nepal ko different places ghumna motivation paauchhu tara paisa ko lagi wait garnu parne chha,युट्युब भ्लग हेरेर नेपालको डिफरेन्ट प्लेस घुम्न मोटिभेसन पाउँछु तर पैसाको लागि वेट गर्नु पर्ने छ
sathi haru sanga esports tournament herda nepal team le ramro perform garyo tara harera dukha lagyo,साथीहरूसँग ईस्पोर्ट्स टुर्नामेन्ट हेर्दा नेपाल टिमले राम्रो परफर्म गर्‍यो तर हारेकोले दुःख लाग्यो
economy ko situation barema news sunera dherai tension bhayo ra fuel price badheko le sabai lai asar pareko chha,इकोनोमीको सिचुएसनको बारेमा न्यूज सुनेर धेरै टेन्सन भयो र इन्धन प्राइस बढेकोले सबैलाई असर परेको छ
timi ra ma milera trekking ko plan banaudai chhaun tara equipment haru kinna budget dherai chahiyo,तिमी र म मिलेर ट्रेकिङको प्लान बनाउँदै छौं तर इक्विपमेन्टहरू किन्न बजेट धेरै चाहियो
hostel life ma cooking garera khana khana dherai maja aaunchha tara time management garna garho parchha,होस्टेल लाइफमा कुकिङ गरेर खाना खान धेरै मजा आउँछ तर टाइम म्यानेजमेन्ट गर्न गाह्रो पर्छ
balen ko leadership ma kathmandu safaa bhairakheko chha tara dherai kaam baki chha bhanera manche haru le bhanchhan,बालेनको लिडरसिपमा काठमाडौं सफा भइराखेको छ तर धेरै काम बाँकी छ भनेर मान्छेहरूले भन्छन्
exam pressure ma padhdai chhu tara exercise ra meditation pani garne routine banauna try gardai chhu,एक्जाम प्रेसरमा पढ्दै छु तर एक्सरसाइज र मेडिटेसन पनि गर्ने रुटिन बनाउन ट्राई गर्दै छु
mero kaka le gaun ma agriculture ma dherai mehenat garnuhunchha tara climate le fasal nas hunchha ra tension ma chhan,मेरो काकाले गाउँमा एग्रीकल्चरमा धेरै मेहनत गर्नुहुन्छ तर क्लाइमेटले फसल नास हुन्छ र टेन्सनमा छन्
sathi le breakup pachi dherai dukhi bhayera ma sanga kura garyo ra maile uslai motivation diyera support gare,साथीले ब्रेकअपपछि धेरै दुःखी भएर मसँग कुरा गर्‍यो र मैले उसलाई मोटिभेसन दिएर सपोर्ट गरे
pulchowk ko library ma padhera raat samma base tara finally important notes prepare gare ra khusi lageko chha,पुल्चोकको लाइब्रेरीमा पढेर रातसम्म बसेँ तर फाइनली इम्पोर्टेन्ट नोट्स प्रिपेयर गरेर खुसी लागेको छ
mobile addiction le padhai bigareko chha ra ab daily time limit rakhne decision gareko chhu,मोबाइल एडिक्सनले पढाइ बिगारेको छ र अब डेली टाइम लिमिट राख्ने डिसिजन गरेको छु
tihar ko rangoli ra pataka le ghar sajayera dherai ramailo manauna bhayo ra sabai pariwar jamma bhaye,तिहारको रंगोली र पटाका ले घर सजाएर धेरै रमाइलो मनाउन भयो र सबै परिवार जम्मा भए
cryptocurrency ma invest gare tara market volatile bhayera dherai risk bhairakheko chha ra sochera base,क्रिप्टोकरन्सीमा इन्भेस्ट गरे तर मार्केट भोलाटाइल भएर धेरै रिस्क भइराखेको छ र सोचेर बसेँ
college festival ma participate garda nayaa talent haru dekhera inspired bhaye tara preparation pani dherai chahiyo,कलेज फेस्टिभलमा पार्टिसिपेट गर्दा नयाँ ट्यालेन्टहरू देखेर इन्स्पायर्ड भएँ तर प्रिपरेसन पनि धेरै चाहियो
weather badaliera barsa suru bhayo ra traffic ra flood ko chinta badhyo kathmandu ma,वेदर बदलिएर बर्षा सुरु भयो र ट्राफिक र फ्लडको चिन्ता बढ्यो काठमाडौंमा
sibling haru sanga argument bhayera ghar ma tension bhayo tara finally maile samjhauta garera milaye,सिब्लिङहरूसँग आर्गुमेन्ट भएर घरमा टेन्सन भयो तर फाइनली मैले समझौता गरेर मिलाएँ
nepal ko tourism badhauna local culture ra festival ko barema vlog banauna sochdai chhu tara equipment chahiyo,नेपालको टुरिजम बढाउन लोकल कल्चर र फेस्टिभलको बारेमा भ्लग बनाउन सोच्दै छु तर इक्विपमेन्ट चाहियो
ramro book padhera dherai inspiration paaye ra ab aru sathi harulai pani recommend gardai chhu,राम्रो बुक पढेर धेरै इन्स्पिरेसन पाएँ र अब अरु साथीहरूलाई पनि रेकमेन्ड गर्दै छु