mero chora bihaana chhaito uthera hajar mero kaamaaunle gaadi samhalchha, मेरो छोरा बिहान छिटो उठेर हाजर मेरो कामाउँले गाडी संभाल्छ
timro chori aba bihaanaaunai deri garer kasle school lagne ho, तिम्रो छोरी अब बिहानाउनै देरी गरेर कसले स्कूल लाग्ने हो
hijo raati dherai nai barshaa bhayeko karan hamro paarivar ko picnic raddha bhayechha, हिजो राति धेरै नै बर्षा भएको कारण हाम्रो परिवार को पिकनिक रद्द भयेछ
yo aamko achar mitho cha bhanera maile aaja bharkhar banaaera khaaye, यो आमको अचार मिठो छ भनेर मैले आज भर्खर बनाएर खाएँ
hameeharule yahaa basera chhitai naya sathi banaaunlaa bhanne aashaa rahechha, हामीहरूले यहाँ बसेर छिटै नया साथी बनाउन्ला भन्ने आशा रहेछ
tyo kitab padhdai padhdai ma birse ki ma aaja ko exam ma ke question aunchha, त्यो किताब पढ्दै पढ्दै म बिर्से कि म आजको परीक्षामा के प्रश्न आउँछ
mero ghar jaaneko bato ma euta sunghar pati lageko thiyo ra maile herera thichye, मेरो घर जानेको बाटोमा एउटा सुँघार पाती लागेको थियो र मैले हेरेर थिच्येँ
barshaa aaudai chha bhanera lehera sajha ma kheti garne mancheharu aaja chhutai baseka thiye, बर्षा आउँदै छ भनेर लेहर साझमा खेती गर्ने मान्छेहरू आज छुट्टै बसेका थिए
baalbaalakaa ko khel ma kohi jeetne chha kohi haarne chha tyo sabaai ko bhaagyamaa hunchha, बालबालकाको खेलमा कोही जित्ने छ कोही हार्ने छ त्यो सबैको भाग्यमा हुन्छ
timilai yo geet sunaudaa maile tyo geet ko saanjha swor ma gaaeko thiye, तिमीलाई यो गीत सुनाउँदा मैले त्यो गीतको साझ स्वरमा गाएको थिएँ
yo bihaako bhojan mahango bhayo tara yo mitho cha bhanera hamile khanaa thalyaau, यो विहाको भोजन महँगो भयो तर यो मिठो छ भनेर हामीले खाना थाल्यौं
mero hajur aamaa aaja dherai chhitto uthera ghar ko saabai kaamaaunle samapta garisakeki thiin, मेरो हजुर आमा आज धेरै छिट्टो उठेर घरको सबै कामाउँले समाप्त गरिसकेकी थिइन्
timi kunai din haami sangai cinema herna aaunchhau ki aaundainau ma sodhchhu, तिमी कुनै दिन हामी सँगै चलचित्र हेर्न आउँछौ कि आउँदैनौ म सोध्छु
tyo bachha ko rog dekhdaa dekhdai dherai badhdai gayo ra usko aamaa chhittai doctor lai bolaayin, त्यो बच्चाको रोग देख्दा देख्दै धेरै बढ्दै गयो र उस्को आमा छिट्टै डाक्टरलाई बोलाइन्
hameeharuko bihe ma dherai jana aaphna aaphna upahaar lyaaera hameeharulai diyeka thiye, हामीहरूको विवहामा धेरै जना आफ्ना आफ्ना उपहार ल्याएर हामीहरूलाई दिएका थिए
yo mausam ma tato cha bhanera hameeharu bihaanaai deri samma suteko thiyaau, यो मौसममा तातो छ भनेर हामीहरू बिहानै देरी सम्म सुतेको थियौं
tyo mero kaamaaunle gari sakne cheej thiyo tara maile tyo diuso samma puraa garna sakeina, त्यो मेरो कामाउँले गर्न सक्ने चीज थियो तर मैले त्यो दिउसो सम्म पूरा गर्न सकेइन
barshaa aayepachi hameeharuko ghar ko aagan ma paani bhari gayo ra hameeharu bahira niskina sakena, बर्षा आयेपछी हामीहरूको घरको आँगनमा पानी भरि गयो र हामीहरू बाहिर निस्किन सकेनौं
yo kitab padhna garho chha tara padhdai gayo bhane bujhna sajilo hunchha, यो किताब पढ्न गाह्रो छ तर पढ्दै गयो भने बुझ्न सजिलो हुन्छ
hijo shaam ma maile timro laagi euta phool ko haar banaaera rakheko thiye, हिजो साँझ मैले तिम्रो लागि एउटा फूलको हार बनाएर राखेको थिएँ
mero sathi haru aaja football khelna jaane bhanchan tara ma khelna jaanchhu ki jaanina, मेरो साथी हरू आज फुटबल खेल्न जाने भन्छन तर म खेल्न जान्छु कि जानिन
yo gaadi chalaauna sikna ma aaja pahilo din thiyo ra ma dherai nai darer aathe, यो गाडी चलाउन सिक्न म आज पहिलो दिन थियो र म धेरै नै डरेर आथेँ
sabaile bhandai thiyen ki tyo bhanda agaadi ko bato dherai khatarnaak chha, सबैले भन्दै थिएन कि त्यो भन्दा अगाडिको बाटो धेरै खतरनाक छ
timro hajur ba aaja bholi palta kehi kaam le gardaa gharma bhaeko chainan, तिम्रो हजुर बा आज भोलि पल्ट केही कामले गर्दा घरमा भएको छैनन्
mero chori le school baaata aaera aaja ko din ko kuraa bhaner maile sunye, मेरो छोरीले स्कूल बाट आएर आजको दिनको कुरा भनेर मैले सुन्येँ
yo maanchhe le kahile pani jhuto nabolnuhos bhanera maile uslai samjhaye, यो मान्छेले कहिले पनि झूट नबोल्नुहोस् भनेर मैले उस्लाई सम्झाए
hameeharu ko gaau ma bihe bhaeko karan dherai ko bidesh baaata pharkera aaunubhaeko thiyo, हामीहरूको गाउँमा विवह भएको कारण धेरैको विदेशबाट फर्केर आउनुभएको थियो
mero hajur ba le mero kaamaaunle help garnu bhayo bhanera ma dherai khusi bhayechhu, मेरो हजुर बाले मेरो कामाउँले मद्दत गर्नु भयो भनेर म धेरै खुसी भयेछु
yo bato baaata jaadaa maile ek jana budo manche lai sahayog garnu paryo, यो बाटोबाट जाँदा मैले एउटा जना बूढो मान्छेलाई सहयोग गर्नु पर्यो
tyo raat ko aandhi ma hameeharuko ghar ko chhaanaa urer gaeko thiyo, त्यो रातको आँधीमा हामीहरूको घरको छाना उरेर गएको थियो
ma aaja shaam ko bela ma park ma ghumna jaanchhu bhanera sochirahechhu, म आज साँझको बेलामा पार्कमा घुम्न जान्छु भनेर सोचिरहेछु
tyo kukur le haami haru lai dekhera dherai barkaayera haameeharu lai darayo, त्यो कुकुरले हामी हरूलाई देखेर धेरै बर्काएर हामीहरूलाई डरायो
mero sathi haru sanga kuraa gardai maile yo mahina ko samjhauta bhanne kuraa bujhe, मेरो साथी हरू संग कुरा गर्दै मैले यो महिनाको सम्झौता भन्ने कुरा बुझे
yo paani ko dhaaraa aaja dherai kamjoor bhayera aaraam le aaudaina, यो पानीको धारा आज धेरै कमजोर भएर आरामले आउँदैन
maile aaja ko kaam yestai garisakechhu bhanera aafno hajur aamaa lai bhanchhu, मैले आजको काम यस्तै गरिसकेछु भनेर आफ्नो हजुर आमालाई भन्छु
tyo raat ma dherai jana manche bhet bhaera hameeharu sanga ramro samay bitiyo, त्यो रातमा धेरै जना मान्छे भेट भएर हामीहरू संग राम्रो समय बितियो
mero hajur buwa le haami haru lai katha sunaaudaa ekdamai interesting kuraa bhanunuhunthyo, मेरो हजुर बुवाले हामी हरूलाई कथा सुनाउँदा एकदमै इन्टरेस्टिङ कुरा भन्नुहुन्थ्यो
yo hawaa chalaauna thalepachi haami haru ko ghar ko aagan ma dhuwaa bhari gayo, यो हावा चलाउन थालेपछी हामी हरूको घरको आँगनमा धूवाँ भरि गयो
timro chora le aaja ko exam ma ramro garyo bhanera sunera ma khusi bhayechhu, तिम्रो छोराले आजको परीक्षामा राम्रो गर्यो भनेर सुनेर म खुसी भयेछु
yo kitab padhna thaaldaa maile tyo ko sabai bhanda pahilo panaa ma herye, यो किताब पढ्न थाल्दा मैले त्योको सबै भन्दा पहिलो पाना मा हेर्ये
tyo manche le kahile pani haami haru lai sahayog garena bhanera ma uslai birsina sakdina, त्यो मान्छेले कहिले पनि हामी हरूलाई सहयोग गरेन भनेर म उस्लाई बिर्सिन सक्दिन
yo paani aaudaa aaudaa haami haru ko ghar ko saman puraa bhijera gayo, यो पानी आउँदा आउँदा हामी हरूको घरको सामान पूरा भिजेर गयो
mero hajur aamaa le aaja dherai chhitto uthera bhojan banaaunubhaeko thiyo, मेरो हजुर आमाले आज धेरै छिट्टो उठेर भोजन बनाउनुभएको थियो
tyo raat ko aandhi pachi haami haru ko gaau ma dherai jana ko ghar bigryo, त्यो रातको आँधी पछी हामी हरूको गाउँमा धेरै जनाको घर बिग्र्यो
ma aaja shaam ko bela ma euta naya restaurant ma khaana khaana jaanchhu, म आज साँझको बेलामा एउटा नया रेस्टुरेन्टमा खाना खान जान्छु
tyo bachha ko khelna ko tarikaa herdaa ma dherai khusi bhayechhu, त्यो बच्चाको खेल्नको तरीका हेर्दा म धेरै खुसी भयेछु
mero sathi haru sanga football khelna jaadaa maile aafno ghau bhayeko thiyo, मेरो साथी हरू संग फुटबल खेल्न जाँदा मैले आफ्नो घाउ भएको थियो
yo bato ma harek din dherai manche haru aaune garchhan tara aaja chai kohi pani dekhina, यो बाटोमा हरेक दिन धेरै मान्छे हरू आउने गर्छन तर आज चै कोही पनि देखिन
tyo mero kaamaaunle sakine cheej thiyena bhanera ma dherai dukhi bhayechhu, त्यो मेरो कामाउँले सकिने चीज थिएन भनेर म धेरै दुखी भयेछु
yo hawaa chalaauna thalepachi haami haru ko ghar ko aagan ma dhuwaa aauna thalyo, यो हावा चलाउन थालेपछी हामी हरूको घरको आँगनमा धूवाँ आउन थाल्यो
timro chori le aaja ko din ko kaam sakera aayo bhanera sunera ma khusi bhayechhu, तिम्रो छोरीले आजको दिनको काम सकेर आयो भनेर सुनेर म खुसी भयेछु
yo kitab padhna thaaldaa maile tyo ko sabai bhanda pahilo panaa padhna thalye, यो किताब पढ्न थाल्दा मैले त्योको सबै भन्दा पहिलो पाना पढ्न थाल्ये
tyo manche le kahile pani haami haru lai sahayog garena bhanera ma uslai maile bhaneko thiye, त्यो मान्छेले कहिले पनि हामी हरूलाई सहयोग गरेन भनेर म उस्लाई मैले भनेको थिए
yo paani aaudaa aaudaa haami haru ko ghar ko chij haru puraa bhijera gayo, यो पानी आउँदा आउँदा हामी हरूको घरको चीज हरू पूरा भिजेर गयो
mero hajur aamaa le aaja dherai chhitto uthera bhojan banaaunubhaeko thiin, मेरो हजुर आमाले आज धेरै छिट्टो उठेर भोजन बनाउनुभएकी थिइन्
tyo raat ko aandhi pachi haami haru ko gaau ma dherai jana ko ghar bigri sake, त्यो रातको आँधी पछी हामी हरूको गाउँमा धेरै जनाको घर बिग्रि सके
bidesh mantri le arko deshko bhetbaar ma haami sanga naate bistar garna sakchhan ki sakdainan bhanne kuraa hunchha, विदेश मन्त्रीले अर्को देशको भेटवारमा हामी संग नाते बिस्तार गर्न सक्छन् कि सक्दैनन् भन्ने कुरा हुन्छ
rajdhani kaaryaalay ma prachanda mantri haru ko bhaashan sunna dherai jana manche jamgaar bhayo, राजधानी कार्यालयमा प्रचण्ड मन्त्री हरूको भाषण सुन्न धेरै जना मान्छे जम्गार भयो
yese le aru rajya ka mantri sanga samjhauta garera naya yojana lyaun bhanne chalchha, येशले अरू राज्यका मन्त्री संग सम्झौता गरेर नया योजना ल्याउन भन्ने चल्छ
sarkaar le kehi mahina aghi ghoshana gareko karyakram ko anupalana garna saakeko chaina, सरकारले केही महिना अघि घोषणा गरेको कार्यक्रमको अनुपालना गर्न सकेको छैन
bipakshe neta haru le sarkar ko naya niti lai prashna uthaayer kathin sawaal garisake, विपक्षी नेताहरूले सरकारको नया नीति लाई प्रश्न उठाएर कठिन सवाल गरिसके
desh ko pahadi bhag ma chalan ma aayeko naya kanun ko baare ma janata dherai khusi chaina, देशको पहाडी भागमा चलनमा आएको नया कानुनको बारेमा जनता धेरै खुसी छैन
pradesh number teen ko nirwachan ma dherai janasankhya le bhote raai diyeko chaina, प्रदेश नम्बर तीनको निर्वाचनमा धेरै जनसङ्ख्याले भोटे राइ दिएको छैन
mantralaya bhitra ka kaarmachari haru ko bharti prakriya lai adalat le rokeko chha, मन्त्रालय भित्रका कार्मचारी हरूको भर्ती प्रक्रिया लाई अदालतले रोकेको छ
rajnitik dal haru ko bich ma naya gatibandhan banne bhanne kuraa chaliraheko chha, राजनीतिक दल हरूको बिचमा नया गठबन्धन बन्ने भन्ने कुरा चलिरहेको छ
pradesh sarkar le shahar ko vikaas ko laagi badi bajar lagani garna sakchha ki bhayena, प्रदेश सरकारले शहरको विकासको लागि बडी बजार लगानी गर्न सक्छ कि भएन
vidhayak haru le samsad ma karyabahyak kuraa garer kaam dhiree garna khojeko bhanchan, विधायक हरूले संसदमा कार्यवाह्यक कुरा गरेर काम ढिली गर्न खोजेको भन्छन
neta haru ko bich ma chhoto matabhed le samjhauta bigrin sakchha bhanne dar chha, नेताहरूको बिचमा छोटो मतभेदले सम्झौता बिग्रिन सक्छ भन्ने डर छ
desh ko arthik sthitilaai sarkar le kasto bachat niti apanaaune bhanne charcha chha, देशको आर्थिक स्थितिलाई सरकारले कस्तो बचत नीति अपनाउने भन्ने चर्चा छ
antarrashtriya sammelan ma nepali neta ko bhaashan le aru desh lai prabhavit garyo, अन्तर्राष्ट्रिय सम्मेलनमा नेपाली नेताको भाषणले अरू देश लाई प्रभावित गर्यो
janatale nirwachan ma kehi naya cheharaa pani dekhera afno bhote diyeko thiye, जनताले निर्वाचनमा केही नया चेहरा पनि देखेर आफ्नो भोटे दिएको थिये
rajya ko naya niti anusaar gaau ko shiksha ko star ma sudhar huna lageko chha, राज्यको नया नीति अनुसार गाउँको शिक्षाको स्तरमा सुधार हुन लागेको छ
sarkar le ghoshana gareko yojana anusaar gaadi ko daam ghataaune bhaneko thiyo, सरकारले घोषणा गरेको योजना अनुसार गाडीको दाम घटाउने भनेको थियो
bideshi lagani ko laagi desh ma dherai sajhedaari banaauna parne bhanne sochai chha, विदेशी लगानीको लागि देशमा धेरै सझैदारी बनाउन पर्ने भन्ने सोचाइ छ
pradesh pradesh ma naya nirdeshak haru ko bharti prakriya lai le garda antrudwanda badhyo, प्रदेश प्रदेशमा नया निर्देशक हरूको भर्ती प्रक्रिया लाई ले गर्दा अन्तरुद्वन्द्व बढ्यो
sarkar le gareko thulo faisala lai adalat le pheri herchha bhanne suniyo, सरकारले गरेको ठूलो फैसला लाई अदालतले फेरि हेर्छ भन्ने सुनियो
rajnitik sandarbha ma gathabandhan ko prabriti le aru dal laai ekantra ma raakhyo, राजनीतिक सन्दर्भमा गठबन्धनको प्रवृत्तिले अरू दल लाई एकान्त्रमा राख्यो
naya kanun anusaar samuha sangathan haru le niyam todna sakdainan, नया कानुन अनुसार समूह सङ्गठन हरूले नियम तोड्न सक्दैनन्
desh bhitra ko shantipurna janandolan ko prati sarkar ko drishtikon kasto chha, देश भित्रको शान्तिपूर्ण जनआन्दोलनको प्रति सरकारको दृष्टिकोण कस्तो छ
pradesh ko mukhya mantri le naya budget ghoshana garne bela dherai wadaa gare, प्रदेशको मुख्य मन्त्रीले नया बजेट घोषणा गर्ने बेला धेरै वादा गरे
sarkar le manche haru ko jeevan yogyata badhauna kehi karakram chalayeko chha, सरकारले मान्छे हरूको जीवन योग्यता बढाउन केही कार्यक्रम चलाएको छ
rajdhani ko bato banai kaam ma dherai bhrastachar ko aarop lagyo, राजधानीको बाटो बनाइ काममा धेरै भ्रष्टाचारको आरोप लाग्यो
neta haru ko bich ma samjhauta bhayepachi pani karyaaye anasthata dekhin chha, नेताहरूको बिचमा सम्झौता भयेपछि पनि कार्याये अनस्थता देखिन छ
desh ko baahya niti ma kehi paribartan garna sakchha ki sakdaina bhanne prashna uthyo, देशको बाह्य नीतिमा केही परिवर्तन गर्न सक्छ कि सक्दैन भन्ने प्रश्न उठ्यो
pradesh sarkar le gaau gaau ma bijuli ko vyawastha garer janata lai sahayog garyo, प्रदेश सरकारले गाउँ गाउँमा बिजुलीको व्यवस्था गरेर जनता लाई सहयोग गर्यो
sarkar ko niti anusaar swasthya sewa ma sudhar aayeko dekhiyeko chha, सरकारको नीति अनुसार स्वास्थ्य सेवामा सुधार आएको देखियेको छ
vidhayak haru ko bich ma kathor matabhed le karyabahyak ma rok lagyo, विधायक हरूको बिचमा कठोर मतभेदले कार्यवाह्यकमा रोक लाग्यो
desh ko prabidhik shiksha ko star badhauna sarkar le kehi naya yojana lyaun lageko chha, देशको प्राविधिक शिक्षाको स्तर बढाउन सरकारले केही नया योजना ल्याउन लागेको छ
naya nirwachan ayog le chunao karyakram lai chhito garna khojeko chha, नया निर्वाचन आयोगले चुनाव कार्यक्रम लाई छिटो गर्न खोजेको छ
sarkar le gharelu udyog haru lai sahayog purvak badhauna lageko chha, सरकारले घरेलु उद्योग हरू लाई सहयोग पूर्वक बढाउन लागेको छ
pradesh ko mantri pariwaar le nirwachan kaaryaaye aafno prabhav bhogeko chha, प्रदेशको मन्त्री परिवारले निर्वाचन कार्याये आफ्नो प्रभाव भोगेको छ
rajnitik chalan ma karyakarta haru ko bhumika kasto hunchha bhanne charcha chha, राजनीतिक चलनमा कार्यकर्ता हरूको भूमिका कस्तो हुन्छ भन्ने चर्चा छ
desh ko pariwaar niti ma sarkar ko drishtikon dherai janasamuday le swikar garyo, देशको परिवार नीतिमा सरकारको दृष्टिकोण धेरै जनसमुदायले स्वीकार गर्यो
naya mantri pariwaar le aayog ko prashasan ma sudhar garna lageko chha, नया मन्त्री परिवारले आयोगको प्रशासनमा सुधार गर्न लागेको छ
bidesh mantri ko bhaashan le aru desh ko sath sambandha ma sudhar lyaayo, विदेश मन्त्रीको भाषणले अरू देशको साथ सम्बन्धमा सुधार ल्यायो
pradesh ko naya niti anusaar janata lai swasthya beema ko suvidha diyeko chha, प्रदेशको नया नीति अनुसार जनता लाई स्वास्थ्य बीमाको सुविधा दिएको छ
sarkar le chalayeko bhrastachar birodhi abhiyan le kehi parinam dekhayeko chha, सरकारले चलाएको भ्रष्टाचार बिरोधी अभियानले केही परिणाम देखाएको छ
neta haru ko bich ma kehi mude ma matabhed bhayeko karan karyaaye asthawa bhayeko chha, नेताहरूको बिचमा केही मुद्देमा मतभेद भएको कारण कार्याये अवस्था भएको छ
desh ko shiksha niti ma mahila pradhan mantri ko bhumika kasto raheko chha, देशको शिक्षा नीतिमा महिला प्रधान मन्त्रीको भूमिका कस्तो रहेको छ
pradesh sarkar le gaau ko bato banai kaam lai chhito garna lageko chha, प्रदेश सरकारले गाउँको बाटो बनाइ काम लाई छिटो गर्न लागेको छ
sarkar le manche haru ko aay badhauna kehi karakram yojana lyaun lageko chha, सरकारले मान्छे हरूको आय बढाउन केही कार्यक्रम योजना ल्याउन लागेको छ
rajdhani ma naya bato banai kaam ma dherai janata le sahayog purvak kaam gare, राजधानीमा नया बाटो बनाइ काममा धेरै जनताले सहयोग पूर्वक काम गरे
bipakshe dal haru le sarkar ko niti lai kehi point ma prashna uthaayer sawal garisake, विपक्षी दल हरूले सरकारको नीति लाई केही पोइन्टमा प्रश्न उठाएर सवाल गरिसके
desh ko arthik niti ma sarkar le kehi thulo paribartan garna lageko chha, देशको आर्थिक नीतिमा सरकारले केही ठूलो परिवर्तन गर्न लागेको छ
pradesh ko mukhya mantri le aafno bhaashan ma janata lai kehi wadaa gare, प्रदेशको मुख्य मन्त्रीले आफ्नो भाषणमा जनता लाई केही वादा गरे
sarkar le chalayeko naya yojana ko anupalana garna kehi samasya aaunu bhayo, सरकारले चलाएको नया योजनाको अनुपालना गर्न केही समस्या आउनु भयो
rajnitik dal haru ko bich ma naya gatibandhan banauna ko laagi chhama chhami chha, राजनीतिक दल हरूको बिचमा नया गठबन्धन बनाउनको लागि छमछमी छ
desh ko baahya niti ma sarkar ko drishtikon le aru desh lai prabhavit garyo, देशको बाह्य नीतिमा सरकारको दृष्टिकोणले अरू देश लाई प्रभावित गर्यो
naya nirwachan ma janata le afno mantri ko bhumika lai kehi badalna khojeko chha, नया निर्वाचनमा जनताले आफ्नो मन्त्रीको भूमिका लाई केही बदल्न खोजेको छ
sarkar le gareko thulo faisala lai aru neta haru le prashna uthaayer sawal garisake, सरकारले गरेको ठूलो फैसला लाई अरू नेताहरूले प्रश्न उठाएर सवाल गरिसके
pradesh sarkar le shahar ko vikaas ko laagi badi bajar ma lagani garna lageko chha, प्रदेश सरकारले शहरको विकासको लागि बडी बजारमा लगानी गर्न लागेको छ
yahan pahile ko kathmandu jilla adalat ko nirnay lai patan ucc adalat le samarthan garyo, यहाँ पहिलेको काठमाडौं जिल्ला अदालतको निर्णय लाई पाटन उच्च अदालतले समर्थन गर्यो
purbadhara sankhya eka ra dui ko bench le malik lai muanwaphwa tirnu adesh diyeko thiyo, पूर्वधारा सङ्ख्या एक र दुईको बेन्चले मालिक लाई मुआवजा तिर्नु आदेश दिएको थियो
niyukt adalat le bhaneko chha ki bima pratishodha paepani galti garne partylaai jimmedar hunnai parcha, नियुक्त अदालतले भनेको छ कि बीमा प्रतिशोध पाएपनि गल्ति गर्ने पार्टीलाई जिम्मेवार हुन्नै पर्छ
ghising dasi daami joRRi le nirmal purja ra uska saathiharubata karodau rupiya muanwaphwa magdai aayeka thiye, घिसिंग दासी दामी जोडीले निर्मल पुर्जा र उस्का साथीहरूबाट करोडौ रुपियाँ मुआवजा माग्दै आएका थिए
kapan maa bhayeko tei bhagaan maa ghar ko puraa nash bhayeko thiyo ra tyo karanle malik haru lai ghar bata bahira niskina paryo, कापन मा भएको त्यो भवानमा घरको पूरा नाश भएको थियो र त्यो कारणले मालिक हरू लाई घर बाट बाहिर निस्किन पर्यो
niyukt adalat le kathmandu jilla adalat ko nirnay lai khanda khanda gari herera tyaslai kayam rakhyo, नियुक्त अदालतले काठमाडौं जिल्ला अदालतको निर्णय लाई खण्ड खण्ड गरी हेरेर त्यसलाई कायम राख्यो
purja ko kampani elite himalayan adventure pvt le ghar bhareko thiyo ra tyahaa gas silindar haru sajayera rakheko thiyo, पुर्जा को कम्पनी एलिट हिमालयन एड्भेन्चर पीवीटी ले घर भरेको थियो र त्यहाँ ग्यास सिलिन्डर हरू सजाएर राखेको थियो
tyo gas silindar haru phutda ghar chattaan bhitra sabai saman nash bhayeko thiyo, त्यो ग्यास सिलिन्डर हरू फुट्दा घर छत्तान भित्र सबै सामान नाश भएको थियो
malik haru le pradhanmantri karyalay, grih mantralaya ra budhanilkantha nagarpalika samma gayera sahayog magda pani kehi bhayo, मालिक हरूले प्रधानमन्त्री कार्यालय, गृह मन्त्रालय र बुद्धनिलकण्ठ नगरपालिका सम्म गएर सहयोग माग्दा पनि केही भयो
anta maa ghar ko malik haru le adalat maa mokaddama dara chadhaaunuparyo, अन्त मा घरको मालिक हरूले अदालत मा मोकद्दमा दायर चढाउनुपर्यो
kathmandu jilla adalat le kampani ko share badaapatra ra sambandhit jagga haru lai freeze gari diyeko thiyo, काठमाडौं जिल्ला अदालतले कम्पनीको शेयर बदाअपत्र र सम्बन्धित जग्गा हरू लाई फ्रिज गरी दिएको थियो
ghar ko kiraya samjhauta anusaar mahina ko tirttis hajar rupiya thiyo ra kampani le ghar ko sabai jimewaari ko jimmedar hunthyo, घरको किराया सम्झौता अनुसार महिनाको तिर्तीस हजार रुपियाँ थियो र कम्पनीले घरको सबै जिमेवारीको जिम्मेदार हुन्थ्यो
kampani le adalat ko nirnay lai ucc adalat maa challenge gareko thiyo tara ucc adalat le tyo challenge lai raddha gari diyeko chha, कम्पनीले अदालतको निर्णय लाई उच्च अदालत मा च्यालेन्ज गरेको थियो तर उच्च अदालतले त्यो च्यालेन्ज लाई रद्द गरी दिएको छ
ghar ko malik haru le aaphno hisaab le karodau rupiya ko muanwaphwa magda pani adalat le ekaaye karod ra terha hajar thhaap diyeko thiyo, घरको मालिक हरूले आफ्नो हिसाबले करोडौ रुपियाँको मुआवजा माग्दा पनि अदालतले एकाए करोड र तेर्ह हजार थाप दिएको थियो
ucc adalat ko nirnay le yeuta nayaa kanooni sidhant sthapana garyo ki bima paeni galti garnele tirnu parchha, उच्च अदालतको निर्णयले येउटा नया कानूनी सिद्धान्त स्थापना गर्यो कि बीमा पाएनि गल्ति गर्नेले तिर्नु पर्छ
niyukt adalat ko bench le bhaneko chha ki ghar bhitra gas silindar rakhna anumati prapta chaina, नियुक्त अदालतको बेन्चले भनेको छ कि घर भित्र ग्यास सिलिन्डर राख्न अनुमति प्राप्त छैन
purja ra uska saathi haru le tyo ghar lai aaphno parivar ko laagi prayog gareko thiyena balki tourism byabasaya ko laagi prayog gareka thiyo, पुर्जा र उस्का साथी हरूले त्यो घर लाई आफ्नो परिवारको लागि प्रयोग गरेको थिएन बल्कि टुरिजम व्यवसायको लागि प्रयोग गरेका थियो
ghar maa bhayeko tei bhasaan maa dhan sampatti, gahana ra nagadi samet sabai nash bhayeko thiyo, घर मा भएको त्यो भसानमा धन सम्पत्ति, गहना र नगदी समेत सबै नाश भएको थियो
sarkari karmachari haru le ghar ko naksa herera puraa ghar nai basayog rahina bhako bhanera report banaayeka thiyo, सरकारी कर्मचारी हरूले घरको नक्शा हेरेर पूरा घर नै बसायोग रहिन भको भनेर रिपोर्ट बनाएका थिए
purja ko kampani le aaphno appeal maa bhaneko thiyo ki ghar ko malik lai aru thau bata muanwaphwa paisakeko chha, पुर्जा को कम्पनीले आफ्नो अपील मा भनेको थियो कि घरको मालिक लाई अरू ठाउँ बाट मुआवजा पाइसकेको छ
tara adalat le tyo argument lai swikar gardaina bhanera kampani ko appeal lai naamandi diyeko chha, तर अदालतले त्यो आर्गुमेन्ट लाई स्वीकार गर्दैन भनेर कम्पनीको अपील लाई नामन्दि दिएको छ
malik haru le aaphno counter appeal maa bhaneka thiyo ki adalat le thhaapeko muanwaphwa dherai kam chha, मालिक हरूले आफ्नो काउन्टर अपील मा भनेका थियो कि अदालतले थापेको मुआवजा धेरै कम छ
sampurna ghar nai jahile laagi banai basayog rahina bhako bhanera thaha bhayepachi malik haru ko aarthik hani dherai thiyo, सम्पूर्ण घर नै जहिले लागि बनाइ बसायोग रहिन भको भनेर थाहा भयेपछी मालिक हरूको आर्थिक हानि धेरै थियो
kathmandu jilla adalat ko nirnay lai ucc adalat le puraa samarthan garda yeuta prabal udaharana sthapita bhayo, काठमाडौं जिल्ला अदालतको निर्णय लाई उच्च अदालतले पूरा समर्थन गर्दा येउटा प्रबल उदाहरण स्थापित भयो
niyukt adalat ko nirnay anusaar galti garne party le muanwaphwa tirdainan bhanne kuraa aba kohi bhanna sakdaina, नियुक्त अदालतको निर्णय अनुसार गल्ति गर्ने पार्टीले मुआवजा तिर्दैनन् भन्ने कुरा अब कोही भन्न सक्दैन
purja ko kampani le aaphno paas ma gas silindar haru rakhda tyo sahayak pradesh ko kanun anusaar galti thiyo, पुर्जा को कम्पनीले आफ्नो पास मा ग्यास सिलिन्डर हरू राख्दा त्यो सहायक प्रदेशको कानुन अनुसार गल्ति थियो
ghar ko malik haru ko wakil le ucc adalat maa dherai prabal tarika le aaphno pakshya ko kuraa rakhda samarthan paayeka thiyo, घरको मालिक हरूको वकिलले उच्च अदालतमा धेरै प्रबल तरीकाले आफ्नो पक्ष्यको कुरा राख्दा समर्थन पाएका थियो
ab yei nirnay le aru dherai yastaai mokaddama haru ko laagi pani ek pramaan banne chha, अब येई निर्णयले अरू धेरै यस्तै मोकद्दमा हरूको लागि पनि एउटा प्रमाण बन्ने छ
ghar ko malik haru le aaphno counter appeal maa aru dherai paisa magda pani adalat le tyo maatraa lai badhaayeko chaina, घरको मालिक हरूले आफ्नो काउन्टर अपीलमा अरू धेरै पैसा माग्दा पनि अदालतले त्यो मात्रा लाई बढाएको छैन
niyukt adalat le bhaneko chha ki ghar ko mulyankan garna gaeko thulo ankada maatraa baseko chha, नियुक्त अदालतले भनेको छ कि घरको मुल्याङ्कन गर्न गएको ठूलो अङ्कडा मात्रा बसेको छ
purja ra uska saathi haru le aaphno pakshya maa kehi aru saboot haru pesh gare tara adalat le tyo saboot haru lai swikar garena, पुर्जा र उस्का साथी हरूले आफ्नो पक्ष्य मा केही अरू सबूत हरू पेश गरे तर अदालतले त्यो सबूत हरू लाई स्वीकार गरेन
ucc adalat ko nirnay aayepachi ghising parivaar lai aaphno ghar ko hisaab le kehi paisa paune bhaeko chha, उच्च अदालतको निर्णय आयेपछी घिसिंग परिवार लाई आफ्नो घरको हिसाबले केही पैसा पाउने भएको छ
yasto ghatana bata sikeko kehi sabak chha ki ghar maa hataraka samagri rakhda dherai saawdhani hunu parchha, यस्तो घटना बाट सिकेको केही सबक छ कि घर मा हतारक सामग्री राख्दा धेरै सावधानी हुनु पर्छ
niyukt adalat le diyeko nirnay aba antim ra sidha muanwaphwa tirdinu parchha bhanne adesh ho, नियुक्त अदालतले दिएको निर्णय अब अन्तिम र सिधा मुआवजा तिर्दिनु पर्छ भन्ने आदेश हो
purja ko kampani le aba aru kunai ucc adalat maa appeal garna sakchha ki bhayena bhanne kuraa chha, पुर्जा को कम्पनीले अब अरू कुनै उच्च अदालतमा अपील गर्न सक्छ कि भएन भन्ने कुरा छ
tara yehi ucc adalat ko nirnay lai supreme court maa challenge garna sakenchha ki sakdainan bhanne pani eautai prashna ho, तर येही उच्च अदालतको निर्णय लाई सुप्रीम कोर्ट मा च्यालेन्ज गर्न सकेन्छ कि सक्दैनन् भन्ने पनि एउटै प्रश्न हो
niyukt adalat ko bench le aru dherai yastaai kehi udaharana haru pani diyera aaphno nirnay lai prabalit gareko thiyo, नियुक्त अदालतको बेन्चले अरू धेरै यस्तै केही उदाहरण हरू पनि दिएर आफ्नो निर्णय लाई प्रबलित गरेको थियो
ghar ko malik haru le aaphno ghar maa bhayeko sampurna hani ko laagi nirmal purja ra uska saathiharulai jimmedar ठहराउन सफल भएका छन्, घरको मालिक हरूले आफ्नो घर मा भएको सम्पूर्ण हानि को लागि निर्मल पुर्जा र उस्का साथीहरूलाई जिम्मेदार ठहराउन सफल भएका छन्
yei mokaddama bata thaha bhayeko chha ki adalat haru le aaja kaal malik ra kirayadaar ko hak adhikar maa pharak gardachhan, येई मोकद्दमा बाट थाहा भयेको छ कि अदालत हरूले आज काल मालिक र किरायादारको हक अधिकार मा फरक गर्दछन्
niyukt adalat ko nirnay anusaar malik haru ko muanwaphwa paune adhikar prabal raheko chha, नियुक्त अदालतको निर्णय अनुसार मालिक हरूको मुआवजा पाउने अधिकार प्रबल रहेको छ
purja ko kampani le ghar ko kiraya samjhauta ko dasha anusaar ghar ko sabai jimmedari aaphno tauko maa liyeko thiyo, पुर्जा को कम्पनीले घरको किराया सम्झौताको दशा अनुसार घरको सबै जिम्मेदारी आफ्नो टाउको मा लिएको थियो
tyasartha ghar maa bhayeko kuno pani kshati ko laagi kampani matra jimmedar chha bhanne adalat ko nishkarsh ho, त्यसर्थ घर मा भएको कुनो पनि क्षती को लागि कम्पनी मात्र जिम्मेदार छ भन्ने अदालतको निष्कर्ष हो
niyukt adalat le diyeko nirnay aba sabaiko laagi ek pramaanik kagajat ko roop maa kaam garne chha, नियुक्त अदालतले दिएको निर्णय अब सबैको लागि एउटा प्रमाणिक कागजातको रूप मा काम गर्ने छ
ghar ko malik haru le aaphno ghar feri banauna ko laagi yahi muanwaphwa ko paisa prayog garna sakchhan, घरको मालिक हरूले आफ्नो घर फेरि बनाउन को लागि यही मुआवजाको पैसा प्रयोग गर्न सक्छन्
niyukt adalat ko nirnay le aru kirayadaar haru laai pani yeuta santaana diyeko chha ki hataraka samagri hidda saawdhani hunu parchha, नियुक्त अदालतको निर्णयले अरू किरायादार हरूलाई पनि येउटा सन्तान दिएको छ कि हतारक सामग्री हिँड्दा सावधानी हुनु पर्छ
purja ko kampani le aba aru kunai tarikaa le muanwaphwa tirdaina bhanne koshish garna sakchha ki bhayena, पुर्जा को कम्पनीले अब अरू कुनै तरीका ले मुआवजा तिर्दैन भन्ने कोशिश गर्न सक्छ कि भएन
tara adalat ko nirnay final huda samma malik haru ko muanwaphwa paune hak adhikar khasa hunchha, तर अदालतको निर्णय फाइनल हुँदा सम्म मालिक हरूको मुआवजा पाउने हक अधिकार खास हुन्छ
niyukt adalat ko bench le yeuto prabal bato dekhaayeko chha ki galti garnele kshati purti garnai parchha, नियुक्त अदालतको बेन्चले येउटो प्रबल बाटो देखाएको छ कि गल्ति गर्नेले क्षति पूर्ति गर्नै पर्छ
ghar ko malik haru le aaphno ghar ko laagi lageko saaro paisa ra mehnat lai adalat le samjheko chha, घरको मालिक हरूले आफ्नो घरको लागि लगेको सारो पैसा र मेहनत लाई अदालतले सम्झेको छ
purja ko kampani le aba yei nirnay anusaar muanwaphwa tirnu chhaath bhanne adalat ko adesh ho, पुर्जा को कम्पनीले अब येई निर्णय अनुसार मुआवजा तिर्नु छाट भन्ने अदालतको आदेश हो
niyukt adalat ko nirnay sabaiko laagi ek sandesh ho ki kanun sabai mathi hunchha ra tyo palan garnai parchha, नियुक्त अदालतको निर्णय सबैको लागि एउटा सन्देश हो कि कानुन सबै माथि हुन्छ र त्यो पालन गर्नै पर्छ
grih mantralay le dhaarmik tatha saamaajik sadbhaaw khalbalaaune ghatana haru rokna sabaai jilla prashasan karyalay haru lai dashabundaa sarakyular jaari garyo, गृह मन्त्रालयले धार्मिक तथा सामाजिक सद्भाव खलबलाउने घटना हरू रोक्न सबै जिल्ला प्रशासन कार्यालय हरूलाई दशबिन्दा सर्कुलर जारी गर्यो
sabaai pramukh jilla adhikari harulai kanoon le nishedh gareka gair kanooni kriyaakalap maa lagne jaslai pani awilamb kanooni daayaraa maa lyaai kaarbaahi prakriya suru garna nirdeshan diyeko chha, सबै प्रमुख जिल्ला अधिकारी हरूलाई कानूनले निषेध गरेका गैर कानूनी क्रियाकलाप मा लाग्ने जसलाई पनि अविलम्ब कानूनी दायरा मा ल्याइ कारबाही प्रक्रिया सुरु गर्न निर्देशन दिएको छ
dhaarmik saamaajik tatha saanskritik sadbhaaw badhaauna sambandhit sarokarwaalaa haru sanga samanway baithak garna bhundaa number dui maa nirdeshan diyeko chha, धार्मिक सामाजिक तथा सांस्कृतिक सद्भाव बढाउन सम्बन्धित सरोकारवाला हरू संग समन्वय बैठक गर्न बिन्दा नम्बर दुई मा निर्देशन दिएको छ
jilla sthit raajnitik dalka pramukh haru saamaajik saanskritik tatha dhaarmik kshetrkaa aguwaa haru lai sadbhaaw laagi saarbajanik aahwaan garna nirdeshan bhako chha, जिल्ला स्थित राजनीतिक दलका प्रमुख हरू सामाजिक सांस्कृतिक तथा धार्मिक क्षेत्रका अगुवा हरूलाई सद्भाव लागि सार्वजनिक आह्वान गर्न निर्देशन भएको छ
sadbhawa raili aayojana garera yasto ghatana haru badhna nadine ra seemaa kshetr maa hune aawaagaman lai kadaai sanga chek jaach ko byawasthaa milauna grih mantralay le nirdeshan diyeko chha, सद्भाव र्याली आयोजना गरेर यस्तो घटना हरू बढ्न नदिने र सीमा क्षेत्रमा हुने आवागमन लाई कडाइ संग चेक जाँचको व्यवस्था मिलाउन गृह मन्त्रालयले निर्देशन दिएको छ
sthaanee star maa sanchaar maddhyam haru baata sthaanee bhaashaa maa saamaajik sadbhaaw badhne kaaryakram sanchaalan garna nirdeshan gariyeko chha, स्थानीय स्तरमा सञ्चार माध्यम हरूबाट स्थानीय भाषामा सामाजिक सद्भाव बढ्ने कार्यक्रम सञ्चालन गर्न निर्देशन गरियेको छ
pramukh jilla adhikari ko sanyojaktwa maa saat sadasya jilla shaanti tatha saamaajik sadbhaaw samiti gathan garera kriyaashil garne garaaune bare nirdeshan gariyeko chha, प्रमुख जिल्ला अधिकारीको सयोजकत्वमा सात सदस्य जिल्ला शान्ति तथा सामाजिक सद्भाव समिति गठन गरेर क्रियाशील गर्ने गराउने बारे निर्देशन गरियेको छ
samiti maa jilla surakshyaa samitikaa padaadhikaari haru sadasya raajnitik dalka adhyaksh wa pratinidhi sadasya rahane byawasthaa gariyeko chha, समितिमा जिल्ला सुरक्षा समितिका पदाधिकारी हरू सदस्य राजनीतिक दलका अध्यक्ष वा प्रतिनिधि सदस्य रहने व्यवस्था गरियेको छ
bigatkaa barsha haru maa bhayeka ghatana haruko abhilekh ko aadharma bibad huna sakne sambhaawit kaaryakram wa parba haruko suchi tayaar garera waarshik kalendar tayaar garna nirdeshan diyeko chha, विगतका बर्ष हरूमा भएका घटना हरूको अभिलेखको आधारमा विवाद हुन सक्ने सम्भावित कार्यक्रम वा पर्व हरूको सूची तयार गरेर वार्षिक क्यालेन्डर तयार गर्न निर्देशन दिएको छ
neepalee kamyunishT parTikaa sanyojak pushpakamal daahaal le raashtriya sabhaa tatha pratinidhi sabhaa sadasya nirwachan maa kunai pani dal sanga gathabandhan nahune bhaneka chhan, नेपाली कम्युनिष्ट पार्टीका संयोजक पुष्पकमल दाहालले राष्ट्रिय सभा तथा प्रतिनिधि सभा सदस्य निर्वाचनमा कुनै पनि दल संग गठबन्धन नहुने भनेका छन्
unle bhaneka chhan ki kaThmaaDaau mahaanagarpalikaakaa pramukh baalendra shaah ra raashtriya swatantra parTibeech ko ekata le aafu haru lai nadaraayeko chha, उनले भनेका छन् कि काठमाडौं महानगरपालिकाका प्रमुख बालेन्द्र शाह र राष्ट्रिय स्वतन्त्र पार्टीबीचको एकताले आफू हरूलाई नडराएको छ
raabi lai meraai cabinet maa dui choti grih mantri banaayeko ho bhanne daahaal ko baktabya raheko chha, रावीलाई मेरै क्याबिनेटमा दुई चोटि गृहमन्त्री बनाएको हो भन्ने दाहालको बक्तव्य रहेको छ
parTi kaam ko silasilaa maa bhaarat bhramana maa gayeko daabi gardai unle bhaarateey janataa parTikaa kehi netaa haru sanga anaupachaarik chhalphal bhayeko bhaneka chhan, पार्टी कामको सिलसिलामा भारत भ्रमणमा गएको दाबी गर्दै उनले भारतीय जनता पार्टीका केही नेताहरू संग अनौपचारिक छलफल भएको भनेका छन्
aaphu haru kunai sanga gathabandhan garna jaanchhain ra aau~do nirwachan maa eklaai jantaamaajh jaanchhau bhanne unko baanee raheko chha, आफू हरू कुनै संग गठबन्धन गर्न जाँदैन र आउँदो निर्वाचनमा एक्लै जनतामाझ जान्छौ भन्ने उनको भानी रहेको छ
dillii maa aafno parTiko ekataa sabhaa aayojana gareko thiyo ra tyahaa kai bhaarateey netaa haru sanga bhetghaat bhako chha bhanne unko spashTaikaran raheko chha, दिल्लीमा आफ्नो पार्टीको एकता सभा आयोजना गरेको थियो र त्यहाँ कै भारतीय नेताहरू संग भेटघाट भएको छ भन्ने उनको स्पष्टीकरण रहेको छ
nepal ra bhaarat bichkaa sambandha lai saajhaayak banaauna unko bhaarat bhramana ko uddeshya thiyo bhanne baatmaa prakaash bhako chha, नेपाल र भारत बिचको सम्बन्ध लाई सहायक बनाउन उनको भारत भ्रमणको उद्देश्य थियो भन्ने बातमा प्रकाश भएको छ
saamaajik ekataa ra shaanti banaai rakhna sarkaar dwaraa liyeko yasto kadam lai jantaale swaagat garchhan bhanne bichar prachalit chha, सामाजिक एकता र शान्ति बनाइ राख्न सरकार द्वारा लिएको यस्तो कदम लाई जनताले स्वागत गर्छन् भन्ने विचार प्रचलित छ
rajya tatha sthaanee star maa samanwayaatmak kaaryakram haru sanchaalan maa jod dine nirdeshan grih sarakyular maa diyeko chha, राज्य तथा स्थानीय स्तरमा समन्वयात्मक कार्यक्रम हरू सञ्चालनमा जोड दिने निर्देशन गृह सर्कुलरमा दिएको छ
yasto sarakyular baata jilla star maa dhaarmik tatha saamaajik sadbhaaw ko sthiti maa sudhar aapnu parchha bhanne aashaa garnu haunchha, यस्तो सर्कुलरबाट जिल्ला स्तरमा धार्मिक तथा सामाजिक सद्भावको स्थितिमा सुधार आउनु पर्छ भन्ने आशा गर्नु हुन्छ
raashtriya sabhaa ko nirwachan ka laagi paanch dala beech bhaagabandhaa bhayeko chha ra budhabaar manonayan hunchha, राष्ट्रिय सभाको निर्वाचनका लागि पाँच दलबीच भागबन्डा भएको छ र बुधबार मनोनयन हुन्छ
kaangres ra emaale le saat saat seat linne bhaeka chhan ra nepalee kamyunisT parTi le teen seat paune bhaeko chha, कांग्रेस र एमालेले सात सात सिट लिने भएका छन् र नेपाली कम्युनिस्ट पार्टीले तीन सिट पाउने भएको छ
kaangres neTaa enepi saawad ka anusaar kaangres le pratyek pradesh baataa ek ek seat linne motomotee samajhadaaree bhaeko bhaneka chhan, कांग्रेस नेता एनपी सावदका अनुसार कांग्रेसले प्रत्येक प्रदेशबाट एक एक सिट लिने मोटोमोटी समझदारी भएको भनेका छन्
losapaa ra jasapaa nepalkaa laagi ek seat chhuttaaiyeko chha ra uniharuko laagi bhaagabandhaa gareko chha, लोसपा र जसपा नेपालका लागि एक सिट छुट्टाइएको छ र उनीहरूको लागि भागबन्डा गरेको छ
kaangres le ummedawaar chunaaT ka laagi budhabaar bihaana kendreeya kaaryasampaadan samiti ko baithak Daakeko chha, कांग्रेसले उम्मेदवार छनोटका लागि बुधबार बिहान केन्द्रीय कार्यसम्पादन समितिको बैठक डाकेको छ
raashtriya sabhaa maa phaagun bees gatebaata unnaees saansad bidaa hudai chhan ra tees madhye aThhaara seat ka laagi nirwachan hunchha, राष्ट्रिय सभामा फागुन २० गतेबाट उन्नाइस सांसद बिदा हुँदैछन् र त्यसमध्ये अठार सिटका लागि निर्वाचन हुन्छ
sarkaar ko sifaris maa raasTrapati baata manoneet bhaeka baamadev gautam pani bidaai hudai chhan, सरकारको सिफारिसमा राष्ट्रपतिबाट मनोनीत भएका बामदेव गौतम पनि बिदाइ हुँदैछन्
unko Thaau~ maa sarkaar le sifaris garnechha ra tyo manonayan process bhitra hunchha, उनको ठाउँमा सरकारले सिफारिस गर्नेछ र त्यो मनोनयन प्रक्रिया भित्र हुन्छ
pach dala beech bhaagabandhaa gareko chha ra samjhauta bhaeko chha, पाँच दलबीच भागबन्डा गरेको छ र सम्झौता भएको छ
kaangres ra emaale le pratyek le saat seat linne chhan ra uniharuko seat sankhyaa barabar chha, कांग्रेस र एमालेले प्रत्येकले सात सिट लिने छन् र उनीहरूको सिट सङ्ख्या बराबर छ
nepalee kamyunisT parTi le teen seat paune bhaeko chha ra tyo pani sabai party ko samjhauta anusaar bhaeko ho, नेपाली कम्युनिस्ट पार्टीले तीन सिट पाउने भएको छ र त्यो पनि सबै पार्टीको सम्झौता अनुसार भएको हो
bhaagabandhaa milisakepani kun pradesh maa kasle kun cluster ko seat linne bhanne baare maa ajaai charchaa chha, भागबन्डा मिलिसकेपनि कुन प्रदेशमा कसले कुन क्लष्टरको सिट लिने भन्नेबारेमा अजै चर्चा छ
buniyadi rup maa seat bantwaara ta bhaisakyo tara pratyek party le kun pradesh maa kun seat linchha bhanne kuraa chha, बुनियादी रूपमा सिट बाँटवार त भइसक्यो तर प्रत्येक पार्टीले कुन प्रदेशमा कुन सिट लिन्छ भन्ने कुरा छ
raashtriya sabhaa maa chhaDai jaanewaalaa saansad haru ko seat ka laagi nirwachan bhaeko maheena maa hunechha, राष्ट्रिय सभामा छडाइ जानेवाला सांसद हरूको सिटका लागि निर्वाचन भएको महिनामा हुनेछ
sabaai party haru le aaphno ummedawaar haru ko suchi budhabaar prabhaat samapta garnechhan, सबै पार्टी हरूले आफ्नो उम्मेदवार हरूको सूची बुधबार प्रभात समाप्त गर्नेछन्
yei maheena ko antarma aru pani raajneetik gathabandhan haru aasakne chhan, येई महिनाको अन्तरमा अरू पनि राजनीतिक गठबन्धन हरू आसक्ने छन्
raashtriya sabhaa ko nirwachan pachi sarkaar ko sangheeyata maa pani asar parna sakchha, राष्ट्रिय सभाको निर्वाचन पछि सरकारको साङ्घीयतामा पनि असर पर्न सक्छ
sarkaar le manonayan ka laagi aaphno mantri pariwaar ko sifaris le gardaa pani asar parna sakchha, सरकारले मनोनयनका लागि आफ्नो मन्त्री परिवारको सिफारिसले गर्दा पनि असर पर्न सक्छ
aaja ko bhaagabandhaa le aau~do maheena maa hune nirwachan maa pani asar paarne chha, आजको भागबन्डाले आउँदो महिनामा हुने निर्वाचनमा पनि असर पार्ने छ
nepal ko raajneetik dala haru beech maa yesto samjhauta bhayo bhanne kuraa le aru party haru laai pani chinta bhako chha, नेपालको राजनीतिक दल हरू बीचमा यस्तो सम्झौता भयो भन्ने कुराले अरू पार्टी हरूलाई पनि चिन्ता भएको छ
kaangres ra emaale ko beech maa yesto samjhauta bhayeko le donai party ko aapasmaa ko sambandha maa sudhar aapnu bhanne aashaa chha, कांग्रेस र एमालेको बीचमा यस्तो सम्झौता भएकोले दोनै पार्टीको आपसमा को सम्बन्धमा सुधार आउनु भन्ने आशा छ
sabai party haru ko laagi seat bantwaara garne kaam sakkiyo bhanne kuraa le chunao ayog laai pani sajilo bhayeko chha, सबै पार्टी हरूको लागि सिट बाँटवार गर्ने काम सकियो भन्ने कुराले चुनाव आयोग लाई पनि सजिलो भएको छ
nepal ko raajneetik paridrishya maa yesto bhaagabandhaa dherai chhoto samay maa bhayeko chha, नेपालको राजनीतिक परिदृश्यमा यस्तो भागबन्डा धेरै छोटो समयमा भएको छ
budhabaar bata manonayan ko prakriya aarambh hunchha ra sabaai party haru le aaphno ummedawaar haru ko naam aauna lagnu parchha, बुधबारबाट मनोनयनको प्रक्रिया आरम्भ हुन्छ र सबै पार्टी हरूले आफ्नो उम्मेदवार हरूको नाम आउन लग्नु पर्छ
aaja ko nirnay le raashtriya sabhaa ko aau~do barshako kayakalp maa pani asar paarne chha, आजको निर्णयले राष्ट्रिय सभाको आउँदो बर्षको कार्यकल्पमा पनि असर पार्ने छ
raashtriya sabhaa maa seat bantwaaraa samma ta pugisakyo tara aakhaa banaaune kuraa chha ko kasko sifaris maa kaaTnu parchha, राष्ट्रिय सभामा सिट बाँटवारा सम्म त पुगिसक्यो तर आखा बनाउने कुरा छ को कस्को सिफारिसमा काट्नु पर्छ
prachanda dal ra maaoist keTee ko beech maa seat bantwaaraa lai lekar kehi anbuhar dekhiyeko chha, प्रचण्ड दल र माओवादी केटीको बीचमा सिट बाँटवारा लाई लेखेर केही अनबुझ देखियेको छ
kaangres ko kendreeya samiti maa bhareko baithak maa emaale sanga ko samjhauta lai lekar vivad bhayo, कांग्रेसको केन्द्रीय समितिमा भरेको बैठकमा एमाले संगको सम्झौता लाई लेखेर विवाद भयो
bhaagabandhaa pachi pani kun pradesh maa kun seat janeko bhanne kuraa maa raaharu pharkeko chhaina, भागबन्डा पछि पनि कुन प्रदेशमा कुन सिट जानेको भन्ने कुरामा राहरू फर्केको छैन
budhabaar aaja manonayan hunchha bhanne khabar aayeko chha tara aru party haru le chhito kaam nagare maannewalaa chhainan, बुधबार आज मनोनयन हुन्छ भन्ने खबर आएको छ तर अरू पार्टी हरूले छिटो काम नगरे मान्नेवाला छैनन्
raashtriya sabhaa ko seat ka laagi sifaris hune manche haru ko background maa pani charchaa chha, राष्ट्रिय सभाको सिटका लागि सिफारिस हुने मान्छे हरूको ब्याकग्राउन्डमा पनि चर्चा छ
sarkaar ko sifaris maa aau~ne manche haru le raashtriya sabhaa maa ke kaam garchhan bhanne prashna uthchha, सरकारको सिफारिसमा आउने मान्छे हरूले राष्ट्रिय सभामा के काम गर्छन् भन्ने प्रश्न उठ्छ
nepal ko sanwidhaan anusaar raashtriya sabhaa sadasya haru ko chunaaT party ko bhitra batai hunchha, नेपालको संविधान अनुसार राष्ट्रिय सभा सदस्य हरूको छनोट पार्टीको भित्र बाटै हुन्छ
raashtriya sabhaa maa aaphno sadasya haru lai chunna party haru ko jimmedaaree chha, राष्ट्रिय सभामा आफ्नो सदस्य हरूलाई छुन्न पार्टी हरूको जिम्मेदारी छ
budhabaar ko din maa sabaai party haru le aaphno saansad haru ko naam ghoshanaa garnechhan, बुधबारको दिनमा सबै पार्टी हरूले आफ्नो सांसद हरूको नाम घोषणा गर्नेछन्
manonayan pachi raashtriya sabhaa maa bhaag lina ka laagi nirwachan hunechha, मनोनयन पछि राष्ट्रिय सभामा भाग लिनका लागि निर्वाचन हुनेछ
aaja ko bhaagabandhaa maa samaveshee party haru laai samma diyeko chha bhanne kuraa chha, आजको भागबन्डामा समावेशी पार्टी हरूलाई सम्म दिएको छ भन्ने कुरा छ
raashtriya sabhaa maa bhaag lina ka laagi party haru ko beech maa yasto samjhauta hunaale aas paas ka raajneetik maahol maa asar paryeko chha, राष्ट्रिय सभामा भाग लिनका लागि पार्टी हरूको बीचमा यस्तो सम्झौता हुनाले आसपासका राजनीतिक माहोलमा असर पर्एको छ
sarkaar ko taTpurree mantri haru le pani aaphno party lai raashtriya sabhaa maa seat dinu parchha bhanne daawaa gareka chhain, सरकारको टट्पुर्री मन्त्री हरूले पनि आफ्नो पार्टीलाई राष्ट्रिय सभामा सिट दिनु पर्छ भन्ने दावा गरेका छैन
nepal ko raajneetik dala haru ko beech maa seat bantwaaraa garne chalan chha ra yo chaal anusaar nai bhaagabandhaa bhaeko chha, नेपालको राजनीतिक दल हरूको बीचमा सिट बाँटवारा गर्ने चलन छ र यो चाल अनुसार नै भागबन्डा भएको छ
aaja ko ghaTana le dekhaauchha ki party haru ko beech maa samjhauta garna sakenchha, आजको घटना ले देखाउँछ कि पार्टी हरूको बीचमा सम्झौता गर्न सकेन्छ
raashtriya sabhaa ko seat ko laagi party haru ko beech maa hune samjhauta le aru thau ko nirwachan maa pani asar paaunechha, राष्ट्रिय सभाको सिटको लागि पार्टी हरूको बीचमा हुने सम्झौता ले अरू ठाउँको निर्वाचनमा पनि असर पाउनेछ
sarkaar le aaphno sifaris maa kunai naya cheharaa lai raashtriya sabhaa maa pachyaaunechha ki bhayena bhanne kuraa chha, सरकारले आफ्नो सिफारिसमा कुनै नया चेहरा लाई राष्ट्रिय सभामा पछ्याउनेछ कि भएन भन्ने कुरा छ
budhabaar dekhi nirwachan ayog le chunao karyakram lai chhito garna lagnu parchha, बुधबार देखि निर्वाचन आयोगले चुनाव कार्यक्रम लाई छिटो गर्न लग्नु पर्छ
aaja bhaeko bhaagabandhaa anusaar nirwachan maa janataa ko bhaagidaaree thaha paunu chha, आज भएको भागबन्डा अनुसार निर्वाचनमा जनताको भागिदारी थाहा पाउनु छ
nepal ko raajneetik maadal maa seat bantwaaraa gareko maatra le party haru ko beech maa samjhauta hunchha bhanne hoina, नेपालको राजनीतिक मादलमा सिट बाँटवारा गरेको मात्र ले पार्टी हरूको बीचमा सम्झौता हुन्छ भन्ने होइन
sabaai party haru le aaphno sadasya haru ko laagi chunaaT maa aaphno antar party ko matbhed lai sametna saknu parchha, सबै पार्टी हरूले आफ्नो सदस्य हरूको लागि छनोटमा आफ्नो अन्तर पार्टीको मतभेद लाई समेट्न सक्नु पर्छ
raashtriya sabhaa ko nirwachan maa party ko bhitra ko matbhed le asar parna sakchha, राष्ट्रिय सभाको निर्वाचनमा पार्टीको भित्रको मतभेदले असर पर्न सक्छ
aaja ko maheena maa raashtriya sabhaa ko seat ko laagi nirwachan hunchha bhanne kuraa le jantaamaa charchaa chha, आजको महिनामा राष्ट्रिय सभाको सिटको लागि निर्वाचन हुन्छ भन्ने कुराले जनतामा चर्चा छ
party haru ko beech maa seat bantwaaraa gareko kuraa le sarkaar ko kayakalp maa pani asar paaunechha, पार्टी हरूको बीचमा सिट बाँटवारा गरेको कुराले सरकारको कार्यकल्पमा पनि असर पाउनेछ
aaja ko din maa sabaai party haru ko nirnay huna baaaki chha, आजको दिनमा सबै पार्टी हरूको निर्णय हुन बाँकी छ
nepal ko raajneetik dala haru le aaphno bich maa seat bantwaaraa garna sakchhan bhanne kuraa pramaanit bhayo, नेपालको राजनीतिक दल हरूले आफ्नो बिचमा सिट बाँटवारा गर्न सक्छन् भन्ने कुरा प्रमाणित भयो
budhabaar prabhaat samma sabaai party haru le aaphno saansad haru ko naam sarmaat puraa garnechhan, बुधबार प्रभात सम्म सबै पार्टी हरूले आफ्नो सांसद हरूको नाम सर्मात पूरा गर्नेछन्
raashtriya sabhaa ko nirwachan le desh ko raajneetik dasha maa pani paribartan laaunechha, राष्ट्रिय सभाको निर्वाचनले देशको राजनीतिक दशामा पनि परिवर्तन लाउनेछ
aaja bhaeko bhaagabandhaa le party haru ko beech maa bhaeko anbuhar ko ant garchha bhanne aashaa chha, आज भएको भागबन्डाले पार्टी हरूको बीचमा भएको अनबुझको अन्त गर्छ भन्ने आशा छ
sarkaar le aaphno sifaris maa kunai party lai alaga seat dinu parchha bhanne charchaa chha, सरकारले आफ्नो सिफारिसमा कुनै पार्टीलाई अलग सिट दिनु पर्छ भन्ने चर्चा छ
nepal ko sanwidhaan anusaar raashtriya sabhaa maa party ko sankhyaa anusaar seat dinu parchha, नेपालको संविधान अनुसार राष्ट्रिय सभामा पार्टीको सङ्ख्या अनुसार सिट दिनु पर्छ
aaja ko bhaagabandhaa maa party haru ko beech maa bhareko samjhauta le aru party haru lai pani asar garchha, आजको भागबन्डामा पार्टी हरूको बीचमा भरेको सम्झौता ले अरू पार्टी हरूलाई पनि असर गर्छ
raashtriya sabhaa ko seat ka laagi party haru ko beech maa hune samjhauta le desh ko raajneetik maadal laai prabhawit garchha, राष्ट्रिय सभाको सिटका लागि पार्टी हरूको बीचमा हुने सम्झौता ले देशको राजनीतिक मादल लाई प्रभावित गर्छ
budhabaar ko din maa sabaai party haru ko saansad haru ko naam aayepachi nirwachan ayog le aru karyabahi suru garnechha, बुधबारको दिनमा सबै पार्टी हरूको सांसद हरूको नाम आयेपछि निर्वाचन आयोगले अरू कार्यवाही सुरु गर्नेछ
aaja ko bhaagabandhaa le dekhaauchha ki party haru ko beech maa samjhauta garna sajilo chhaina, आजको भागबन्डाले देखाउँछ कि पार्टी हरूको बीचमा सम्झौता गर्न सजिलो छैन
nepal ko raajneetik dala haru le aaphno party ko bhitra ko matbhed lai samjhauta maa lyauna sakchhan bhanne dekhaayeko chha, नेपालको राजनीतिक दल हरूले आफ्नो पार्टीको भित्रको मतभेद लाई सम्झौतामा ल्याउन सक्छन् भन्ने देखाइएको छ
raashtriya sabhaa ko nirwachan pachi sarkaar ko kaaryakalp maa sudhar aapnu parchha bhanne charchaa chha, राष्ट्रिय सभाको निर्वाचन पछि सरकारको कार्यकल्पमा सुधार आउनु पर्छ भन्ने चर्चा छ
aaja ko din maa party haru ko beech maa bhareko samjhauta le aau~do maheena maa hune nirwachan maa pani asar paaunechha, आजको दिनमा पार्टी हरूको बीचमा भरेको सम्झौता ले आउँदो महिनामा हुने निर्वाचनमा पनि असर पाउनेछ
sabaai party haru le aaphno saansad haru ko laagi chunaaT maa aaphno party ko bhitra ko matbhed lai samjhauta maa lyaaunu parchha, सबै पार्टी हरूले आफ्नो सांसद हरूको लागि छनोटमा आफ्नो पार्टीको भित्रको मतभेद लाई सम्झौतामा ल्याउनु पर्छ
raashtriya sabhaa ko seat ko laagi party haru ko beech maa hune samjhauta le desh ko raajneetik sthitilaai prabhawit garchha, राष्ट्रिय सभाको सिटको लागि पार्टी हरूको बीचमा हुने सम्झौता ले देशको राजनीतिक स्थितिलाई प्रभावित गर्छ
nepal ka alag alag sthaan haru aapas maa ekdam pharak ra dhokaadheki bhari chhan, नेपालका अलग अलग स्थान हरू आपस मा एकदम फरक र ढोकाढेकि भरि छन्
pokharaa maa phewa taal chha ra tyo dherai sundar herna lyaaunne sthaan maa parnechha, पोखरामा फेवा ताल छ र त्यो धेरै सुन्दर हेर्न ल्याउने स्थान मा पर्नेछ
lumbini bauddha dharm ka praneta gautam buddha ko janma sthaan ho ra tyahaa dherai sthaapna haru chhan, लुम्बिनी बौद्ध धर्मका प्रणेता गौतम बुद्धको जन्म स्थान हो र त्यहाँ धेरै स्थापना हरू छन्
mustang ko thulo thulo pahad ra reto bhu bhag dherai nai manohar chha ra tyahaa ghumna jaane manche haru lai ramro lagchha, मुस्ताङको ठूलो ठूलो पहाड र रेटो भू भाग धेरै नै मनोहर छ र त्यहाँ घुम्न जाने मान्छे हरूलाई राम्रो लाग्छ
sagarmatha pahad ko aadharr maa raheko namche bazaar bata himaal herna sakinchha, सगरमाथा पहाडको आधारमा रहेको नाम्चे बजार बाट हिमाल हेर्न सकिन्छ
chitwan ko ghana jungal maa genda ghoda ra eka siRRh haru dekhna sakinchha, चितवनको घना जङ्गलमा गेन्दा घोडा र एक सिंढ हरू देख्न सकिन्छ
bhaktapur ko darbaar square maa puraano nagle sanrachanaa haru chhan ra tyo unesko ko world heritage maa parnechha, भक्तपुरको दरबार स्क्वायरमा पुरानो नगले संरचना हरू छन् र त्यो युनेस्कोको वर्ल्ड हेरिटेजमा पर्नेछ
janakpur maa sitaa ko janma bhaeko sthaan raheko chha ra tyahaa dherai mandir haru chhan, जनकपुरमा सीताको जन्म भएको स्थान रहेको छ र त्यहाँ धेरै मन्दिर हरू छन्
bandipur bata himaal dekhiyeko drishya ekdam nai suhaaunne ra herdaai basaune jasto hunchha, बन्दीपुर बाट हिमाल देखियेको दृश्य एकदम नै सुहाउने र हेर्दै बसाउने जस्तो हुन्छ
tansen ko rani mahal pahad ko chhuchhuro maa banaaeko ek sundar bhavan ho, तानसेनको रानी महल पहाडको छुच्छुरोमा बनाइएको एउटा सुन्दर भवन हो
illam ko chiyabaaree maa dherai kism ko chiyaa ko ped haru chhan ra tyahaa ko drishya dherai manohar hunchha, इलामको चियाबारीमा धेरै किस्मको चिया को पेड हरू छन् र त्यहाँको दृश्य धेरै मनोहर हुन्छ
rukum ko mugli kholaa maa pugera paani maa nahuna man laagchha, रुकुमको मुगली खोला मा पुगेर पानीमा नहुन मन लाग्छ
gorkha ko darbaar bata sabaai tarfa ko sundar drishya dekhin chha, गोरखाको दरबारबाट सबै तर्फको सुन्दर दृश्य देखिन छ
sindhupalchok ko bhotekoshi nadee maa rafting garna dherai manche aau~ne garchhan, सिन्धुपाल्चोकको भोटेकोशी नदीमा राफ्टिङ गर्न धेरै मान्छे आउने गर्छन्
kaski ko saaraangkot bata aakaash maa udiraheko panchhi haru herna sakinchha, कास्कीको साराङ्कोट बाट आकाशमा उडिरहेको पंछी हरू हेर्न सकिन्छ
dang ko deukhuri maa dherai jaati ko jaanawar haru bicharidai hidaaune garchhan, दाङको देउखुरीमा धेरै जातिको जानवर हरू बिचरिदै हिडाउने गर्छन्
kapilvastu ko tilaurakot maa puraano kalaa ko avashesh haru chhan, कपिलवस्तुको तिलौराकोटमा पुरानो कलाको अवशेष हरू छन्
rukum ko jogimara maa puraano guphaa haru chhan ra tyahaa ghumna jaane manche haru lai ramro lagchha, रुकुमको जोगीमारामा पुरानो गुफा हरू छन् र त्यहाँ घुम्न जाने मान्छे हरूलाई राम्रो लाग्छ
bhojpur ko siddhakali mandir ek dhaarmik sthaan ho ra dherai manche tyahaa darshan garna jaane garchhan, भोजपुरको सिद्धकाली मन्दिर एउटा धार्मिक स्थान हो र धेरै मान्छे त्यहाँ दर्शन गर्न जाने गर्छन्
mahakali ko shuklaphanta maa dherai prakaar ko chadaa haru chhan, महाकालीको शुक्लाफाँटामा धेरै प्रकारको चडा हरू छन्
solukhumbu ko gokyo taal haru ekdam nai rahmagic hunchhan, सोलुखुम्बुको गोक्यो ताल हरू एकदम नै रह्मजिक हुन्छन्
manang ko thorong laa pass hidaauna ek challenging bato ho, मनाङको थोरोङ ला पास हिडाउन एउटा च्यालेन्जिङ बाटो हो
rasuwa ko langtang national park maa dherai jaati ko jaanawar haru chhan, रसुवाको लाङटाङ नेशनल पार्कमा धेरै जातिको जानवर हरू छन्
dolpa ko phoksundo taal paani ko rang ekdam nai halka nilo hunchha, डोल्पाको फोक्सुण्डो ताल पानीको रंग एकदम नै हल्का निलो हुन्छ
baitadi ko dhauli ganga nadee ko kinaar maa basera paani ko aawaaj sunna ekdam shantipurne hunchha, बैतडीको धौली गङ्गा नदीको किनारमा बसेर पानीको आवाज सुन्न एकदम शान्तिपूर्ण हुन्छ
jajarkot ko ramaroshan area maa dherai prakaar ko phul haru chhan, जाजरकोटको रामरोशन एरियामा धेरै प्रकारको फूल हरू छन्
kalikot ko bhairabsthan mandir maa dherai manche pujaa garn aaune garchhan, कालिकोटको भैरबस्थान मन्दिरमा धेरै मान्छे पूजा गर्न आउने गर्छन्
jumla ko tila maa banaaeko mandir haru puraano kalaa ko mishaN ho, जुम्लाको तिलामा बनाइएको मन्दिर हरू पुरानो कलाको मिशण हो
mugu ko rara taal nepalko sabaai bhanda thulo taal ho, मुगुको रारा ताल नेपालको सबैभन्दा ठूलो ताल हो
humla ko limi valley maa dherai prakaar ko jadibuti haru paainchha, हुम्लाको लिमी भ्यालीमा धेरै प्रकारको जडिबुटी हरू पाइन्छ
darchula ko byaas rural municipality maa dherai jaati ko chadaa haru chhan, दार्चुलाको व्यास गाउँपालिकामा धेरै जातिको चडा हरू छन्
bajura ko badimalika mandir maa dherai manche melaa maa aaune garchhan, बाजुराको बडिमालिका मन्दिरमा धेरै मान्छे मेला मा आउने गर्छन्
achham ko ramaroshan area maa dherai prakaar ko phul haru chhan, अछामको रामरोशन एरियामा धेरै प्रकारको फूल हरू छन्
doti ko dipayal maa banaaeko shivalaya mandir ek puraano mandir ho, डोटीको दिपायलमा बनाइएको शिवालय मन्दिर एउटा पुरानो मन्दिर हो
kailali ko dhangadhi bazaar maa dherai samagri haru kinna paainchha, कैलालीको धनगढी बजारमा धेरै सामग्री हरू किन्न पाइन्छ
kanchanpur ko shuklaphanta wildlife reserve maa dherai jaati ko jaanawar haru chhan, कञ्चनपुरको शुक्लाफाँटा वाइल्डलाइफ रिजर्भमा धेरै जातिको जानवर हरू छन्
sunsari ko dharan bazaar maa dherai jaati ko manche haru baschhan, सुनसरीको धरान बजारमा धेरै जातिको मान्छे हरू बस्छन्
morang ko biratnagar maa dherai udyog haru chhan, मोरङको विराटनगरमा धेरै उद्योग हरू छन्
jhapa ko birtamod maa dherai kheti garne manche haru chhan, झापाको बिर्तामोडमा धेरै खेती गर्ने मान्छे हरू छन्
ilam ko fikkal bazaar maa chiyaa ko beopaar dherai chha, इलामको फिक्कल बजारमा चियाको बेपार धेरै छ
panchthar ko phidim bazaar bata himaal ko drishya dekhin chha, पाँचथरको फिदिम बजारबाट हिमालको दृश्य देखिन छ
taplejung ko kanchanjunga base camp maa pugna ek challenging yatra ho, ताप्लेजुङको कञ्चनजङ्गा बेस क्याम्पमा पुग्न एउटा च्यालेन्जिङ यात्रा हो
sankhuwasabha ko khandbari bazaar maa dherai samagri haru kinna paainchha, संखुवासभाको खाँदबारी बजारमा धेरै सामग्री हरू किन्न पाइन्छ
terhathum ko myanglung maa dherai prakaar ko phul haru chhan, तेरथुमको म्याङलुङमा धेरै प्रकारको फूल हरू छन्
dhankuta ko hile bazaar bata himaal ko drishya dekhin chha, धनकुटाको हिले बजारबाट हिमालको दृश्य देखिन छ
bhojpur ko bazaar maa dherai prakaar ko samagri haru kinna paainchha, भोजपुरको बजारमा धेरै प्रकारको सामग्री हरू किन्न पाइन्छ
khotang ko diktel bazaar maa dherai manche baschhan, खोटाङको दिक्तेल बजारमा धेरै मान्छे बस्छन्
okhaldhunga ko manebhanjyang maa dherai prakaar ko phul haru chhan, ओखलढुङ्गाको मानेभञ्ज्याङमा धेरै प्रकारको फूल हरू छन्
sindhuli ko sindhulimadi maa puraano kalaa ko avashesh haru chhan, सिन्धुलीको सिन्धुलीमाडीमा पुरानो कलाको अवशेष हरू छन्
ramechhap ko manthali bazaar maa dherai samagri haru kinna paainchha, रामेछापको मन्थली बजारमा धेरै सामग्री हरू किन्न पाइन्छ
dolakha ko charikot bazaar bata himaal ko drishya dekhin chha, दोलखाको चारिकोट बजारबाट हिमालको दृश्य देखिन छ
sindhupalchok ko chautaraa maa dherai manche baschhan, सिन्धुपाल्चोकको चौतरामा धेरै मान्छे बस्छन्
kavrepalanchok ko dhulikhel bazaar bata himaal ko drishya dekhin chha, काभ्रेपलाञ्चोकको धुलिखेल बजारबाट हिमालको दृश्य देखिन छ
lalitpur ko patan darbaar square maa puraano sanrachanaa haru chhan, ललितपुरको पाटन दरबार स्क्वायरमा पुरानो संरचना हरू छन्
bhaktapur ko taumadhi square maa puraano mandir haru chhan, भक्तपुरको तौमडि स्क्वायरमा पुरानो मन्दिर हरू छन्
kathmandu ko swyambhu maa dherai manche pujaa garn aaune garchhan, काठमाडौंको स्वयम्भूमा धेरै मान्छे पूजा गर्न आउने गर्छन्
nuwakot ko nuwakot darbaar puraano kalaa ko ek utkrisht udaharana ho, नुवाकोटको नुवाकोट दरबार पुरानो कलाको एउटा उत्कृष्ट उदाहरण हो
dhading ko dhading bensi maa dherai manche baschhan, धादिङको धादिङ बेंसीमा धेरै मान्छे बस्छन्
chitwan ko sauraha maa genda ghoda haru herna paainchha, चितवनको सउराहामा गेन्दा घोडा हरू हेर्न पाइन्छ
makwanpur ko hetuDa bazaar maa dherai samagri haru kinna paainchha, मकवानपुरको हेटुडा बजारमा धेरै सामग्री हरू किन्न पाइन्छ
bara ko kalaiya bazaar maa dherai manche baschhan, बाराको कलैया बजारमा धेरै मान्छे बस्छन्
parsa ko birgunj bazaar maa nepal ra bhaarat ko beopaar ko laagi ek pramukh sthaan ho, पर्साको बीरगञ्ज बजारमा नेपाल र भारतको बेपारको लागि एउटा प्रमुख स्थान हो
rautahat ko gaur bazaar maa dherai manche baschhan, रौतहटको गौर बजारमा धेरै मान्छे बस्छन्
sarlahi ko malangwa bazaar maa dherai samagri haru kinna paainchha, सर्लाहीको मलङ्वा बजारमा धेरै सामग्री हरू किन्न पाइन्छ
mahottari ko jaleshwar maa dherai manche baschhan, महोत्तरीको जलेश्वरमा धेरै मान्छे बस्छन्
dhanusha ko janakpur maa dherai mandir haru chhan, धनुषाको जनकपुरमा धेरै मन्दिर हरू छन्
siraha ko laahan bazaar maa dherai manche baschhan, सिराहाको लाहान बजारमा धेरै मान्छे बस्छन्
saptari ko rajbiraj bazaar maa dherai samagri haru kinna paainchha, सप्तरीको राजविराज बजारमा धेरै सामग्री हरू किन्न पाइन्छ
ekkais bhaneko ek kaaTha ra ekaaTha joddaa bais hunjaa, एक्काइस भनेको एक काठ र एकाठ जोड्दा बाइस हुन्जा
bais bhaneko ekkais maa ek joddaa hune ra dharmik mahtwaa bhaeko sankhyaa ho, बाइस भनेको एक्काइस मा एक जोड्दा हुने र धार्मिक महत्व भएको सङ्ख्या हो
teis bhaneko bis ra ek joddaa hunjaa ra tyo teen ko gunaakar ho, तेइस भनेको बिस र एक जोड्दा हुन्जा र त्यो तीनको गुणाकर हो
chaubis bhaneko bis ra chaar joddaa hunjaa ra tyo chaar ra chha ko gunaakar ho, चौबिस भनेको बिस र चार जोड्दा हुन्जा र त्यो चार र छ को गुणाकर हो
pachchis bhaneko bis ra paanch joddaa hunjaa ra tyo paanch ko gunaakar ho, पच्चिस भनेको बिस र पाँच जोड्दा हुन्जा र त्यो पाँचको गुणाकर हो
sattaaIs bhaneko saaThi maa ek joddaa hunjaa ra tyo saat ko gunaakar ho, सत्ताइस भनेको साठी मा एक जोड्दा हुन्जा र त्यो सातको गुणाकर हो
attaaIs bhaneko saaThi ra aath joddaa hunjaa ra tyo aath ko gunaakar ho, अट्ठाइस भनेको साठी र आठ जोड्दा हुन्जा र त्यो आठको गुणाकर हो
unattis bhaneko tis ra ek joddaa hunjaa ra tyo tis ek ka yogaphala ho, उनन्तिस भनेको तिस र एक जोड्दा हुन्जा र त्यो तिस एकको योगफल हो
chaalis bhaneko tettiIs ra nau joddaa hunjaa ra tyo chaar ra das ko gunaakar ho, चालिस भनेको तेत्तिस र नौ जोड्दा हुन्जा र त्यो चार र दसको गुणाकार हो
pachaas bhaneko chaalis ra das joddaa hunjaa ra tyo pach ra das ko gunaakar ho, पचास भनेको चालिस र दस जोड्दा हुन्जा र त्यो पच्च र दसको गुणाकार हो
saathi bhaneko pachaas ra das joddaa hunjaa ra tyo chha ra das ko gunaakar ho, साठी भनेको पचास र दस जोड्दा हुन्जा र त्यो छ र दसको गुणाकार हो
sattari bhaneko saathi ra das joddaa hunjaa ra tyo saat ra das ko gunaakar ho, सत्तरी भनेको साठी र दस जोड्दा हुन्जा र त्यो सात र दसको गुणाकार हो
assi bhaneko sattari ra das joddaa hunjaa ra tyo aath ra das ko gunaakar ho, अस्सी भनेको सत्तरी र दस जोड्दा हुन्जा र त्यो आठ र दसको गुणाकार हो
nabbe bhaneko assi ra das joddaa hunjaa ra tyo nau ra das ko gunaakar ho, नब्बे भनेको अस्सी र दस जोड्दा हुन्जा र त्यो नौ र दसको गुणाकार हो
ek sayaa bhaneko sau ra ekaaTha joddaa hunjaa ra tyo gyaara ra gyaara ko gunaakar ho, एक सय्या भनेको सौ र एकाठ जोड्दा हुन्जा र त्यो ग्यारह र ग्यारहको गुणाकार हो
ek sayaa baara bhaneko sau ra baaRa joddaa hunjaa, एक सय्या बारा भनेको सौ र बारह जोड्दा हुन्जा
ek sayaa teis bhaneko sau ra teis joddaa hunjaa, एक सय्या तेइस भनेको सौ र तेइस जोड्दा हुन्जा
ek sayaa chaubis bhaneko sau ra chaubis joddaa hunjaa, एक सय्या चौबिस भनेको सौ र चौबिस जोड्दा हुन्जा
paach sayaa bhaneko sau ra paanch ko gunaakar ho, पाँच सय्या भनेको सौ र पाँचको गुणाकार हो
ek hajar bhaneko paach sayaa ra paanch sayaa joddaa hunjaa, एक हजार भनेको पाँच सय्या र पाँच सय्या जोड्दा हुन्जा
paach hajar bhaneko ek hajar ra chaar hajar joddaa hunjaa, पाँच हजार भनेको एक हजार र चार हजार जोड्दा हुन्जा
das hajar bhaneko ek hajar ra nau hajar joddaa hunjaa, दस हजार भनेको एक हजार र नौ हजार जोड्दा हुन्जा
pachchis hajar bhaneko das hajar ra pandhra hajar joddaa hunjaa, पच्चिस हजार भनेको दस हजार र पन्ध्र हजार जोड्दा हुन्जा
ek lakh bhaneko das hajar ra nau hajaar joddaa hunjaa, एक लाख भनेको दस हजार र नौ हजार जोड्दा हुन्जा
das lakh bhaneko ek lakh ra nau lakh joddaa hunjaa, दस लाख भनेको एक लाख र नौ लाख जोड्दा हुन्जा
ek karod bhaneko das lakh ra nau lakh joddaa hunjaa, एक करोड भनेको दस लाख र नौ लाख जोड्दा हुन्जा
das karod bhaneko ek karod ra nau karod joddaa hunjaa, दस करोड भनेको एक करोड र नौ करोड जोड्दा हुन्जा
ek arab bhaneko das karod ra nau karod joddaa hunjaa, एक अर्ब भनेको दस करोड र नौ करोड जोड्दा हुन्जा
das arab bhaneko ek arab ra nau arab joddaa hunjaa, दस अर्ब भनेको एक अर्ब र नौ अर्ब जोड्दा हुन्जा
ek kharab bhaneko das arab ra nau arab joddaa hunjaa, एक खर्ब भनेको दस अर्ब र नौ अर्ब जोड्दा हुन्जा
neepal maa kaaTha paani bhaneko paach ko ganaanaa maa linchhan, नेपालमा काठ पानी भनेको पाँचको गणना मा लिन्छन्
ek kaaTha maa paach waTa pani hunchha bhanne chalan chha, एक काठमा पाँच वटा पनि हुन्छ भन्ने चलन छ
chaar kaaTha bhaneko bis hunchha ra tyo chaar ra paanch ko gunaakar ho, चार काठ भनेको बिस हुन्छ र त्यो चार र पाँचको गुणाकार हो
pandhra kaaTha bhaneko pachchattar hunchha ra tyo pandhra ra paanch ko gunaakar ho, पन्ध्र काठ भनेको पच्चत्तर हुन्छ र त्यो पन्ध्र र पाँचको गुणाकार हो
bis kaaTha bhaneko ek sayaa hunchha ra tyo bis ra paanch ko gunaakar ho, बिस काठ भनेको एक सय हुन्छ र त्यो बिस र पाँचको गुणाकार हो
gunanaa maa ek se duaee tinn tee chaar paanch aaunjaa, गणनामा एक से दुई तिन चार पाँच आउन्जा
bis pachi ekkais bhaneko ek kaaTha ra ek waTa bhanchhan, बिस पछि एक्काइस भनेको एक काठ र एक वटा भन्छन्
chaalis pachi ekkaachalis bhaneko chaalis ra ek joddaa hunjaa, चालिस पछि एक्काचालिस भनेको चालिस र एक जोड्दा हुन्जा
saathi pachi ekaasaathi bhaneko saathi ra ek joddaa hunjaa, साठी पछि एक्कासाठी भनेको साठी र एक जोड्दा हुन्जा
sattari pachi ekaasattari bhaneko sattari ra ek joddaa hunjaa, सत्तरी पछि एक्कासत्तरी भनेको सत्तरी र एक जोड्दा हुन्जा
assi pachi ekaaassi bhaneko assi ra ek joddaa hunjaa, अस्सी पछि एक्काअस्सी भनेको अस्सी र एक जोड्दा हुन्जा
nabbe pachi ekaanabbe bhaneko nabbe ra ek joddaa hunjaa, नब्बे पछि एक्कानब्बे भनेको नब्बे र एक जोड्दा हुन्जा
ek sayaa pachi ek sayaa ek bhaneko sau ra ek joddaa hunjaa, एक सय पछि एक सय एक भनेको सौ र एक जोड्दा हुन्जा
ek hajar pachi ek hajar ek bhaneko hajar ra ek joddaa hunjaa, एक हजार पछि एक हजार एक भनेको हजार र एक जोड्दा हुन्जा
ek lakh pachi ek lakh ek bhaneko lakh ra ek joddaa hunjaa, एक लाख पछि एक लाख एक भनेको लाख र एक जोड्दा हुन्जा
baaRa ko gunaakar bhaneko baaraa ra baaraa joddaa chaubis hunjaa, बारहको गुणाकार भनेको बारह र बारह जोड्दा चौबिस हुन्जा
chaubis ko aadhaa bhaneko baaraa hunjaa ra tyo dui bhaag maa baantdaa, चौबिसको आधा भनेको बारह हुन्जा र त्यो दुई भागमा बाँट्दा
teis ko aadhaa bhaneko saaDhe baaRa hunjaa ra tyo baaraa ra aadhaa joddaa, तेइसको आधा भनेको साढे बारह हुन्जा र त्यो बारह र आधा जोड्दा
sattaaIs ko aadhaa bhaneko terhaa hunjaa ra tyo teis ra aadhaa joddaa, सत्ताइसको आधा भनेको तेर्हा हुन्जा र त्यो तेइस र आधा जोड्दा
gunanaa maa aadhaa bhaneko aantim maa arDhaa lekhin chha, गणनामा आधा भनेको अन्तिममा अर्धा लेखिन्छ
baaRa maa paanch joddaa saatraa hunjaa ra tyo baaRa paanch joddaa, बारहमा पाँच जोड्दा सत्र हुन्जा र त्यो बारह पाँच जोड्दा
teis maa chaar joddaa sattaaees hunjaa ra tyo teis chaar joddaa, तेइसमा चार जोड्दा सत्ताइस हुन्जा र त्यो तेइस चार जोड्दा
bis ra baaraa joddaa battis hunjaa ra tyo dui kaaTha ra dui pani ho, बिस र बारह जोड्दा बत्तिस हुन्जा र त्यो दुई काठ र दुई पनि हो
chaubis ra nau joddaa tettiIs hunjaa ra tyo chaar kaaTha ra chaar pani ho, चौबिस र नौ जोड्दा तेत्तिस हुन्जा र त्यो चार काठ र चार पनि हो
pachchis ra saat joddaa battis hunjaa ra tyo paanch kaaTha ra dui pani ho, पच्चिस र सात जोड्दा बत्तिस हुन्जा र त्यो पाँच काठ र दुई पनि हो
bais maa teis joddaa pachchattar hunjaa ra tyo ek kaaTha ra aathaaTha ho, बाइसमा तेइस जोड्दा पच्चत्तर हुन्जा र त्यो एक काठ र अठाइस हो
ek lakh maa das hajar joddaa ek lakh das hajar hunjaa, एक लाखमा दस हजार जोड्दा एक लाख दस हजार हुन्जा
ek karod maa ek lakh joddaa ek karod ek lakh hunjaa, एक करोडमा एक लाख जोड्दा एक करोड एक लाख हुन्जा
sankhyaa haru ko naam maa aantim maa ek ka sthaan maa ekaaTha lekhchhan, सङ्ख्या हरूको नाममा अन्तिममा एकको स्थानमा एकाठ लेख्छन्
sankhyaa haru ko naam maa aantim maa tis ka sthaan maa tettiIs lekhchhan, सङ्ख्या हरूको नाममा अन्तिममा तिसको स्थानमा तेत्तिस लेख्छ्छन्
sankhyaa haru ko naam maa aantim maa chaalis ka sthaan maa chaalIs lekhchhan, सङ्ख्या हरूको नाममा अन्तिममा चालिसको स्थानमा चालिस लेख्छन्
sankhyaa haru ko naam maa aantim maa saathi ka sthaan maa saathI lekhchhan, सङ्ख्या हरूको नाममा अन्तिममा साठीको स्थानमा साठी लेख्छन्
sankhyaa haru ko naam maa aantim maa sattari ka sthaan maa sattarI lekhchhan, सङ्ख्या हरूको नाममा अन्तिममा सत्तरीको स्थानमा सत्तरी लेख्छन्
sankhyaa haru ko naam maa aantim maa assi ka sthaan maa assI lekhchhan, सङ्ख्या हरूको नाममा अन्तिममा अस्सीको स्थानमा अस्सी लेख्छन्
sankhyaa haru ko naam maa aantim maa nabbe ka sthaan maa nabbE lekhchhan, सङ्ख्या हरूको नाममा अन्तिममा नब्बेको स्थानमा नब्बे लेख्छन्
gunanaa ra jodanaa maa nepali bhaashaa maa kaaTha paani ko vyawahar chha, गणना र जोडना मा नेपाली भाषामा काठ पानीको व्यवहार छ
ek lakh bhaneko sau sau ko gunaakar ho bhanne pani manchhe bhanchhan, एक लाख भनेको सौ सौको गुणाकार हो भन्ने पनि मान्छे भन्छन्
ek karod bhaneko lakh lakh ko gunaakar ho bhanne bichaar chha, एक करोड भनेको लाख लाखको गुणाकार हो भन्ने विचार छ
bikram samvat ko eka uunchaalis saal, shrawan maase ko kalaaro aTTha gate ko raati, katThamaaDaau ko hanumaandhoka darbaar bhitra ghaTeko yek bhayaanak ghaTanaa thiyo, विक्रम संवत् को एक उन्चालीस साल, श्रावण महिनेको कालारो अठ्ठ गतेको राती, काठमाडौंको हनुमान्धोका दरबार भित्र घटेको येक भयानक घटना थियो
shree panch birendra bir bikram shaah dev ra unko samasta parivaar lai tyahii raati senaa ko kai jana sainik haru dwaraa hatyaa gariyeko thiyo, श्री पञ्च वीरेन्द्र बीर विक्रम शाह देव र उनको समस्त परिवार लाई त्यही राती सेना को कै जना सैनिक हरू द्वारा हत्या गरियेको थियो
yaha ghaTanaa nepali itihaas ko sabaai bhandaa kaalo din maadhye ekaa thiyo, यह घटना नेपाली इतिहास को सबै भन्दा कालो दिन मध्ये एक थियो
tyo raati shahi parivaar ko bhojan phalaaunu bhaera ekTThaa bhaeka kshan maa yasto hatyaakand ghaTyo, त्यो राती शाही परिवार को भोजन फलाउनु भएर एकठाउँ भएका क्षणमा यस्तो हत्याकाण्ड घट्यो
yahaa shree panch diraendra shaah ra unkaa chhoraa shree panch birendra bir bikram shaah dev bich ko samwaad pani bhaeko thiyo, यहाँ श्री पञ्च दीरेन्द्र शाह र उनका छोरा श्री पञ्च वीरेन्द्र बीर विक्रम शाह देव बिचको सम्वाद पनि भएको थियो
raaj daaru kaaran diraendra le niji astra prayog gareko karan birendra shaah dwandhamaa parnu paryo, राज दारु कारण दीरेन्द्र ले निजी अस्त्र प्रयोग गरेको कारण वीरेन्द्र शाह द्वन्द्वमा पर्नु पर्यो
pachi tyahii raati diraendra le aaphnai tan maa banaaeko banduk le aatma hatyaa gareko khabar prakaash bhaeko thiyo, पछि त्यही राती दीरेन्द्र ले आफ्नै तनमा बनाएको बन्दुक ले आत्म हत्या गरेको खबर प्रकाश भएको थियो
tara yo kuraa maa dherai prakaar ko sanka ra sandeh chhan ra nepali jantaako chhaati maa ekaa gehro ghaau chha, तर यो कुरामा धेरै प्रकारको शङ्का र सन्देह छन् र नेपाली जनताको छातीमा एक गहरो घाउ छ
ghaTanaa pachi desh maa kaanoon vyavastha bhangera chaubaadi din samma curfew laagaeko thiyo, घटना पछि देशमा कानून व्यवस्था भङ्गेर चौबीसी दिन सम्म कर्फ्यू लागाएको थियो
nepal ko shasan vyavastha maa ekaa phere aaeko mahaantaapurna parivartan yahii ghaTanaale laayeko thiyo, नेपाल को शासन व्यवस्था मा एक फेर आएको महान्तापूर्ण परिवर्तन यही घटनाले ल्याएको थियो
raaj parivaar ko yasto nirdharit hatyaa bhaeko khaabar sunepachi sampurna nepali jantaa sokama dubi gayeko thiyo, राज परिवार को यस्तो निर्धारित हत्या भएको खबर सुनेपछि सम्पूर्ण नेपाली जनता शोकमा डुबी गएको थियो
ghaTanaako ekaa barsha pachi tyo ghaTanaasambandhi aarop maa parne sainik haru lai sajaa diyeko thiyo, घटनाको एक बर्ष पछि त्यो घटनासम्बन्धी आरोप मा पर्ने सैनिक हरू लाई सजाय दिएको थियो
tara yo ghaTanaa ko khaari sachchai ke thiyo bhanne prashna aajhai pani jantaa ko man maa khaarikhari chha, तर यो घटना को खारी सच्चाई के थियो भन्ने प्रश्न अझै पनि जनता को मनमा खारिखरी छ
darbaar hatyaakand pachi shree panch birendra ko kaanchho chhoraa shree panch gyannendra bir bikram shaah dev gaddi maa basnu bhaeko thiyo, दरबार हत्याकाण्ड पछि श्री पञ्च वीरेन्द्र को कान्छो छोरा श्री पञ्च ज्ञानेन्द्र बीर विक्रम शाह देव गद्दी मा बस्नु भएको थियो
yo ghaTanaale nepalko raajneetik dhashaa lai purnarup maa paribartan ghari diyeko thiyo, यो घटनाले नेपालको राजनीतिक दशा लाई पूर्णरूप मा परिवर्तन घरि दिएको थियो
aajhai tyo ghaTanaako sachchai khaolaaunu bhaeko chhaina ra dherai nepali le tyo din laai smaran garekaa hunchhan, अझै त्यो घटनाको सच्चाई खोलाउनु भएको छैन र धेरै नेपाली ले त्यो दिन लाई स्मरण गरेका हुन्छन्
darbaar hatyaakand pachi desh maa chhaubaadi din samma raajkiya shok ghosanaa gariyeko thiyo, दरबार हत्याकाण्ड पछि देशमा चौबीसी दिन सम्म राजकीय शोक घोषणा गरियेको थियो
tyo ghaTanaamaa marekaa shahi parivaar ka sarira haru lai pashupati ko aarati ghat maa asthi sanchaalan gariyeko thiyo, त्यो घटनामा मरेका शाही परिवार का शरीर हरू लाई पशुपति को आरती घाटमा अस्थि सञ्चालन गरियेको थियो
sampurna desh le tyo din laai kaalo dibas ko rup maa samjheko chha ra aajhai pani tyas kuraamaa boleko chha, सम्पूर्ण देश ले त्यो दिन लाई कालो दिवस को रूप मा सम्झेको छ र अझै पनि त्यस कुरामा बोलेको छ
yo ghaTanaako baare maa dherai kitaab lekhii sakekaa chhan ra anek chalachitra haru pani banaaeka chhan, यो घटनाको बारेमा धेरै किताब लेखी सकेका छन् र अनेक चलचित्र हरू पनि बनाइका छन्
tara nepali itihaas ko yo kaalo paat laai kahilyai pani saafaa garna sakinna bhanne mat chha, तर नेपाली इतिहास को यो कालो पाट लाई कहिल्यै पनि सफा गर्न सकिन्न भन्ने मत छ
bikram samvat eka uunchaalis shrawan aTTha gate ko raati laai nepali jantaale kahilyai pani birsinna, विक्रम संवत् एक उन्चालीस श्रावण अठ्ठ गतेको राती लाई नेपाली जनताले कहिल्यै पनि बिर्सिन्न
darbaar hatyaakand pachi desh maa shanti vyavastha kayaam garna saainik bal laai naai thau maa tainaat gariyeko thiyo, दरबार हत्याकाण्ड पछि देशमा शान्ति व्यवस्था कायम गर्न सैनिक बल लाई नै ठाउँमा तैनात गरियेको थियो
yo ghaTanaako baare maa anek srot haru le alag alag katha bhaneka chhan ra yekmat hunu garho chha, यो घटनाको बारेमा अनेक स्रोत हरूले अलग अलग कथा भनेका छन् र एकमत हुनु गाह्रो छ
tara yo ghaTanaa nepalko raajneetik ra saamaajik jeevan maa ekaa karaa pherne mohan bhaeko thiyo, तर यो घटना नेपालको राजनीतिक र सामाजिक जीवन मा एक क्रान्तिकारी फेरने मोहन भएको थियो
aaja pani tyo ghaTanaaka saaT saal pachi pani nepali jantaa ko man maa tyo dukhad ghaTanaa jiwit chha, आज पनि त्यो घटनाका सात साल पछि पनि नेपाली जनता को मनमा त्यो दुखद घटना जीवित छ
shree panch birendra bir bikram shaah dev ra unko parivaar ko smriti maa haami aaj pani sammaan gardachhau, श्री पञ्च वीरेन्द्र बीर विक्रम शाह देव र उनको परिवार को स्मृति मा हामी आज पनि सम्मान गर्दछौं
girija prasaad koirala ko netritwamaa bhaeko nepal ko pahilo prashasan le icchhaa bire २००००० saahayata diyeko aarop maa parne eka ghaTana thiyo, गिरिजा प्रसाद कोइराला को नेतृत्वमा भएको नेपाल को पहिलो प्रशासनले इच्छा बिरे २००००० सहायता दिएको आरोपमा पर्ने एक घटना थियो
tara mool ghaTana bhane indian airlines ko flight ic८१४ laai kathmandu bata delhi jaa~daa hijack gariyeko thiyo, तर मूल घटना भने इन्डियन एअरलाइन्स को फ्लाइट आइसी८१४ लाई काठमाडौंबाट दिल्ली जाँदा हाईज्याक गरियेको थियो
bikram samvat dui hajaar chaapanna saal paush gate panch ko din yasto ghaTana ghaTeko thiyo, विक्रम संवत् दुई हजार छपन्न साल पौष गते पाँचको दिन यस्तो घटना घटेको थियो
hijack garne manche haru le nepali thaa bhayeko karan kathmandu airport maa plane rokera bahan maagekaa thiyo, हाईज्याक गर्ने मान्छे हरूले नेपाली ठाउँ भएको कारण काठमाडौं एअरपोर्टमा प्लेन रोकेर बाहन मागेका थियो
tini hijacker haru le aaphno maageko maang puraa nagari ek haptaako lagi kathmandu airport maa plane rokera basekaa thiyo, तिनी हाईज्याकर हरूले आफ्नो मागेको माँग पूरा नगरी एक हप्ताको लागि काठमाडौं एअरपोर्टमा प्लेन रोकेर बसेका थियो
plane maa bhaeka yatri haru laai talwaar ra bandukko prayog gardai hostage banaayera rakhiyeko thiyo, प्लेनमा भएका यात्री हरूलाई तलवार र बन्दुकको प्रयोग गर्दै होस्टेज बनाएर राखियेको थियो
nepal sarkaar le tyo samay maa kya garyo bhanne kuraamaa dherai prakaar ko aarop ra aalochan aaeka chhan, नेपाल सरकारले त्यो समयमा क्या गर्यो भन्ने कुरामा धेरै प्रकारको आरोप र आलोचना आएका छन्
khabar anusaar hijacker haru le maageko maang maa musalmaan kaidiharuko chhutkaaraa pani thiyo, खबर अनुसार हाईज्याकर हरूले मागेको माँगमा मुसलमान कैदीहरूको छुटकारा पनि थियो
plane hijack ghaTana pachi kathmandu airport bata udaayera akhir maa kandahar afganistan maa utaar garekaa thiyo, प्लेन हाईज्याक घटना पछि काठमाडौं एअरपोर्टबाट उडाएर अन्तिममा कन्धार अफगानिस्तानमा उतार गरेका थियो
afganistan maa taliban shasan bhaeko karan tyahaa hijacker haru le aaphno maang puraa garne aashaa garekaa thiyo, अफगानिस्तानमा तालिबान शासन भएको कारण त्यहाँ हाईज्याकर हरूले आफ्नो माँग पूरा गर्ने आशा गरेका थियो
ghaTana pachi nepal sarkaar lai tyo samay maa hijacker haru lai rokna asafal bhaeko aarop lageko thiyo, घटना पछि नेपाल सरकार लाई त्यो समयमा हाईज्याकर हरूलाई रोक्न असफल भएको आरोप लागेको थियो
girija prasaad koirala tyo belaa pradhaan mantri thiyo ra unko prashasan lai tyas ghaTanaako laagi jimmedaar ठहराईyeko thiyo, गिरिजा प्रसाद कोइराला त्यो बेला प्रधान मन्त्री थियो र उनको प्रशासनलाई त्यस घटनाको लागि जिम्मेदार ठहराइएको थियो
hijack ghaTana pachi nepal ko international airport ko surakshyaa byavasthaamaa dherai kami raheko bhanne aalochan aaeko thiyo, हाईज्याक घटना पछि नेपालको इन्टरनेशनल एअरपोर्टको सुरक्षा व्यवस्थामा धेरै कमी रहेको भन्ने आलोचना आएको थियो
tyo ghaTanaako parinaam swarup nepal ra bhaarat ko sambandha maa pani kehi dina laagi tanaab bhayeko thiyo, त्यो घटनाको परिणाम स्वरुप नेपाल र भारतको सम्बन्धमा पनि केही दिन लागि तनाव भएको थियो
hijacker haru le aaphno maang puraa gare pachhi ant maa hostage laai chhodera palaayeka thiyo, हाईज्याकर हरूले आफ्नो माँग पूरा गरे पछि अन्तमा होस्टेजलाई छोडेर पलायेका थियो
tyo ghaTanaa pachhi nepal sarkaar le airport surakshyaa lai katiyo bhanne kuraamaa pani charchaa bhaeko thiyo, त्यो घटना पछि नेपाल सरकारले एअरपोर्ट सुरक्षा लाई कटियो भन्ने कुरामा पनि चर्चा भएको थियो
girija prasaad koirala le aaphno aatmakathaa maa pani yo ghaTanaako baare maa lekhdai aafu lai dosh chhaina bhaneeka chhan, गिरिजा प्रसाद कोइराला ले आफ्नो आत्मकथामा पनि यो घटनाको बारेमा लेख्दै आफूलाई दोष छैन भनेका छन्
tara dherai aalochanakarta haru le nepal sarkaar le tyo samay maa hijacker haru lai rokna prayas nagareko bhanne daawaa garekaa chhan, तर धेरै आलोचनाकर्ता हरूले नेपाल सरकारले त्यो समयमा हाईज्याकर हरूलाई रोक्न प्रयास नगरेको भन्ने दावा गरेका छन्
plane hijack ghaTana pachi nepal laai international maa dherai jasoosi ra surakshyaa kami bhaeko bhanne aarop lageko thiyo, प्लेन हाईज्याक घटना पछि नेपाललाई इन्टरनेशनलमा धेरै जासूसी र सुरक्षा कमी भएको भन्ने आरोप लागेको थियो
yo ghaTanaale nepal ko tourism maa pani thoraa samay ko laagi asar gareko thiyo, यो घटनाले नेपालको टुरिजममा पनि थोरै समयको लागि असर गरेको थियो
hijack ghaTana pachi nepal police ra airport authority le aaphno surakshyaa byavastha maa sudhar gareko thiyo, हाईज्याक घटना पछि नेपाल पुलिस र एअरपोर्ट अथोरिटीले आफ्नो सुरक्षा व्यवस्थामा सुधार गरेको थियो
tara aaja pani tyo ghaTanaako baare maa dherai kuraa bolekaa chhan ra kahile kahi raajneetik daawaa pani bhaeko chha, तर आज पनि त्यो घटनाको बारेमा धेरै कुरा बोलेका छन् र कहिलेकाही राजनीतिक दावा पनि भएको छ
girija prasaad koirala ko jeevan kaal maa yo ekaa bhayaanak ghaTanaa thiyo ra unko netritwalaai prashna uthaayeko thiyo, गिरिजा प्रसाद कोइराला को जीवन कालमा यो एक भयानक घटना थियो र उनको नेतृत्वलाई प्रश्न उठाएको थियो
aaja pani tyo hijack ghaTanaa nepal ko civil aviation history maa ekaa kaalo paat ho bhanne mat chha, आज पनि त्यो हाईज्याक घटना नेपालको सिविल एभिएशन इतिहासमा एक कालो पाट हो भन्ने मत छ
hijacker haru le plane maa hostage liyera basdaa nepali airport authority le kya garna sakthyo bhanne prashna chha, हाईज्याकर हरूले प्लेनमा होस्टेज लिएर बस्दा नेपाली एअरपोर्ट अथोरिटीले क्या गर्न सक्थ्यो भन्ने प्रश्न छ
tyo ghaTanaa pachhi dherai desh haru le nepal maa flight operation laai thoraa samay ko laagi rokeko thiyo, त्यो घटना पछि धेरै देश हरूले नेपालमा फ्लाइट अपरेसन लाई थोरै समयको लागि रोकेको थियो
girija prasaad koirala le tyo ghaTanaako baare maa aaphno side bata kati kuraa bhaneka chhan tara tyo sabai maa satya kati chha thaha chhaina, गिरिजा प्रसाद कोइराला ले त्यो घटनाको बारेमा आफ्नो साइडबाट कति कुरा भनेका छन् तर त्यो सबैमा सत्य कति छ थाह छैन
plane hijack ghaTanaa bhaeko saal pachhi nepal le airport surakshyaa maa dherai investment gareko thiyo, प्लेन हाईज्याक घटना भएको साल पछि नेपालले एअरपोर्ट सुरक्षामा धेरै इन्भेस्ट्मेन्ट गरेको थियो
aaja pani kathmandu airport maa tyo ghaTanaako smaran maa surakshyaa byavastha laai dherai mahattwa diyeko chha, आज पनि काठमाडौं एअरपोर्टमा त्यो घटनाको स्मरणमा सुरक्षा व्यवस्था लाई धेरै महत्व दिएको छ
yo ghaTanaa bhaeko ek barsha pachi hijacker haru laai pakraayera sajaa dinuparyo bhanne aashaa garekaa thiyo, यो घटना भएको एक बर्ष पछि हाईज्याकर हरूलाई पक्राएर सजाय दिनुपर्यो भन्ने आशा गरेका थियो
tara tyo ghaTanaako baare ko sabai kuraa aaja samma chhapaako chaina ra kehi rahasyamay chhan, तर त्यो घटनाको बारेको सबै कुरा आज सम्म छापाको छैन र केही रहस्यमय छन्
girija prasaad koirala ko netritwamaa bhaeko tyo hijack ghaTanaa unko raajneetik jeevan ko ekaa chunauti po thiyo, गिरिजा प्रसाद कोइराला को नेतृत्वमा भएको त्यो हाईज्याक घटना उनको राजनीतिक जीवनको एक चुनौति पो थियो
nepal ko itihaas maa yo ghaTanaa dherai chhoto rahepani ekaa mahattwapoorn ghaTanaa ho bhanne maanchhe chhan, नेपालको इतिहासमा यो घटना धेरै छोटो रहेपनि एक महत्त्वपूर्ण घटना हो भन्ने मान्छे छन्
hijack ghaTanaa pachhi nepal police le aaphno airport surakshyaa maa dherai naya technology ko prayog garna thaaleko thiyo, हाईज्याक घटना पछि नेपाल पुलिसले आफ्नो एअरपोर्ट सुरक्षामा धेरै नयाँ टेक्नोलोजीको प्रयोग गर्न थालेको थियो
tyo ghaTanaako aajhai pani dherai kuraa anjaam samma pugekaa chainan ra yasbaare maa charchaa hunchha, त्यो घटनाको अझै पनि धेरै कुरा अञ्जाम सम्म पुगेका छैनन् र यसबारेमा चर्चा हुन्छ
girija prasaad koirala le aaphno kaal maa yo ghaTanaako baare maa kehi galti maaneko thiyena, गिरिजा प्रसाद कोइराला ले आफ्नो कालमा यो घटनाको बारेमा केही गल्ति मानेको थिएन
tara nepal ko jantaako drishti maa yo ghaTanaa nepali prashasan ko ekaa asafaltaa thiyo, तर नेपालको जनताको दृष्टिमा यो घटना नेपाली प्रशासनको एक असफलता थियो
aaja samma pani tyo hijack ghaTanaako baare maa lekhne haru le alag alag mat dirakhekaa chhan, आज सम्म पनि त्यो हाईज्याक घटनाको बारेमा लेख्ने हरूले अलग अलग मत दिराखेका छन्
yo ghaTanaa bhaeko saal dekhi nepal ko airport maa surakshyaa chakki maa dherai badlaa aayeko chha, यो घटना भएको साल देखि नेपालको एअरपोर्टमा सुरक्षा चक्कीमा धेरै बदलाव आएको छ
girija prasaad koirala ko netritwalaai tyo ghaTanaale dherai prakaar le prabhawit gareko thiyo, गिरिजा प्रसाद कोइराला को नेतृत्वलाई त्यो घटनाले धेरै प्रकारले प्रभावित गरेको थियो
nepal ko civil aviation authority le tyo ghaTanaa pachhi dherai naya niyam haru laagu gareko thiyo, नेपालको सिविल एभिएशन अथोरिटीले त्यो घटना पछि धेरै नयाँ नियम हरू लागू गरेको थियो
hijack ghaTanaa ko aajhai pani kehi rahasyamay paahaa chhan ra tyo kholna dherai le chahanchhan, हाईज्याक घटना को अझै पनि केही रहस्यमय पाहा छन् र त्यो खोल्न धेरैले चाहन्छन्
khukuri nepali ko gaurav ra shaan ho ra yo mero pahichaan pani ho, खुकुरी नेपालीको गौरव र शान हो र यो मेरो पहिचान पनि हो
yo lauhako banaaeko ek hathyar ho jo nepali senaa ra gurkhaharu sanga sadaai sambandhit raheko chha, यो लौहको बनाइएको एउटा हत्यार हो जो नेपाली सेना र गुरखाहरू संग सधै सम्बन्धित रहेको छ
khukuri ko taal maa dhaara ra dhara duwai hunchha ra yo ekprades ra bishesh kaamko laagi prayog hunchha, खुकुरीको तालमा धार र धार दुई हुन्छ र यो एकप्रदेश र विशेष कामको लागि प्रयोग हुन्छ
khukurile nepali itihaas maa dherai yuddh haru jitna sahayog gareko chha ra aaja pani yo prateek swatantrata ko chha, खुकुरीले नेपाली इतिहासमा धेरै युद्धहरू जित्न सहयोग गरेको छ र आज पनि यो प्रतीक स्वतन्त्रताको छ
khukuri banaaune shilpiharulai kamiya bhaninchha ra uniharuko hunar aajhai pani prasiddha chha, खुकुरी बनाउने शिल्पिहरूलाई कामिया भनिन्छ र उनीहरूको हुनर अझै पनि प्रसिद्ध छ
khukuri sanga sambandhit dherai dharma ra paramparaa chhan ra yo nepali sanskritiko ek ang ho, खुकुरी संग सम्बन्धित धेरै धर्म र परम्परा छन् र यो नेपाली संस्कृतिको एक अङ्ग हो
khukuri lai nepali senaamaa pani prayog garchhan ra yo uniharuko uniform ko ek bhaag ho, खुकुरीलाई नेपाली सेनामा पनि प्रयोग गर्छन् र यो उनीहरूको युनिफर्मको एक भाग हो
khukuri banaauna laagi faalcha, chaape, khaaTi ra aru dherai samagri chahinchha, खुकुरी बनाउन लागि फाल्चा, चापे, खाटी र अरू धेरै सामग्री चाहिन्छ
khukuri ko taal maa chaar inch dekhi barah inch samma lambaa huna sakchha, खुकुरीको तालमा चार इन्च देखि बारह इन्च सम्म लम्बा हुन सक्छ
khukuri banaaune kaam maa haatko hunar chahinchha ra ekdamai garho hunjaa, खुकुरी बनाउने काममा हातको हुनर चाहिन्छ र एकदमै गाह्रो हुन्जा
khukuri sanga jodiyeko ek chhoto hathyar pani hunchha ra tyaslai chakmak bhaninchha, खुकुरी संग जोडिएको एउटा छोटो हत्यार पनि हुन्छ र त्यसलाई चक्मक भनिन्छ
nepali khukuri aru desh haru maa pani prasiddha chha ra dherai le souvenir ko rup maa kinchhan, नेपाली खुकुरी अरू देश हरूमा पनि प्रसिद्ध छ र धेरैले सुभिनियरको रूपमा किन्छन्
khukuri banaaune paramparaa aamaa samma bata aaeko chha ra yasle nepali samaj maa mahattwapoorn sthaan paayeko chha, खुकुरी बनाउने परम्परा आमा सम्म बाट आएको छ र यसले नेपाली समाजमा महत्त्वपूर्ण स्थान पाएको छ
khukuri lai kehi maanchhe le pujaako samagri ko rup maa pani prayog garchhan, खुकुरीलाई केही मान्छेले पूजाको सामग्रीको रूपमा पनि प्रयोग गर्छन्
khukuri ko taal maa banaaeko naak bhanne ek bhaag hunchha ra tyo sundarta ko laagi hunchha, खुकुरीको तालमा बनाइएको नाक भन्ने एक भाग हुन्छ र त्यो सुन्दरताको लागि हुन्छ
khukuri banaaune kaam maa lageko aago ko taap maatra le nai hunar dekhaauchha, खुकुरी बनाउने काममा लगेको आगोको ताप मात्रले नै हुनर देखाउँछ
nepali khukuri ko itihaas angrej yuddh dekhi aaj samma chha ra yo sadaikai gauravko bishay ho, नेपाली खुकुरीको इतिहास अङ्ग्रेज युद्ध देखि आज सम्म छ र यो सधैकै गौरवको विषय हो
khukuri banaaune hunar aaja pani nepalko himalayan kshetra maa prachalan maa chha, खुकुरी बनाउने हुनर आज पनि नेपालको हिमालयन क्षेत्रमा प्रचलनमा छ
khukuri lai nepali bhaashaa maa "khukuri" nai bhaninchha ra yo shabd lekhdaa pani tyasai lekhin chha, खुकुरीलाई नेपाली भाषामा "खुकुरी" नै भनिन्छ र यो शब्द लेख्दा पनि त्यसै लेखिन्छ
khukuri sanga sambandhit geet haru pani chhan ra yo nepali sanskritiko ek bhaag ho, खुकुरी संग सम्बन्धित गीत हरू पनि छन् र यो नेपाली संस्कृतिको एक भाग हो
khukuri banaaune shilpiharuko basti nepal ko dhaad pahad maa chha ra uniharuko hunar aajhai jiwit chha, खुकुरी बनाउने शिल्पिहरूको बस्ती नेपालको ढाड पहाडमा छ र उनीहरूको हुनर अझै जीवित छ
khukuri ko upyog aaja kaal maa ghar ko kaam maa pani hunchha ra yo nepali haruko dinchartiko bhaag ho, खुकुरीको उपयोग आज कालमा घरको काममा पनि हुन्छ र यो नेपाली हरूको दिनचर्याको भाग हो
khukuri banaaune paramparaagat bidhi aamaa samma aaeko chha ra yo aajhai pani chalinchha, खुकुरी बनाउने परम्परागत बिधी आमा सम्म आएको छ र यो अझै पनि चलिन्छ
khukuri ko mulya aaja kaal maa dherai badhisakyo tara tyo mahattwa kam bhaeko chhaina, खुकुरीको मुल्य आज कालमा धेरै बढिसक्यो तर त्यो महत्व कम भएको छैन
khukuri banaaune hunar laai aaja kaal maa sikna lai dherai manchhe aau~ne garchhan, खुकुरी बनाउने हुनर लाई आज कालमा सिक्न लागि धेरै मान्छे आउने गर्छन्
khukuri ko taal banaauna laagi lageko mahaenat ra hunar ekdamai prashansaniya chha, खुकुरीको ताल बनाउन लागि लगेको मेहेनत र हुनर एकदमै प्रशंसनीय छ
khukuri sanga sambandhit kathaakaharu pani chhan ra yo nepali baato baatomaa sunin chha, खुकुरी संग सम्बन्धित कथाकाहरू पनि छन् र यो नेपाली बाटो बाटोमा सुनिन्छ
khukuri banaaune shilpiharuko paramparaa buba dekhi chhora samma janchha, खुकुरी बनाउने शिल्पिहरूको परम्परा बुबा देखि छोरा सम्म जान्छ
khukuri ko upyog yuddh maa matra hune bhaeko chhaina balki shikar ra aru kaammaa pani hunchha, खुकुरीको उपयोग युद्धमा मात्र हुने भएको छैन बल्कि शिकार र अरू काममा पनि हुन्छ
khukuri banaaune kaam maa lageko samagri haru sabai sthaanee hunuparchha, खुकुरी बनाउने काममा लगेको सामग्री हरू सबै स्थानीय हुनुपर्छ
khukuri ko taal maa jodiyeko kaaTha ko haat banaaune maa pani dherai hunar chahinchha, खुकुरीको तालमा जोडिएको काठको हात बनाउनेमा पनि धेरै हुनर चाहिन्छ
khukuri banaaune shilpiharuko aawaaj nepal ko pahad maa aajhai suninchha, खुकुरी बनाउने शिल्पिहरूको आवाज नेपालको पहाडमा अझै सुनिन्छ
khukuri sanga sambandhit chhada ra naach haru pani chhan ra yo nepali lok sanskritiko ang ho, खुकुरी संग सम्बन्धित छडा र नाच हरू पनि छन् र यो नेपाली लोक संस्कृतिको अङ्ग हो
khukuri banaaune paramparaa aaja kaal maa technology le gardaa pani na mareko chha, खुकुरी बनाउने परम्परा आज कालमा टेक्नोलोजीले गर्दा पनि न मरेको छ
khukuri ko taal maa banaaeko aakriti le pani bishesh artha rakhchha, खुकुरीको तालमा बनाइएको आकृतिले पनि विशेष अर्थ राख्छ
khukuri banaaune shilpiharule aaphno hunar laai aru laai sikaaunu pani garhaka bhaeko chhaina, खुकुरी बनाउने शिल्पिहरूले आफ्नो हुनर लाई अरू लाई सिकाउनु पनि गरहका भएको छैन
khukuri ko upyog nepali haruko jindagima aajhai mahattwapurna chha, खुकुरीको उपयोग नेपाली हरूको जिन्दगीमा अझै महत्त्वपूर्ण छ
khukuri banaaune shilpiharuko jeevan ekdamai saadhaaran ra kathor chha, खुकुरी बनाउने शिल्पिहरूको जीवन एकदमै साधारण र कठोर छ
khukuri sanga sambandhit melaa haru nepal ko dherai thau maa lagekaa hunchha, खुकुरी संग सम्बन्धित मेला हरू नेपालको धेरै ठाउँमा लागेका हुन्छ
khukuri banaaune hunar laai aaja kaal maa sarkaar le pani sammaan gareko chha, खुकुरी बनाउने हुनर लाई आज कालमा सरकारले पनि सम्मान गरेको छ
khukuri ko taal maa banaaeko sundar kalaa haru le tyaslai mulyawan banaauchha, खुकुरीको तालमा बनाइएको सुन्दर कला हरूले त्यसलाई मूल्यवान बनाउँछ
khukuri banaaune paramparaa nepali samaj ko ekaa jiwat dastavej ho, खुकुरी बनाउने परम्परा नेपाली समाजको एक जीवत दस्तावेज हो
khukuri sanga sambandhit khabar haru aaja kaal maa samachaar maa pani dekhiyeko hunchha, खुकुरी संग सम्बन्धित खबर हरू आज कालमा समाचारमा पनि देखियेको हुन्छ
khukuri banaaune shilpiharuko aashish ra tapasya laai salam chha, खुकुरी बनाउने शिल्पिहरूको आशिष र तपस्या लाई सलाम छ
tihar ko tyohaar nepali sanskritiko ek mahattwapoorn ang ho ra yo kaag tihaar ko roop maa manaainchha, तिहारको त्योहार नेपाली संस्कृतिको एक महत्त्वपूर्ण अङ्ग हो र यो काग तिहारको रूपमा मनाइन्छ
tihar maa panch din samman kaag kukur gaai ra aafno bhaai ra didi laai sammaan garchham, तिहारमा पाँच दिन सम्मन काग कुकुर गाई र आफ्नो भाइ र दिदीलाई सम्मान गर्छौं
kaag tihaarko din maa kaag laai bhojan diyera sammaan gariyeko maanchhe le sujog paainchha, काग तिहारको दिनमा कागलाई भोजन दिएर सम्मान गरियेको मान्छेले सुजोग पाइन्छ
kukur tihaarko din maa kukur laai mithai khaaaera tyasle ghar ko rakshyaa garchha bhanne biswaas chha, कुकुर तिहारको दिनमा कुकुरलाई मिठाई खाइएर त्यसले घरको रक्ष्या गर्छ भन्ने विश्वास छ
gaai tihaarko din maa gaai laai poojaa gariyera tyasle dhan ra samriddhi dinchha bhanne chha, गाई तिहारको दिनमा गाईलाई पूजा गरिएर त्यसले धन र समृद्धि दिन्छ भन्ने छ
laxmi pujaako din maa ghar ko jhyal daraajaa kholera laxmi swaagan garchham ra tyo din rati jagaaraa garchham, लक्ष्मी पूजाको दिनमा घरको झ्याल दराजा खोलेर लक्ष्मी स्वागन गर्छौं र त्यो दिन राति जगारा गर्छौं
bhaitikaako din maa didi le bhaai laai tikaa lagaayera jamaraa ra malaa diyera aashish dinchha, भाइटीकाको दिनमा दिदीले भाइलाई टिका लगाएर जमरा र माला दिएर आशिष दिन्छ
tihar ko tyohaar maa deusi ra bhaailo geet gaaera ghar ghar maa bhiksha maagne paramparaa chha, तिहारको त्योहारमा देउसी र भाइलो गीत गाएर घर घरमा भिक्षा माग्ने परम्परा छ
tihar maa ghar ghar maa batti ra diyo baaleera suhaaune paramparaa chha ra tyo rati ko raunak ekdam chha, तिहारमा घर घरमा बत्ति र दियो बालेर सुहाउने परम्परा छ र त्यो रातिको रौनक एकदम छ
tihar ko aago maa aalu ra muraa pakaayera khaane chalan chha ra yo aamaa le banaaune bhojan hunchha, तिहारको आगोमा आलु र मुरा पकाएर खाने चलन छ र यो आमाले बनाउने भोजन हुन्छ
tihar maa banaaune sel roti ra aaruwaa mithai ko bishesh mahattwa chha ra yo nepali paksha paddhati ho, तिहारमा बनाउने सेल रोटी र आरुवा मिठाईको विशेष महत्व छ र यो नेपाली पक्ष पद्धति हो
tihar ko aawaan maa dherai prakaar ko phulaa haru prayog hunchha ra tyo ghar laai sajaaune kaam maa aau~chha, तिहारको आवाहनमा धेरै प्रकारको फूल हरू प्रयोग हुन्छ र त्यो घरलाई सजाउने काममा आउँछ
kaag tihaarko din maa kaag le saanjh ko samaya maa bhojan khaaera aashish dinchha bhanne chha, काग तिहारको दिनमा कागले साँझको समयमा भोजन खाएर आशिष दिन्छ भन्ने छ
kukur tihaarko din maa kukur laai sundar malaa ra mithai diyera sammaan garchham, कुकुर तिहारको दिनमा कुकुरलाई सुन्दर माला र मिठाई दिएर सम्मान गर्छौं
gaai tihaarko din maa gaai laai aago maa pakaayeko bhaat ra daal khwaaera poojaa garchham, गाई तिहारको दिनमा गाईलाई आगोमा पकाएको भात र दाल ख्वाएर पूजा गर्छौं
laxmi pujaako rati maa ghar ko aagan maa rangoli banaaune chalan chha ra tyo sundar dekhinchha, लक्ष्मी पूजाको रातिमा घरको आँगनमा रङ्गोली बनाउने चलन छ र त्यो सुन्दर देखिन्छ
bhaitikaako din maa didi le bhaai ko taauko maa tikaa ra jamaraa lagaayera dherai saubhagya ko kaamanaa garchha, भाइटीकाको दिनमा दिदीले भाइको टाउकोमा टिका र जमरा लगाएर धेरै सौभाग्यको कामना गर्छ
tihar ko deusi ra bhaailo maa gaau gaau maa naachera geet gaaera manaaune chalan chha, तिहारको देउसी र भाइलोमा गाउँ गाउँमा नाचेर गीत गाएर मनाउने चलन छ
tihar maa ghar ghar maa chyangaa ra murchunga baajaune paramparaa chha ra yo sangeet ekdam manohar hunchha, तिहारमा घर घरमा च्याङ्गा र मुर्चुङ्गा बाजाउने परम्परा छ र यो सङ्गीत एकदम मनोहर हुन्छ
tihar ko tyohaar le nepali haruko bich maa prem ra ektaa badhaaune kaam garchha, तिहारको त्योहारले नेपाली हरूको बिचमा प्रेम र एकता बढाउने काम गर्छ
tihar maa banaaune khaja haru maa chakulet, laddu ra anarsaa ko bishesh sthaan chha, तिहारमा बनाउने खाजा हरूमा चकुलेट, लड्डु र अनारसाको विशेष स्थान छ
tihar ko saath maa aau~ne dussera ko tyohaar pani bishesh chha ra yo hindu dharma maa mahattwapoorn din ho, तिहारको साथमा आउने दशैंरको त्योहार पनि विशेष छ र यो हिन्दू धर्ममा महत्त्वपूर्ण दिन हो
tihar maa bachhaa haru le aatashbaji ra phulbaaji chalaaune chalan chha ra yo sundar dekhinchha, तिहारमा बच्चाहरूले आताशबाजी र फुलबाजी चलाउने चलन छ र यो सुन्दर देखिन्छ
tihar ko bhaailo ra deusi maa gaau ka manche haru ekThaa bhaera sangeet ra naach garchhan, तिहारको भाइलो र देउसीमा गाउँका मान्छे हरू एकठाउँ भएर सङ्गीत र नाच गर्छन्
tihar maa banaaune sel roti laai ghar maa aamaa le banaaunu nai bhaeko ramro hunchha, तिहारमा बनाउने सेल रोटीलाई घरमा आमाले बनाउनु नै भएको राम्रो हुन्छ
tihar ko tyohaar le nepali haru ko bich maa saajhaa saanskritik mulya haru baaDhaaune kaam garchha, तिहारको त्योहारले नेपाली हरूको बिचमा साझा सांस्कृतिक मूल्य हरू बढाउने काम गर्छ
tihar maa ghar ghar maa rangaa rang ko batti haru baaleera suhaaune paramparaa chha, तिहारमा घर घरमा रङ्गा रङ्गको बत्ति हरू बालेर सुहाउने परम्परा छ
tihar ko deusi ra bhaailo maa gauney haatmaaTa gari aru ko ghar maa bhiksha maagne paramparaa chha, तिहारको देउसी र भाइलोमा गाउने हातमाट गरी अरूको घरमा भिक्षा माग्ने परम्परा छ
tihar ko aago maa pakaayeko khaanaa laai prasaad ko roop maa bhog garchham, तिहारको आगोमा पकाएको खानालाई प्रसादको रूपमा भोग गर्छौं
tihar maa didi le bhaai laai deko malaa laai rakshyaa sutra ko roop maa maaninechha, तिहारमा दिदीले भाइलाई दिएको मालालाई रक्ष्या सूत्रको रूपमा मानिनेछ
tihar ko tyohaar maa ghar ghar maa chhimeki ra naataa haru sanga milera manaainchha, तिहारको त्योहारमा घर घरमा छिमेकी र नाता हरू संग मिलेर मनाइन्छ
tihar ko saath maa aau~ne kaag tihaarko din maa kaag laai bhojan na dina le kharabi lai nimto bhanchhan, तिहारको साथमा आउने काग तिहारको दिनमा कागलाई भोजन न दिनले खराबीलाई निम्तो भन्छन्
tihar maa ghar ko saafaa safaaee ra saj sajavaT garera tyohaar laai suhaaune chalan chha, तिहारमा घरको सफा सफाइ र सज सजवट गरेर त्योहारलाई सुहाउने चलन छ
tihar ko tyohaar le nepali haru ko bich maa ekataa ra prem ko sandesh dina kaam garchha, तिहारको त्योहारले नेपाली हरूको बिचमा एकता र प्रेमको सन्देश दिन काम गर्छ
tihar maa banaaune mithai haru laai aru laai bhent swarup maa dina pani garincha, तिहारमा बनाउने मिठाई हरूलाई अरूलाई भेट स्वरूपमा दिन पनि गरिन्छ
tihar ko rati maa saraai raat jagera khelna ra mithai khaane chalan chha, तिहारको रातिमा सारै रात जागेर खेल्न र मिठाई खाने चलन छ
tihar ko tyohaar laai "deepaawali" pani bhanchhan ra yo prakash ko tyohaar ho, तिहारको त्योहारलाई "दीपावली" पनि भन्छन् र यो प्रकाशको त्योहार हो
tihar maa ghar ghar maa baaliko khelaai pani hunchha ra yo bachhaa haru ko laagi ekdam raamro hunchha, तिहारमा घर घरमा बालिको खेलाइ पनि हुन्छ र यो बच्चा हरूको लागि एकदम राम्रो हुन्छ
tihar ko bhaailo ra deusi maa dherai manche haru le naya naya geet haru banaauchhan, तिहारको भाइलो र देउसीमा धेरै मान्छे हरूले नया नया गीत हरू बनाउँछन्
tihar ko tyohaar le nepali sanskriti ra paramparaa laai aajhai baaDhaaune kaam garchha, तिहारको त्योहारले नेपाली संस्कृति र परम्परालाई अझै बढाउने काम गर्छ
tihar maa ghar ko bhitra ra bahira dherai prakaar ko saj sajavaT garincha, तिहारमा घरको भित्र र बाहिर धेरै प्रकारको सज सजवट गरिन्छ
tihar ko aago maa pakaayeko khaanaa laai dharma ra paramparaako anusaar khane garincha, तिहारको आगोमा पकाएको खानालाई धर्म र परम्पराको अनुसार खाने गरिन्छ
tihar ko tyohaar maa ghar ghar maa samuhik rup maa bhojan garne paramparaa chha, तिहारको त्योहारमा घर घरमा समूहिक रूपमा भोजन गर्ने परम्परा छ
tihar maa banaaune sel roti laai aago maa pakaayera khana bhaeko maja nai aru chhaina, तिहारमा बनाउने सेल रोटीलाई आगोमा पकाएर खान भएको मजा नै अरू छैन
tihar ko tyohaar le nepali haru ko jindagi maa sukha ra saubhagya laane kaam garchha, तिहारको त्योहारले नेपाली हरूको जिन्दगीमा सुख र सौभाग्य ल्याउने काम गर्छ
tihar maa ghar ghar maa baaliko khelaai ra phulbaaji le raunak badhcha, तिहारमा घर घरमा बालिको खेलाइ र फुलबाजीले रौनक बढ्छ
tihar ko bhaailo ra deusi maa manche haru le naya naya bhesh maa naachera aau~ne garchhan, तिहारको भाइलो र देउसीमा मान्छे हरूले नया नया भेषमा नाचेर आउने गर्छन्
tihar ko tyohaar laai nepal baira pani dherai thau maa manaainchha ra yo nepali sanskritiko ek mahaana ang ho, तिहारको त्योहारलाई नेपाल बाहिर पनि धेरै ठाउँमा मनाइन्छ र यो नेपाली संस्कृतिको एक महान अङ्ग हो
kathmandu ko hanuman dhoka darbaar ek puraano ra aitihaasik sthaan ho jo nepalko rich sanskriti ko prateek ho, काठमाडौंको हनुमान धोका दरबार एउटा पुरानो र ऐतिहासिक स्थान हो जो नेपालको रिच संस्कृतिको प्रतीक हो
yaha banaaeko kalaa ra sanrachanaa maa puraane malla ra shah kaal ko sundar nisans chha, यहाँ बनाइएको कला र संरचना मा पुराने मल्ल र शाह कालको सुन्दर निसान छ
hanuman dhoka ko naam yahaa sthapit hanuman ko murti ko karan raheko ho ra yo darbaar ko mukhya dwaar ho, हनुमान धोकाको नाम यहाँ स्थापित हनुमानको मूर्तिको कारण रहेको हो र यो दरबारको मुख्य द्वार हो
yaha ko naasaa darbaar maa bhaeko sundar jhyal haru aaja pani manohar dekhinchha ra tyo puraano shilpiharuko hunar dekhaauchha, यहाँको नासा दरबारमा भएको सुन्दर झ्याल हरू आज पनि मनोहर देखिन्छ र त्यो पुरानो शिल्पिहरूको हुनर देखाउँछ
hanuman dhoka darbaar ko bhitra ko chowk haru maa dherai prakaar ko murti ra kalaa dekhna paainchha, हनुमान धोका दरबारको भित्रको चौक हरूमा धेरै प्रकारको मूर्ति र कला देख्न पाइन्छ
taleju mandir jo yahaa banaaeko chha tyo nepalko uttam nagara shaili ko ek udaharana ho, तलेजु मन्दिर जो यहाँ बनाइएको छ त्यो नेपालको उत्तम नगर शैलीको एक उदाहरण हो
yahaa ko kaal bhairav ko murti ekdam bhayaanak ra sundar chha ra tyaslai dherai manche darshan garna aauchhan, यहाँको काल भैरवको मूर्ति एकदम भयानक र सुन्दर छ र त्यसलाई धेरै मान्छे दर्शन गर्न आउँछन्
panch mukhi hanuman ko murti pani yahaa banaaeko chha jo nepalko dhaarmik maanysataa ko prateek ho, पञ्च मुखी हनुमानको मूर्ति पनि यहाँ बनाइएको छ जो नेपालको धार्मिक मान्यताको प्रतीक हो
hanuman dhoka darbaar ko bhitra ko pati haru maa sundar chitra kaari gariyeko chha ra tyo nepali kalaa ko shreshth udaharana ho, हनुमान धोका दरबारको भित्रको पाटी हरूमा सुन्दर चित्रकारी गरियेको छ र त्यो नेपाली कलाको श्रेष्ठ उदाहरण हो
yahaa bhayeko kumari ghar maa raheko kumari laai darshan garna dherai manche aauchhan ra yo nepali paramparaako ang ho, यहाँ भएको कुमारी घरमा रहेको कुमारीलाई दर्शन गर्न धेरै मान्छे आउँछन् र यो नेपाली परम्पराको अङ्ग हो
hanuman dhoka darbaar ko aagan maa bhaeko sundar dhunge dharaa haru aaja pani chalinchha, हनुमान धोका दरबारको आँगनमा भएको सुन्दर धुङ्गे धारा हरू आज पनि चलिन्छ
yahaa ko gaddi baithak ko kaksh maa bhaeko sundar sinhaasan raajaa haru ko samay maa prayog hune thiyo, यहाँको गद्दी बैठकको कक्षमा भएको सुन्दर सिंहासन राजाहरूको समयमा प्रयोग हुने थियो
malla kaal maa banaaeko sundar naasaa chowk maa bhaeko murti haru aaja pani sundar dekhinchha, मल्ल कालमा बनाइएको सुन्दर नासा चौकमा भएको मूर्ति हरू आज पनि सुन्दर देखिन्छ
hanuman dhoka darbaar ko bhitra ko baaRa khwopa maa bhaeko sundar jhyal haru maa puraano kaal ko katha chha, हनुमान धोका दरबारको भित्रको बारह ख्वापमा भएको सुन्दर झ्याल हरूमा पुरानो कालको कथा छ
yahaa banaaeko lohon chowk maa bhaeko sundar phuttaa kalaa nepali shilpiharuko mahaan hunar ho, यहाँ बनाइएको लोहोन चौकमा भएको सुन्दर फुट्टा कला नेपाली शिल्पिहरूको महान हुनर हो
hanuman dhoka darbaar ko bahira ko bhitt maa banaaeko sundar chitra haru le tyo kaal ko samrachan dekhaauchha, हनुमान धोका दरबारको बाहिरको भित्तमा बनाइएको सुन्दर चित्र हरूले त्यो कालको सम्राट देखाउँछ
yahaa ko mul chowk maa bhaeko sundar dharaa ra tyas maa banaaeko murti haru aajhai pani ramro chha, यहाँको मुल चौकमा भएको सुन्दर धारा र त्यसमा बनाइएको मूर्ति हरू अझै पनि राम्रो छ
hanuman dhoka darbaar ko samrakshan ko laagi dherai prayas gariyeko chha ra yo unesko world heritage maa parnechha, हनुमान धोका दरबारको संरक्षणको लागि धेरै प्रयास गरियेको छ र यो युनेस्को वर्ल्ड हेरिटेजमा पर्नेछ
yahaa bhayeko bhairav ko murti laai dherai manche maangalik kaam haru garna aau~ne garchhan, यहाँ भएको भैरवको मूर्तिलाई धेरै मान्छे माङ्गलिक काम हरू गर्न आउने गर्छन्
hanuman dhoka darbaar ko bhitra ko sundar chhati haru maa banaaeko kalaa aaja pani uttam chha, हनुमान धोका दरबारको भित्रको सुन्दर छत्ती हरूमा बनाइएको कला आज पनि उत्तम छ
yahaa ko basantapur darbaar pani ek sundar sanrachanaa ho jo puraano malla raajaharuko samay ko chha, यहाँको बसन्तपुर दरबार पनि एक सुन्दर संरचना हो जो पुरानो मल्ल राजाहरूको समयको छ
hanuman dhoka darbaar ko bhitra ko sundar phalcha haru maa banaaeko kalaa aaja pani bachaako chha, हनुमान धोका दरबारको भित्रको सुन्दर फल्चा हरूमा बनाइएको कला आज पनि बचाइएको छ
yahaa banaaeko jaala jhyal haru maa banaaeko sundar naksha nepali kalaa ko utkrisht udaharana ho, यहाँ बनाइएको जाल झ्याल हरूमा बनाइएको सुन्दर नक्शा नेपाली कलाको उत्कृष्ट उदाहरण हो
hanuman dhoka darbaar ko bhitra banaaeko khaas kaksh haru maa raajaa haru baithne garthे, हनुमान धोका दरबारको भित्र बनाइएको खास कक्ष हरूमा राजाहरू बैथ्ने गर्थे
yahaa ko sundar toran haru maa banaaeko devi devataa haruko murti aaja pani sundar dekhinchha, यहाँको सुन्दर तोरण हरूमा बनाइएको देवी देवताहरूको मूर्ति आज पनि सुन्दर देखिन्छ
hanuman dhoka darbaar ko bhitra ko rato maate ko bhitt haru maa banaaeko chitra aaja pani ramro chha, हनुमान धोका दरबारको भित्रको रातो माटोको भित्त हरूमा बनाइएको चित्र आज पनि राम्रो छ
yahaa ko lohon sillaa haru maa banaaeko sundar naksha nepali loha shilpiharuko hunar ho, यहाँको लोहोन सिल्ला हरूमा बनाइएको सुन्दर नक्शा नेपाली लोह शिल्पिहरूको हुनर हो
hanuman dhoka darbaar ko bahira ko dhoka haru maa banaaeko sundar phuttaa kalaa aajhai pani bachaako chha, हनुमान धोका दरबारको बाहिरको धोका हरूमा बनाइएको सुन्दर फुट्टा कला अझै पनि बचाइएको छ
yahaa banaaeko maapa ddoka pani ek puraano yantra ho jo tyo kaal ko bijnaaniko hunar dekhaauchha, यहाँ बनाइएको मापा ढोक पनि एक पुरानो यन्त्र हो जो त्यो कालको विज्ञानिको हुनर देखाउँछ
hanuman dhoka darbaar ko bhitra ko sundar phalcha haru maa banaaeko devi haruko murti chha, हनुमान धोका दरबारको भित्रको सुन्दर फल्चा हरूमा बनाइएको देवी हरूको मूर्ति छ
yahaa ko ganesh ko murti pani banaaeko chha ra tyo dherai manche le puja garchhan, यहाँको गणेशको मूर्ति पनि बनाइएको छ र त्यो धेरै मान्छेले पूजा गर्छन्
hanuman dhoka darbaar ko bhitra ko naasaa chowk maa banaaeko sundar phuttaa kalaa ekdam ramro chha, हनुमान धोका दरबारको भित्रको नासा चौकमा बनाइएको सुन्दर फुट्टा कला एकदम राम्रो छ
yahaa banaaeko bhadra kali ko murti pani chha ra yo dhaarmik sthaan maa parnechha, यहाँ बनाइएको भद्र कालीको मूर्ति पनि छ र यो धार्मिक स्थानमा पर्नेछ
hanuman dhoka darbaar ko bhitra ko sundar chhati haru maa banaaeko aakriti haru aajhai pani sundar chha, हनुमान धोका दरबारको भित्रको सुन्दर छत्ती हरूमा बनाइएको आकृति हरू अझै पनि सुन्दर छ
yahaa ko indra chowk pani ek sundar sthaan ho ra tyo puraano kaal ko banaaeko chha, यहाँको इन्द्र चौक पनि एक सुन्दर स्थान हो र त्यो पुरानो कालको बनाइएको छ
hanuman dhoka darbaar ko bhitra ko sundar jaali haru maa banaaeko naksha aaja pani ramro chha, हनुमान धोका दरबारको भित्रको सुन्दर जाली हरूमा बनाइएको नक्शा आज पनि राम्रो छ
yahaa banaaeko bhairav ko murti laai dherai manche bhakti bhaav le herne garchhan, यहाँ बनाइएको भैरवको मूर्तिलाई धेरै मान्छे भक्ति भावले हेर्ने गर्छन्
hanuman dhoka darbaar ko bhitra ko sundar phalcha haru maa banaaeko katha aaja pani suninchha, हनुमान धोका दरबारको भित्रको सुन्दर फल्चा हरूमा बनाइएको कथा आज पनि सुनिन्छ
yahaa ko taleju mandir ko bhitra ko sundar murti haru laai herna dherai manche aauchhan, यहाँको तलेजु मन्दिरको भित्रको सुन्दर मूर्ति हरूलाई हेर्न धेरै मान्छे आउँछन्
hanuman dhoka darbaar ko bhitra ko sundar chhati haru maa banaaeko rang haru aajhai pani chamkeeko chha, हनुमान धोका दरबारको भित्रको सुन्दर छत्ती हरूमा बनाइएको रङ्ग हरू अझै पनि चम्केको छ
yahaa ko kalaa ra sanrachanaa haru nepal ko gaurav ho ra yo sadaikai bachaai rakhna parne chha, यहाँको कला र संरचना हरू नेपालको गौरव हो र यो सधैकै बचाइ राख्न पर्ने छnepal ko gurkhaharu ko shourya ra birataa ko katha sansaar bhar maa prasiddha chha, नेपालको गुरखाहरूको शौर्य र वीरताको कथा संसार भरमा प्रसिद्ध छ
gurkhaharu le angrej yuddh maa aaphno shourya dekhaaera aaphno khaasi upnaam paayeka hun, गुरखाहरूले अङ्ग्रेज युद्धमा आफ्नो शौर्य देखाएर आफ्नो खासी उपनाम पाएका हुन्
angrej yuddh maa gurkhaharu sanga ladna napayera angrej haru le uniharu sanga samjhauta gare, अङ्ग्रेज युद्धमा गुरखाहरू संग लड्न नपाएर अङ्ग्रेज हरूले उनीहरू संग सम्झौता गरे
tyo samjhauta anusaar gurkhaharu angrej senaa maa bharti bhaera uniharu ko sewaa garna thale, त्यो सम्झौता अनुसार गुरखाहरू अङ्ग्रेज सेनामा भर्ती भएर उनीहरूको सेवा गर्न थाले
gurkha senaa maa bharti huna ko laagi dherai kathor chunauti haru paarinechha ra tyo ekdam garho hunchha, गुरखा सेनामा भर्ती हुनको लागि धेरै कठोर चुनौति हरू पारिनेछ र त्यो एकदम गाह्रो हुन्छ
gurkhaharu ko prasiddhi ko kaaran uniharu ko laDhaai kshamataa ra sadaiv tyaagi bhaav ho, गुरखाहरूको प्रसिद्धिको कारण उनीहरूको लढाइ क्षमता र सदैव त्यागी भाव हो
gurkhaharu ko motto chha "kaphar hunnu bhanda marnu ramro" ra yo uniharu ko birataa ko prateek ho, गुरखाहरूको मोटो छ "कफर हुन्नु भन्दा मर्नु राम्रो" र यो उनीहरूको वीरताको प्रतीक हो
gurkhaharu le pratham ra duosro biswa yuddh maa pani bhaag liyera aaphno shourya dekhaayeka chhan, गुरखाहरूले प्रथम र दोस्रो विश्व युद्धमा पनि भाग लिएर आफ्नो शौर्य देखाएका छन्
nepal bata gurkhaharu aaja kaal maa british indian singapore ra brunei lagayet senaa maa sewaa garchhan, नेपाल बाट गुरखाहरू आज कालमा ब्रिटिश इन्डियन सिङ्गापुर र ब्रुनई लगायत सेनामा सेवा गर्छन्
gurkhaharu ko khaasi hathiyaar khukuri ho ra yo uniharu ko pahichaan ra gaurav ko prateek ho, गुरखाहरूको खासी हत्यार खुकुरी हो र यो उनीहरूको पहिचान र गौरवको प्रतीक हो
gurkhaharu ko training maa dherai kathor physical test haru hunchha ra tyo bhari haad samet sakchha, गुरखाहरूको ट्रेनिङमा धेरै कठोर फिजिकल टेस्ट हरू हुन्छ र त्यो भारी हाड समेत सक्छ
gurkhaharu ko ek battalioon maa bharti huna laagi hajarau ummedawaar haru aau~ne garchhan, गुरखाहरूको एक बटालियनमा भर्ती हुन लागि हजारौं उम्मेदवार हरू आउने गर्छन्
gurkhaharu ko pension ra sewako laabha anusaar uniharu ko pariwaar laai dherai sahayata paunchha, गुरखाहरूको पेन्सन र सेवाको लाभ अनुसार उनीहरूको परिवारलाई धेरै सहायता पुग्छ
nepal ko pahad ra himalayan kshetra bata aau~ne gurkhaharu ko shaaririk sthiti ramro hunchha, नेपालको पहाड र हिमालयन क्षेत्रबाट आउने गुरखाहरूको शारीरिक स्थिति राम्रो हुन्छ
gurkhaharu ko bharti process maa medical test ra interview pani hunchha ra tyo ekdam kathor hunchha, गुरखाहरूको भर्ती प्रक्रियामा मेडिकल टेस्ट र इन्टरव्यू पनि हुन्छ र त्यो एकदम कठोर हुन्छ
gurkhaharu le aaphno desh baaTa bahira gayera pani aaphno maato ra sanskriti laai birsena, गुरखाहरूले आफ्नो देश बाट बाहिर गएर पनि आफ्नो माटो र संस्कृतिलाई बिर्सेनन्
gurkhaharu ko jeevan maa anushaasan ra sammaan ko bhaav ekdamai mahattwapoorn hunchha, गुरखाहरूको जीवनमा अनुशासन र सम्मानको भाव एकदमै महत्त्वपूर्ण हुन्छ
gurkhaharu ko itihaas maa dherai yoddha haru ko katha chha jo uniharu ko shourya ko udaharana hun, गुरखाहरूको इतिहासमा धेरै योद्धा हरूको कथा छ जो उनीहरूको शौर्यको उदाहरण हुन्
gurkhaharu ko training center nepalko dhaad pahad maa chha ra tyahaa uniharu laai kathor sikshyaa diyinchha, गुरखाहरूको ट्रेनिङ सेन्टर नेपालको ढाड पहाडमा छ र त्यहाँ उनीहरूलाई कठोर शिक्ष्या दिइन्छ
gurkhaharu ko sewaa pachhi pani uniharu le aaphno desh maa aayera kehi kaam garna sakchhan, गुरखाहरूको सेवा पछि पनि उनीहरूले आफ्नो देशमा आएर केही काम गर्न सक्छन्
gurkhaharu ko naam sansaar bhar maa bir yoddha ko roop maa chha ra yo nepalko gaurav ho, गुरखाहरूको नाम संसार भरमा वीर योद्धाको रूपमा छ र यो नेपालको गौरव हो
gurkhaharu ko kaam maa risk ra danger dherai hunchha tara uniharu le tyo sahamat bhaera gardachhan, गुरखाहरूको काममा रिस्क र डेङ्गर धेरै हुन्छ तर उनीहरूले त्यो सहमत भएर गर्दछन्
gurkhaharu ko senaa maa bharti bhaera uniharu ko pariwaar laai dherai financial sahayata hunchha, गुरखाहरूको सेनामा भर्ती भएर उनीहरूको परिवारलाई धेरै फाइनान्सियल सहायता हुन्छ
gurkhaharu ko shourya ko katha haru nepalko gaaun gaaun maa sunna paainchha, गुरखाहरूको शौर्यको कथा हरू नेपालको गाउँ गाउँमा सुन्न पाइन्छ
gurkhaharu ko bharti ko laagi aau~ne ummedawaar haru ko umer ra paawaa pani check hunchha, गुरखाहरूको भर्तीको लागि आउने उम्मेदवार हरूको उमेर र पावा पनि चेक हुन्छ
gurkhaharu ko samuh maa ekataa ra sahaayata ko bhaav dherai hunchha ra yo uniharu ko shakti ho, गुरखाहरूको समूहमा एकता र सहायताको भाव धेरै हुन्छ र यो उनीहरूको शक्ति हो
gurkhaharu ko training maa uniharu laai jungle survival sikhaaunchha ra tyo ekdam garho hunchha, गुरखाहरूको ट्रेनिङमा उनीहरूलाई जङ्गल सर्भाइभल सिकाउँछ र त्यो एकदम गाह्रो हुन्छ
gurkhaharu ko itihaas maa dherai yuddh haru maa uniharu ko bhumika mahattwapoorn raheko chha, गुरखाहरूको इतिहासमा धेरै युद्ध हरूमा उनीहरूको भूमिका महत्त्वपूर्ण रहेको छ
gurkhaharu ko pension scheme anusaar uniharu le aaphno retirement pachhi ramro jeevan bitauna sakchhan, गुरखाहरूको पेन्सन स्कीम अनुसार उनीहरूले आफ्नो रिटायरमेन्ट पछि राम्रो जीवन बिताउन सक्छन्
gurkhaharu ko samparka nepalko arthik awastha sanga pani chha ra yo desh ko laagi ek important source ho, गुरखाहरूको सम्पर्क नेपालको आर्थिक अवस्था संग पनि छ र यो देशको लागि एक इम्पोर्टेन्ट सोर्स हो
gurkhaharu ko bharti process maa uniharu ko education ra background pani herinchha, गुरखाहरूको भर्ती प्रक्रियामा उनीहरूको एजुकेशन र ब्याकग्राउन्ड पनि हेरिन्छ
gurkhaharu ko training maa uniharu laai modern weapon haru ko prayog sikhaaunchha, गुरखाहरूको ट्रेनिङमा उनीहरूलाई मोडर्न वेपन हरूको प्रयोग सिकाउँछ
gurkhaharu ko sammaan maa nepalko rastriya dhawaja pani uniharu sanga rahanchha, गुरखाहरूको सम्मानमा नेपालको राष्ट्रिय ध्वज पनि उनीहरू संग रहन्छ
gurkhaharu ko gaaun maa uniharu ko family laai sammaan ra sahayata praapt hunchha, गुरखाहरूको गाउँमा उनीहरूको फ्यामिलीलाई सम्मान र सहायता प्राप्त हुन्छ
gurkhaharu ko itihaas maa angrej haru sanga bhaeko yuddh maa uniharu ko bhumika utkrisht thiyo, गुरखाहरूको इतिहासमा अङ्ग्रेज हरू संग भएको युद्धमा उनीहरूको भूमिका उत्कृष्ट थियो
gurkhaharu ko training maa uniharu laai drill ra parade ko sikshyaa pani diyinchha, गुरखाहरूको ट्रेनिङमा उनीहरूलाई ड्रिल र परेडको शिक्ष्या पनि दिइन्छ
gurkhaharu ko senaa maa bharti bhaera uniharu le dherai desh haru maa sewaa gareka chhan, गुरखाहरूको सेनामा भर्ती भएर उनीहरूले धेरै देश हरूमा सेवा गरेका छन्
gurkhaharu ko shourya ko katha haru nepali samaj maa ek gaurav ko bishay ho, गुरखाहरूको शौर्यको कथा हरू नेपाली समाजमा एक गौरवको विषय हो
gurkhaharu ko bharti process maa uniharu laai final selection pachhi medical checkup hunchha, गुरखाहरूको भर्ती प्रक्रियामा उनीहरूलाई फाइनल सेलेक्सन पछि मेडिकल चेकअप हुन्छ
gurkhaharu ko training maa uniharu laai leadership quality develop garna sikhaaunchha, गुरखाहरूको ट्रेनिङमा उनीहरूलाई लिडरशिप क्वालिटी डेभेलप गर्न सिकाउँछ
gurkhaharu ko sammaan maa nepalko government le pani kehi yojana haru chalayeko chha, गुरखाहरूको सम्मानमा नेपालको गभर्नमेन्टले पनि केही योजना हरू चलाएको छ
gurkhaharu ko gaaun maa uniharu ko retirement pachhi aayera basne chalan chha, गुरखाहरूको गाउँमा उनीहरूको रिटायरमेन्ट पछि आएर बस्ने चलन छ
gurkhaharu ko itihaas maa uniharu le fakland yuddh maa pani bhaag liyeka thiyo, गुरखाहरूको इतिहासमा उनीहरूले फकल्याण्ड युद्धमा पनि भाग लिएका थियो
gurkhaharu ko training maa uniharu laai map reading ra navigation sikhaaunchha, गुरखाहरूको ट्रेनिङमा उनीहरूलाई म्याप रिडिङ र नेभिगेसन सिकाउँछ
gurkhaharu ko senaa maa bharti bhaera uniharu ko pariwaar ko social status maa sudhar hunchha, गुरखाहरूको सेनामा भर्ती भएर उनीहरूको परिवारको सोसियल स्टेटसमा सुधार हुन्छ
gurkhaharu ko shourya ko katha haru nepali bachhaa haru laai sikshyaa diyinchha, गुरखाहरूको शौर्यको कथा हरू नेपाली बच्चाहरूलाई शिक्ष्या दिइन्छ
gurkhaharu ko bharti process maa uniharu ko physical test maa running ra pull up jasta test hunchha, गुरखाहरूको भर्ती प्रक्रियामा उनीहरूको फिजिकल टेस्टमा रनिङ र पुल अप जस्ता टेस्ट हुन्छ
gurkhaharu ko training maa uniharu laai first aid ra emergency treatment sikhaaunchha, गुरखाहरूको ट्रेनिङमा उनीहरूलाई फर्स्ट एड र इमर्जेन्सी ट्रीटमेन्ट सिकाउँछ
gurkhaharu ko sammaan maa nepalko raashtriya gaana pani uniharu sanga rahanchha, गुरखाहरूको सम्मानमा नेपालको राष्ट्रिय गान पनि उनीहरू संग रहन्छ
gurkhaharu ko gaaun maa uniharu ko contribution laai samjhera tyo thau ko vikaas maa sahayak hunchha, गुरखाहरूको गाउँमा उनीहरूको कन्ट्रिब्युसनलाई सम्झेर त्यो ठाउँको विकासमा सहायक हुन्छ
gurkhaharu ko itihaas maa uniharu ko contribution laai hameshaa samjhanchha, गुरखाहरूको इतिहासमा उनीहरूको कन्ट्रिब्युसनलाई हमेशा सम्झन्छ
gurkhaharu ko training maa uniharu laai unarmed combat sikhaaunchha ra tyo ekdam important hunchha, गुरखाहरूको ट्रेनिङमा उनीहरूलाई अनआर्म्ड कम्बाट सिकाउँछ र त्यो एकदम इम्पोर्टेन्ट हुन्छ
gurkhaharu ko senaa maa bharti bhaera uniharu le aaphno desh ko naam roshan gareka chhan, गुरखाहरूको सेनामा भर्ती भएर उनीहरूले आफ्नो देशको नाम रोशन गरेका छन्
gurkhaharu ko shourya ko katha haru nepali cinema ra sahitya maa pani chha, गुरखाहरूको शौर्यको कथा हरू नेपाली सिनेमा र साहित्यमा पनि छ
gurkhaharu ko bharti process maa uniharu laai background check ra security clearance pani hunchha, गुरखाहरूको भर्ती प्रक्रियामा उनीहरूलाई ब्याकग्राउन्ड चेक र सिक्युरिटी क्लियरेन्स पनि हुन्छ
gurkhaharu ko training maa uniharu laai teamwork ra coordination sikhaaunchha, गुरखाहरूको ट्रेनिङमा उनीहरूलाई टिमवर्क र कोअर्डिनेसन सिकाउँछ
gurkhaharu ko sammaan maa nepalko sabai senaa sangathan haru le tyohar manauchha, गुरखाहरूको सम्मानमा नेपालको सबै सेना सङ्गठन हरूले त्योहार मनाउँछ
sagarmatha bhaneko nepalko gaurav ra sansaar ko uchchaitam chuchuro ho, सगरमाथा भनेको नेपालको गौरव र संसारको उच्चैतम चुचुरो हो
sagarmatha ko uchchai aath hajaar aThaai sau chaubis mitar chha ra yo sansaar ko sagarmatha ho, सगरमाथाको उच्चाइ आठ हजार अठाईसौ चौबीस मिटर छ र यो संसारको सगरमाथा हो
sagarmatha laai nepali maa sagarmatha ra angreji maa mount everest bhaninchha, सगरमाथालाई नेपालीमा सगरमाथा र अङ्ग्रेजीमा माउन्ट एभरेस्ट भनिन्छ
sagarmatha ko pahilo upari chadne sir edmund hillary ra tenzing norgay hun ra uniharu le bikram samvat dui hajaar das saal maa chadeka thiye, सगरमाथाको पहिलो उपरी चढ्ने सर एडमण्ड हिलारी र तेन्जिङ नोर्गे हुन र उनीहरूले विक्रम संवत् दुई हजार दस सालमा चढेका थिए
sagarmatha chadna ko laagi base camp maa pugna ek hapta lagchha ra tyo ekdam kathin yatra ho, सगरमाथा चढ्नको लागि बेस क्याम्पमा पुग्न एक हप्ता लाग्छ र त्यो एकदम कठिन यात्रा हो
sagarmatha ko aarohan garna laagi oxygen cylinder ra dherai mahango saman chahinchha, सगरमाथाको आरोहण गर्न लागि अक्सिजन सिलिन्डर र धेरै महङ्गो सामान चाहिन्छ
sagarmatha ko dhaad maa haad haru ra himaal ko pahaad pani chhan ra tyo ekdamai khatarnaak chha, सगरमाथाको ढाडमा हाड हरू र हिमालको पहाड पनि छन् र त्यो एकदमै खतरनाक छ
sagarmatha chadne himaalaya ko sherpa haru nepalko gaurav hun ra uniharu bina sagarmatha chadna sakidaina, सगरमाथा चढ्ने हिमालयका शेर्पा हरू नेपालको गौरव हुन र उनीहरू बिना सगरमाथा चढ्न सकिदैन
sagarmatha base camp maa pugna ko laagi lukla airport bata hidaauna parcha ra tyo ek risky flight ho, सगरमाथा बेस क्याम्पमा पुग्नको लागि लुक्ला एअरपोर्टबाट हिडाउन पर्छ र त्यो एक रिस्की फ्लाइट हो
sagarmatha ko uchchai kaaran tyahaa haawaa ko dabaa kam hunchha ra oxygen ko kami hunchha, सगरमाथाको उच्चाइ कारण त्यहाँ हावाको दबाब कम हुन्छ र अक्सिजनको कमी हुन्छ
sagarmatha ko aarohan garna aau~ne himaalaya yaatri haru laai altitude sickness huna sakchha, सगरमाथाको आरोहण गर्न आउने हिमालय यात्री हरूलाई अल्टिच्युड सिकनेस हुन सक्छ
sagarmatha chadna ko laagi dherai rupiyaa kharach hunchha ra yo ek mahango adventure ho, सगरमाथा चढ्नको लागि धेरै रुपियाँ खर्च हुन्छ र यो एक महङ्गो एड्भेन्चर हो
sagarmatha ko tala himaalaya ko gumba haru chhan ra tyo dhaarmik sthaan pani ho, सगरमाथाको तल हिमालयको गुम्बा हरू छन् र त्यो धार्मिक स्थान पनि हो
sagarmatha ko summit maa pugna ko laagi dherai himaalaya yaatri haru mareka chhan, सगरमाथाको सुम्मिटमा पुग्नको लागि धेरै हिमालय यात्री हरू मरेका छन्
sagarmatha ko aarohan ko samaya baisakh ra jeth maa hunchha ra tyo belaa mausam ramro hunchha, सगरमाथाको आरोहणको समय बैशाख र जेठमा हुन्छ र त्यो बेला मौसम राम्रो हुन्छ
sagarmatha ko himaalaya kshetra maa climate change ko asar dherai dekhinchha, सगरमाथाको हिमालय क्षेत्रमा क्लाइमेट चेन्जको असर धेरै देखिन्छ
sagarmatha ko tala ko khumbu glacier ekdamai thulo chha ra yo pighaliraheko chha, सगरमाथाको तलको खुम्बु ग्लेशियर एकदमै ठूलो छ र यो पिघलिरहेको छ
sagarmatha chadne yaatri haru laai nepalko government bata permit linu parcha, सगरमाथा चढ्ने यात्री हरूलाई नेपालको गभर्नमेन्टबाट परमिट लिनु पर्छ
sagarmatha ko summit maa nepalko rastriya dhwaja rakhinchha ra tyo gaurav ko kuraa ho, सगरमाथाको सुम्मिटमा नेपालको राष्ट्रिय ध्वज राखिन्छ र त्यो गौरवको कुरा हो
sagarmatha ko aarohan garna aau~ne yaatri haru laai guide ra porter chahinchha, सगरमाथाको आरोहण गर्न आउने यात्री हरूलाई गाइड र पोर्टर चाहिन्छ
sagarmatha ko himaalaya kshetra maa ghumna aau~ne manche haru le tyahaa ko prakritik sundarta herchhan, सगरमाथाको हिमालय क्षेत्रमा घुम्न आउने मान्छे हरूले त्यहाँको प्राकृतिक सुन्दरता हेर्छन्
sagarmatha ko base camp maa internet ra mobile network pani chha aaj kaal maa, सगरमाथाको बेस क्याम्पमा इन्टरनेट र मोबाइल नेटवर्क पनि छ आज कालमा
sagarmatha ko himaalaya kshetra maa dherai jaati ko chadaa ra jaanawar haru chhan, सगरमाथाको हिमालय क्षेत्रमा धेरै जातिको चडा र जानवर हरू छन्
sagarmatha chadna laagi physical fitness ra mental strength duwai chahinchha, सगरमाथा चढ्न लागि फिजिकल फिटनेस र मेन्टल स्ट्रेङ्थ दुई चाहिन्छ
sagarmatha ko summit maa pugepachhi yaatri haru le photo khichera aau~ne garchhan, सगरमाथाको सुम्मिटमा पुगेपछि यात्री हरूले फोटो खिचेर आउने गर्छन्
sagarmatha ko himaalaya kshetra maa pahaad ko baato maa tea house haru chhan, सगरमाथाको हिमालय क्षेत्रमा पहाडको बाटोमा टी हाउस हरू छन्
sagarmatha ko aarohan garna aau~ne yaatri haru le tyahaa ko local samagri kinchhan, सगरमाथाको आरोहण गर्न आउने यात्री हरूले त्यहाँको लोकल सामग्री किन्छन्
sagarmatha ko himaalaya kshetra maa helicopter rescue ko service pani chha, सगरमाथाको हिमालय क्षेत्रमा हेलिकोप्टर रेस्क्यूको सेवा पनि छ
sagarmatha chadna laagi training ra preparation dherai din laagchha, सगरमाथा चढ्न लागि ट्रेनिङ र प्रिपरेशन धेरै दिन लाग्छ
sagarmatha ko himaalaya kshetra maa dherai nepali ra bideshi yaatri haru ghumna aauchhan, सगरमाथाको हिमालय क्षेत्रमा धेरै नेपाली र विदेशी यात्री हरू घुम्न आउँछन्
sagarmatha ko summit maa pugeko sabai bhandaa badhi sankhyaa maa bideshi yaatri haru chhan, सगरमाथाको सुम्मिटमा पुगेको सबै भन्दा बढी सङ्ख्यामा विदेशी यात्री हरू छन्
sagarmatha ko himaalaya kshetra maa weather forecast ko service chha ra yo important chha, सगरमाथाको हिमालय क्षेत्रमा वेदर फोरकास्टको सेवा छ र यो इम्पोर्टेन्ट छ
sagarmatha chadna laagi oxygen mask ra himaalaya ko laagi banaaeko lugaa chahinchha, सगरमाथा चढ्न लागि अक्सिजन मास्क र हिमालयको लागि बनाइएको लुगा चाहिन्छ
sagarmatha ko himaalaya kshetra maa pahaad ko baato maa dherai suspension bridge haru chhan, सगरमाथाको हिमालय क्षेत्रमा पहाडको बाटोमा धेरै सस्पेन्सन ब्रिज हरू छन्
sagarmatha ko summit maa pugna laagi four camps banaainchha ra tyo ekdam garho chha, सगरमाथाको सुम्मिटमा पुग्न लागि फोर क्याम्प बनाइन्छ र त्यो एकदम गाह्रो छ
sagarmatha ko himaalaya kshetra maa national park chha ra tyo conservation area ho, सगरमाथाको हिमालय क्षेत्रमा नेशनल पार्क छ र त्यो कन्जर्भेसन एरिया हो
sagarmatha chadna laagi dherai himaalaya yaatri haru le insurance pani garau~ne garchhan, सगरमाथा चढ्न लागि धेरै हिमालय यात्री हरूले इन्सुरेन्स पनि गराउने गर्छन्
sagarmatha ko himaalaya kshetra maa local sherpa community ko bhaasha ra sanskriti chha, सगरमाथाको हिमालय क्षेत्रमा लोकल शेर्पा कम्युनिटीको भाषा र संस्कृति छ
sagarmatha ko summit maa pugeko mahila haru ko sankhyaa pani dherai bhaeko chha, सगरमाथाको सुम्मिटमा पुगेको महिला हरूको सङ्ख्या पनि धेरै भएको छ
sagarmatha ko himaalaya kshetra maa himaalaya ko education ra health service pani chha, सगरमाथाको हिमालय क्षेत्रमा हिमालयको एजुकेशन र हेल्थ सेवा पनि छ
sagarmatha chadna laagi physical test ra medical checkup pani hunchha, सगरमाथा चढ्न लागि फिजिकल टेस्ट र मेडिकल चेकअप पनि हुन्छ
sagarmatha ko himaalaya kshetra maa dherai water fall haru chhan ra tyo sundar dekhinchha, सगरमाथाको हिमालय क्षेत्रमा धेरै वाटर फल हरू छन् र त्यो सुन्दर देखिन्छ
sagarmatha ko summit maa pugeko sabai bhandaa badhi umer ko yaatri pani chhan, सगरमाथाको सुम्मिटमा पुगेको सबै भन्दा बढी उमेरको यात्री पनि छन्
sagarmatha ko himaalaya kshetra maa solar energy ko system pani chha aaj kaal maa, सगरमाथाको हिमालय क्षेत्रमा सोलर एनर्जीको सिस्टम पनि छ आज कालमा
sagarmatha chadna laagi guide haru le route ra weather condition herchhan, सगरमाथा चढ्न लागि गाइड हरूले रुट र वेदर कन्डिसन हेर्छन्
sagarmatha ko himaalaya kshetra maa dherai research team haru pani aauchhan, सगरमाथाको हिमालय क्षेत्रमा धेरै रिसर्च टिम हरू पनि आउँछन्
sagarmatha ko summit maa pugna laagi dherai kuraa hernu parcha ra tyo ek risk chha, सगरमाथाको सुम्मिटमा पुग्न लागि धेरै कुरा हेर्नु पर्छ र त्यो एक रिस्क छ
sagarmatha ko himaalaya kshetra maa nepalko tourism industry ko laagi ek important area ho, सगरमाथाको हिमालय क्षेत्रमा नेपालको टुरिजम इन्डष्ट्रीको लागि एक इम्पोर्टेन्ट एरिया हो
sagarmatha chadna laagi dherai preparation maa himaalaya ko baare maa knowledge chahinchha, सगरमाथा चढ्न लागि धेरै प्रिपरेशनमा हिमालयको बारेमा नॉलेज चाहिन्छ
sagarmatha ko himaalaya kshetra maa helicopter ko sound dherai suninchha, सगरमाथाको हिमालय क्षेत्रमा हेलिकोप्टरको साउन्ड धेरै सुनिन्छ
sagarmatha ko summit maa pugeko yaatri haru ko naam world record maa hunchha, सगरमाथाको सुम्मिटमा पुगेको यात्री हरूको नाम वर्ल्ड रेकर्डमा हुन्छ
sagarmatha ko himalak kshetra maa dherai documentary film haru banaaeka chha, सगरमाथाको हिमालक क्षेत्रमा धेरै डकुमेन्टरी फिल्म हरू बनाइएका छ
annapurna parbat nepalko pahilo himal ho jas maa mero parbataarohan gariyeko thiyo, अन्नपूर्ण पर्वत नेपालको पहिलो हिमाल हो जसमा मेरो पर्वतारोहण गरियेको थियो
annapurna ko uchchai aath hajaar eka sau eka mitar chha ra yo sansaar ko dasaau sabbhandaa khatarnaak himal maa parnechha, अन्नपूर्णको उच्चाइ आठ हजार एक सय एक मिटर छ र यो संसारको दसौं सबैभन्दा खतरनाक हिमालमा पर्नेछ
annapurna ko aarohan garna laagi base camp maa pugna ko laagi pokharaa bata hidaauna parcha, अन्नपूर्णको आरोहण गर्न लागि बेस क्याम्पमा पुग्नको लागि पोखराबाट हिडाउन पर्छ
annapurna ko circuit trek ek dherai nai ramro yatra ho ra tyo dherai yaatri haru le garchhan, अन्नपूर्णको सर्किट ट्रेक एक धेरै नै राम्रो यात्रा हो र त्यो धेरै यात्री हरूले गर्छन्
dhaulagiri himal nepalko chautho sabbhandaa uchchai himal ho ra yo aath hajaar sattaai sau sattais mitar uchchai chha, धौलागिरी हिमाल नेपालको चौथो सबैभन्दा उच्चाइ हिमाल हो र यो आठ हजार सताइसौ सताइस मिटर उच्चाइ छ
dhaulagiri ko himalak kshetra maa dherai glacier haru chhan ra yo ek challenging himal ho, धौलागिरीको हिमालक क्षेत्रमा धेरै ग्लेशियर हरू छन् र यो एक च्यालेन्जिङ हिमाल हो
dhaulagiri ko aarohan garna laagi french team le pahilo chadai gareka thiye, धौलागिरीको आरोहण गर्न लागि फ्रेन्च टिमले पहिलो चढाइ गरेका थिए
manaslu himal nepalko aathaau sabbhandaa uchchai himal ho ra yo aath hajaar cha sau chhattis mitar uchchai chha, मनास्लु हिमाल नेपालको आठौं सबैभन्दा उच्चाइ हिमाल हो र यो आठ हजार छ सय छत्तीस मिटर उच्चाइ छ
manaslu ko circuit trek pani ek ramro yatra ho ra tyo annapurna circuit jastai chha, मनास्लुको सर्किट ट्रेक पनि एक राम्रो यात्रा हो र त्यो अन्नपूर्ण सर्किट जस्तै छ
manaslu ko aarohan garna laagi tyahaa ko local samudaya sanga samjhauta garnu parcha, मनास्लुको आरोहण गर्न लागि त्यहाँको लोकल समुदाय संग सम्झौता गर्नु पर्छ
kanchenjunga himal nepalko tisro sabbhandaa uchchai himal ho ra yo aath hajaar paanch sau chhattis mitar uchchai chha, कञ्चनजङ्गा हिमाल नेपालको तेस्रो सबैभन्दा उच्चाइ हिमाल हो र यो आठ हजार पाँच सय छत्तीस मिटर उच्चाइ छ
kanchenjunga himal nepalko purba maa chha ra yo india ra nepal ko bichko simanaa maa parnechha, कञ्चनजङ्गा हिमाल नेपालको पूर्वमा छ र यो इन्डिया र नेपालको बिचको सिमाना मा पर्नेछ
kanchenjunga ko aarohan garna laagi taplejung bata hidaauna parcha ra tyo ek lambo yatra ho, कञ्चनजङ्गाको आरोहण गर्न लागि ताप्लेजुङबाट हिडाउन पर्छ र त्यो एक लम्बो यात्रा हो
makalu himal nepalko chautho sabbhandaa uchchai himal ho ra yo aath hajaar cha sau paanch mitar uchchai chha, मकालु हिमाल नेपालको चौथो सबैभन्दा उच्चाइ हिमाल हो र यो आठ हजार छ सय पाँच मिटर उच्चाइ छ
makalu ko himalak kshetra maa dherai khatarnaak baato haru chhan ra yo ek kathin himal ho, मकालुको हिमालक क्षेत्रमा धेरै खतरनाक बाटो हरू छन् र यो एक कठिन हिमाल हो
cho oyu himal nepalko chautho sabbhandaa uchchai himal ho ra yo aath hajaar aath sau aath mitar uchchai chha, चो ओयु हिमाल नेपालको चौथो सबैभन्दा उच्चाइ हिमाल हो र यो आठ हजार आठ सय आठ मिटर उच्चाइ छ
cho oyu ko aarohan garna laagi tyo annapurna kshetra bata sajilo hunchha ra yo ek sajilo himal maa parnechha, चो ओयुको आरोहण गर्न लागि त्यो अन्नपूर्ण क्षेत्रबाट सजिलो हुन्छ र यो एक सजिलो हिमालमा पर्नेछ
lhotse himal nepalko chautho sabbhandaa uchchai himal ho ra yo aath hajaar eka sau chhattis mitar uchchai chha, ल्होत्से हिमाल नेपालको चौथो सबैभन्दा उच्चाइ हिमाल हो र यो आठ हजार एक सय छत्तीस मिटर उच्चाइ छ
lhotse himal sagarmatha ko tala chha ra yo sagarmatha sanga jodiyeko chha, ल्होत्से हिमाल सगरमाथाको तल छ र यो सगरमाथा संग जोडिएको छ
lhotse ko aarohan garna laagi sagarmatha base camp batai garna sakinchha, ल्होत्सेको आरोहण गर्न लागि सगरमाथा बेस क्याम्पबाटै गर्न सकिन्छ
nuptse himal nepalko aath hajaar satta sau sattais mitar uchchai chha ra yo sagarmatha sanga nai chha, नुप्त्से हिमाल नेपालको आठ हजार सात सय सताइस मिटर उच्चाइ छ र यो सगरमाथा संग नै छ
nuptse himal lhotse sanga jodiyeko chha ra yo ek challenging himal ho, नुप्त्से हिमाल ल्होत्से संग जोडिएको छ र यो एक च्यालेन्जिङ हिमाल हो
amas dablam himal nepalko ek sundar himal ho ra yo chha hajaar aath sau aath mitar uchchai chha, आमा दाब्लम हिमाल नेपालको एक सुन्दर हिमाल हो र यो छ हजार आठ सय आठ मिटर उच्चाइ छ
amas dablam ko aakriti ekdam sundar chha ra yo trekking yaatri haru ko laagi ek ramro himal ho, आमा दाब्लमको आकृति एकदम सुन्दर छ र यो ट्रेक्किङ यात्री हरूको लागि एक राम्रो हिमाल हो
pumori himal nepalko saTha hajaar cha sau chaubis mitar uchchai chha ra yo sagarmatha ko najik nai chha, पुमोरी हिमाल नेपालको सात हजार छ सय चौबीस मिटर उच्चाइ छ र यो सगरमाथाको नजिक नै छ
pumori himal laai sagarmatha ko daughter pani bhaninchha ra yo ek sundar himal ho, पुमोरी हिमाललाई सगरमाथाको डटर पनि भनिन्छ र यो एक सुन्दर हिमाल हो
himchuli himal nepalko chha hajaar satta sau satta mitar uchchai chha ra yo annapurna kshetra maa chha, हिमचुली हिमाल नेपालको छ हजार सात सय सात मिटर उच्चाइ छ र यो अन्नपूर्ण क्षेत्रमा छ
himchuli himal ko aakriti ekdam sundar chha ra yo pokharaa bata herna sajilo chha, हिमचुली हिमालको आकृति एकदम सुन्दर छ र यो पोखराबाट हेर्न सजिलो छ
machhapuchhre himal nepalko chha hajaar nau sau sattais mitar uchchai chha ra yo fishtail shape ko chha, मच्छपुच्छ्रे हिमाल नेपालको छ हजार नौ सय सताइस मिटर उच्चाइ छ र यो फिस्टेल शेपको छ
machhapuchhre himal laai nepali maa machhapuchhre ra angreji maa fishtail bhaninchha, मच्छपुच्छ्रे हिमाललाई नेपालीमा मच्छपुच्छ्रे र अङ्ग्रेजीमा फिस्टेल भनिन्छ
machhapuchhre himal ko aarohan garnu mana chha ra yo ek sacred himal ho, मच्छपुच्छ्रे हिमालको आरोहण गर्नु माना छ र यो एक सेक्रेड हिमाल हो
langtang himal nepalko chaar hajaar aath sau mitar uchchai chha ra yo kathmandu ko najik ko himal ho, लाङटाङ हिमाल नेपालको चार हजार आठ सय मिटर उच्चाइ छ र यो काठमाडौंको नजिकको हिमाल हो
langtang himal ko kshetra maa langtang national park chha ra yo ek ramro trekking area ho, लाङटाङ हिमालको क्षेत्रमा लाङटाङ नेशनल पार्क छ र यो एक राम्रो ट्रेक्किङ एरिया हो
ganesh himal nepalko saat hajaar cha sau mitar uchchai chha ra yo kathmandu ra trisuli ko bich maa chha, गणेश हिमाल नेपालको सात हजार छ सय मिटर उच्चाइ छ र यो काठमाडौं र त्रिशुलीको बिचमा छ
ganesh himal ko aakriti ganesh ko jaastai chha ra tyasle gardaa yo naam raheko ho, गणेश हिमालको आकृति गणेशको जस्तै छ र त्यसले गर्दा यो नाम रहेको हो
dorje lakpa himal nepalko chha hajaar aath sau mitar uchchai chha ra yo langtang kshetra maa chha, दोर्जे लाक्पा हिमाल नेपालको छ हजार आठ सय मिटर उच्चाइ छ र यो लाङटाङ क्षेत्रमा छ
dorje lakpa himal ko aakriti ekdam unique chha ra yo trekking yaatri haru ko laagi ramro chha, दोर्जे लाक्पा हिमालको आकृति एकदम युनिक छ र यो ट्रेक्किङ यात्री हरूको लागि राम्रो छ
shishapangma himal china maa chha tara yo nepalko simanaa najik nai chha, शिशापाङ्मा हिमाल चीनमा छ तर यो नेपालको सिमाना नजिक नै छ
shishapangma ko uchchai aath hajaar cha sau mitar chha ra yo tibet ko autonomous region maa chha, शिशापाङ्माको उच्चाइ आठ हजार छ सय मिटर छ र यो तिब्बतको अटोनोमस रिजनमा छ
gyachung kang himal nepalko aath hajaar saat sau mitar uchchai chha ra yo cho oyu ko najik chha, ग्याचुङ काङ हिमाल नेपालको आठ हजार सात सय मिटर उच्चाइ छ र यो चो ओयुको नजिक छ
gyachung kang himal laai aru himal sanga tulana garna sajilo chhaina, ग्याचुङ काङ हिमाललाई अरू हिमाल संग तुलना गर्न सजिलो छैन
himalchuli himal nepalko chha hajaar nau sau mitar uchchai chha ra yo manaslu kshetra maa chha, हिमालचुली हिमाल नेपालको छ हजार नौ सय मिटर उच्चाइ छ र यो मनास्लु क्षेत्रमा छ
himalchuli himal ko aarohan garna laagi manaslu base camp bata hidaauna parcha, हिमालचुली हिमालको आरोहण गर्न लागि मनास्लु बेस क्याम्पबाट हिडाउन पर्छ
ngadi chuli himal nepalko saat hajaar aath sau mitar uchchai chha ra yo manaslu ko najik chha, ङाडी चुली हिमाल नेपालको सात हजार आठ सय मिटर उच्चाइ छ र यो मनास्लुको नजिक छ
ngadi chuli himal laai manaslu ko sister pani bhaninchha ra yo ek challenging himal ho, ङाडी चुली हिमाललाई मनास्लुको सिस्टर पनि भनिन्छ र यो एक च्यालेन्जिङ हिमाल हो
boudha himal nepalko chha hajaar cha sau mitar uchchai chha ra yo dolpo kshetra maa chha, बौद्ध हिमाल नेपालको छ हजार छ सय मिटर उच्चाइ छ र यो डोल्पो क्षेत्रमा छ
boudha himal ko naam bauddha dharma baata raheko ho ra yo ek dhaarmik himal ho, बौद्ध हिमालको नाम बौद्ध धर्मबाट रहेको हो र यो एक धार्मिक हिमाल हो
api himal nepalko saat hajaar mitar uchchai chha ra yo nepalko far west maa chha, अपि हिमाल नेपालको सात हजार मिटर उच्चाइ छ र यो नेपालको फार वेस्टमा छ
api himal ko aarohan garna laagi darchula bata hidaauna parcha ra yo ek challenging himal ho, अपि हिमालको आरोहण गर्न लागि दार्चुलाबाट हिडाउन पर्छ र यो एक च्यालेन्जिङ हिमाल हो
saipal himal nepalko chaar hajaar mitar uchchai chha ra yo far west ko himal ho, साइपाल हिमाल नेपालको चार हजार मिटर उच्चाइ छ र यो फार वेस्टको हिमाल हो
saipal himal ko kshetra maa dherai remote gaau haru chhan ra yo ek difficult trek ho, साइपाल हिमालको क्षेत्रमा धेरै रिमोट गाउँ हरू छन् र यो एक डिफिकल्ट ट्रेक हो
kanjirowa himal nepalko chaar hajaar mitar uchchai chha ra yo dolpo kshetra maa chha, कन्जिरोवा हिमाल नेपालको चार हजार मिटर उच्चाइ छ र यो डोल्पो क्षेत्रमा छ
kanjirowa himal ko aarohan garna laagi dolpo ko baato maa hidaauna parcha, कन्जिरोवा हिमालको आरोहण गर्न लागि डोल्पोको बाटोमा हिडाउन पर्छ
churen himal nepalko chaar hajaar mitar uchchai chha ra yo dhaulagiri kshetra maa chha, चुरेन हिमाल नेपालको चार हजार मिटर उच्चाइ छ र यो धौलागिरी क्षेत्रमा छ
churen himal ko aarohan garna laagi dhaulagiri base camp bata hidaauna parcha, चुरेन हिमालको आरोहण गर्न लागि धौलागिरी बेस क्याम्पबाट हिडाउन पर्छ
ratna chuli himal nepalko saat hajaar mitar uchchai chha ra yo annapurna kshetra maa chha, रत्न चुली हिमाल नेपालको सात हजार मिटर उच्चाइ छ र यो अन्नपूर्ण क्षेत्रमा छ
ratna chuli himal laai annapurna ko sister pani bhaninchha ra yo ek sundar himal ho, रत्न चुली हिमाललाई अन्नपूर्णको सिस्टर पनि भनिन्छ र यो एक सुन्दर हिमाल हो
gorkha himal nepalko chaar hajaar mitar uchchai chha ra yo manaslu kshetra maa chha, गोरखा हिमाल नेपालको चार हजार मिटर उच्चाइ छ र यो मनास्लु क्षेत्रमा छ
gorkha himal ko naam gorkha district baata raheko ho ra yo ek historical himal ho, गोरखा हिमालको नाम गोरखा जिल्लाबाट रहेको हो र यो एक हिस्टोरिकल हिमाल हो
lamjung himal nepalko chaar hajaar mitar uchchai chha ra yo annapurna kshetra maa chha, लम्जुङ हिमाल नेपालको चार हजार मिटर उच्चाइ छ र यो अन्नपूर्ण क्षेत्रमा छ
lamjung himal ko aakriti ekdam sundar chha ra yo pokharaa bata herna sajilo chha, लम्जुङ हिमालको आकृति एकदम सुन्दर छ र यो पोखराबाट हेर्न सजिलो छ
neepal ko aadhaarik khela football ra cricket dherai manche haru le herchhan ra khelchhan, नेपालको आधारिक खेल फुटबल र क्रिकेट धेरै मान्छे हरूले हेर्छन् र खेल्छन्
neepal ko football team ko naam neepal national football team ho ra uniharu ko home ground dasarath rangashala ho, नेपालको फुटबल टिमको नाम नेपाल नेशनल फुटबल टिम हो र उनीहरूको होम ग्राउन्ड दशरथ रङ्गशाला हो
neepal le football maa south asian games maa gold medal jitisakyo ra yo neepal ko laagi ek gaurav ko bishay ho, नेपालले फुटबलमा साउथ एसियन गेम्समा गोल्ड मेडल जितिसक्यो र यो नेपालको लागि एक गौरवको विषय हो
neepal ko cricket team le twenty twenty world cup maa bhaag liyeko chha ra uniharu ko performance ramro chha, नेपालको क्रिकेट टिमले ट्वेन्टी ट्वेन्टी वर्ल्ड कपमा भाग लिएको छ र उनीहरूको परफोर्मेन्स राम्रो छ
neepal ko cricket team ko kaptaan sandeep lamichhane ho ra uni ek dam ramro leg spinner hun, नेपालको क्रिकेट टिमको कप्तान सन्दीप लामिछाने हो र उनी एक दम राम्रो लेग स्पिनर हुन्
neepal ko khelaadi haru dherai mehanati ra lakshya dekhne manche haru hun, नेपालको खेलाडी हरू धेरै मेहनती र लक्ष्य देख्ने मान्छे हरू हुन्
neepal maa volleyball pani ek prasiddha khel ho ra yo gaaun tira dherai khelinchha, नेपालमा भलिबल पनि एक प्रसिद्ध खेल हो र यो गाउँ टिरा धेरै खेलिन्छ
neepal ko women football team le pani dherai ramro performance dekhaayeko chha, नेपालको महिला फुटबल टिमले पनि धेरै राम्रो परफोर्मेन्स देखाएको छ
neepal maa badminton ra table tennis pani khelinchha ra tyo school haru maa dherai sikhaainchha, नेपालमा ब्याडमिन्टन र टेबल टेनिस पनि खेलिन्छ र त्यो स्कूल हरूमा धेरै सिकाइन्छ
neepal le kabaddi maa pani dherai medal jitisakyo ra yo ek traditional khel ho, नेपालले कबड्डीमा पनि धेरै मेडल जितिसक्यो र यो एक ट्रेडिसनल खेल हो
neepal ko swimming maa pani dherai khelaadi haru chhan ra uniharu le international competition maa bhaag linchhan, नेपालको स्विमिङमा पनि धेरै खेलाडी हरू छन् र उनीहरूले इन्टरनेशनल कम्पिटिसनमा भाग लिन्छन्
neepal ko taekwondo association le dherai young player haru laai train garchha, नेपालको टाइक्वान्डो एसोसिएसनले धेरै यङ प्लेयर हरूलाई ट्रेन गर्छ
neepal ko martial art maa dherai khelaadi haru chhan ra uniharu le karate ra judo maa medal jitiraheka chhan, नेपालको मार्सियल आर्टमा धेरै खेलाडी हरू छन् र उनीहरूले कराटे र जुडोमा मेडल जितिरहेका छन्
neepal ko basketball team le pani dherai ramro khel dekhaayeko chha ra yo khel badhdai chha, नेपालको बास्केटबल टिमले पनि धेरै राम्रो खेल देखाएको छ र यो खेल बढ्दै छ
neepal ko boxing maa dherai promising khelaadi haru chhan ra uniharu le international level maa neepal ko naam roshan garchhan, नेपालको बक्सिङमा धेरै प्रोमिसिङ खेलाडी हरू छन् र उनीहरूले इन्टरनेशनल लेभलमा नेपालको नाम रोशन गर्छन्
neepal ko athletics maa dherai runner haru chhan ra uniharu le marathon race maa bhaag linchhan, नेपालको एथ्लेटिक्समा धेरै रनर हरू छन् र उनीहरूले म्याराथन रेसमा भाग लिन्छन्
neepal ko shooting sport maa pani dherai khelaadi haru chhan ra uniharu le training liraheka chhan, नेपालको शूटिङ स्पोर्टमा पनि धेरै खेलाडी हरू छन् र उनीहरूले ट्रेनिङ लिरहेका छन्
neepal ko wushu association le dherai competition haru organize garchha, नेपालको वुशु एसोसिएसनले धेरै कम्पिटिसन हरू अर्गनाइज गर्छ
neepal ko rugby football pani ek emerging khel ho ra yo khel dherai young generation maa popular bhaidai chha, नेपालको रग्बी फुटबल पनि एक इमर्जिङ खेल हो र यो खेल धेरै यङ जेनरेशनमा पपुलर भैदै छ
neepal ko tennis maa pani dherai khelaadi haru chhan ra uniharu le national level maa competition haru maa bhaag linchhan, नेपालको टेनिसमा पनि धेरै खेलाडी हरू छन् र उनीहरूले नेशनल लेभलमा कम्पिटिसन हरूमा भाग लिन्छन्
neepal ko sepak takraw pani ek traditional khel ho ra yo school tira dherai khelinchha, नेपालको सेपक टकराव पनि एक ट्रेडिसनल खेल हो र यो स्कूल टिरा धेरै खेलिन्छ
neepal ko handball pani ek khel ho ra yo dherai educational institution haru maa sikhaainchha, नेपालको ह्यान्डबल पनि एक खेल हो र यो धेरै एजुकेशनल इन्स्टिच्युसन हरूमा सिकाइन्छ
neepal ko archery pani ek sport ho ra yo himaalaya kshetra maa dherai khelinchha, नेपालको आर्चरी पनि एक स्पोर्ट हो र यो हिमालय क्षेत्रमा धेरै खेलिन्छ
neepal ko wrestling maa pani dherai khelaadi haru chhan ra yo ek traditional sport ho, नेपालको रेस्लिङमा पनि धेरै खेलाडी हरू छन् र यो एक ट्रेडिसनल स्पोर्ट हो
neepal ko cycling pani ek sport ho ra yo kathmandu valley maa dherai popular bhaidai chha, नेपालको साइक्लिङ पनि एक स्पोर्ट हो र यो काठमाडौं भ्यालीमा धेरै पपुलर भैदै छ
neepal ko skiing pani himaalaya kshetra maa hunchha ra yo winter sport ho, नेपालको स्किइङ पनि हिमालय क्षेत्रमा हुन्छ र यो विन्टर स्पोर्ट हो
neepal ko golf pani ek sport ho ra tyo kathmandu ra pokharaa maa golf course haru chhan, नेपालको गल्फ पनि एक स्पोर्ट हो र त्यो काठमाडौं र पोखरामा गल्फ कोर्स हरू छन्
neepal ko mountaineering pani ek sport ho ra yo nepalko himaalaya haru maa gariyeko hunchha, नेपालको माउन्टेनियरिङ पनि एक स्पोर्ट हो र यो नेपालको हिमालय हरूमा गरियेको हुन्छ
neepal ko sport ministry le dherai young khelaadi haru laai scholarship pani dinchha, नेपालको स्पोर्ट मिनिस्ट्रीले धेरै यङ खेलाडी हरूलाई स्कोलरशिप पनि दिन्छ
neepal ko national games haru regular basis maa hunchha ra tyahaa dherai sport ko competition hunchha, नेपालको नेशनल गेम्स हरू रेगुलर बेसिसमा हुन्छ र त्यहाँ धेरै स्पोर्टको कम्पिटिसन हुन्छ
neepal ko school haru maa annual sports day haru hunchha ra tyahaa dherai khel kuda haru hunchha, नेपालको स्कूल हरूमा एनुअल स्पोर्ट्स डे हरू हुन्छ र त्यहाँ धेरै खेलकुद हरू हुन्छ
neepal ko physical education teacher haru le bachhaa haru laai khelaadi banaauna sahayog garchhan, नेपालको फिजिकल एजुकेशन टीचर हरूले बच्चाहरूलाई खेलाडी बनाउन सहयोग गर्छन्
neepal ko sport stadium haru maa dherai capacity chha ra tyahaa international match haru hunchha, नेपालको स्पोर्ट स्टेडियम हरूमा धेरै क्यापेसिटी छ र त्यहाँ इन्टरनेशनल म्याच हरू हुन्छ
neepal ko sport association haru le regular training camp haru conduct garchhan, नेपालको स्पोर्ट एसोसिएसन हरूले रेगुलर ट्रेनिङ क्याम्प हरू कन्डक्ट गर्छन्
neepal ko media haru le sport ko coverage dherai dinchha ra yo khelaadi haru ko laagi important chha, नेपालको मिडिया हरूले स्पोर्टको कभरेज धेरै दिन्छ र यो खेलाडी हरूको लागि इम्पोर्टेन्ट छ
neepal ko sport maa doping test pani hunchha ra yo fair play ko laagi important chha, नेपालको स्पोर्टमा डोपिङ टेस्ट पनि हुन्छ र यो फेयर प्लेको लागि इम्पोर्टेन्ट छ
neepal ko sport ko development ko laagi government le dherai budget allocate garchha, नेपालको स्पोर्टको डेभलपमेन्टको लागि गभर्नमेन्टले धेरै बजेट एलोकेट गर्छ
neepal ko sport equipment haru maa pani dherai improvement aayeko chha, नेपालको स्पोर्ट इक्विपमेन्ट हरूमा पनि धेरै इम्प्रुभमेन्ट आएको छ
neepal ko sport medicine pani ek important field ho ra yo khelaadi haru ko laagi chha, नेपालको स्पोर्ट मेडिसिन पनि एक इम्पोर्टेन्ट फिल्ड हो र यो खेलाडी हरूको लागि छ
neepal ko sport psychology pani sikhaainchha ra yo khelaadi haru ko mental strength badhaaune kaam garchha, नेपालको स्पोर्ट साइकोलोजी पनि सिकाइन्छ र यो खेलाडी हरूको मेन्टल स्ट्रेङ्थ बढाउने काम गर्छ
neepal ko sport journalism pani ek career option ho ra yo dherai young manche haru le chhanchhan, नेपालको स्पोर्ट जर्नलिज्म पनि एक करियर अप्सन हो र यो धेरै यङ मान्छे हरूले छान्छन्
neepal ko sport ko future bright chha ra dherai young talent haru dekhinchha, नेपालको स्पोर्टको भविष्य ब्राइट छ र धेरै यङ ट्यालेन्ट हरू देखिन्छ
neepal ko sport maa gender equality pani dherai badhdai chha ra mahila khelaadi haru ko sankhyaa badhdai chha, नेपालको स्पोर्टमा जेन्डर इक्वालिटी पनि धेरै बढ्दै छ र महिला खेलाडी हरूको सङ्ख्या बढ्दै छ
neepal ko sport infrastructure maa pani dherai improvement aairaheko chha, नेपालको स्पोर्ट इन्फ्रास्ट्रक्चरमा पनि धेरै इम्प्रुभमेन्ट आइरहेको छ
neepal ko sport maa coach haru ko role pani ekdam important chha, नेपालको स्पोर्टमा कोच हरूको रोल पनि एकदम इम्पोर्टेन्ट छ
neepal ko sport maa competition haru organize garna laagi dherai sponsor haru chhan, नेपालको स्पोर्टमा कम्पिटिसन हरू अर्गनाइज गर्न लागि धेरै स्पन्सर हरू छन्
neepal ko sport maa player transfer system pani chha ra yo professional sport maa important chha, नेपालको स्पोर्टमा प्लेयर ट्रान्सफर सिस्टम पनि छ र यो प्रोफेशनल स्पोर्टमा इम्पोर्टेन्ट छ
neepal ko sport maa fan following pani dherai chha ra yo khelaadi haru ko laagi motivation ho, नेपालको स्पोर्टमा फ्यान फोलोइङ पनि धेरै छ र यो खेलाडी हरूको लागि मोटिभेसन हो
neepal ko sport maa national anthem gaainchha ra yo sabai ko laagi ek gaurav ko bishay ho, नेपालको स्पोर्टमा नेशनल एन्थम गाइन्छ र यो सबैको लागि एक गौरवको विषय हो
neepal ko sport maa discipline ra dedication ko bhaav ekdam important chha, नेपालको स्पोर्टमा डिसिप्लिन र डेडिकेशनको भाव एकदम इम्पोर्टेन्ट छ
neepal ko sport maa failure ra success duwai hunchha ra yo khelaadi haru laai sikhaaune kaam garchha, नेपालको स्पोर्टमा फेल्यर र सक्सेस दुई हुन्छ र यो खेलाडी हरूलाई सिकाउने काम गर्छ
neepal ko sport maa teamwork ra coordination ko mahattwa dherai hunchha, नेपालको स्पोर्टमा टिमवर्क र कोअर्डिनेसनको महत्व धेरै हुन्छ
neepal ko sport maa fitness ra nutrition ko pani dherai mahattwa chha, नेपालको स्पोर्टमा फिटनेस र न्युट्रिसनको पनि धेरै महत्व छ
neepal ko sport maa injury prevention ra treatment pani ek important aspect ho, नेपालको स्पोर्टमा इन्जुरी प्रिभेन्सन र ट्रीटमेन्ट पनि एक इम्पोर्टेन्ट एस्पेक्ट हो
neepal ko sport maa goal setting ra achievement ko bhaav ekdam important chha, नेपालको स्पोर्टमा गोल सेट्टिङ र अचिभमेन्टको भाव एकदम इम्पोर्टेन्ट छ
neepal ko sport maa passion ra love for game ko bhaav chha ra yo khelaadi haru laai aage badhaaune kaam garchha, नेपालको स्पोर्टमा प्यासन र लभ फर गेमको भाव छ र यो खेलाडी हरूलाई अगाडि बढाउने काम गर्छ
neepal ko aadhaarik khela football ra cricket dherai manche haru le herchhan ra khelchhan, नेपालको आधारिक खेल फुटबल र क्रिकेट धेरै मान्छे हरूले हेर्छन् र खेल्छन्
neepal ko football team ko naam neepal national football team ho ra uniharu ko home ground dasarath rangashala ho, नेपालको फुटबल टिमको नाम नेपाल नेशनल फुटबल टिम हो र उनीहरूको होम ग्राउन्ड दशरथ रङ्गशाला हो
neepal le football maa south asian games maa gold medal jitisakyo ra yo neepal ko laagi ek gaurav ko bishay ho, नेपालले फुटबलमा साउथ एसियन गेम्समा गोल्ड मेडल जितिसक्यो र यो नेपालको लागि एक गौरवको विषय हो
neepal ko cricket team le twenty twenty world cup maa bhaag liyeko chha ra uniharu ko performance ramro chha, नेपालको क्रिकेट टिमले ट्वेन्टी ट्वेन्टी वर्ल्ड कपमा भाग लिएको छ र उनीहरूको परफोर्मेन्स राम्रो छ
neepal ko cricket team ko kaptaan sandeep lamichhane ho ra uni ek dam ramro leg spinner hun, नेपालको क्रिकेट टिमको कप्तान सन्दीप लामिछाने हो र उनी एक दम राम्रो लेग स्पिनर हुन्
neepal ko khelaadi haru dherai mehanati ra lakshya dekhne manche haru hun, नेपालको खेलाडी हरू धेरै मेहनती र लक्ष्य देख्ने मान्छे हरू हुन्
neepal maa volleyball pani ek prasiddha khel ho ra yo gaaun tira dherai khelinchha, नेपालमा भलिबल पनि एक प्रसिद्ध खेल हो र यो गाउँ टिरा धेरै खेलिन्छ
neepal ko women football team le pani dherai ramro performance dekhaayeko chha, नेपालको महिला फुटबल टिमले पनि धेरै राम्रो परफोर्मेन्स देखाएको छ
neepal maa badminton ra table tennis pani khelinchha ra tyo school haru maa dherai sikhaainchha, नेपालमा ब्याडमिन्टन र टेबल टेनिस पनि खेलिन्छ र त्यो स्कूल हरूमा धेरै सिकाइन्छ
neepal le kabaddi maa pani dherai medal jitisakyo ra yo ek traditional khel ho, नेपालले कबड्डीमा पनि धेरै मेडल जितिसक्यो र यो एक ट्रेडिसनल खेल हो
neepal ko swimming maa pani dherai khelaadi haru chhan ra uniharu le international competition maa bhaag linchhan, नेपालको स्विमिङमा पनि धेरै खेलाडी हरू छन् र उनीहरूले इन्टरनेशनल कम्पिटिसनमा भाग लिन्छन्
neepal ko taekwondo association le dherai young player haru laai train garchha, नेपालको टाइक्वान्डो एसोसिएसनले धेरै यङ प्लेयर हरूलाई ट्रेन गर्छ
neepal ko martial art maa dherai khelaadi haru chhan ra uniharu le karate ra judo maa medal jitiraheka chhan, नेपालको मार्सियल आर्टमा धेरै खेलाडी हरू छन् र उनीहरूले कराटे र जुडोमा मेडल जितिरहेका छन्
neepal ko basketball team le pani dherai ramro khel dekhaayeko chha ra yo khel badhdai chha, नेपालको बास्केटबल टिमले पनि धेरै राम्रो खेल देखाएको छ र यो खेल बढ्दै छ
neepal ko boxing maa dherai promising khelaadi haru chhan ra uniharu le international level maa neepal ko naam roshan garchhan, नेपालको बक्सिङमा धेरै प्रोमिसिङ खेलाडी हरू छन् र उनीहरूले इन्टरनेशनल लेभलमा नेपालको नाम रोशन गर्छन्
neepal ko athletics maa dherai runner haru chhan ra uniharu le marathon race maa bhaag linchhan, नेपालको एथ्लेटिक्समा धेरै रनर हरू छन् र उनीहरूले म्याराथन रेसमा भाग लिन्छन्
neepal ko shooting sport maa pani dherai khelaadi haru chhan ra uniharu le training liraheka chhan, नेपालको शूटिङ स्पोर्टमा पनि धेरै खेलाडी हरू छन् र उनीहरूले ट्रेनिङ लिरहेका छन्
neepal ko wushu association le dherai competition haru organize garchha, नेपालको वुशु एसोसिएसनले धेरै कम्पिटिसन हरू अर्गनाइज गर्छ
neepal ko rugby football pani ek emerging khel ho ra yo khel dherai young generation maa popular bhaidai chha, नेपालको रग्बी फुटबल पनि एक इमर्जिङ खेल हो र यो खेल धेरै यङ जेनरेशनमा पपुलर भैदै छ
neepal ko tennis maa pani dherai khelaadi haru chhan ra uniharu le national level maa competition haru maa bhaag linchhan, नेपालको टेनिसमा पनि धेरै खेलाडी हरू छन् र उनीहरूले नेशनल लेभलमा कम्पिटिसन हरूमा भाग लिन्छन्
neepal ko sepak takraw pani ek traditional khel ho ra yo school tira dherai khelinchha, नेपालको सेपक टकराव पनि एक ट्रेडिसनल खेल हो र यो स्कूल टिरा धेरै खेलिन्छ
neepal ko handball pani ek khel ho ra yo dherai educational institution haru maa sikhaainchha, नेपालको ह्यान्डबल पनि एक खेल हो र यो धेरै एजुकेशनल इन्स्टिच्युसन हरूमा सिकाइन्छ
neepal ko archery pani ek sport ho ra yo himaalaya kshetra maa dherai khelinchha, नेपालको आर्चरी पनि एक स्पोर्ट हो र यो हिमालय क्षेत्रमा धेरै खेलिन्छ
neepal ko wrestling maa pani dherai khelaadi haru chhan ra yo ek traditional sport ho, नेपालको रेस्लिङमा पनि धेरै खेलाडी हरू छन् र यो एक ट्रेडिसनल स्पोर्ट हो
neepal ko cycling pani ek sport ho ra yo kathmandu valley maa dherai popular bhaidai chha, नेपालको साइक्लिङ पनि एक स्पोर्ट हो र यो काठमाडौं भ्यालीमा धेरै पपुलर भैदै छ
neepal ko skiing pani himaalaya kshetra maa hunchha ra yo winter sport ho, नेपालको स्किइङ पनि हिमालय क्षेत्रमा हुन्छ र यो विन्टर स्पोर्ट हो
neepal ko golf pani ek sport ho ra tyo kathmandu ra pokharaa maa golf course haru chhan, नेपालको गल्फ पनि एक स्पोर्ट हो र त्यो काठमाडौं र पोखरामा गल्फ कोर्स हरू छन्
neepal ko mountaineering pani ek sport ho ra yo nepalko himaalaya haru maa gariyeko hunchha, नेपालको माउन्टेनियरिङ पनि एक स्पोर्ट हो र यो नेपालको हिमालय हरूमा गरियेको हुन्छ
neepal ko sport ministry le dherai young khelaadi haru laai scholarship pani dinchha, नेपालको स्पोर्ट मिनिस्ट्रीले धेरै यङ खेलाडी हरूलाई स्कोलरशिप पनि दिन्छ
neepal ko national games haru regular basis maa hunchha ra tyahaa dherai sport ko competition hunchha, नेपालको नेशनल गेम्स हरू रेगुलर बेसिसमा हुन्छ र त्यहाँ धेरै स्पोर्टको कम्पिटिसन हुन्छ
neepal ko school haru maa annual sports day haru hunchha ra tyahaa dherai khel kuda haru hunchha, नेपालको स्कूल हरूमा एनुअल स्पोर्ट्स डे हरू हुन्छ र त्यहाँ धेरै खेलकुद हरू हुन्छ
neepal ko physical education teacher haru le bachhaa haru laai khelaadi banaauna sahayog garchhan, नेपालको फिजिकल एजुकेशन टीचर हरूले बच्चाहरूलाई खेलाडी बनाउन सहयोग गर्छन्
neepal ko sport stadium haru maa dherai capacity chha ra tyahaa international match haru hunchha, नेपालको स्पोर्ट स्टेडियम हरूमा धेरै क्यापेसिटी छ र त्यहाँ इन्टरनेशनल म्याच हरू हुन्छ
neepal ko sport association haru le regular training camp haru conduct garchhan, नेपालको स्पोर्ट एसोसिएसन हरूले रेगुलर ट्रेनिङ क्याम्प हरू कन्डक्ट गर्छन्
neepal ko media haru le sport ko coverage dherai dinchha ra yo khelaadi haru ko laagi important chha, नेपालको मिडिया हरूले स्पोर्टको कभरेज धेरै दिन्छ र यो खेलाडी हरूको लागि इम्पोर्टेन्ट छ
neepal ko sport maa doping test pani hunchha ra yo fair play ko laagi important chha, नेपालको स्पोर्टमा डोपिङ टेस्ट पनि हुन्छ र यो फेयर प्लेको लागि इम्पोर्टेन्ट छ
neepal ko sport ko development ko laagi government le dherai budget allocate garchha, नेपालको स्पोर्टको डेभलपमेन्टको लागि गभर्नमेन्टले धेरै बजेट एलोकेट गर्छ
neepal ko sport equipment haru maa pani dherai improvement aayeko chha, नेपालको स्पोर्ट इक्विपमेन्ट हरूमा पनि धेरै इम्प्रुभमेन्ट आएको छ
neepal ko sport medicine pani ek important field ho ra yo khelaadi haru ko laagi chha, नेपालको स्पोर्ट मेडिसिन पनि एक इम्पोर्टेन्ट फिल्ड हो र यो खेलाडी हरूको लागि छ
neepal ko sport psychology pani sikhaainchha ra yo khelaadi haru ko mental strength badhaaune kaam garchha, नेपालको स्पोर्ट साइकोलोजी पनि सिकाइन्छ र यो खेलाडी हरूको मेन्टल स्ट्रेङ्थ बढाउने काम गर्छ
neepal ko sport journalism pani ek career option ho ra yo dherai young manche haru le chhanchhan, नेपालको स्पोर्ट जर्नलिज्म पनि एक करियर अप्सन हो र यो धेरै यङ मान्छे हरूले छान्छन्
neepal ko sport ko future bright chha ra dherai young talent haru dekhinchha, नेपालको स्पोर्टको भविष्य ब्राइट छ र धेरै यङ ट्यालेन्ट हरू देखिन्छ
neepal ko sport maa gender equality pani dherai badhdai chha ra mahila khelaadi haru ko sankhyaa badhdai chha, नेपालको स्पोर्टमा जेन्डर इक्वालिटी पनि धेरै बढ्दै छ र महिला खेलाडी हरूको सङ्ख्या बढ्दै छ
neepal ko sport infrastructure maa pani dherai improvement aairaheko chha, नेपालको स्पोर्ट इन्फ्रास्ट्रक्चरमा पनि धेरै इम्प्रुभमेन्ट आइरहेको छ
neepal ko sport maa coach haru ko role pani ekdam important chha, नेपालको स्पोर्टमा कोच हरूको रोल पनि एकदम इम्पोर्टेन्ट छ
neepal ko sport maa competition haru organize garna laagi dherai sponsor haru chhan, नेपालको स्पोर्टमा कम्पिटिसन हरू अर्गनाइज गर्न लागि धेरै स्पन्सर हरू छन्
neepal ko sport maa player transfer system pani chha ra yo professional sport maa important chha, नेपालको स्पोर्टमा प्लेयर ट्रान्सफर सिस्टम पनि छ र यो प्रोफेशनल स्पोर्टमा इम्पोर्टेन्ट छ
neepal ko sport maa fan following pani dherai chha ra yo khelaadi haru ko laagi motivation ho, नेपालको स्पोर्टमा फ्यान फोलोइङ पनि धेरै छ र यो खेलाडी हरूको लागि मोटिभेसन हो
neepal ko sport maa national anthem gaainchha ra yo sabai ko laagi ek gaurav ko bishay ho, नेपालको स्पोर्टमा नेशनल एन्थम गाइन्छ र यो सबैको लागि एक गौरवको विषय हो
neepal ko sport maa discipline ra dedication ko bhaav ekdam important chha, नेपालको स्पोर्टमा डिसिप्लिन र डेडिकेशनको भाव एकदम इम्पोर्टेन्ट छ
neepal ko sport maa failure ra success duwai hunchha ra yo khelaadi haru laai sikhaaune kaam garchha, नेपालको स्पोर्टमा फेल्यर र सक्सेस दुई हुन्छ र यो खेलाडी हरूलाई सिकाउने काम गर्छ
neepal ko sport maa teamwork ra coordination ko mahattwa dherai hunchha, नेपालको स्पोर्टमा टिमवर्क र कोअर्डिनेसनको महत्व धेरै हुन्छ
neepal ko sport maa fitness ra nutrition ko pani dherai mahattwa chha, नेपालको स्पोर्टमा फिटनेस र न्युट्रिसनको पनि धेरै महत्व छ
neepal ko sport maa injury prevention ra treatment pani ek important aspect ho, नेपालको स्पोर्टमा इन्जुरी प्रिभेन्सन र ट्रीटमेन्ट पनि एक इम्पोर्टेन्ट एस्पेक्ट हो
neepal ko sport maa goal setting ra achievement ko bhaav ekdam important chha, नेपालको स्पोर्टमा गोल सेट्टिङ र अचिभमेन्टको भाव एकदम इम्पोर्टेन्ट छ
neepal ko sport maa passion ra love for game ko bhaav chha ra yo khelaadi haru laai aage badhaaune kaam garchha, नेपालको स्पोर्टमा प्यासन र लभ फर गेमको भाव छ र यो खेलाडी हरूलाई अगाडि बढाउने काम गर्छ
neepal maa bhartiye senaa maa bharti bhaera kamaaune nepali haru ko sankhyaa dherai chha, नेपालमा भारतीय सेनामा भर्ती भएर कमाउने नेपाली हरूको सङ्ख्या धेरै छ
bhartiye senaa maa nepali haru laai gorkha regiment maa bharti gariyeko hunchha, भारतीय सेनामा नेपाली हरूलाई गोरखा रेजिमेन्टमा भर्ती गरियेको हुन्छ
gorkha regiment ko itihaas british india samay dekhi chha ra yo regiment maa nepali haru ko shourya ko katha prasiddha chha, गोरखा रेजिमेन्टको इतिहास ब्रिटिश इन्डिया समय देखि छ र यो रेजिमेन्टमा नेपाली हरूको शौर्यको कथा प्रसिद्ध छ
bhartiye senaa maa bharti huna ko laagi nepali yuwaa haru le kathor physical test ra interview paas garna parcha, भारतीय सेनामा भर्ती हुनको लागि नेपाली युवा हरूले कठोर फिजिकल टेस्ट र इन्टरव्यू पास गर्न पर्छ
bhartiye senaa maa bharti bhaepachhi nepali sainik haru ko pariwaar laai pension ra aru facility haru praapt hunchha, भारतीय सेनामा भर्ती भएपछि नेपाली सैनिक हरूको परिवारलाई पेन्सन र अरू फ्यासिलिटी हरू प्राप्त हुन्छ
gorkha sainik haru le bhartiye senaa maa raherai dherai yuddh haru maa bhaag liyeka chhan, गोरखा सैनिक हरूले भारतीय सेनामा रहै धेरै युद्ध हरूमा भाग लिएका छन्
bhartiye senaa maa nepali haru ko bhumika laai hameshaa samjhaaeko hunchha ra uniharu laai sammaan gariyeko hunchha, भारतीय सेनामा नेपाली हरूको भूमिकालाई हमेशा सम्झाइएको हुन्छ र उनीहरूलाई सम्मान गरियेको हुन्छ
gorkha regiment ko recruitment office nepalko kathmandu ra dherai sahar haru maa chha, गोरखा रेजिमेन्टको रिक्रुट्मेन्ट अफिस नेपालको काठमाडौं र धेरै शहर हरूमा छ
bhartiye senaa maa bharti hune nepali yuwaa haru ko laagi selection process ekdam kathor hunchha, भारतीय सेनामा भर्ती हुने नेपाली युवा हरूको लागि सेलेक्सन प्रोसेस एकदम कठोर हुन्छ
nepali sainik haru le bhartiye senaa maa raherai aaphno dedication ra discipline dekhaayeka chhan, नेपाली सैनिक हरूले भारतीय सेनामा रहै आफ्नो डेडिकेशन र डिसिप्लिन देखाएका छन्
bhartiye senaa maa nepali haru ko sankhyaa ghatdai gako chha tara uniharu ko mahattwa kam bhaeko chhaina, भारतीय सेनामा नेपाली हरूको सङ्ख्या घट्दै गको छ तर उनीहरूको महत्व कम भएको छैन
gorkha sainik haru ko pension scheme anusaar uniharu le retirement pachhi ramro jeevan bitauna sakchhan, गोरखा सैनिक हरूको पेन्सन स्कीम अनुसार उनीहरूले रिटायरमेन्ट पछि राम्रो जीवन बिताउन सक्छन्
bhartiye senaa maa nepali haru ko bharti ko laagi dherai ummedawaar haru aau~ne garchhan, भारतीय सेनामा नेपाली हरूको भर्तीको लागि धेरै उम्मेदवार हरू आउने गर्छन्
gorkha regiment ko training center india maa chha ra tyahaa nepali sainik haru laai training diyinchha, गोरखा रेजिमेन्टको ट्रेनिङ सेन्टर इन्डियामा छ र त्यहाँ नेपाली सैनिक हरूलाई ट्रेनिङ दिइन्छ
bhartiye senaa maa nepali haru le aaphno desh nepalko naam roshan gareka chhan, भारतीय सेनामा नेपाली हरूले आफ्नो देश नेपालको नाम रोशन गरेका छन्
gorkha sainik haru ko virtaa ra shourya ko katha india ra nepal duwai desh maa prasiddha chha, गोरखा सैनिक हरूको वीरता र शौर्यको कथा इन्डिया र नेपाल दुई देशमा प्रसिद्ध छ
bhartiye senaa maa bharti bhaeko nepali haru le aaphno pariwaar ko financial condition sudhaarne kaam gareka chhan, भारतीय सेनामा भर्ती भएको नेपाली हरूले आफ्नो परिवारको फाइनान्सियल कन्डिसन सुधार्ने काम गरेका छन्
nepali sainik haru ko bhartiye senaa maa presence le nepal india ko sambandha maa pani sahayog gareko chha, नेपाली सैनिक हरूको भारतीय सेनामा प्रजेन्सले नेपाल इन्डियाको सम्बन्धमा पनि सहयोग गरेको छ
gorkha regiment ko war cry "jai maa kali aayo gorkhali" ho ra yo ekdam prasiddha chha, गोरखा रेजिमेन्टको वार क्राइ "जय मा काली आयो गोरखाली" हो र यो एकदम प्रसिद्ध छ
bhartiye senaa maa nepali haru ko bharti process maa medical examination pani hunchha, भारतीय सेनामा नेपाली हरूको भर्ती प्रक्रियामा मेडिकल एग्जामिनेशन पनि हुन्छ
gorkha sainik haru le bhartiye senaa maa raherai united nations ko peacekeeping mission maa pani bhaag liyeka chhan, गोरखा सैनिक हरूले भारतीय सेनामा रहै युनाइटेड नेशन्सको पिसकिपिङ मिसनमा पनि भाग लिएका छन्
nepali sainik haru ko bhartiye senaa maa retirement pachhi pani uniharu le aaphno gaaun maa kehi kaam garna sakchhan, नेपाली सैनिक हरूको भारतीय सेनामा रिटायरमेन्ट पछि पनि उनीहरूले आफ्नो गाउँमा केही काम गर्न सक्छन्
bhartiye senaa maa nepali haru ko bharti laagi educational qualification pani herinchha, भारतीय सेनामा नेपाली हरूको भर्ती लागि एजुकेशनल क्वालिफिकेशन पनि हेरिन्छ
gorkha regiment ko history maa dherama veer yoddha haru ko naam chha, गोरखा रेजिमेन्टको हिस्ट्रीमा धेरमा वीर योद्धा हरूको नाम छ
bhartiye senaa maa nepali haru ko service period sambandhi niyam haru chha, भारतीय सेनामा नेपाली हरूको सर्विस पिरियड सम्बन्धि नियम हरू छ
nepali sainik haru le bhartiye senaa maa raherai military training ko experience paayeka chhan, नेपाली सैनिक हरूले भारतीय सेनामा रहै मिलिट्री ट्रेनिङको एक्सपीरियन्स पाएका छन्
gorkha sainik haru ko pension india sarkar le dinchha ra tyo nepal maa basne haru laai pani praapt hunchha, गोरखा सैनिक हरूको पेन्सन इन्डिया सरकारले दिन्छ र त्यो नेपालमा बस्ने हरूलाई पनि प्राप्त हुन्छ
bhartiye senaa maa nepali haru ko bharti laagi written examination pani hunchha, भारतीय सेनामा नेपाली हरूको भर्ती लागि रिटन एग्जामिनेशन पनि हुन्छ
nepali sainik haru ko bhartiye senaa maa presence le nepal ko economy maa pani sahayog gareko chha, नेपाली सैनिक हरूको भारतीय सेनामा प्रजेन्सले नेपालको इकोनोमीमा पनि सहयोग गरेको छ
gorkha regiment ko recruitment rally haru nepal ko dherai thau maa hunchha, गोरखा रेजिमेन्टको रिक्रुट्मेन्ट र्याली हरू नेपालको धेरै ठाउँमा हुन्छ
bhartiye senaa maa nepali haru ko bharti process maa background check pani hunchha, भारतीय सेनामा नेपाली हरूको भर्ती प्रक्रियामा ब्याकग्राउन्ड चेक पनि हुन्छ
nepali sainik haru le bhartiye senaa maa raherai military operation haru maa bhaag liyeka chhan, नेपाली सैनिक हरूले भारतीय सेनामा रहै मिलिट्री अपरेसन हरूमा भाग लिएका छन्
gorkha sainik haru ko family laai india maa rehne ko laagi facility pani chha, गोरखा सैनिक हरूको फ्यामिलीलाई इन्डियामा रह्ने लागि फ्यासिलिटी पनि छ
bhartiye senaa maa nepali haru ko bharti laagi physical measurement test pani hunchha, भारतीय सेनामा नेपाली हरूको भर्ती लागि फिजिकल मेजरमेन्ट टेस्ट पनि हुन्छ
nepali sainik haru ko bhartiye senaa maa retirement pachhi uniharu le nepali society maa pani sammaan paau~ne garchhan, नेपाली सैनिक हरूको भारतीय सेनामा रिटायरमेन्ट पछि उनीहरूले नेपाली सोसाइटीमा पनि सम्मान पाउने गर्छन्
gorkha regiment ko recruitment officer haru regular basis maa nepal aau~ne garchhan, गोरखा रेजिमेन्टको रिक्रुट्मेन्ट अफिसर हरू रेगुलर बेसिसमा नेपाल आउने गर्छन्
bhartiye senaa maa nepali haru ko service condition india ko sainik haru sanga milda juldaina, भारतीय सेनामा नेपाली हरूको सर्विस कन्डिसन इन्डियाको सैनिक हरू संग मिल्दा जुल्दैन
nepali sainik haru le bhartiye senaa maa raherai military award haru pani paayeka chhan, नेपाली सैनिक हरूले भारतीय सेनामा रहै मिलिट्री अवार्ड हरू पनि पाएका छन्
gorkha sainik haru ko pension amount india ko inflation rate anusaar adjust hunchha, गोरखा सैनिक हरूको पेन्सन अमाउन्ट इन्डियाको इन्फ्लेसन रेट अनुसार एड्जस्ट हुन्छ
bhartiye senaa maa nepali haru ko bharti process maa document verification pani hunchha, भारतीय सेनामा नेपाली हरूको भर्ती प्रक्रियामा डकुमेन्ट भेरिफिकेशन पनि हुन्छ
nepali sainik haru ko bhartiye senaa maa presence le nepal ko youth haru ko laagi ek career option ho, नेपाली सैनिक हरूको भारतीय सेनामा प्रजेन्सले नेपालको युथ हरूको लागि एक करियर अप्सन हो
gorkha regiment ko recruitment process maa nepali yuwaa haru laai interview maa english ra hindi maa prashna sodi~ne garchha, गोरखा रेजिमेन्टको रिक्रुट्मेन्ट प्रोसेसमा नेपाली युवा हरूलाई इन्टरव्यूमा अङ्ग्रेजी र हिन्दीमा प्रश्न सोधिने गर्छ
bhartiye senaa maa nepali haru ko bharti laagi dherai candidate haru compete garchhan, भारतीय सेनामा नेपाली हरूको भर्ती लागि धेरै क्यान्डिडेट हरू कम्पिट गर्छन्
nepali sainik haru le bhartiye senaa maa raherai disaster management maa pani sahayog gareka chhan, नेपाली सैनिक हरूले भारतीय सेनामा रहै डिजास्टर म्यानेजमेन्टमा पनि सहयोग गरेका छन्
gorkha sainik haru ko family laai medical facility pani praapt hunchha, गोरखा सैनिक हरूको फ्यामिलीलाई मेडिकल फ्यासिलिटी पनि प्राप्त हुन्छ
bhartiye senaa maa nepali haru ko bharti process maa final selection pachhi medical board test hunchha, भारतीय सेनामा नेपाली हरूको भर्ती प्रक्रियामा फाइनल सेलेक्सन पछि मेडिकल बोर्ड टेस्ट हुन्छ
nepali sainik haru ko bhartiye senaa maa retirement pachhi uniharu le aaphno experience anusaar training center kholna sakchhan, नेपाली सैनिक हरूको भारतीय सेनामा रिटायरमेन्ट पछि उनीहरूले आफ्नो एक्सपीरियन्स अनुसार ट्रेनिङ सेन्टर खोल्न सक्छन्
gorkha regiment ko recruitment rally maa dherama candidate haru aau~ne garchhan, गोरखा रेजिमेन्टको रिक्रुट्मेन्ट र्यालीमा धेरमा क्यान्डिडेट हरू आउने गर्छन्
bhartiye senaa maa nepali haru ko bharti laagi age limit ra height requirement pani chha, भारतीय सेनामा नेपाली हरूको भर्ती लागि एज लिमिट र हाइट रिक्वाइरमेन्ट पनि छ
nepali sainik haru le bhartiye senaa maa raherai military diplomacy maa pani sahayog gareka chhan, नेपाली सैनिक हरूले भारतीय सेनामा रहै मिलिट्री डिप्लोमेसीमा पनि सहयोग गरेका छन्
gorkha sainik haru ko pension india ko defense ministry le manage garchha, गोरखा सैनिक हरूको पेन्सन इन्डियाको डिफेन्स मिनिस्ट्रीले म्यानेज गर्छ
bhartiye senaa maa nepali haru ko bharti process maa physical endurance test pani hunchha, भारतीय सेनामा नेपाली हरूको भर्ती प्रक्रियामा फिजिकल एन्ड्युरेन्स टेस्ट पनि हुन्छ
nepali sainik haru ko bhartiye senaa maa presence le nepal india ko cultural exchange maa pani sahayog gareko chha, नेपाली सैनिक हरूको भारतीय सेनामा प्रजेन्सले नेपाल इन्डियाको कल्चरल एक्सचेन्जमा पनि सहयोग गरेको छ
gorkha regiment ko recruitment process maa candidate haru ko family background pani herinchha, गोरखा रेजिमेन्टको रिक्रुट्मेन्ट प्रोसेसमा क्यान्डिडेट हरूको फ्यामिली ब्याकग्राउन्ड पनि हेरिन्छ
neepal ko gaaun haru maa tradition ra modernity ko milan dekhinchha, नेपालको गाउँ हरूमा ट्रेडिसन र मोडर्निटीको मिलन देखिन्छ
gaaun maa puraano paramparaa ra naya technology duwai chalan maa chhan, गाउँमा पुरानो परम्परा र नया टेक्नोलोजी दुई चलनमा छन्
gaaun ko bato maa goru ra gaai ko saath sathaai mobile phone lekhyaa manche herinchha, गाउँको बाटोमा गोरु र गाईको साथ साथै मोबाइल फोन लेख्या मान्छे हेरिन्छ
gaaun maa bihe byaa maa dhaam baaje sanga sathaai DJ music pani suninchha, गाउँमा बिहे ब्यामा धाम बाजे संग साथै डीजे म्यूजिक पनि सुनिन्छ
gaaun ko kheti maa haat le dangaal gardaa pani tractor pani prayog hunchha, गाउँको खेतीमा हातले डङ्गाल गर्दा पनि ट्र्याक्टर पनि प्रयोग हुन्छ
gaaun ko bhitra ko taal maa pani cement ko ghar banaaeko dekhinchha, गाउँको भित्रको तालमा पनि सिमेन्टको घर बनाइएको देखिन्छ
gaaun maa dhoti ra kurta laaune buda baaje laptop maa herirahekaa hun, गाउँमा धोटी र कुर्ता लाउने बूढा बाजे ल्यापटपमा हेरिरहेका हुन्
gaaun ko bazaar maa local haat baaTa kineko samagri sanga online delivery pani hunchha, गाउँको बजारमा लोकल हाटबाट किनेको सामग्री संग अनलाइन डेलिभरी पनि हुन्छ
gaaun ko school maa blackboard sanga sathaai smart board pani chha, गाउँको स्कूलमा ब्ल्याकबोर्ड संग साथै स्मार्ट बोर्ड पनि छ
gaaun maa hath ghaDi ra wall clock sanga sathaai smartphone ko alarm pani suninchha, गाउँमा हात घडी र वाल क्लक संग साथै स्मार्टफोनको अलार्म पनि सुनिन्छ
gaaun ko chaar khuttaa bhatti maa raksi sanga sathaai beer pani paainchha, गाउँको चार खुट्टा भट्टीमा रक्सी संग साथै बियर पनि पाइन्छ
gaaun maa radio ko khabar sanga sathaai youtube ko video pani herinchha, गाउँमा रेडियोको खबर संग साथै युट्युबको भिडियो पनि हेरिन्छ
gaaun ko yubaak haru local bhasa maa kuraa gardaa pani english slang pani prayog garchhan, गाउँको युवाक हरू लोकल भाषामा कुरा गर्दा पनि अङ्ग्रेजी स्ल्याङ पनि प्रयोग गर्छन्
gaaun maa dhaage le banaaeko jutta ra branded shoe duwai laaunchhan, गाउँमा धागेले बनाइएको जुत्ता र ब्रान्डेड शु दुई लाउँछन्
gaaun ko melaa maa local geet sathaai bollywood music pani baajinchha, गाउँको मेलामा लोकल गीत साथै बलिउड म्यूजिक पनि बाजिन्छ
gaaun maa dhunaa batti ra solar light duwai prayog hunchha, गाउँमा धुना बत्ति र सोलर लाइट दुई प्रयोग हुन्छ
gaaun ko chowk maa puraano dharaa ra new water tank duwai chhan, गाउँको चौकमा पुरानो धारा र नयाँ वाटर ट्याङ्क दुई छन्
gaaun maa paatal baaTa ghaam maa sukyaauko masu ra refrigerator maa raakheko masu duwai hunchha, गाउँमा पातालबाट घाममा सुक्याउको मासु र रेफ्रिजरेटरमा राखेको मासु दुई हुन्छ
gaaun ko kholaa maa dhobi ghat ra washing machine duwai chalan maa chhan, गाउँको खोलामा धोबी घाट र वाशिङ मेसिन दुई चलनमा छन्
gaaun maa cycle ra motorbike duwai bato maa herinchha, गाउँमा साइकल र मोटरबाइक दुई बाटोमा हेरिन्छ
gaaun ko baato maa paidal hidaaune ra local jeep duwai paayinchha, गाउँको बाटोमा पैदल हिडाउने र लोकल जिप दुई पाइन्छ
gaaun maa haat le lekheko chithi ra email duwai prayog hunchha, गाउँमा हातले लेखेको चिठी र इमेल दुई प्रयोग हुन्छ
gaaun ko dhaan ko khet maa local bidhi le ropai ra machine le kaaTnu duwai hunchha, गाउँको धानको खेतमा लोकल बिधीले रोपाइ र मेसिनले काट्नु दुई हुन्छ
gaaun maa baaja ra madal sanga sathaai guitar ra keyboard pani suninchha, गाउँमा बाजा र मदल संग साथै गितार र कीबोर्ड पनि सुनिन्छ
gaaun ko taal maa puraano dhoko ra modern bank duwai chhan, गाउँको तालमा पुरानो ढोको र मोडर्न बैंक दुई छन्
gaaun maa local jadibuti ra hospital ko medicine duwai prayog hunchha, गाउँमा लोकल जडिबुटी र हस्पिटलको मेडिसिन दुई प्रयोग हुन्छ
gaaun ko yubaa haru local bhes maa rahepani social media maa global fashion dekhaauchhan, गाउँको युवा हरू लोकल भेषमा रहेपनि सोसियल मिडियामा ग्लोबल फेसन देखाउँछन्
gaaun maa diuso ko bela aago maa makai pakaune ra microwave maa popcorn banaaune duwai hunchha, गाउँमा दिउसोको बेला आगोमा मकै पकाउने र माइक्रोवेवमा पपकर्न बनाउने दुई हुन्छ
gaaun ko bhitra ko aagan maa organic tarkaari ra chemical fertilizer prayog gareko tarkaari duwai hunchha, गाउँको भित्रको आँगनमा अर्गानिक तरकारी र केमिकल फर्टिलाइजर प्रयोग गरेको तरकारी दुई हुन्छ
gaaun maa chyangaa ra murchunga sanga sathaai mobile game pani khelinchha, गाउँमा च्याङ्गा र मुर्चुङ्गा संग साथै मोबाइल गेम पनि खेलिन्छ
gaaun ko bato maa rath ra tractor duwai hidaaune herinchha, गाउँको बाटोमा रथ र ट्र्याक्टर दुई हिडाउने हेरिन्छ
gaaun maa local paathshala ra internet baaTa online class duwai hunchha, गाउँमा लोकल पाठशाला र इन्टरनेटबाट अनलाइन क्लास दुई हुन्छ
gaaun ko chaur maa deshi gai ra jersey cow duwai charinchha, गाउँको चौरमा देसी गाई र जर्सी काउ दुई चरिन्छ
gaaun maa local taal maa banaaeko daal ra bideshi canned food duwai khainchha, गाउँमा लोकल तालमा बनाइएको दाल र विदेशी क्यान्ड फूड दुई खाइन्छ
gaaun ko kholaa maa haat le dhune ra washing powder le dhune duwai chalan chha, गाउँको खोलामा हातले धुने र वाशिङ पाउडरले धुने दुई चलन छ
gaaun maa diyaa baati ra LED bulb duwai prakaash ko shrot hun, गाउँमा दिया बाति र एलईडी बल्ब दुई प्रकाशको स्रोत हुन्
gaaun ko saanjh maa saathi haru sanga kuraa garne ra video call garne duwai hunchha, गाउँको साँझमा साथी हरू संग कुरा गर्ने र भिडियो कल गर्ने दुई हुन्छ
gaaun maa puraano goth maa bhaat pakaune ra rice cooker maa pakaune duwai hunchha, गाउँमा पुरानो गोठमा भात पकाउने र राइस कुकरमा पकाउने दुई हुन्छ
gaaun ko bazaar maa local kapadaa ra branded kapadaa duwai bikchha, गाउँको बजारमा लोकल कपडा र ब्रान्डेड कपडा दुई बिक्छ
gaaun maa haat le banaaeko khuwaa ra plastic ko glass duwai chha, गाउँमा हातले बनाइएको खुवा र प्लास्टिकको ग्लास दुई छ
gaaun ko taal maa puraano pokhari ra swimming pool duwai chhan, गाउँको तालमा पुरानो पोखरी र स्विमिङ पुल दुई छन्
gaaun maa dhaan ko bhus ra poultry feed duwai charaaune hunchha, गाउँमा धानको भूस र पोल्ट्री फिड दुई चराउने हुन्छ
gaaun ko bhitra ko aagan maa puraano rukh ra new garden duwai chha, गाउँको भित्रको आँगनमा पुरानो रूख र नयाँ गार्डेन दुई छ
gaaun maa bihaa maa janti niskane ra car maa hidne duwai hunchha, गाउँमा बिहामा जन्ती निस्कने र कारमा हिड्ने दुई हुन्छ
gaaun ko saanjh maa local kathaakaharuko katha ra television serial duwai herinchha, गाउँको साँझमा लोकल कथाकारहरूको कथा र टेलिभिजन सिरियल दुई हेरिन्छ
gaaun maa haat le pat pat pataaune ra electric fan duwai chha, गाउँमा हातले पट पट पताउने र इलेक्ट्रिक फ्यान दुई छ
gaaun ko bato maa local doko ra backpack duwai bokaainchha, गाउँको बाटोमा लोकल डोको र ब्याकप्याक दुई बोकाइन्छ
gaaun maa deshi kukhura ra broiler chicken duwai palinchha, गाउँमा देसी कुखुरा र ब्रोइलर चिकन दुई पालिन्छ
gaaun ko chaar khuttaa maa goru ko gobar ra biogas plant duwai chha, गाउँको चार खुट्टामा गोरुको गोबर र बायोग्यास प्लान्ट दुई छ
gaaun maa local haat baaTa kineko samagri ra online shopping baaTa aayeko samagri duwai prayog hunchha, गाउँमा लोकल हाटबाट किनेको सामग्री र अनलाइन शपिङबाट आएको सामग्री दुई प्रयोग हुन्छ
gaaun ko bhitra ko kotha maa puraano chitra ra digital photo frame duwai chha, गाउँको भित्रको कोठामा पुरानो चित्र र डिजिटल फोटो फ्रेम दुई छ
gaaun maa local bhajan ra FM radio ko music duwai suninchha, गाउँमा लोकल भजन र एफएम रेडियोको म्यूजिक दुई सुनिन्छ
gaaun ko bhitra ko aagan maa puraano ghar ra new building duwai chha, गाउँको भित्रको आँगनमा पुरानो घर र नयाँ बिल्डिङ दुई छ
gaaun maa haat le banaaeko daal ra rice mill maa piseko daal duwai hunchha, गाउँमा हातले बनाइएको दाल र राइस मिलमा पिसेको दाल दुई हुन्छ
gaaun ko bazaar maa local bhaajan ra plastic ko saman duwai bikchha, गाउँको बजारमा लोकल भाजन र प्लास्टिकको सामान दुई बिक्छ
gaaun maa puraano goth maa sukyaauko ghaas ra readymade animal feed duwai hunchha, गाउँमा पुरानो गोठमा सुक्याउको घाँस र रेडिमेड एनिमल फिड दुई हुन्छ
gaaun ko taal maa puraano kuwaa ra deep tube well duwai chhan, गाउँको तालमा पुरानो कुवा र डीप ट्यूब वेल दुई छन्
gaaun maa local baaja baajne ra mobile ringtone duwai suninchha, गाउँमा लोकल बाजा बाज्ने र मोबाइल रिङटोन दुई सुनिन्छ
gaaun ko bhitra ko chowk maa puraano dhunga ra new concrete duwai chha, गाउँको भित्रको चौकमा पुरानो ढुङ्गा र नयाँ कन्क्रिट दुई छ
gaaun maa haat le banaaeko duna ra plastic plate duwai chha, गाउँमा हातले बनाइएको दुना र प्लास्टिक प्लेट दुई छ
gaaun ko kholaa maa natural dharaa ra water filter duwai chha, गाउँको खोलामा नेचुरल धारा र वाटर फिल्टर दुई छ
gaaun maa local paramparaa ra global culture ko sangam herinchha, गाउँमा लोकल परम्परा र ग्लोबल कल्चरको सङ्गम हेरिन्छ
neepal ko arghakhanchi jilla maa dherai jana yuvaa haru dubai koreamaa kamaaune kaam maa gaidaka chhan, नेपालको अर्घाखाँची जिल्लामा धेरै जना युवा हरू दुई कोरियामा कमाउने काममा गइदेका छन्
koreamaa kaam garna jaane yuvaa haru le EPS-TOPIK exam paas garna parcha ra tyo ekdam kathor hunchha, कोरियामा काम गर्न जाने युवा हरूले ईपीएस-टोपिक परीक्षा पास गर्न पर्छ र त्यो एकदम कठोर हुन्छ
korea maa kaam garna jaane nepali haru manufacturing ra construction jaasta sector haru maa kamaauchhan, कोरियामा काम गर्न जाने नेपाली हरू म्यानुफ्याक्चरिङ र कन्स्ट्रक्सन जस्ता सेक्टर हरूमा कमाउँछन्
koreako jilla maa nepali haru ko sankhyaa dherai chha ra uniharu le aaphno pariwaar laai remittance paThaau~ne garchhan, कोरियाको जिल्लामा नेपाली हरूको सङ्ख्या धेरै छ र उनीहरूले आफ्नो परिवारलाई रेमिटेन्स पठाउने गर्छन्
korea bata nepali haru le pathaau~ne paisa le nepal ko economy maa dherai sahayog gareko chha, कोरिया बाट नेपाली हरूले पठाउने पैसाले नेपालको इकोनोमीमा धेरै सहयोग गरेको छ
koreamaa kaam garna jaane nepali haru le korean bhaashaa sika~nu parchha ra tyo uniharu ko laagi ek challenge ho, कोरियामा काम गर्न जाने नेपाली हरूले कोरियन भाषा सिक्नु पर्छ र त्यो उनीहरूको लागि एक च्यालेन्ज हो
koreako company haru le nepali worker haru laai housing ra food facility dinchha, कोरियाको कम्पनी हरूले नेपाली वर्कर हरूलाई हाउसिङ र फूड फ्यासिलिटी दिन्छ
nepali yuvaa haru ko koreamaa kaam garna jaane ko pachhi uniharu ko ghar ko aarthik sthiti maa sudhar aayeko chha, नेपाली युवा हरूको कोरियामा काम गर्न जानेको पछि उनीहरूको घरको आर्थिक स्थितिमा सुधार आएको छ
koreamaa nepali haru le faced gareko ek samasya language barrier ho ra tyo uniharu laai dherai garho hunchha, कोरियामा नेपाली हरूले फेस्ड गरेको एक समस्या ल्याङ्ग्वेज ब्यारियर हो र त्यो उनीहरूलाई धेरै गाह्रो हुन्छ
koreako government le nepali worker haru ko laagi labour law maa protection diyeko chha, कोरियाको गभर्नमेन्टले नेपाली वर्कर हरूको लागि लेबर लमा प्रोटेक्सन दिएको छ
nepali haru le koreamaa kaam gardaa uniharu ko health insurance pani hunchha ra tyo important chha, नेपाली हरूले कोरियामा काम गर्दा उनीहरूको हेल्थ इन्सुरेन्स पनि हुन्छ र त्यो इम्पोर्टेन्ट छ
koreamaa nepali community haru chhan ra uniharu le aaphno culture ra festival haru manaune garchhan, कोरियामा नेपाली कम्युनिटी हरू छन् र उनीहरूले आफ्नो कल्चर र फेस्टिवल हरू मनाउने गर्छन्
nepali yuvaa haru ko koreamaa kaam garna jaane ko process maa manpower company haru ko bhumika chha, नेपाली युवा हरूको कोरियामा काम गर्न जानेको प्रोसेसमा म्यानपावर कम्पनी हरूको भूमिका छ
korea bata nepal aaune remittance le ghar ko construction ra bachat maa sahayog gareko chha, कोरिया बाट नेपाल आउने रेमिटेन्सले घरको कन्स्ट्रक्सन र बचतमा सहयोग गरेको छ
nepali haru le koreamaa sikheko skill haru le nepal maa aayera kehi business start garna sakchhan, नेपाली हरूले कोरियामा सिकेको स्किल हरूले नेपालमा आएर केही बिजनेस स्टार्ट गर्न सक्छन्
koreako company haru maa nepali worker haru ko shift system hunchha ra tyo ekdam strict hunchha, कोरियाको कम्पनी हरूमा नेपाली वर्कर हरूको शिफ्ट सिस्टम हुन्छ र त्यो एकदम स्ट्रिक्ट हुन्छ
nepali haru ko koreamaa kaam garna jaane ko laagi medical checkup pani garnu parchha, नेपाली हरूको कोरियामा काम गर्न जानेको लागि मेडिकल चेकअप पनि गर्नु पर्छ
koreamaa nepali haru le faced gareko aru samasya weather condition ra food habit ho, कोरियामा नेपाली हरूले फेस्ड गरेको अरू समस्या वेदर कन्डिसन र फूड ह्याबिट हो
nepali yuvaa haru le koreamaa kaam garepachhi uniharu ko life style maa pani paribartan aayeko chha, नेपाली युवा हरूले कोरियामा काम गरेपछि उनीहरूको लाइफ स्टाइलमा पनि परिवर्तन आएको छ
korea maa nepali haru ko laagi embassy ra consulate le sahayog garchha, कोरियामा नेपाली हरूको लागि एम्बेसी र कन्सुलेटले सहयोग गर्छ
nepali worker haru le koreako company maa kaam gardaa overtime pani garna parcha ra tyo uniharu ko income badhaaune kaam garchha, नेपाली वर्कर हरूले कोरियाको कम्पनीमा काम गर्दा ओभरटाइम पनि गर्न पर्छ र त्यो उनीहरूको इनकम बढाउने काम गर्छ
koreako jilla maa nepali haru ko community center haru chhan ra tyahaa uniharu le milera kuraa garchhan, कोरियाको जिल्लामा नेपाली हरूको कम्युनिटी सेन्टर हरू छन् र त्यहाँ उनीहरूले मिलेर कुरा गर्छन्
nepali haru le koreamaa sikheko discipline ra work culture nepal maa aayera implement garna sakchhan, नेपाली हरूले कोरियामा सिकेको डिसिप्लिन र वर्क कल्चर नेपालमा आएर इम्प्लिमेन्ट गर्न सक्छन्
koreako government le nepali haru ko laagi training program haru pani conduct garchha, कोरियाको गभर्नमेन्टले नेपाली हरूको लागि ट्रेनिङ प्रोग्राम हरू पनि कन्डक्ट गर्छ
nepali yuvaa haru ko koreamaa kaam garna jaane ko process maa dherai paperwork garnu parchha, नेपाली युवा हरूको कोरियामा काम गर्न जानेको प्रोसेसमा धेरै पेपरवर्क गर्नु पर्छ
koreamaa nepali haru le korean society sanga adjust garna ekdam garho hunchha, कोरियामा नेपाली हरूले कोरियन सोसाइटी संग एड्जस्ट गर्न एकदम गाह्रो हुन्छ
nepali worker haru le koreako company maa kaam gardaa safety equipment prayog garna parcha, नेपाली वर्कर हरूले कोरियाको कम्पनीमा काम गर्दा सेफ्टी इक्विपमेन्ट प्रयोग गर्न पर्छ
korea maa nepali haru ko laagi religious freedom chha ra uniharu le aaphno dharma anusaar pooja garna sakchhan, कोरियामा नेपाली हरूको लागि रिलिजियस फ्रीडम छ र उनीहरूले आफ्नो धर्म अनुसार पूजा गर्न सक्छन्
nepali haru le koreamaa sikheko technology ko jaankaari nepal ko industry maa sahayog garna sakchha, नेपाली हरूले कोरियामा सिकेको टेक्नोलोजीको जानकारी नेपालको इन्डस्ट्रीमा सहयोग गर्न सक्छ
koreako jilla maa nepali restaurant haru pani chhan ra tyahaa nepali khana paainchha, कोरियाको जिल्लामा नेपाली रेस्टुरेन्ट हरू पनि छन् र त्यहाँ नेपाली खाना पाइन्छ
nepali yuvaa haru le koreamaa kaam gardaa uniharu ko savings account maa paisa jammaa garchhan, नेपाली युवा हरूले कोरियामा काम गर्दा उनीहरूको सेभिङस एकाउन्टमा पैसा जम्मा गर्छन्
koreako government le nepali worker haru ko laagi minimum wage set gareko chha, कोरियाको गभर्नमेन्टले नेपाली वर्कर हरूको लागि मिनिमम वेज सेट गरेको छ
nepali haru le koreamaa sikheko punctuality ra time management nepal maa aayera kaam laagchha, नेपाली हरूले कोरियामा सिकेको पङ्क्चुअलिटी र टाइम म्यानेजमेन्ट नेपालमा आएर काम लाग्छ
koreamaa nepali haru le faced gareko homesickness pani ek samasya ho, कोरियामा नेपाली हरूले फेस्ड गरेको होमसिकनेस पनि एक समस्या हो
nepali worker haru le koreako company maa kaam gardaa contract renewal garnu parchha, नेपाली वर्कर हरूले कोरियाको कम्पनीमा काम गर्दा कन्ट्र्याक्ट रिन्युअल गर्नु पर्छ
korea maa nepali haru ko laagi legal aid service pani chha, कोरियामा नेपाली हरूको लागि लीगल एड सर्विस पनि छ
nepali yuvaa haru le koreamaa kaam gardaa uniharu ko skill development hunchha, नेपाली युवा हरूले कोरियामा काम गर्दा उनीहरूको स्किल डेभलपमेन्ट हुन्छ
koreako jilla maa nepali haru ko sports tournament haru pani hunchha, कोरियाको जिल्लामा नेपाली हरूको स्पोर्ट्स टुर्नामेन्ट हरू पनि हुन्छ
nepali haru le koreamaa sikheko quality control ko knowledge nepal maa aayera kaam laagchha, नेपाली हरूले कोरियामा सिकेको क्वालिटी कन्ट्रोलको नॉलेज नेपालमा आएर काम लाग्छ
koreako company haru maa nepali worker haru ko performance evaluation hunchha, कोरियाको कम्पनी हरूमा नेपाली वर्कर हरूको परफोर्मेन्स इभालुएसन हुन्छ
nepali haru ko koreamaa kaam garna jaane ko process maa language test ko marks important hunchha, नेपाली हरूको कोरियामा काम गर्न जानेको प्रोसेसमा ल्याङ्ग्वेज टेस्टको मार्क्स इम्पोर्टेन्ट हुन्छ
korea maa nepali haru le aaphno culture ko promotion pani garchhan, कोरियामा नेपाली हरूले आफ्नो कल्चरको प्रोमोसन पनि गर्छन्
nepali worker haru le koreako company maa kaam gardaa teamwork ra coordination sikchhan, नेपाली वर्कर हरूले कोरियाको कम्पनीमा काम गर्दा टिमवर्क र कोअर्डिनेसन सिक्छन्
koreako jilla maa nepali haru ko laagi health checkup service pani chha, कोरियाको जिल्लामा नेपाली हरूको लागि हेल्थ चेकअप सर्विस पनि छ
nepali yuvaa haru le koreamaa kaam gardaa uniharu ko confidence level badhchha, नेपाली युवा हरूले कोरियामा काम गर्दा उनीहरूको कन्फिडेन्स लेभल बढ्छ
koreako government le nepali haru ko laagi cultural exchange program haru pani conduct garchha, कोरियाको गभर्नमेन्टले नेपाली हरूको लागि कल्चरल एक्सचेन्ज प्रोग्राम हरू पनि कन्डक्ट गर्छ
nepali haru le koreamaa sikheko work ethic nepal ko job market maa ek plus point ho, नेपाली हरूले कोरियामा सिकेको वर्क एथिक नेपालको जब मार्केटमा एक प्लस पोइन्ट हो
koreamaa nepali haru le faced gareko discrimination ko issue pani chha, कोरियामा नेपाली हरूले फेस्ड गरेको डिस्क्रिमिनेसनको इस्यू पनि छ
nepali worker haru le koreako company maa kaam gardaa problem solving skill develop hunchha, नेपाली वर्कर हरूले कोरियाको कम्पनीमा काम गर्दा प्रब्लम सोल्भिङ स्किल डेभलप हुन्छ
korea maa nepali haru ko laagi mobile banking service pani chha, कोरियामा नेपाली हरूको लागि मोबाइल बैंकिङ सर्विस पनि छ
nepali yuvaa haru le koreamaa kaam gardaa uniharu ko global exposure hunchha, नेपाली युवा हरूले कोरियामा काम गर्दा उनीहरूको ग्लोबल एक्सपोजर हुन्छ
koreako jilla maa nepali haru ko picnic ra gathering haru pani hunchha, कोरियाको जिल्लामा नेपाली हरूको पिकनिक र गेदरिङ हरू पनि हुन्छ
nepali haru le koreamaa sikheko industrial skill nepal ko manufacturing sector maa sahayog garna sakchha, नेपाली हरूले कोरियामा सिकेको इन्डस्ट्रियल स्किल नेपालको म्यानुफ्याक्चरिङ सेक्टरमा सहयोग गर्न सक्छ
koreako company haru maa nepali worker haru ko laagi accommodation facility chha, कोरियाको कम्पनी हरूमा नेपाली वर्कर हरूको लागि एकोमोडेसन फ्यासिलिटी छ
nepali haru ko koreamaa kaam garna jaane ko process maa interview maa korean language ko fluency herinchha, नेपाली हरूको कोरियामा काम गर्न जानेको प्रोसेसमा इन्टरव्यूमा कोरियन भाषाको फ्लुएन्सी हेरिन्छ
neepal maa agriculture ko bhaag dherai important chha ra yo nepal ko economy ko backbone ho, नेपालमा कृषिको भाग धेरै इम्पोर्टेन्ट छ र यो नेपालको इकोनोमीको ब्याकबोन हो
nepal ko kheti maa dhaan ra makai pradhan bali kheti garinchha ra yo nepali haruko bhojan ko aadhaar ho, नेपालको खेतीमा धान र मकै प्रधान बाली खेती गरिन्छ र यो नेपाली हरूको भोजनको आधार हो
nepali kisaan haru le aadhaunik kheti bidhi apanaauna sakiraheka chhaina ra tyasle gardaa productivity kam chha, नेपाली किसान हरूले आधुनिक खेति बिधी अपनाउन सकिरहेका छैनन् र त्यसले गर्दा प्रोडक्टिभिटी कम छ
nepal ko kheti yantrikaran maa dherai challenge chha ra yo kheti laai profitable banaauna garho chha, नेपालको खेति यान्त्रीकरणमा धेरै च्यालेन्ज छ र यो खेति लाई प्रोफिटेबल बनाउन गाह्रो छ
nepal ko agriculture sector maa irrigation ko samasya dherai chha ra kheti laai paani ko aabashyakta hunchha, नेपालको कृषि सेक्टरमा सिचाईको समस्या धेरै छ र खेति लाई पानीको आवश्यक्ता हुन्छ
nepali kisaan haru le chemical fertilizer ra pesticide ko prayog dherai gardachhan ra tyasle maito laai nuksaan hunchha, नेपाली किसान हरूले केमिकल फर्टिलाइजर र पेस्टिसाइडको प्रयोग धेरै गर्दछन् र त्यसले माटोलाई नुक्सान हुन्छ
nepal ko organic farming badhdai chha tara tyo aajhai dherai limited chha, नेपालको अर्गानिक फार्मिङ बढ्दै छ तर त्यो अझै धेरै लिमिटेड छ
nepal ko agriculture maa seed quality ko samasya pani chha ra ramro quality ko beej napraapt hune garchha, नेपालको कृषिमा बीज गुणस्तरको समस्या पनि छ र राम्रो गुणस्तरको बीज नप्राप्त हुने गर्छ
nepali kisaan haru le kheti bata paune aay le uniharu ko jeevan yapan garna sa~kinchha, नेपाली किसान हरूले खेति बाट पाउने आयले उनीहरूको जीवन यापन गर्न सकिन्छ
nepal ko agriculture maa climate change ko asar dherai dekhinchha ra yo kheti laai risk maa raakheko chha, नेपालको कृषिमा जलवायु परिवर्तनको असर धेरै देखिन्छ र यो खेति लाई रिस्कमा राखेको छ
nepali kisaan haru le cooperative maa sammelit bhaera kheti gareko chha ra tyo dherai faidadaayak chha, नेपाली किसान हरूले कोअपरेटिभमा सम्मिलित भएर खेति गरेको छ र त्यो धेरै फाइदादायक छ
nepal ko agriculture research center haru le naya technology develop garna khojiraheka chhan, नेपालको कृषि अनुसन्धान केन्द्र हरूले नयाँ टेक्नोलोजी डेभेलप गर्न खोजिरहेका छन्
nepali kisaan haru le kheti samagri kinna laagi loan ko sahayata chahinchha ra tyo praapt garna garho chha, नेपाली किसान हरूले खेति सामग्री किन्न लागि लोनको सहायता चाहिन्छ र त्यो प्राप्त गर्न गाह्रो छ
nepal ko government le agriculture ko laagi subsidy diyeko chha tara tyo kisaan samma pugna sa~keko chhaina, नेपालको गभर्नमेन्टले कृषिको लागि सब्सिडी दिएको छ तर त्यो किसान सम्म पुग्न सकेको छैन
nepal ko agriculture maa post harvest management ko kami le gardaa dhaan ra tarkaari haru bigrinchha, नेपालको कृषिमा पोष्ट हार्भेस्ट म्यानेजमेन्टको कमीले गर्दा धान र तरकारी हरू बिग्रिन्छ
nepali kisaan haru le kheti bata paune aay baaTa aru business pani garna khojchhan, नेपाली किसान हरूले खेति बाट पाउने आय बाट अरू बिजनेस पनि गर्न खोज्छन्
nepal ko agriculture sector maa youth ko participation ghatdai chha ra kisaan ko umer badhdai chha, नेपालको कृषि सेक्टरमा युथको पार्टिसिपेसन घट्दै छ र किसानको उमेर बढ्दै छ
nepal ko kheti maa diversification ko kami chha ra dhaan matra nai biri kheti garinchha, नेपालको खेतीमा डिभर्सिफिकेसनको कमी छ र धान मात्र नै बिरि खेति गरिन्छ
nepali kisaan haru le market access praapt garna sa~keko chhaina ra tyasle gardaa uniharu ko utpadan saasto maa bikchha, नेपाली किसान हरूले मार्केट एक्सेस प्राप्त गर्न सकेको छैन र त्यसले गर्दा उनीहरूको उत्पादन सस्तोमा बिक्छ
nepal ko agriculture maa technology transfer ko process dherai slow chha, नेपालको कृषिमा टेक्नोलोजी ट्रान्सफरको प्रोसेस धेरै स्लो छ
nepali kisaan haru le aadhaunik kheti yantra haru prayog garna sa~keko chhain ra tyo mahango pani chha, नेपाली किसान हरूले आधुनिक खेति यन्त्र हरू प्रयोग गर्न सकेको छैन र त्यो महङ्गो पनि छ
nepal ko agriculture extension service kamjoor chha ra kisaan haru laai sahi jaankaari dinna, नेपालको कृषि विस्तार सेवा कमजोर छ र किसान हरूलाई सही जानकारी दिन्न
nepal ko kheti maa soil testing ko practice chhaina ra maito ko quality thaha nahune garchha, नेपालको खेतीमा सोइल टेस्टिङको प्रयास छैन र माटोको गुणस्तर थाहा नहुने गर्छ
nepali kisaan haru le crop insurance ko facility praapt garna sa~keko chhaina, नेपाली किसान हरूले क्रप इन्सुरेन्सको फ्यासिलिटी प्राप्त गर्न सकेको छैन
nepal ko agriculture maa water management ko samasya dherai chha ra kholaa ko paani prabandhan garna garho chha, नेपालको कृषिमा पानी प्रबन्धनको समस्या धेरै छ र खोलाको पानी प्रबन्धन गर्न गाह्रो छ
nepali kisaan haru le livestock ra poultry farming sanga milaayera kheti gardachhan, नेपाली किसान हरूले लिभष्टक र पोल्ट्री फार्मिङ संग मिलाएर खेति गर्दछन्
nepal ko agriculture maa gender role chha ra mahila haru le pani kheti maa sahayog garchhan, नेपालको कृषिमा जेन्डर रोल छ र महिला हरूले पनि खेति मा सहयोग गर्छन्
nepali kisaan haru le indigenous knowledge prayog gardai kheti garchhan, नेपाली किसान हरूले आदिवासी ज्ञान प्रयोग गर्दै खेति गर्छन्
nepal ko agriculture maa crop rotation ko practice chhaina ra tyasle gardaa maito ko fertility ghatdai chha, नेपालको कृषिमा क्रप रोटेसनको प्रयास छैन र त्यसले गर्दा माटोको फर्टिलिटी घट्दै छ
nepali kisaan haru le kheti samagri kinna baaTa pehile production cost nai dherai hunchha, नेपाली किसान हरूले खेति सामग्री किन्न बाट पहिले प्रोडक्सन कस्ट नै धेरै हुन्छ
nepal ko government le agriculture policy banayeko chha tara tyo implementation weak chha, नेपालको गभर्नमेन्टले कृषि नीति बनाएको छ तर त्यो इम्प्लिमेन्टेसन वीक छ
nepal ko agriculture maa greenhouse technology ko prayog thoraai matra bhaeko chha, नेपालको कृषिमा ग्रीनहाउस टेक्नोलोजीको प्रयोग थोरै मात्र भएको छ
nepali kisaan haru le marketing skill ko abhaaw chha ra uniharu le utpadan bechna sa~keko chhain, नेपाली किसान हरूले मार्केटिङ स्किलको अभाव छ र उनीहरूले उत्पादन बेच्न सकेको छैन
nepal ko agriculture maa seed bank ko concept chha tara tyo effective chhaina, नेपालको कृषिमा बीज बैंकको कन्सेप्ट छ तर त्यो इफेक्टिभ छैन
nepali kisaan haru le kheti bata paune aay seasonal hunchha ra tyo whole year sustain garna sa~kinchha, नेपाली किसान हरूले खेति बाट पाउने आय सीजनल हुन्छ र त्यो होल इयर सस्टेन गर्न सकिन्छ
nepal ko agriculture maa land fragmentation ko samasya chha ra kheti garna laagi thulo jamin chhaina, नेपालको कृषिमा ल्यान्ड फ्र्याग्मेन्टेसनको समस्या छ र खेति गर्न लागि ठूलो जमिन छैन
nepali kisaan haru le traditional tool haru prayog gardachhan ra tyo time consuming chha, नेपाली किसान हरूले ट्रेडिसनल टुल हरू प्रयोग गर्दछन् र त्यो टाइम कन्जुमिङ छ
nepal ko agriculture maa research ra development maa investment kami chha, नेपालको कृषिमा अनुसन्धान र डेभलपमेन्टमा इन्भेस्ट्मेन्ट कमी छ
nepali kisaan haru le government ko agriculture program haru baaTa faida uthauna sa~keko chhain, नेपाली किसान हरूले गभर्नमेन्टको कृषि प्रोग्राम हरूबाट फाइदा उठाउन सकेको छैन
nepal ko agriculture maa contract farming ko practice suru bhaeko chha tara tyo limited chha, नेपालको कृषिमा कन्ट्र्याक्ट फार्मिङको प्रयास सुरु भएको छ तर त्यो लिमिटेड छ
nepali kisaan haru le climate resilient crop haru ko baare maa jaankaari chhaina, नेपाली किसान हरूले क्लाइमेट रेजिलिएन्ट क्रप हरूको बारेमा जानकारी छैन
nepal ko agriculture maa export potential chha tara quality standard meet garna garho chha, नेपालको कृषिमा एक्सपोर्ट पोटेन्सियल छ तर गुणस्तर स्टान्डर्ड मिट गर्न गाह्रो छ
nepali kisaan haru le digital technology prayog garna sa~keko chhain ra tyo ek disadvantage ho, नेपाली किसान हरूले डिजिटल टेक्नोलोजी प्रयोग गर्न सकेको छैन र त्यो एक डिसअड्भान्टेज हो
nepal ko agriculture maa cooperative marketing ko system weak chha, नेपालको कृषिमा कोअपरेटिभ मार्केटिङको सिस्टम वीक छ
nepali kisaan haru le kheti garna laagi aaru desh maa seasonal migration garchhan, नेपाली किसान हरूले खेति गर्न लागि अरू देशमा सीजनल माइग्रेसन गर्छन्
nepal ko agriculture maa fishery ra bee keeping jaasta aru option haru pani chhan, नेपालको कृषिमा फिशरी र बी किपिङ जस्ता अरू अप्सन हरू पनि छन्
nepali kisaan haru le indigenous seed haru raakhera kheti garchhan, नेपाली किसान हरूले आदिवासी बीज हरू राखेर खेति गर्छन्
nepal ko agriculture maa value addition ko kami chha ra utpadan direct bechnu parcha, नेपालको कृषिमा भ्यालु एडिसनको कमी छ र उत्पादन डाइरेक्ट बेच्नु पर्छ
nepali kisaan haru le agriculture ko training paayera pani tyo implement garna sa~keko chhain, नेपाली किसान हरूले कृषिको ट्रेनिङ पाएर पनि त्यो इम्प्लिमेन्ट गर्न सकेको छैन
nepal ko agriculture maa land productivity ekdam kam chha ra yo badhaauna garho chha, नेपालको कृषिमा ल्यान्ड प्रोडक्टिभिटी एकदम कम छ र यो बढाउन गाह्रो छ
nepali kisaan haru le kheti garna laagi aaphno bal ra mehanat dherai lagaau~ne garchhan, नेपाली किसान हरूले खेति गर्न लागि आफ्नो बल र मेहनत धेरै लगाउने गर्छन्
nepal ko agriculture sector laai strong banaauna government le priority dinu parcha, नेपालको कृषि सेक्टर लाई स्ट्रङ बनाउन गभर्नमेन्टले प्रायोरिटी दिनु पर्छ
nepali kisaan haru ko jeevan standard uchcha banaauna agriculture laai profitable banaaunu parchha, नेपाली किसान हरूको जीवन स्टान्डर्ड उच्च बनाउन कृषि लाई प्रोफिटेबल बनाउनु पर्छ
kathmandu ko traffic jam ek dherai nai serious problem bhaeko chha ra yo din badhidai chha, काठमाडौंको ट्राफिक जाम एक धेरै नै सीरियस प्रब्लम भएको छ र यो दिन बढिदै छ
kathmandu maa bihaana ra saanjh ko bela traffic jam dherai bhayaanak hunchha ra manche haru office school pugna garho hunchha, काठमाडौंमा बिहान र साँझको बेला ट्राफिक जाम धेरै भयानक हुन्छ र मान्छे हरू अफिस स्कूल पुग्न गाह्रो हुन्छ
kathmandu ko bato haru ekdam sango chhan ra tyahaa dherai gadi haru chaldaa traffic jam hunchha, काठमाडौंको बाटो हरू एकदम साँगो छन् र त्यहाँ धेरै गाडी हरू चल्दा ट्राफिक जाम हुन्छ
kathmandu maa traffic police haru le traffic control garna sa~keko chhain ra system nai weak chha, काठमाडौंमा ट्राफिक पुलिस हरूले ट्राफिक कन्ट्रोल गर्न सकेको छैन र सिस्टम नै वीक छ
kathmandu ko bato maa parking ko samasya dherai chha ra gadi haru bato kachchurai park gardaa traffic block hunchha, काठमाडौंको बाटोमा पार्किङको समस्या धेरै छ र गाडी हरू बाटो कच्चुरै पार्क गर्दा ट्राफिक ब्लक हुन्छ
kathmandu maa public transport system dherai weak chha ra yo traffic jam ko ek kaaran ho, काठमाडौंमा पब्लिक ट्रान्सपोर्ट सिस्टम धेरै वीक छ र यो ट्राफिक जामको एक कारण हो
kathmandu ko traffic jam le manche haru ko time ra fuel dubaai waste garchha, काठमाडौंको ट्राफिक जामले मान्छे हरूको टाइम र फुएल दुई वेस्ट गर्छ
kathmandu maa private vehicle ko sankhyaa dherai badhdai chha ra tyasle gardaa traffic jam hunchha, काठमाडौंमा प्राइभेट भिहिकलको सङ्ख्या धेरै बढ्दै छ र त्यसले गर्दा ट्राफिक जाम हुन्छ
kathmandu ko bato maa traffic signal haru proper kaam gardainan ra tyasle gardaa confusion hunchha, काठमाडौंको बाटोमा ट्राफिक सिग्नल हरू प्रोपर काम गर्दैनन् र त्यसले गर्दा कन्फ्युजन हुन्छ
kathmandu ko traffic jam le pollution level pani badhaauchha ra yo swasthya ko laagi haanikaarak chha, काठमाडौंको ट्राफिक जामले प्रदूषण लेभल पनि बढाउँछ र यो स्वास्थ्यको लागि हानिकारक छ
kathmandu maa road construction ko kaam dherai chha ra tyasle gardaa traffic diversion hunchha, काठमाडौंमा रोड कन्स्ट्रक्सनको काम धेरै छ र त्यसले गर्दा ट्राफिक डाइभर्सन हुन्छ
kathmandu ko traffic jam le emergency vehicle haru laai pani rokchha ra yo jeevan ko laagi risk chha, काठमाडौंको ट्राफिक जामले इमर्जेन्सी भिहिकल हरूलाई पनि रोक्छ र यो जीवनको लागि रिस्क छ
kathmandu maa pedestrian ko laagi footpath chhaina ra manche haru bato maa hiddaa traffic affect hunchha, काठमाडौंमा पेडेस्ट्रियनको लागि फुटपाथ छैन र मान्छे हरू बाटोमा हिँद्दा ट्राफिक अफेक्ट हुन्छ
kathmandu ko traffic system maa lane discipline chhaina ra gadi haru aaphno ichchha anusaar chalchhan, काठमाडौंको ट्राफिक सिस्टममा लेन डिसिप्लिन छैन र गाडी हरू आफ्नो इच्छा अनुसार चल्छन्
kathmandu maa traffic rules ko implementation weak chha ra driver haru le rules nadine garchhan, काठमाडौंमा ट्राफिक रुल्सको इम्प्लिमेन्टेसन वीक छ र ड्राइभर हरूले रुल्स नदिने गर्छन्
kathmandu ko traffic jam le psychological effect pani parcha ra manche haru stress maa hunchhan, काठमाडौंको ट्राफिक जामले साइकोलोजिकल इफेक्ट पनि पर्छ र मान्छे हरू स्ट्रेसमा हुन्छन्
kathmandu maa school bus haru le traffic block garne garchhan ra tyasle gardaa jam hunchha, काठमाडौंमा स्कुल बस हरूले ट्राफिक ब्लक गर्ने गर्छन् र त्यसले गर्दा जाम हुन्छ
kathmandu ko traffic jam le business haru laai pani asar garchha ra productivity ghatchha, काठमाडौंको ट्राफिक जामले बिजनेस हरूलाई पनि असर गर्छ र प्रोडक्टिभिटी घट्छ
kathmandu maa tempo ra auto rickshaw haru le traffic maa problem create garchhan, काठमाडौंमा टेम्पो र अटो रिक्सा हरूले ट्राफिकमा प्रब्लम क्रिएट गर्छन्
kathmandu ko traffic jam le fuel consumption badhaauchha ra tyo economy ko laagi haanikarak chha, काठमाडौंको ट्राफिक जामले फुएल कन्जम्प्सन बढाउँछ र त्यो इकोनोमीको लागि हानिकारक छ
kathmandu maa traffic police haru ko sankhyaa kami chha ra uniharu le control garna sa~keko chhain, काठमाडौंमा ट्राफिक पुलिस हरूको सङ्ख्या कमी छ र उनीहरूले कन्ट्रोल गर्न सकेको छैन
kathmandu ko bato maa hawker haru le saman bikne garchhan ra tyasle gardaa traffic block hunchha, काठमाडौंको बाटोमा हाव्कर हरूले सामान बिक्ने गर्छन् र त्यसले गर्दा ट्राफिक ब्लक हुन्छ
kathmandu maa public awareness traffic rules ko baare maa kami chha, काठमाडौंमा पब्लिक अवेयरनेस ट्राफिक रुल्सको बारेमा कमी छ
kathmandu ko traffic jam le accident ko chance badhaauchha, काठमाडौंको ट्राफिक जामले एक्सिडेन्टको चान्स बढाउँछ
kathmandu maa traffic signal haru maa load shedding ko kaaran power cut hunchha, काठमाडौंमा ट्राफिक सिग्नल हरूमा लोड सेडिङको कारण पावर कट हुन्छ
kathmandu ko traffic jam le manche haru ko daily routine affect garchha, काठमाडौंको ट्राफिक जामले मान्छे हरूको दैनिक रुटिन अफेक्ट गर्छ
kathmandu maa ring road ko construction puraa bhaeko chhaina ra yo traffic jam ko ek kaaran ho, काठमाडौंमा रिङ रोडको कन्स्ट्रक्सन पूरा भएको छैन र यो ट्राफिक जामको एक कारण हो
kathmandu ko traffic jam le noise pollution pani badhaauchha, काठमाडौंको ट्राफिक जामले नोइज प्रदूषण पनि बढाउँछ
kathmandu maa driver haru le overtaking garna khojdaa traffic jam hunchha, काठमाडौंमा ड्राइभर हरूले ओभरटेकिङ गर्न खोज्दा ट्राफिक जाम हुन्छ
kathmandu ko traffic jam le government le revenue loss hunchha, काठमाडौंको ट्राफिक जामले गभर्नमेन्टले रेभेन्यू लोस हुन्छ
kathmandu maa pedestrian crossing ko proper system chhaina, काठमाडौंमा पेडेस्ट्रियन क्रसिङको प्रोपर सिस्टम छैन
kathmandu ko traffic jam le tourism industry laai pani asar garchha, काठमाडौंको ट्राफिक जामले टुरिजम इन्डस्ट्रीलाई पनि असर गर्छ
kathmandu maa alternative route haru chhaina ra sabai gadi eautai bato maa hidaaune garchhan, काठमाडौंमा अल्टरनेटिभ रुट हरू छैन र सबै गाडी एउटै बाटोमा हिडाउने गर्छन्
kathmandu ko traffic jam le manche haru ko fuel cost badhaauchha, काठमाडौंको ट्राफिक जामले मान्छे हरूको फुएल कस्ट बढाउँछ
kathmandu maa traffic rules ko violation maa fine system effective chhaina, काठमाडौंमा ट्राफिक रुल्सको भायोलेसनमा फाइन सिस्टम इफेक्टिभ छैन
kathmandu ko traffic jam le public health maa pani asar garchha, काठमाडौंको ट्राफिक जामले पब्लिक हेल्थमा पनि असर गर्छ
kathmandu maa driving license ko distribution maa corruption chha, काठमाडौंमा ड्राइभिङ लाइसेन्सको डिस्ट्रिब्युसनमा करप्सन छ
kathmandu ko traffic jam le manche haru ko patience test garchha, काठमाडौंको ट्राफिक जामले मान्छे हरूको पेसेन्स टेस्ट गर्छ
kathmandu maa traffic police haru le technology prayog garna sa~keko chhain, काठमाडौंमा ट्राफिक पुलिस हरूले टेक्नोलोजी प्रयोग गर्न सकेको छैन
kathmandu ko traffic jam le city ko image maa pani asar garchha, काठमाडौंको ट्राफिक जामले सिटीको इमेजमा पनि असर गर्छ
kathmandu maa public transport maa quality control chhaina, काठमाडौंमा पब्लिक ट्रान्सपोर्टमा क्वालिटी कन्ट्रोल छैन
kathmandu ko traffic jam le manche haru ko family life maa pani asar garchha, काठमाडौंको ट्राफिक जामले मान्छे हरूको फ्यामिली लाइफमा पनि असर गर्छ
kathmandu maa traffic management ko laagi expert haru ko involvement kami chha, काठमाडौंमा ट्राफिक म्यानेजमेन्टको लागि एक्सपर्ट हरूको इन्भल्भमेन्ट कमी छ
kathmandu ko traffic jam le road accident ko treatment maa delay hunchha, काठमाडौंको ट्राफिक जामले रोड एक्सिडेन्टको ट्रीटमेन्टमा डिले हुन्छ
kathmandu maa traffic awareness program haru effective chhaina, काठमाडौंमा ट्राफिक अवेयरनेस प्रोग्राम हरू इफेक्टिभ छैन
kathmandu ko traffic jam le manche haru ko mental health maa pani asar garchha, काठमाडौंको ट्राफिक जामले मान्छे हरूको मेन्टल हेल्थमा पनि असर गर्छ
kathmandu maa traffic rule ko education school level maa chhaina, काठमाडौंमा ट्राफिक रुलको एजुकेशन स्कूल लेभलमा छैन
kathmandu ko traffic jam le vehicle maintenance cost badhaauchha, काठमाडौंको ट्राफिक जामले भिहिकल मेन्टेनेन्स कस्ट बढाउँछ
kathmandu maa traffic police haru ko training inadequate chha, काठमाडौंमा ट्राफिक पुलिस हरूको ट्रेनिङ इनएडिक्वेट छ
kathmandu ko traffic jam le manche haru ko productivity office maa ghatchha, काठमाडौंको ट्राफिक जामले मान्छे हरूको प्रोडक्टिभिटी अफिसमा घट्छ
kathmandu maa zebra crossing maa vehicle haru le rokdainan, काठमाडौंमा जेब्रा क्रसिङमा भिहिकल हरूले रोक्दैनन्
kathmandu ko traffic jam le emergency service haru laai delay hunchha, काठमाडौंको ट्राफिक जामले इमर्जेन्सी सर्विस हरूलाई डिले हुन्छ
kathmandu maa traffic rules maa frequent change hunchha ra manche haru confuse hunchhan, काठमाडौंमा ट्राफिक रुल्समा फ्रिक्वेन्ट चेन्ज हुन्छ र मान्छे हरू कन्फ्युज हुन्छन्
kathmandu ko traffic jam le city ko development maa barrier create garchha, काठमाडौंको ट्राफिक जामले सिटीको डेभलपमेन्टमा ब्यारियर क्रिएट गर्छ
kathmandu maa traffic system ko monitoring weak chha, काठमाडौंमा ट्राफिक सिस्टमको मोनिटरिङ वीक छ
kathmandu ko traffic jam le fuel import badhaauchha, काठमाडौंको ट्राफिक जामले फुएल इम्पोर्ट बढाउँछ
kathmandu maa traffic problem solve garna government le priority didaina, काठमाडौंमा ट्राफिक प्रब्लम सोल्भ गर्न गभर्नमेन्टले प्रायोरिटी दिदैन
kathmandu ko traffic jam le manche haru ko social life maa pani asar garchha, काठमाडौंको ट्राफिक जामले मान्छे हरूको सोसियल लाइफमा पनि असर गर्छ
pokharaa ko tourism industry dherai popular ra developed chha ra yo nepal ko second most visited city ho, पोखराको टुरिजम इन्डस्ट्री धेरै पपुलर र डेभलपेड छ र यो नेपालको सेकन्ड मोस्ट भिजिटेड सिटी हो
pokharaa maa phewa taal chha ra tyo boating ra kayaking ko laagi ekdam ramro sthaan ho, पोखरामा फेवा ताल छ र त्यो बोटिङ र कयाकिङको लागि एकदम राम्रो स्थान हो
pokharaa bata annapurna range ko himaal haru ekdam ramro sanga dekhinchha ra yo photography ko laagi perfect chha, पोखराबाट अन्नपूर्ण रेन्जको हिमाल हरू एकदम राम्रो संग देखिन्छ र यो फोटोग्राफीको लागि परफेक्ट छ
pokharaa maa dherai adventure sport haru hunchha jaasto ki paragliding ra zip flying, पोखरामा धेरै एड्भेन्चर स्पोर्ट हरू हुन्छ जस्तो कि प्याराग्लाइडिङ र जिप फ्लाइङ
pokharaa ko davis fall ra gupteshwor cave dherai tourists haru le herna aauchhan, पोखराको डेभिस फल र गुप्तेश्वर गुफा धेरै टुरिस्ट हरूले हेर्न आउँछन्
pokharaa maa international mountain museum chha ra tyahaa himaalaya ko itihaas ra sanskriti ko baare maa jaankaari paainchha, पोखरामा इन्टरनेशनल माउन्टेन म्यूजियम छ र त्यहाँ हिमालयको इतिहास र संस्कृतिको बारेमा जानकारी पाइन्छ
pokharaa ko lakeside area maa dherai hotel restaurant ra bar haru chhan ra tyo night life ko laagi ramro chha, पोखराको लेकसाइड एरियामा धेरै होटेल रेस्टुरेन्ट र बार हरू छन् र त्यो नाइट लाइफको लागि राम्रो छ
pokharaa maa shanti stupa chha ra tyahaa bata pokharaa ko panoramic view herna paainchha, पोखरामा शान्ति स्तुपा छ र त्यहाँबाट पोखराको प्यानोरामिक विउ हेर्न पाइन्छ
pokharaa ko tourism le local economy maa dherai sahayog gareko chha ra dherai manche haru ko employment generate bhaeko chha, पोखराको टुरिजमले लोकल इकोनोमीमा धेरै सहयोग गरेको छ र धेरै मान्छे हरूको एम्प्लोइमेन्ट जेनरेट भएको छ
pokharaa maa trekking ko starting point chha ra annapurna base camp trek yahaa bata suru hunchha, पोखरामा ट्रेक्किङको स्टार्टिङ पोइन्ट छ र अन्नपूर्ण बेस क्याम्प ट्रेक यहाँबाट सुरु हुन्छ
pokharaa ko bat cave chha ra tyo ek natural wonder ho, पोखराको ब्याट केभ छ र त्यो एक नेचुरल वन्डर हो
pokharaa maa mahendra cave pani chha ra tyo ek underground cave ho, पोखरामा महेन्द्र गुफा पनि छ र त्यो एक अण्डरग्राउन्ड गुफा हो
pokharaa ko seti river gorge dherai tourists haru le herna aauchhan, पोखराको सेती नदी गोर्ज धेरै टुरिस्ट हरूले हेर्न आउँछन्
pokharaa maa dherai cultural program haru hunchha ra tyahaa nepali naach ra sangeet herna paainchha, पोखरामा धेरै कल्चरल प्रोग्राम हरू हुन्छ र त्यहाँ नेपाली नाच र सङ्गीत हेर्न पाइन्छ
pokharaa ko tourism industry maa homestay ko option pani chha ra tyo authentic experience ko laagi ramro ho, पोखराको टुरिजम इन्डस्ट्रीमा होमस्टेको अप्सन पनि छ र त्यो अथेन्टिक एक्सपीरियन्सको लागि राम्रो हो
pokharaa maa ultralight flight ko facility chha ra tyo himaal ko aerial view herna ko laagi ekdam ramro ho, पोखरामा अल्ट्रालाइट फ्लाइटको फ्यासिलिटी छ र त्यो हिमालको एरियल विउ हेर्नको लागि एकदम राम्रो हो
pokharaa ko tourism maa seasonal variation chha ra winter maa tourist sankhyaa ghatchha, पोखराको टुरिजममा सीजनल भेरिएसन छ र विन्टरमा टुरिस्ट सङ्ख्या घट्छ
pokharaa maa local handicraft market haru chhan ra tyahaa tourist haru le souvenir kinchhan, पोखरामा लोकल ह्यान्डिक्राफ्ट मार्केट हरू छन् र त्यहाँ टुरिस्ट हरूले सुभिनियर किन्छन्
pokharaa ko tourism maa environmental impact pani chha ra tyo manage garna garho chha, पोखराको टुरिजममा इन्भाइरन्मेन्टल इम्प्याक्ट पनि छ र त्यो म्यानेज गर्न गाह्रो छ
pokharaa maa tourism training institute haru chhan ra tyahaa hospitality sector ko laagi manche haru train hunchhan, पोखरामा टुरिजम ट्रेनिङ इन्स्टिच्युट हरू छन् र त्यहाँ हस्पिटालिटी सेक्टरको लागि मान्छे हरू ट्रेन हुन्छन्
pokharaa ko tourism maa adventure tourism ko bhaag dherai chha, पोखराको टुरिजममा एड्भेन्चर टुरिजमको भाग धेरै छ
pokharaa maa dherai budget hotel ra luxury hotel duwai option chhan, पोखरामा धेरै बजेट होटेल र लक्जरी होटेल दुई अप्सन छन्
pokharaa ko tourism maa local community ko participation chha ra uniharu le faida pauchhan, पोखराको टुरिजममा लोकल कम्युनिटीको पार्टिसिपेसन छ र उनीहरूले फाइदा पाउँछन्
pokharaa maa dherai festival haru manaainchha ra tyo tourist haru ko laagi attraction ho, पोखरामा धेरै फेस्टिवल हरू मनाइन्छ र त्यो टुरिस्ट हरूको लागि आकर्षण हो
pokharaa ko tourism maa wellness tourism ko trend badhdai chha, पोखराको टुरिजममा वेलनेस टुरिजमको ट्रेन्ड बढ्दै छ
pokharaa maa yoga ra meditation center haru chhan, पोखरामा योग र मेडिटेसन सेन्टर हरू छन्
pokharaa ko tourism maa sustainable tourism ko concept laagu bhaidai chha, पोखराको टुरिजममा सस्टेनेबल टुरिजमको कन्सेप्ट लागू भैदै छ
pokharaa maa dherai travel agency haru chhan ra uniharu le tour package offer garchhan, पोखरामा धेरै ट्राभल एजेन्सी हरू छन् र उनीहरूले टुर प्याकेज अफर गर्छन्
pokharaa ko tourism infrastructure maa dherai improvement aayeko chha, पोखराको टुरिजम इन्फ्रास्ट्रक्चरमा धेरै इम्प्रुभमेन्ट आएको छ
pokharaa maa international airport chha ra tyo direct flight ko facility diyeko chha, पोखरामा इन्टरनेशनल एअरपोर्ट छ र त्यो डाइरेक्ट फ्लाइटको फ्यासिलिटी दिएको छ
pokharaa ko tourism maa monsoon season maa tourist sankhyaa kam hunchha, पोखराको टुरिजममा मनसुन सीजनमा टुरिस्ट सङ्ख्या कम हुन्छ
pokharaa maa dherai nepali ra bideshi tourist haru aauchhan, पोखरामा धेरै नेपाली र विदेशी टुरिस्ट हरू आउँछन्
pokharaa ko tourism maa film shooting pani dherai hunchha, पोखराको टुरिजममा फिल्म शूटिङ पनि धेरै हुन्छ
pokharaa maa dherai restaurant haru maa nepali ra continental food duwai paainchha, पोखरामा धेरै रेस्टुरेन्ट हरूमा नेपाली र कन्टिनेन्टल फूड दुई पाइन्छ
pokharaa ko tourism maa volunteer tourism ko opportunity pani chha, पोखराको टुरिजममा भलन्टियर टुरिजमको अवसर पनि छ
pokharaa maa dherai view tower haru chhan ra tyahaa bata pokharaa ko view ramro sanga herna paainchha, पोखरामा धेरै विउ टावर हरू छन् र त्यहाँबाट पोखराको विउ राम्रो संग हेर्न पाइन्छ
pokharaa ko tourism maa online booking system develop bhaidai chha, पोखराको टुरिजममा अनलाइन बुकिङ सिस्टम डेभेलप भैदै छ
pokharaa maa dherai spa ra massage center haru chhan, पोखरामा धेरै स्पा र मसाज सेन्टर हरू छन्
pokharaa ko tourism maa family tourism ko trend pani badhdai chha, पोखराको टुरिजममा फ्यामिली टुरिजमको ट्रेन्ड पनि बढ्दै छ
pokharaa maa dherai camping site haru chhan ra tyo adventure lover haru ko laagi ramro ho, पोखरामा धेरै क्याम्पिङ साइट हरू छन् र त्यो एड्भेन्चर लभर हरूको लागि राम्रो हो
pokharaa ko tourism maa photography tour haru popular chhan, पोखराको टुरिजममा फोटोग्राफी टुर हरू पपुलर छन्
pokharaa maa dherai art gallery haru chhan ra tyahaa local art herna paainchha, पोखरामा धेरै आर्ट ग्यालरी हरू छन् र त्यहाँ लोकल आर्ट हेर्न पाइन्छ
pokharaa ko tourism maa bird watching ko opportunity pani chha, पोखराको टुरिजममा बर्ड वाचिङको अवसर पनि छ
pokharaa maa dherai swimming pool wala hotel haru chhan, पोखरामा धेरै स्विमिङ पुल वाला होटेल हरू छन्
pokharaa ko tourism maa conference tourism ko facility pani chha, पोखराको टुरिजममा कन्फरेन्स टुरिजमको फ्यासिलिटी पनि छ
pokharaa maa dherai shopping mall haru chhan ra tyahaa branded samagri kinna paainchha, पोखरामा धेरै शपिङ मल हरू छन् र त्यहाँ ब्रान्डेड सामग्री किन्न पाइन्छ
pokharaa ko tourism maa agricultural tourism ko concept pani chha, पोखराको टुरिजममा एग्रिकल्चरल टुरिजमको कन्सेप्ट पनि छ
pokharaa maa dherai cyber cafe haru chhan ra internet facility sabai thau maa chha, पोखरामा धेरै साइबर क्याफे हरू छन् र इन्टरनेट फ्यासिलिटी सबै ठाउँमा छ
pokharaa ko tourism maa medical tourism ko possibility chha, पोखराको टुरिजममा मेडिकल टुरिजमको पोसिबिलिटी छ
pokharaa maa dherai language school haru chhan ra tyahaa nepali bhaashaa sikaainchha, पोखरामा धेरै ल्याङ्ग्वेज स्कूल हरू छन् र त्यहाँ नेपाली भाषा सिकाइन्छ
pokharaa ko tourism maa ecotourism ko project haru chhan, पोखराको टुरिजममा इकोटुरिजमको प्रोजेक्ट हरू छन्
pokharaa maa dherai park haru chhan ra tyahaa family picnic garna sajilo chha, पोखरामा धेरै पार्क हरू छन् र त्यहाँ फ्यामिली पिकनिक गर्न सजिलो छ
pokharaa ko tourism maa wildlife tourism ko opportunity pani chha, पोखराको टुरिजममा वाइल्डलाइफ टुरिजमको अवसर पनि छ
pokharaa maa dherai music concert haru hunchha, पोखरामा धेरै म्यूजिक कन्सर्ट हरू हुन्छ
pokharaa ko tourism maa pilgrimage tourism pani chha, पोखराको टुरिजममा पिल्ग्रिमेज टुरिजम पनि छ
pokharaa maa dherai street food stall haru chhan ra tyahaa local khana khaana paainchha, पोखरामा धेरै स्ट्रिट फूड स्टल हरू छन् र त्यहाँ लोकल खाना खान पाइन्छ
pokharaa ko tourism maa luxury camping ko facility pani chha, पोखराको टुरिजममा लक्जरी क्याम्पिङको फ्यासिलिटी पनि छ
pokharaa maa dherai bike rental service haru chhan ra tyahaa bicycle le pokharaa ghumna paainchha, पोखरामा धेरै बाइक रेन्टल सर्विस हरू छन् र त्यहाँ साइकलले पोखरा घुम्न पाइन्छ
neepal ko bikas maa hydroelectric power ko bhaag ekdamai mahattwapoorn chha, नेपालको विकासमा हाइड्रोइलेक्ट्रिक पावरको भाग एकदमै महत्त्वपूर्ण छ
neepal ko paani ko sansaadhan dherai chha ra yo hydroelectricity generate garna ko laagi perfect chha, नेपालको पानीको सँसाधन धेरै छ र यो हाइड्रोइलेक्ट्रिसिटी जेनरेट गर्नको लागि परफेक्ट छ
neepal ko kholaa ra nadee haru maa dherama hydro power potential chha ra tyo aaja samma utilize bhaeko chhaina, नेपालको खोला र नदी हरूमा धेरमा हाइड्रो पावर पोटेन्सियल छ र त्यो आज सम्म यूटिलाइज भएको छैन
neepal ko hydroelectricity le neepal ko energy crisis solve garna sahayog garchha, नेपालको हाइड्रोइलेक्ट्रिसिटीले नेपालको एनर्जी क्राइसिस सोल्भ गर्न सहयोग गर्छ
neepal maa dherama hydro power project haru construction maa chhan ra uniharu le electricity generate garchhan, नेपालमा धेरमा हाइड्रो पावर प्रोजेक्ट हरू कन्स्ट्रक्सनमा छन् र उनीहरूले इलेक्ट्रिसिटी जेनरेट गर्छन्
neepal ko hydroelectricity export garna sakchha ra yo neepal ko laagi ek important revenue source ho, नेपालको हाइड्रोइलेक्ट्रिसिटी एक्सपोर्ट गर्न सक्छ र यो नेपालको लागि एक इम्पोर्टेन्ट रेभेन्यू सोर्स हो
neepal ko hydro power development maa investment ko kami chha ra tyo badhaauna parchha, नेपालको हाइड्रो पावर डेभलपमेन्टमा इन्भेस्ट्मेन्टको कमी छ र त्यो बढाउन पर्छ
neepal ko hydro project haru le local area ko development maa pani sahayog garchha, नेपालको हाइड्रो प्रोजेक्ट हरूले लोकल एरियाको डेभलपमेन्टमा पनि सहयोग गर्छ
neepal maa run of river hydro project haru dherai chhan ra tyo environment friendly chha, नेपालमा रन अफ रिभर हाइड्रो प्रोजेक्ट हरू धेरै छन् र त्यो इन्भाइरन्मेन्ट फ्रेन्ड्ली छ
neepal ko hydroelectricity le agriculture maa irrigation ko laagi pani sahayog garchha, नेपालको हाइड्रोइलेक्ट्रिसिटीले कृषिमा सिचाईको लागि पनि सहयोग गर्छ
neepal maa hydro power ko transmission line haru weak chhan ra electricity distribute garna garho chha, नेपालमा हाइड्रो पावरको ट्रान्समिसन लाइन हरू वीक छन् र इलेक्ट्रिसिटी डिस्ट्रिब्युट गर्न गाह्रो छ
neepal ko hydro project haru maa foreign investment ko bhaag chha ra yo technology transfer ko laagi sahayak chha, नेपालको हाइड्रो प्रोजेक्ट हरूमा फरेन इन्भेस्ट्मेन्टको भाग छ र यो टेक्नोलोजी ट्रान्सफरको लागि सहायक छ
neepal maa hydro power ko laagi policy ra regulation haru clear chhain ra tyo development maa barrier ho, नेपालमा हाइड्रो पावरको लागि नीति र रेगुलेसन हरू क्लियर छैन र त्यो डेभलपमेन्टमा ब्यारियर हो
neepal ko hydroelectricity le industrial development maa sahayog garchha, नेपालको हाइड्रोइलेक्ट्रिसिटीले इन्डस्ट्रियल डेभलपमेन्टमा सहयोग गर्छ
neepal maa hydro power project haru ko environmental impact assessment garnu parchha, नेपालमा हाइड्रो पावर प्रोजेक्ट हरूको इन्भाइरन्मेन्टल इम्प्याक्ट एसेसमेन्ट गर्नु पर्छ
neepal ko hydroelectricity le rural electrification maa sahayog gareko chha, नेपालको हाइड्रोइलेक्ट्रिसिटीले रुरल इलेक्ट्रिफिकेसनमा सहयोग गरेको छ
neepal maa hydro power ko maintenance ra operation maa local manpower ko use hunchha, नेपालमा हाइड्रो पावरको मेन्टेनेन्स र अपरेसनमा लोकल म्यानपावरको यूज हुन्छ
neepal ko hydro project haru maa reservoir pani banaainchha ra tyo multi purpose use ko laagi hunchha, नेपालको हाइड्रो प्रोजेक्ट हरूमा रिजर्भर पनि बनाइन्छ र त्यो मल्टी परपस यूजको लागि हुन्छ
neepal maa hydro power ko cost per unit kam chha ra yo affordable energy source ho, नेपालमा हाइड्रो पावरको कस्ट पर युनिट कम छ र यो अफोर्डेबल एनर्जी सोर्स हो
neepal ko hydroelectricity le tourism sector maa pani sahayog garchha, नेपालको हाइड्रोइलेक्ट्रिसिटीले टुरिजम सेक्टरमा पनि सहयोग गर्छ
neepal maa hydro power development maa public private partnership ko model chha, नेपालमा हाइड्रो पावर डेभलपमेन्टमा पब्लिक प्राइभेट पार्टनरशिपको मोडल छ
neepal ko hydro project haru le flood control maa pani sahayog garchha, नेपालको हाइड्रो प्रोजेक्ट हरूले फ्लड कन्ट्रोलमा पनि सहयोग गर्छ
neepal maa hydro power ko laagi research ra development maa investment garnu parchha, नेपालमा हाइड्रो पावरको लागि अनुसन्धान र डेभलपमेन्टमा इन्भेस्ट्मेन्ट गर्नु पर्छ
neepal ko hydroelectricity le neepal ko energy mix maa clean energy ko bhaag badhaauchha, नेपालको हाइड्रोइलेक्ट्रिसिटीले नेपालको एनर्जी मिक्समा क्लीन एनर्जीको भाग बढाउँछ
neepal maa hydro power project haru maa social impact pani hunchha ra tyo manage garnu parchha, नेपालमा हाइड्रो पावर प्रोजेक्ट हरूमा सोसियल इम्प्याक्ट पनि हुन्छ र त्यो म्यानेज गर्नु पर्छ
neepal ko hydroelectricity le neepal ko trade deficit kam garna sahayog garchha, नेपालको हाइड्रोइलेक्ट्रिसिटीले नेपालको ट्रेड डेफिसिट कम गर्न सहयोग गर्छ
neepal maa hydro power ko potential estimate garna dherai study gariyeko chha, नेपालमा हाइड्रो पावरको पोटेन्सियल एस्टिमेट गर्न धेरै स्टडी गरियेको छ
neepal ko hydro project haru maa international funding agency haru ko sahayog chha, नेपालको हाइड्रो प्रोजेक्ट हरूमा इन्टरनेशनल फन्डिङ एजेन्सी हरूको सहयोग छ
neepal ko hydroelectricity le urban area maa load shedding solve garna sahayog gareko chha, नेपालको हाइड्रोइलेक्ट्रिसिटीले अर्बन एरियामा लोड सेडिङ सोल्भ गर्न सहयोग गरेको छ
neepal maa hydro power plant haru ko lifespan dherai hunchha, नेपालमा हाइड्रो पावर प्लान्ट हरूको लाइफस्पान धेरै हुन्छ
neepal ko hydroelectricity le neepal ko GDP maa contribution garchha, नेपालको हाइड्रोइलेक्ट्रिसिटीले नेपालको जीडीपीमा कन्ट्रिब्युसन गर्छ
neepal maa hydro power development maa bureaucratic process dherai lengthy chha, नेपालमा हाइड्रो पावर डेभलपमेन्टमा ब्युरोक्रेटिक प्रोसेस धेरै लेन्थी छ
neepal ko hydro project haru maa employment generate hunchha, नेपालको हाइड्रो प्रोजेक्ट हरूमा एम्प्लोइमेन्ट जेनरेट हुन्छ
neepal maa hydro power ko distribution system maa loss dherai hunchha, नेपालमा हाइड्रो पावरको डिस्ट्रिब्युसन सिस्टममा लोस धेरै हुन्छ
neepal ko hydroelectricity le neepal ko energy security badhaauchha, नेपालको हाइड्रोइलेक्ट्रिसिटीले नेपालको एनर्जी सिक्युरिटी बढाउँछ
neepal maa hydro power ko laagi skilled manpower ko kami chha, नेपालमा हाइड्रो पावरको लागि स्किल्ड म्यानपावरको कमी छ
neepal ko hydro project haru maa community development program haru pani hunchha, नेपालको हाइड्रो प्रोजेक्ट हरूमा कम्युनिटी डेभलपमेन्ट प्रोग्राम हरू पनि हुन्छ
neepal maa hydro power plant haru ko automation badhdai chha, नेपालमा हाइड्रो पावर प्लान्ट हरूको अटोमेसन बढ्दै छ
neepal ko hydroelectricity le neepal ko climate change mitigation maa sahayog garchha, नेपालको हाइड्रोइलेक्ट्रिसिटीले नेपालको क्लाइमेट चेन्ज मिटिगेसनमा सहयोग गर्छ
neepal maa hydro power development maa geological risk chha, नेपालमा हाइड्रो पावर डेभलपमेन्टमा जिओलोजिकल रिस्क छ
neepal ko hydro project haru maa resettlement ko issue pani hunchha, नेपालको हाइड्रो प्रोजेक्ट हरूमा रिसेट्लमेन्टको इस्यू पनि हुन्छ
neepal ko hydroelectricity le neepal ko digital transformation maa sahayog garchha, नेपालको हाइड्रोइलेक्ट्रिसिटीले नेपालको डिजिटल ट्रान्सफर्मेसनमा सहयोग गर्छ
neepal maa hydro power ko generation capacity seasonal variation hunchha, नेपालमा हाइड्रो पावरको जेनरेसन क्यापेसिटी सीजनल भेरिएसन हुन्छ
neepal ko hydro project haru maa safety standard maintain garnu parchha, नेपालको हाइड्रो प्रोजेक्ट हरूमा सेफ्टी स्टान्डर्ड मेन्टेन गर्नु पर्छ
neepal ko hydroelectricity le neepal ko education sector maa pani sahayog garchha, नेपालको हाइड्रोइलेक्ट्रिसिटीले नेपालको एजुकेशन सेक्टरमा पनि सहयोग गर्छ
neepal maa hydro power ko laagi river basin study garnu parchha, नेपालमा हाइड्रो पावरको लागि रिभर बेसिन स्टडी गर्नु पर्छ
neepal ko hydro project haru maa corruption ko issue pani chha, नेपालको हाइड्रो प्रोजेक्ट हरूमा करप्सनको इस्यू पनि छ
neepal ko hydroelectricity le neepal ko health sector maa pani sahayog garchha, नेपालको हाइड्रोइलेक्ट्रिसिटीले नेपालको हेल्थ सेक्टरमा पनि सहयोग गर्छ
neepal maa hydro power plant haru ko remote monitoring system chha, नेपालमा हाइड्रो पावर प्लान्ट हरूको रिमोट मोनिटरिङ सिस्टम छ
neepal ko hydro project haru maa international standard follow garnu parchha, नेपालको हाइड्रो प्रोजेक्ट हरूमा इन्टरनेशनल स्टान्डर्ड फलो गर्नु पर्छ
neepal ko hydroelectricity le neepal ko transportation sector maa pani sahayog garchha, नेपालको हाइड्रोइलेक्ट्रिसिटीले नेपालको ट्रान्सपोर्टेशन सेक्टरमा पनि सहयोग गर्छ
neepal maa hydro power development maa climate resilience consider garnu parchha, नेपालमा हाइड्रो पावर डेभलपमेन्टमा क्लाइमेट रेजिलिएन्स कन्सिडर गर्नु पर्छ
neepal ko hydro project haru maa local material ko use hunchha, नेपालको हाइड्रो प्रोजेक्ट हरूमा लोकल म्याटेरियलको यूज हुन्छ
neepal ko hydroelectricity le neepal ko poverty reduction maa sahayog garchha, नेपालको हाइड्रोइलेक्ट्रिसिटीले नेपालको पोभर्टी रिडक्सनमा सहयोग गर्छ
neepal maa hydro power ko laagi river diversion garnu parchha, नेपालमा हाइड्रो पावरको लागि रिभर डाइभर्सन गर्नु पर्छ
neepal ko hydro project haru maa disaster management plan chha, नेपालको हाइड्रो प्रोजेक्ट हरूमा डिजास्टर म्यानेजमेन्ट प्लान छ
neepal ko hydroelectricity le neepal ko gender equality maa pani sahayog garchha, नेपालको हाइड्रोइलेक्ट्रिसिटीले नेपालको जेन्डर इक्वालिटीमा पनि सहयोग गर्छ
neepal maa hydro power development maa stakeholder consultation important chha, नेपालमा हाइड्रो पावर डेभलपमेन्टमा स्टेकहोल्डर कन्सल्टेसन इम्पोर्टेन्ट छ
neepal ko hydro project haru maa innovation ra technology upgrade garnu parchha, नेपालको हाइड्रो प्रोजेक्ट हरूमा इनोभेसन र टेक्नोलोजी अपग्रेड गर्नु पर्छ
neepal ko hydroelectricity le neepal ko global positioning strong banaaune chha, नेपालको हाइड्रोइलेक्ट्रिसिटीले नेपालको ग्लोबल पोजिसनिङ स्ट्रङ बनाउने छ
neepal ko mahila haru ko bhumika samaj ra arthik kshetra duwai maa dherai mahattwapoorn chha, नेपालको महिला हरूको भूमिका समाज र आर्थिक क्षेत्र दुईमा धेरै महत्त्वपूर्ण छ
neepal maa mahila haru le ghar ko kaam baaTa baahira kaam samet sabai kaam garchhan, नेपालमा महिला हरूले घरको काम बाट बाहिर काम समेत सबै काम गर्छन्
neepal ko samvidhaan maa mahila haru ko adhikaar ra sammaan ko baare maa kuraa gareko chha, नेपालको संविधानमा महिला हरूको अधिकार र सम्मानको बारेमा कुरा गरिएको छ
