romanized_word,devnagari_word
a,अ
aaago,आगो
aaaja,आज
aaaphai,आफै
aaashaa,आशा
aaayeka,आएका
aaayushmaa,आयुष्मा
aaba,अब
aaba,आब
aabhaari,आभारी
aabhari,आभारी
aadar,आदर
aadaraniya,आदरणीय
aadha,आधा
aadhaar,आधार
aadhar,आधार
aadharako,आधारको
aadharbhut,आधारभूत
aadharit,आधारित
aadharma,आधारमा
aadhat,आदत
aadhunik,आधुनिक
aadhunikikaran,आधुनिकीकरण
aadhyaatmik,आध्यात्मिक
aadim,आदिम
aae,आए
aaeka,आएका
aaeka,आएको
aaeko,आएको
aaera,आएर
aaera,गएर
aaera,मा
aafaai,आफै
aafai,आफै
aafaimaa,आफैमा
aafnai,आफ्नै
aafno,आफ्नो
aafulai,आफूलाई
aafule,आफुले
aafule,आफुलै
aagaadi,अगाडी
aagadi,अगाडि
aagamansanga,आगमनसँगै
aaganmaa,आँगनमा
aage,अगाडि
aage,अगे
aageko,अगाडिको
aaghat,आघात
aaghi,अघि
aago,आगो
aah,आह
aai,आइ
aaichhan,आइछन्
aaideu,आइदेउ
aaieko,आइएको
aaija,आज
aaile,आइले
aaile,ऐले
aain,आइन्
aaipuge,आइपुगे
aaipugera,आइपुगेर
aaipugney,आइपुग्ने
aairaheka,आइरहेका
aairahekaa,आइरहेका
aairaheko,आइरहेको
aairakheka,आइरहेका
aaisakekaa,आइसकेका
aaiyo,आइयो
aaj,आज
aaja,आज
aaja,आजको
aaja,आजा
aajaa,आज
aajakaaal,आजकाल
aajakal,आजकल
aajako,आजको
aajasamma,आजसम्म
aajha,आज
aajhai,अझै
aajhai,आजहै
aajhai,आजै
aajiwo,आजिवो
aajkaaal,आजकाल
aajkaal,आजकाल
aajkal,अजकल
aajkal,आजकल
aak,आक
aakaash,आकाश
aakadai,आकडै
aakanksha,आकांक्षा
aakankshaa,आकांक्षा
aakar,आकार
aakarshak,आकर्षक
aakarshak,प्रतिच्छेदनमा
aakarshanko,आकर्षणको
aakash,आकाश
aakashganga,आकाशगंगा
aakashgangaharuko,आकाशगंगाहरूको
aakashgangako,आकाशगंगाको
aakashmaa,आकाशमा
aakha,आँखा
aakha,आखा
aakhaa,आखा
aako,आको
aakramak,आक्रामक
aakramaktaka,आक्रामकताका
aakraman,आक्रमण
aakriti,आकृति
aalas,आलस
aalataal,आलाटाल
aalchi,अल्छी
aalochanaa,आलोचना
aam,आम
aama,आमा
aamaa,आमा
aamaako,आमाको
aamaale,आमाले
aamako,आमाको
aamale,आमाले
aamdaani,आम्दानी
aamdani,आम्दानी
aamguava,आमअम्बा
aamjamun,आमजामुन
aamkathal,आमकटहल
aamko,आमको
aananda,आनन्द
aandhi,आँधी
aandolan,आन्दोलन
aangan,आँगन
aanganmaa,आँगनमा
aankha,आँखा
aankhaa,आँखा
aankhama,आँखामा
aansu,आँसु
aant,आँट
aantarik,आन्तरिक
aantimai,अन्तिममा
aanuwanik,आनुवंशिक
aanwik,आणविक
aaos,आओस्
aapaada,आपदा
aapai,आप्पै
aaphai,आफै
aaphnaa,आफ्ना
aaphnai,आफ्नै
aaphno,आफ्नो
aaphu,आफु
aaphulai,आफूलाई
aaraam,आराम
aaram,आराम
aaramle,आरामले
aarkaa,अर्का
aarko,अर्को
aarohann,आरोहण
aarop,आरोप
aarthik,आर्थिक
aaruko,आरुको
aarulai,अरूलाई
aarulai,आरुलाई
aas,आश
aasa,आशा
aasaadh,असाढ
aaschaarya,आश्चर्य
aascharyaa,आश्चर्य
aash,आश
aasha,आशा
aashaa,आशा
aashako,आशाको
aashawaan,आशावान्
aashirbaad,आशिर्वाद
aashirbaad,आशीर्वाद
aashish,आशिष
aashoj,आशोज
aaspaas,आसपास
aasti,आष्टी
aasu,आँसु
aatank,आतङ्क
aath,आठ
aathaau,आठौं
aathai,आठै
aathe,आथेँ
aatma,आत्म
aatmakathaatmak,आत्मकथात्मक
aatmanirbhar,आत्मनिर्भर
aatmik,आत्मिक
aatmraksha,आत्मरक्षा
aau,आऊ
aau,आओ
aauchau,आउँछौ
aauchha,आउँछ
aauchha,आउछ
aauchhan,आउँछन्
aauchhau,आउँछौ
aauchhu,आउँछु
aauchu,आउँछु
aauda,आउँदा
aauda,आउँदै
aauda,आउदा
aaudaa,आउँदा
aaudaa,आउदा
aaudaa,आउद्दा
aaudaachha,आउदाछ
aaudai,आउँदै
aaudai,आउदै
aaudaina,आउँदैन
aaudaina,आउदैन
aaude,आउदै
aaudina,आउँदिन
aauna,आउन
aauncha,आउँछ
aaunchau,आउँछौ
aaunchha,आउँछ
aaunchhan,आउँछन्
aaunchhan,आउन्छन्
aaunchhau,आउँछौ
aaunchhu,आउँछु
aaunchu,आउँछु
aaundaa,आउँदा
aaundai,आउँदै
aaundaina,आउँदैन
aaundainan,आउँदैनन्
aaundainau,आउँदैनौ
aaundina,आउँदिन
aaune,आउँने
aaune,आउने
aaunechhan,आउँछन्
aaunechhan,आउनेछन्
aaunechhau,आउँछौ
aaunechhau,आउनेछौ
aauney,आउने
aauneychhainau,आउनेछैनौ
aaunlaa,आउँला
aaunthyo,आउँथ्यो
aaunu,आउनु
aaunuhos,आउनुहोस्
aaunuhoschha,आउनुहोस्छ
aaunuhunchha,आउनुहुन्छ
aaunuparchha,आउनुपर्छ
aaunuparla,आउनुपर्ला
aauta,आउता
aauthe,आउथे
aauthyo,आउथ्यो
aauucha,आउँछ
aauuchhan,आउँछन्
aauunu,आउनु
aavashyak,आवश्यक
aawadhi,अवधि
aawaj,आवाज
aawashyak,आवश्यक
aawashyakata,आवश्यकता
aawashyakta,आवश्यकता
aawashyaktalai,आवश्यकतालाई
aawasyak,आवश्यक
aawaz,आवाज
aay,आय
aaya,आय
aayamharuma,आयामहरूमा
aayamik,आयामिक
aayamlai,आयामलाई
aayau,आए
aayau,आयौ
aaye,आए
aaye,आएँ
aaye,आये
aayecha,आयेछ
aayeka,आएका
aayeko,आएका
aayeko,आएको
aayena,आएन
aayena,आयेन
aayenau,आएनौ
aayepachhi,आएपछि
aayepachhi,आयेपछि
aayepachi,आयेपछि
aayepani,पनि
aayera,आएर
aayesi,आएसी
aayindaa,आयिन्दा
aayo,आयो
aayog,आयोग
ab,अब
aba,अब
abaasya,अवश्य
abadharana,क्षितिजको
abadharanaharutir,अवधारणाहरूतिर
abadharanako,अवधारणाको
abadharanale,अवधारणाले
abai,अबै
abalokan,अवलोकन
abalokanma,अवलोकनमा
abasamma,अबसम्म
abasar,अवसर
abashya,अवश्य
abhaav,अभाव
abhari,आभारी
abhav,अभाव
abhayaap,अभयाप
abhikai,अभिकै
abhinaya,अभिनय
abhivyakt,अभिव्यक्त
abhiyaanle,अभियानले
abhiyan,अभियान
abhiyanharuko,अभियानहरूको
abhiyanle,अभियानले
abhiyanmaa,अभियानमा
abhutpurva,अभूतपूर्व
abhyaas,अभ्यास
abhyas,अभ्यास
abhyasharuko,अभ्यासहरूको
abhyasma,अभ्यासमा
abiswasniya,अविश्वसनीय
abo,अबो
academic,अक्याडेमिक
accent,एक्सेन्ट
accept,एक्सेप्ट
access,एक्सेस
accident,एक्सिडेन्ट
account,एकाउन्ट
accretion,एक्रेशन
accurate,एक्युरेट
acetyl,एसिटाइल
achamma,अचम्म
achammalagdho,अचम्मलाग्दो
achanak,अचानक
achar,अचार
achieve,अचिभ
acid,एसिड
actin,एक्टिन
acting,एक्टिङ
action,एक्सन
active,एक्टिभ
activity,चलिरहेको
activity,हरु
actor,एक्टर
actress,एक्ट्रेस
adbhut,अद्भुत
add,एड
addict,एडिक्ट
addictive,एडिक्टिभ
adenosine,एडिनोसिन
adhaarita,आधारित
adharit,आधारित
adhi,अधि
adhik,अधिक
adhikaar,अधिकार
adhikar,अधिकारको
adhuro,अधुरो
adhyakshya,अध्यक्ष
adhyaya,अध्याय
adhyayaharuma,अध्यायहरूमा
adhyayako,अध्यायको
adhyayale,अध्यायले
adhyayan,अध्ययन
adhyayanharule,अध्ययनहरूले
adhyayanle,अध्ययनले
adjust,एडजस्ट
advanced,एड्भान्स्ड
adventure,एड्भेन्चर
adventurous,एड्भेञ्चरस
adventurous,एड्भेन्चरस
advitiya,अद्वितीय
aekantaamaa,एकान्तमा
afaai,आफै
afai,आफै
affairs,अफेयर्स
afnai,आफ्नै
afno,आफ्नो
afternoon,अफ्टरनुन
afulai,आफूलाई
afwaa,अफवाह
agaadi,अगाडि
agaadi,अगाडी
agaadiko,अगाडिको
agadi,अगडी
agadi,अगाडि
agentharu,एजेन्टहरू
aghaadi,अघाडी
aghi,अघि
aglo,अग्लो
agragami,अग्रगामी
agragamiharulai,अग्रगामीहरूलाई
agrasar,अग्रसर
agriculture,अ‍्यारिगल्चर
ahankaarle,अहंकारले
ahile,अहिले
ahiley,अहिले
aile,अहिले
aile,आइले
aipugchhu,आइपुग्छु
aipugney,आइपुग्ने
air,एयर
airaakho,आइराख्यो
airaako,आइराको
airako,आइराको
airplane,एयरप्लेन
airport,एयरपोर्ट
aitihasik,ऐतिहासिक
aja,आज
ajaa,आज
ajab,अजब
ajai,अझै
ajako,आजको
ajha,अझ
ajha,अनलाइन
ajha,नेशनल
ajhaai,अझै
ajhai,अझै
ajibha,अजिभ
ajiwo,आजिवो
ajkal,अजकल
akalpaniya,अकल्पनीय
akhandata,अखण्डता
akhirma,अखिरमा
alarm,अलार्म
alarming,चिन्ताजनक
album,एल्बम
alchhi,अल्छी
alchi,अल्छी
alert,अलर्ट
ali,अनुभव
ali,अलि
ali,अली
ali,चिसो
ali,प्रगति
alikati,अलिकति
all,अल
alliance,बीचको
alochanatmak,आलोचनात्मक
aloo,आलु
altitude,अल्टिट्युड
ama,आमा
amaal,अमल
amaale,आमाले
amas,आमा
america,अमेरिका
america,अमेरिकामा
ammai,आम्मै
analysis,एनालाइसिस
analysis,विश्लेषण
anand,आनन्द
ananda,अनन्द
ananda,आनन्द
anandit,आनन्दित
ananta,अनन्त
anarth,अनर्थ
anavaran,अनावरण
anawashyak,अनावश्यक
andaja,अन्दज
andho,अन्धो
andhyaro,अन्ध्यारो
andolan,आन्दोलन
andreas,एन्ड्रियस
anek,अनेक
ang,अङ्ग
angaharu,अंगहरू
angaharuko,अंगहरूको
anginti,अनगिन्ती
ani,अनि
anivarya,अनिवार्य
aniyantrit,अनियन्त्रित
anjaan,अज्ञान
ank,अंक
ankaa,अंक
ankha,अंक
anmol,अन्मोल
annapurna,अन्नपूर्ण
anootho,अनौठो
ansu,आँसु
answer,आन्सर
answer,उत्तर
ant,अन्त
antaargat,अन्तर्गत
antar,अन्तर
antarbibad,अन्तर्बिवाद
antardrishti,अन्तर्दृष्टि
antareem,अन्तरिम
antariksh,अन्तरिक्ष
antarish,अन्तरिक्ष
antarishko,अन्तरिक्षको
antarjhilli,अन्तरझिल्ली
antarkriyalai,अन्तरक्रियालाई
antarrashtriya,अन्तर्राष्ट्रिय
antim,अन्तिम
anu,अणु
anubhav,अनुभव
anubhav,भैरहेको
anubhavko,अनुभवको
anubhaw,अनुभव
anubhawi,अनुभवी
anubhuti,अनुभूति
anuhaar,अनुहार
anuhar,अनुहार
anuharu,अणुहरू
anuko,अणुको
anumaan,अनुमान
anumati,अनुमति
anurodh,अनुरोध
anuroodh,अनुरोध
anusaar,अनुसार
anusandhaan,अनुसन्धान
anusandhaanmaa,अनुसन्धानमा
anusandhan,अनुसन्धान
anusandhankartaharuko,अनुसन्धानकर्ताहरूको
anusandhanko,अनुसन्धानको
anusar,अनुसार
anweshan,अन्वेषण
anweshanle,अन्वेषणले
anwesharn,अन्वेषण
anya,अन्य
anyaya,अन्याय
apanaaera,अपनाएर
apanaauna,अपनाउन
apanaaunu,अपनाउनु
apanaayera,अपनाएर
apanaunu,अपनाउनु
aparadh,अपराध
apartment,अपार्टमेन्ट
apdet,अपडेट
aphnai,आफ्नै
aphno,आफ्नो
api,अपि
apihimaal,अपिहिमाल
apnaaiyo,अपनाइयो
apnaayera,अपनाएर
apno,आफ्नो
app,एप
app,एप्प
appearance,अपियरेन्स
apple,एप्पल
appliance,एप्लायन्स
application,एप्लिकेशन
apply,अप्लाइ
approach,अप्प्रोच
approach,अप्रोच
approve,अप्रुभ
arab,अर्ब
arajaktata,अराजकता
aram,आराम
archive,आर्काइभ
archive,आर्काईभ
are,आर
area,एरिया
argentina,अर्जेन्टिना
arjan,अर्जन
arka,अर्का
arkaa,अर्का
arkaalai,अर्कालाई
arkai,अर्कै
arkama,अर्कामा
arko,अर्को
arohan,आरोहण
aroma,अरोमा
arrange,अरेंज
arrangement,अरेन्जमेन्ट
arrivals,अराइवल्स
artha,अर्थ
arthatantra,अर्थतन्त्र
arthik,आर्थिक
article,आर्टिकल
aru,अरु
aru,अरू
aruko,अरुको
arulai,अरुलाई
arulai,अर्कालाई
asaajilo,असाजिलो
asaarthak,असार्थक
asadharan,असाधारण
asafal,असफल
asafaltako,असफलताको
asahamati,असहमति
asahmat,असहमत
asal,असल
asambhav,असम्भव
asantosh,असन्तोष
asar,असर
asar,परिरहेको
asha,आशा
ashcharya,आश्चर्य
ashru,अश्रु
asoj,असोज
aspaal,अस्पाल
aspasta,अस्पष्ट
aspataal,अस्पताल
aspataalharuma,अस्पतालहरूमा
aspaṣṭa,अस्पष्ट
assembly,एसेम्बली
assessment,असेस्मेन्ट
assi,अस्सी
assignment,असाइनमेन्ट
assignment,एसाइनमेन्ट
assignment,समयमा
assist,असिस्ट
astaudai,अस्ताउँदै
astitwagat,अस्तित्वगत
astitwako,अस्तित्वको
astitwama,अस्तित्वमा
aswikritiko,अस्वीकृतिको
athaaais,अठ्ठाइस
atkinchha,अट्किन्छ
atmosphere,एट्मस्फियर
atp,एटीपी
atpko,एटीपीको
attach,अट्याच
attachment,एट्याचमेन्ट
attend,अटेन्ड
attitude,एटिट्युड
atyachaar,अत्याचार
atyadhik,अत्यधिक
atyadhikatal,अत्यधिकताले
atyanta,अत्यन्त
au,आऊ
auchha,आउँछ
auchha,आउछ
auchitya,औचित्य
audaa,आउदा
audai,आउदै
audaina,आउँदैन
audaina,आउदैन
auditorium,अडिटोरियम
aule,औंले
aulyayo,औंल्यायो
aum,औं
auna,आउन
aunchha,आउँछ
aunchha,आउन्छ
aunchhan,आउन्छन्
aunchhu,आउन्छु
aune,आउने
aunechhau,आउनेछौ
auneychhainau,आउनेछैनौ
aunu,आउनु
aunuhunchha,आउनुहुन्छ
ausadhi,औषधि
aushadhi,औषधि
aushadhiko,औषधीको
aushadhilai,औषधिलाई
aushadhitirphko,औषधितर्फको
australian,अस्ट्रेलियन
avalokan,अवलोकन
avarodhakharu,अवरोधकहरू
avashyak,आवश्यक
avashyakta,आवश्यकता
avasthit,अवस्थित
avishwas,अविश्वास
awaaj,आवाज
awadharana,अवधारणा
awadharanama,अवधारणामा
awadhi,अवधि
awadhile,अवधिले
awaj,आवाज
awalokan,अवलोकन
awareness,अवेयरनेस
awareness,ढोकादेखि
awasar,अवसर
awashyak,आवश्यक
awastha,अवस्था
awasthako,अवस्थाको
awasthit,अवस्थित
awaz,आवाज
awshar,अवसर
ayeko,आएको
ayena,आएन
ayo,आयो
ayojan,आयोजन
baa,बा
baaahir,बाहिर
baaansuriko,बाँसुरीको
baaato,बाटो
baabaale,बाबाले
baabu,बाबु
baabuko,बाबुको
baad,बाद
baadal,बादल
baadhya,बाध्य
baagicha,बगैचा
baahar,बाहिर
baahek,बाहेक
baahir,बाहिर
baahira,बाहिर
baaira,बाहिर
baaje,बाजे
baajeharule,बाजेहरूले
baajele,बाजेले
baajey,बाजेले
baaki,बाँकी
baakii,बाँकी
baal,बाल
baalaayera,बालाएर
baalera,बालेर
baaley,बालेले
baali,बाली
baalikaale,बालिकाले
baalile,बालीले
baanchiran,बाँचिरहन्
baanddai,बाँड्दै
baandeko,बाँडेको
baandhdaa,बाँध्दा
baandhera,बाँधेर
baandhnu,बाँध्नु
baani,बानी
baansuri,बाँसुरी
baanteraa,बान्तेरा
baantne,बाँट्ने
baara,बारह
baara,बारा
baaraa,बारह
baare,बारे
baaremaa,बारेमा
baareymaa,बारेमा
baari,बारी
baarima,बारीमा
baarish,बारिश
baarsaat,बार्सात
baas,बास
baaseko,बसेको
baasna,बास्न
baata,बाट
baataabaran,वातावरण
baath,बाथ
baato,बाटो
baatoamaa,बाटोमा
baatoma,बाटोमा
baatooma,बाटोमा
baau,बाउ
baauale,बुवाले
baauma,बाउमा
baazar,बजार
baba,बाब
baba,बाबा
babuwa,बाबुवा
baccaa,बच्चा
baccako,बच्चाको
bachaa,बचा
bachaaera,बचाएर
bachaai,बचाइ
bachaaudai,बचाउँदै
bachaaun,बचाउन
bachaauna,बचाउन
bachau,बचाउ
bachaunu,बचाउनु
bachayera,बचाएर
bachcha,बच्चा
bachchaa,बच्चा
bachchalai,बच्चालाई
bachchha,बच्छ
bachchi,बच्चि
bacheko,बचेको
bachela,बचेला
bachha,बच्चा
bachhaaharulaai,बच्चाहरूलाई
bachhaalaai,बच्चालाई
bachne,बच्ने
bachne,बाँच्ने
bachyo,बच्यो
background,ब्याकग्राउन्ड
backup,ब्याकअप
bacteria,ब्याक्टेरियामा
bacteriaharuma,ब्याक्टेरियाहरूमा
bacterial,ब्याक्टेरियल
bacterialaai,ब्याक्टेरियालाई
bad,खराब
bada,बडा
badal,बादल
badaldai,बदल्दै
badalharuko,बादलहरूको
badaln,बदल्न
badalna,बदल्न
badalne,बदल्ने
badalnu,बदल्नु
badhaa,बाधा
badhaai,बधाई
badhaauna,बढाउन
badhaaunchhan,बढाउँछन्
badhaaunchhu,बढाउँछु
badhaaundai,बढाउँदै
badhaaune,बढाउने
badhaaye,बढाए
badhaayo,बढायो
badhagandha,बढगन्ध
badhauda,बढाउँदै
badhaudai,बढाउँदै
badhauna,बढाउन
badhchha,बढ्छ
badhda,बढ्दा
badhdaa,बढ्दा
badhdai,बढ्दै
badhdo,बढ्दो
badheka,बढेका
badheko,बढेको
badhi,बढी
badhiraakheko,बढिराखेको
badhiraheko,बढिरहेको
badhna,बढ्न
badhnaa,बढ्ना
badhnai,बढ्नै
badhne,बढ्ने
badhnu,बढ्नु
badhnuparchha,बढ्नुपर्छ
badhyakari,बाध्यकारी
badhyo,बढ्यो
badi,बढी
badi,बदी
badiraakhechha,बढिराखेछ
badlaa,बद्ला
badli,बद्लि
badline,बदलिने
badlirahe,बदलिरहे
badliyo,बदलियो
badminton,ब्याडमिन्टन
badnuhunchha,बाँड्नुहुन्छ
bae,बाए
bag,बग
bag,ब्याग
bagaaicha,बगैँचा
bagaichaamaa,बगैंचामा
bagaichaamaa,ब्यागमा
bagaincha,बगैंचा
bagainmaa,बगैँमा
bagan,बगन
bagbazar,बगबजार
bagcha,बगैंचा
bagcha,बग्छ
bageshowri,बागेश्वरी
bagh,बाघ
bagicha,बगैंचा
bagicha,बगैचा
bagiraheko,बगिरहेको
bahana,बहाना
bahas,चलिरहेको
bahas,बहस
bahasle,बहसले
bahattar,बहत्तर
bahin,बहिन
bahin,बहिनी
bahinchhau,बाइन्छौं
bahini,बहिनी
bahinile,बहिनीले
bahinle,बहिन्ले
bahira,बहिर
bahira,बाहिर
bahiraakheko,बहिराखेको
bahiratir,बाहिरतिर
bahiri,झिल्ली
bahiri,बाहिरी
bahiskar,बहिष्कार
bahu,बहु
bahuaayaamik,बहुआयामिक
bahudaliiye,बहुदलीय
bahut,बहुत
bahutai,बहुतै
bahya,बाह्य
baicharik,वैचारिक
baigyanik,वैज्ञानिक
baigyanikharu,वैज्ञानिकहरू
baikalpik,वैकल्पिक
bailiko,बेलीको
baini,बैनी
bairas,बाइरस
bais,बाइस
baisakh,बैसाख
baitadi,बैतडी
baithak,बैठक
baithakmaa,बैठकमा
baithdaa,बैठ्दा
baithe,बसेर
baithek,बैठक
baithera,बसेर
baithera,बैठेर
bajaaii,बजै
bajaarmaa,बजारमा
bajaauda,बजाउँदा
bajai,बजै
bajailai,बजैलाई
bajar,बजार
bajaudai,बजाउँदै
bajaune,बजाउने
bajayera,बजाएर
baje,बजे
baje,बाजे
bajele,बाजेले
bajey,बजे
bajna,बज्न
bajraacharya,बज्राचार्य
bajracharya,बज्राचार्य
bakery,बेकरी
baki,बाँकी
bal,बल
balaauda,बलाउँदा
balaauda,बाल्दा
balaayera,बलाएर
balayera,बालेर
balbalika,खेलिरहेका
balchha,बल्छ
balen,बालेन
bali,बलि
bali,बाली
baliyo,बलियो
balko,बलको
bamboo,बाम्बु
ban,बन
ban,वन
bana,बन
banaae,बनाएँ
banaaeka,बनाएका
banaaeko,बनाइएको
banaaeko,बनाएको
banaaera,बनाएर
banaai,बनाइ
banaaidai,बनाइदै
banaairakhna,बनाइराख्न
banaaisakeko,बनाइसकेको
banaaiyeko,बनाइएको
banaaiyo,बनाइयो
banaako,बनाएको
banaako,बनाको
banaau,बनाऊ
banaaucha,बनाउछ
banaauchhan,बनाउछन्
banaauda,बनाउँदा
banaaudai,बनाउँदै
banaauna,बनाउन
banaaunchhas,बनाउँछस्
banaaunchhu,बनाउँछु
banaaundai,बनाउँदै
banaaundaichhan,बनाउँदैछन्
banaaune,बनाउने
banaaunlaa,बनाउन्ला
banaaunlai,बनाउन
banaaunmaa,बनाउनमा
banaaunu,बनाउनु
banaaunuhos,बनाउनुहोस्
banaaunuhunthyo,बनाउनुहुन्थ्यो
banaauxa,बनाउछ
banaaye,बनाएँ
banaayechha,बनायेछ
banaayeka,बनाएका
banaayekaa,बनाएका
banaayeki,बनाएकी
banaayeko,बनाएको
banaayepachhi,बनाएपछि
banaayera,बनाएर
banaayo,बनायो
banae,बनाए
banaeko,बनाएको
banaera,बनाएर
banai,बनाइ
banai,बनाएर
banaieko,बनाइएको
banako,बनाको
banauchhu,बनाउँछु
banauda,बनाएर
banaudai,बनाउँदै
banaudai,बनाएर
banauna,बनाउन
banaunchha,बनाउँछ
banaunda,बनाउँदा
banaunda,बनाएर
banaundai,बनाउँदै
banaune,बनाउने
banaunu,बनाउनु
banaushi,बनौषी
banaye,बनाए
banaye,बनाएको
banayeko,बनाएको
banayera,बनाएर
banayo,बनायो
banchha,बन्छ
band,बन्द
banda,बन्द
bandaidainan,बनाउँदैनन्
bandeko,बाँडेको
bandh,बाँध
bandha,बन्द
bandhan,बन्धन
bandhanharu,बन्धनहरू
bandi,बन्दी
bandipur,बन्दीपुर
bandle,ब्याण्डले
bandwidth,ब्यान्डविड्थ
bane,बने
baneka,बनेका
baneko,बनेको
banera,बनाएर
banera,बनेर
baneshowr,बानेश्वर
baneyeko,बनेएको
baneyepaachhi,बनेएपछि
bani,बानि
bani,बानी
baniharuma,बानीहरूमा
banirahe,बनिरहे
baniraheka,बनिरहेका
bank,बैंक
banking,बैंकिंग
banna,बन्न
banne,बन्ने
banyo,बन्यो
bar,बार
barabar,बराबर
barah,बारह
barale,बारले
bare,बारे
barely,बेर्ली
barema,बरेमा
barema,बारेमा
baremaa,बारेमा
barfaani,बर्फानी
barhdai,बढ्दै
bari,बारी
barkhama,बर्खामा
barsa,बर्स
barsa,वर्ष
barsa,वर्षा
barsaa,वर्षा
barsaamaa,वर्षमा
barsadekhi,वर्षदेखि
barsamma,वर्षसम्म
barsha,वर्ष
barsha,वर्षा
barshaa,वर्षा
barshaharu,वर्षहरू
barshama,वर्षमा
bartaawan,बर्ताव्न
bartaawanle,बर्ताव्नले
bartamaa,बर्तमा
bartaman,वर्तमान
baru,बरु
baruwaal,बरुवाल
bas,बस
basa,बस
basaera,बसेर
basaira,बसैर
basal,बेसल
basalnu,बसाल्नु
basanta,बसन्त
basaune,बसाउने
bascha,बस्छ
baschan,बस्छन्
baschau,बस्छौ
baschha,बस्छ
baschhan,बस्छन्
baschhau,बस्छौ
baschhaun,बस्छौं
baschhin,बस्छिन्
baschhu,बस्छु
baschu,बस्छु
basda,बस्दा
basdaa,बस्दा
basdai,बस्दै
base,बसे
base,बसेँ
base,बेस
basecamp,बेसक्याम्प
basechha,बसेछ
baseka,कम्युनिटी
baseka,बसेका
baseka,युवा
baseki,बसेकी
baseko,बसेको
basepachhi,बसेपछि
basera,बसेर
baseraakheko,बसेराखेको
baseu,बस्यौ
baseu,बस्यौँ
basey,बसे
basi,बसी
basiraakhechhinn,बसिराखेछिन्
basiraakheko,बसिराखेको
basiraakhey,बसिराखे
basiraakho,बसिराख्यो
basiraako,बसिराको
basirakhchann,बसिरख्छन्
basirakheka,बसिरखेका
basirakhey,बसिराखेँ
basirako,बसिराको
basis,बेसिस
basna,बस्न
basne,बस्ने
basnet,बास्नेत
basney,बस्ने
basnu,बस्नु
basnuhunchha,बस्नुहुन्छ
basobas,बसोबास
basti,बस्ती
basyaa,बसे
basyaau,बस्यौँ
basyen,बसेँ
basyo,बस्यो
basyo,बस्यौँ
bata,घरबाट
bata,जहाँबाट
bata,बाट
bataa,बाट
bataauna,बताउन
bataayenau,बताएनौ
bataieko,बताइएको
bataraune,बाटराउने
bataula,बताउला
batauna,बताउन
batayena,बताएन
bathroom,बाथरुम
bato,बाटो
batoko,बाटोको
batsman,ब्याट्सम्यान
battery,ब्याट्री
batti,बत्ति
battis,बत्तिस
bau,बाउ
bauddhik,बौद्धिक
bawajud,बाबजुद
bayalis,बयालीस
bayan,बयान
bayral,भाइरल
bazaar,बजार
bazaar,र
bazar,बजार
bear,बियर
beautiful,ब्युटिफुल
beaver,बीभर
beaverlai,बीभरलाई
beaverle,बीभरले
bech,बेच
bechera,बेचेर
becheray,बेचेरै
bechisakyo,बेचिसक्यो
bechna,बेच्न
bechne,बेच्ने
bechney,बेच्ने
bed,बेड
bedakhalma,बेदखलमा
bedroom,बेडरुम
beejaa,बीज
beghaar,बेघर
behavior,व्यवहार
bekar,बेकार
bela,बेर
bela,बेल
bela,बेला
belaa,बेला
belaamaa,बेलामा
belay,बेलै
beljhukaa,बेलझुक्का
bell,बेल
beluka,बेलुका
belukaa,बेलुका
bench,बेन्च
ber,बेर
bera,बेरा
berojgari,बेरोजगारी
besh,बेस
beti,छोरी
beu,बेउ
bezti,बेझटी
bha,भ
bha,भा
bhaab,भाव
bhaae,भएँ
bhaag,भाग
bhaagabandhaa,भागबन्डा
bhaai,भाइ
bhaai,भाई
bhaaisaangaa,भाइसँग
bhaaisakyo,भाइसक्यो
bhaakha,भाखा
bhaako,भएको
bhaako,भाको
bhaaneko,भानेको
bhaar,भार
bhaaratiya,भारतीय
bhaaratko,भारतको
bhaari,भरी
bhaasa,भाषा
bhaashaa,भाषा
bhaashaik,भाषाइक
bhaashan,भाषण
bhaat,भात
bhaavuk,भावुक
bhaaw,भाव
bhaawanaa,भावना
bhaayeko,भाएको
bhaayera,भाएर
bhabishya,भविष्य
bhabisya,भविष्य
bhabisyabani,भविष्यवाणी
bhabisyatarfa,भविष्यतर्फ
bhadra,भाद्र
bhae,भए
bhae,भएँ
bhaeka,भएका
bhaekai,भएकै
bhaeko,भएको
bhaema,भएमा
bhaena,भएन
bhaepani,भए
bhaepani,भएपनि
bhaera,ढेर
bhaera,भएर
bhaesi,भएसी
bhag,भाग
bhagepachhi,भागेपछि
bhagi,भागी
bhagna,भाग्न
bhagnu,भाग्नु
bhagwanle,भगवानले
bhagya,भाग्य
bhai,भाइ
bhai,भाई
bhai,भै
bhailo,भैलो
bhairaa,भइरहेका
bhairaaheko,भइरहेको
bhairaako,भइरहेको
bhairaheko,भइरहेको
bhairaheko,भैरहेको
bhairahiyo,थियो
bhairahyo,छ
bhairakheko,भैरखेको
bhairheko,भइरहेको
bhaisake,भैसके
bhaisakeko,भैसकेको
bhaisakyo,भइसक्यो
bhaisakyo,भैसक्यो
bhaka,भका
bhakaa,भाका
bhako,भएको
bhako,भको
bhako,भाको
bhalu,भालु
bhana,भन
bhana,भन्न
bhanaa,भन
bhanana,भनन
bhancha,भन्छ
bhanchan,भन्छन
bhanchan,भन्छन्
bhanchha,भन्छ
bhanchhaa,भान्छा
bhanchhan,भन्छन
bhanchhan,भन्छन्
bhanchhau,भन्छौ
bhanchhi,भन्छी
bhanchhu,भन्छु
bhanchincha,भनिन्छ
bhanchu,भन्छु
bhanda,भन्दा
bhandaa,भन्दा
bhandaakheri,भन्दाखेरि
bhandaari,भण्डारी
bhandaarile,भण्डारीले
bhandai,भन्दै
bhandainan,भन्दैनन्
bhandaran,भण्डारण
bhandinchha,भन्दिन्छ
bhane,भaне
bhane,भने
bhane,भनेँ
bhane,भन्ने
bhanechhu,भनेछु
bhaneko,भनेको
bhanena,भनेन
bhanera,भनी
bhanera,भनेर
bhaneu,भनेऊ
bhaney,भने
bhaney,भनेय
bhani,खुला
bhani,भनि
bhani,भनी
bhani,भनेर
bhanideu,भनिदेउ
bhanincha,भनिन्छ
bhaninchha,भनिन्छ
bhanirakhey,भनिराखे
bhanirakhyo,भनिराख्यो
bhanna,भन्न
bhannai,भन्नै
bhanne,भन्ने
bhanney,भन्ने
bhannichha,भनिन्छ
bhanninchha,भनिन्छ
bhannu,भन्नु
bhannuhos,भन्नुहोस्
bhannuparchha,भन्नुपर्छ
bhannus,भन्नुस्
bhanthe,भन्थे
bhanthyen,भन्थ्येँ
bhanthyo,भान्थ्यो
bhanya,भन्या
bhanyaum,भन्यौं
bhanyena,भनेन
bhanyo,भन्यो
bhar,भर
bharai,भारी
bharat,भारत
bharatiya,भारतीय
bhareko,भरेको
bharera,भरेर
bhari,भरि
bhari,भरी
bhari,भारी
bharihalnu,भरिहाल्नु
bhariyeko,भरिएको
bhariyo,भरियो
bharkhar,भर्खर
bharkharai,भर्खरै
bharma,भर्म
bharna,भर्न
bharnaa,भर्ना
bharne,भर्ने
bharosaa,भरोसा
bhartinaa,भर्तिना
bharyanga,भर्यङ्ग
bhasa,भाषा
bhasha,भाषा
bhashale,भाषाले
bhat,भात
bhataa,भत्ता
bhatkeko,भात्केको
bhatkera,भत्केर
bhatkiyeko,भत्किएको
bhatmas,भटमास
bhatta,भत्ता
bhattarai,भट्टराई
bhattarkari,भाततरकारी
bhatti,भट्टी
bhatyau,भट्यौ
bhau,भाउ
bhaugolik,भौगोलिक
bhaujule,भाउजुले
bhaumika,भूमिका
bhautik,भौतिक
bhautikshastraka,भौतिकशास्त्रका
bhavan,भवन
bhavishya,भविष्य
bhawan,भवन
bhawana,भावना
bhawana,समेत
bhawanaa,भावना
bhawanale,भावनाले
bhawishya,भविष्य
bhawna,भावना
bhayana,भयन
bhayanak,भयानक
bhayar,भयर
bhayau,भयो
bhayau,भयौ
bhayaun,भयौं
bhaye,भए
bhaye,भएँ
bhaye,भये
bhaye,भयें
bhayecha,भयेछ
bhayecha,भयो
bhayechha,भएछ
bhayechhu,भएछु
bhayechhu,भयें
bhayechhu,भयेछु
bhayeka,भएका
bhayeki,भएकी
bhayeko,भएको
bhayeko,भयेको
bhayeko,भाएको
bhayekoi,भएकोइ
bhayema,भएमा
bhayen,भयें
bhayen,भयेन
bhayena,छोड्नुभएन
bhayena,भएन
bhayena,भयेन
bhayenau,भयेनौ
bhayepaachhi,भएपछि
bhayepachhi,भएपछि
bhayepachhi,भयेपछि
bhayepachi,भए
bhayepachi,भएपछि
bhayepani,पनि
bhayepani,भए
bhayera,बसेर
bhayera,भएर
bhayera,भाएर
bhayeray,भएरै
bhayi,भई
bhayo,गर्यो
bhayo,भयो
bhayocha,भयोछ
bhechdinchu,बेच्दिन्छु
bheed,भीड
bheri,भेरी
bhet,भेट
bhetainau,भेटैनौ
bhetaula,भेटौला
bhetda,भेट्दा
bhete,भेटे
bhete,भेटें
bheteko,भेटेको
bhetena,भेटेन
bhetepaxi,भेटेपछि
bhetera,भेटेर
bheterchau,भेटेर्छौ
bhetghaat,भेटघाट
bhetghat,भेटघट
bhetghat,भेटघाट
bheti,भेटि
bhetinchhan,भेटिन्छन
bhetiyo,भेटियो
bhetlas,भेट्लस
bhetna,भेट्न
bhetnalai,भेट्नलाई
bhetne,भेट्ने
bhetnechhaau,भेट्नेछौ
bhetnu,भेट्न
bhetnu,भेट्नु
bhettau,भेट्टौ
bhetyaau,भेट्यौ
bhetye,भेट्ये
bhetyo,भेट्यो
bhetyo,भेट्यौ
bhi,पनि
bhid,भिड
bhid,भीड
bhidiyo,भिडियो
bhijera,भिजेर
bhijjaney,भिज्जाने
bhijjaney,भिज्ने
bhinnata,भिन्नता
bhir,भीर
bhiraakhyo,भिराख्यो
bhiraako,भिराको
bhiraako,भैराको
bhirako,भिराको
bhirako,भैराको
bhitra,भित्र
bhitraa,भित्र
bhitraa,भित्रा
bhitraaunchhu,भित्राउँछु
bhitrai,भित्रै
bhitraka,भित्रका
bhitri,भित्री
bhittri,भित्री
bho,भो
bhogeka,भोगेका
bhogna,भोग्न
bhojan,भोजन
bhok,भोक
bholi,भोलि
bholi,भोली
bholiparsi,भोलिपर्सि
bhoomi,भूमि
bhootiya,भूतिया
bhot,भोट
bhraman,भ्रमण
bhrashtaachaar,भ्रष्टाचार
bhrastaachar,भ्रष्टाचार
bhui,भुइ
bhuichhalo,भूइचालो
bhuin,भुइं
bhuiyaka,भुइयाका
bhukha,भोक
bhule,भुले
bhulena,भुलेन
bhulera,भुलेर
bhuli,भुलि
bhulina,भुलिन
bhuliye,भुलिए
bhumi,भूमि
bhumika,भूमिका
bhumikaa,भूमिका
bhumikabare,भूमिकाबारे
bhumikaharuko,भूमिकाहरूको
bhumilai,भूमिलाई
bhumima,भूमिमा
bhundaa,बिन्दा
bhungra,भुँग्रा
bhus,भुस
bhyaaunna,भ्याउन्न
bhyau,भ्यौ
bibadashpad,विवादास्पद
bibaran,विवरण
bibhajan,विभाजन
bibhinna,विभिन्न
bibidhataa,विविधता
bich,बिच
bich,बीच
bicha,बिच
bichaar,बिचार
bichaar,विचार
bichar,बिचार
bichar,विचार
bichara,बिचार
bichara,बिचारा
bicharharu,विचारहरू
bicharko,विचारको
bicharle,विचारले
bichh,पा
bichhaar,बिचार
bichhedanma,विच्छेदनमा
bichko,बीचको
bichma,बिचमा
bicycle,साइकल
bida,बिदा
bidaa,बिदा
biday,बिदाय
bidesh,विदेश
bideshi,विदेशी
bideshmaa,विदेशमा
bidhi,बिधि
bidhi,बिधी
bidhi,विधि
bidhii,बिधि
bidhyaalayamaa,बिद्यालयमा
bidwaan,विद्वान्
bidyaalayamaa,विद्यालयमा
bidyalaya,विद्यालय
bidyalaymaa,विद्यालयमा
bidyarthi,विद्यार्थी
bigarna,बिगार्न
bigarne,बिगार्ने
bigatka,विगतका
bighat,बिघात
bigreko,बिग्रेको
bigrera,बिग्रेर
bigrida,बिग्रिँदा
bigridai,बिग्रिदै
bigrina,बिग्रिन
bigrine,बिग्रिने
bigriyera,बिग्रिएर
bigriyo,बिग्रियो
bigryo,बिग्र्यो
bihaa,बिहा
bihaako,विहाको
bihaan,बिहान
bihaana,बिहान
bihaanaai,बिहानै
bihaanaaunai,बिहानाउनै
bihaanai,बिहानै
bihah,बिहाह
bihan,बिहान
bihana,बिहान
bihanai,बिहानै
bihani,बिहानी
bihe,बिहे
bij,बीज
bijayi,विजयी
bijuli,बिजुली
bikaama,बिकाम
bikaas,बिकास
bikas,बिकास
bikas,भैरहेको
bikas,विकास
bikashko,विकासको
bikasit,विकसित
bikasko,विकासको
bikaslai,विकासलाई
bikasle,विकासले
bikchha,बिक्छ
bike,बाइक
bikram,बिक्रम
bikram,विक्रम
bikri,बिक्री
bikri,हुँदा
bikrima,बिक्रीमा
bilkul,बिल्कुल
bilkulai,बिल्कुलै
bill,बिल
billrothbata,बिलरोथबाट
bimaar,बिमार
bimar,बिराम
bimar,बिरामी
bina,बिना
binaa,बिना
binaako,बिनाको
binashko,विनाशको
binati,बिनती
bindu,बिन्दु
binduko,बिन्दुको
binduma,बिन्दुमा
biniyojan,विनियोजन
biofilamharuko,बायोफिल्महरूको
biogas,बायोग्यास
biographies,बायोग्राफिज
biomoleculeharuko,बायोमोलिक्युलहरूको
biosynthesis,बायोसिंथेसिस
biparit,विपरित
biraami,बिरामी
biraayera,बिराएर
biralo,बिरालो
birami,बिरामी
biramiharuko,बिरामीहरूको
biramiharule,बिरामीहरूले
birauwaa,बिरुवा
birethanti,बिरेथान्ती
birgunj,बिरगञ्जमा
birodhabhas,विरोधाभास
birodhabhasaharu,विरोधाभासहरू
birsana,बिर्सन
birsanchhu,बिर्सन्छु
birsanu,बिर्सनु
birse,बिर्से
birsechhu,बिर्सेँ
birsechhu,बिर्सेछु
birsee,बिर्सी
birseko,बिर्सेको
birsenan,बिर्सेनन्
birsera,बिर्सेर
birsida,बिर्सिदा
birsidina,बिर्सिदिन
birsinchhu,बिर्सिन्छु
birsindainau,बिर्सिँदैनौ
birsine,बिर्सिने
birsinna,बिर्सिन्न
birsinu,बिर्सिनु
birsisakepachhi,बिर्सिसकेपछि
birsiye,बिर्सिए
birsiye,बिर्सिएँ
birsiyenau,बिर्सिएनौँ
birsiyera,बिर्सिएर
birsiyo,बिर्सियो
birsyathe,बिर्स्यथे
birsyo,बिर्स्यो
birthday,बर्थडे
biruddha,विरुद्ध
biruddhako,विरुद्धको
birudhaa,बिरुद्ध
bis,बिस
bisaun,औँ
bisay,बिषय
bisaybastu,बिषयबस्तु
biscuits,बिस्कुट्स
bishal,विशाल
bishamaa,विषमा
bishaya,बिषय
bishaya,विषय
bishayabastuharuko,विषयवस्तुहरूको
bishayharu,विषयहरू
bishayharuma,विषयहरूमा
bishes,विशेष
bishesh,बिशेष
bisheshagya,बिशेषज्ञ
bisheshtaharu,विशेषताहरू
bishleshan,विश्लेषण
bishramko,विश्रामको
bishwa,बिद्या
bishwaas,बिश्वास
bishwaas,विश्वास
bishwas,विश्वास
bishwavidyaalaya,विश्वविद्यालय
bisleshan,विश्लेषण
bisram,विश्राम
bistaar,बिस्तार
bistaar,विस्तार
bistaarai,बिस्तारै
bistarai,बिस्तरै
bistarai,बिस्तारै
bistaran,बिस्तारण
bistarit,विस्तारित
bisthaar,बिस्तार
bisthaarai,बिस्थारै
bisthapan,विस्थापन
bisthar,बिस्तार
bistrit,विस्तृत
biswaas,बिस्वास
biswaas,विश्वास
biswas,बिश्वास
biswas,विश्वास
biswasko,विश्वासको
biswast,विश्वस्त
bitaako,बिताको
bitaau,बिताउ
bitaauchhu,बिताउँछु
bitaaunchhu,बिताउँछु
bitaaunu,बिताउनु
bitaayau,बितायौ
bitaaydai,बिताउँदै
bitaaye,बिताए
bitaaye,बिताये
bitaayera,बिताएर
bitauchhan,बिताउछन्
bitauna,बिताउन
bitaune,बिताउने
bitauthyau,बिताउथ्यौ
bitayo,बितायो
bitch,बिच
bitchha,बित्छ
bitda,बित्दा
bite,बिते
biteko,बितेको
bitisakepachchhi,बितिसकेपछि
bitiyo,बितियो
bitiyo,बित्यो
bittikai,बित्तिकै
bityaundai,बिताउँदै
bityo,बित्यो
biujhida,बिउँझिदा
black,ब्ल्याक
block,ब्लक
blood,ब्लड
blouse,ब्लाउज
blue,ब्लू
boar,बोअर
board,बोर्ड
body,बडी
body,शरीर
bojh,बोझ
bokera,बोकेर
boknu,बोक्नु
bolaaeko,बोलाएको
bolaauchhu,बोलाउछु
bolaaune,बोलाउने
bolaayen,बोलाएँ
bolaye,बोलाए
bolchal,बोलचाल
bolchan,बोल्छन्
bolchha,बोल्छ
bolchhan,बोल्छन्
bolchhau,बोल्छौ
boleka,बोलेका
boleko,बोलेको
bolena,बोलेन
bolera,बोलेर
boli,बोली
bolimaa,बोलीमा
bolina,बोलिन
boliyaan,बोलियान
bolna,बोल्न
bolne,बोल्ने
bolnu,बोल्नु
bolyau,बोल्यौ
bonding,बन्डिङ
book,बुक
books,बुक्स
boola,बोल
boost,बूस्ट
boring,बोरिङ
bossle,बस्ले
bottle,बोतल
bottling,भर्ने
bowler,बलर
brahmandako,ब्रह्माण्डको
brahmandharuma,ब्रह्माण्डहरूमा
brahmandma,ब्रह्माण्डमा
bread,ब्रेड
break,ब्रेक
breakfast,ब्रेकफास्ट
breaking,ब्रेकिङ
breakup,ब्रेकअप
breeding,ब्रीडिङ
briddha,बृद्ध
briddhile,वृद्धिले
bridge,ब्रिज
bridhhiko,वृद्धिको
bridhilaai,वृद्धिलाई
bridhile,वृद्धिले
bro,ब्रो
broadcast,प्रसारण
browser,ब्राउजर
buba,बुबा
bubaako,बुबाको
bubaale,बुबाले
buddhi,बुद्धि
budget,बजेट
budhaa,बुढा
budhabaar,बुधबार
budhi,बुढी
budhi,बूढी
budho,बुढो
budi,बुढी
budi,बूढी
budo,बुढो
budo,बूढो
build,बिल्ड
building,बिल्डिङ
bujaako,बुझाको
bujdai,बुझ्दै
bujha,बुझ
bujha,बुझा
bujhaaidiye,बुझाइदिए
bujhaauchau,बुझाउछौ
bujhaauchhu,बुझाउँछु
bujhaauda,बुझाउँदा
bujhaauna,बुझाउन
bujhaaune,बुझाउने
bujhaaye,बुझाएँ
bujhaayen,बुझाएँ
bujhai,बुझाइ
bujhaibhanda,बुझाइभन्दा
bujhaiko,बुझाइको
bujhailaai,बुझाइलाई
bujhailai,बुझाइलाई
bujhailay,बुझाइले
bujhaima,बुझाइमा
bujhauna,बुझाउन
bujhda,बुझ्दा
bujhdai,बुझ्दै
bujhdaina,बुझ्दैन
bujhe,बुझे
bujheko,बुझेको
bujhen,बुझेँ
bujhena,बुझेन
bujhera,बुझेर
bujhieko,बुझिएको
bujhina,बुझिन
bujhiyeko,बुझिएको
bujhiyo,बुझियो
bujhna,बुझ्न
bujhnako,बुझ्नको
bujhnama,बुझ्नमा
bujhne,बुझ्ने
bujhnu,बुझ्नु
bujhnuko,बुझ्नुको
bujhyau,बुझ्यौ
bujhyaum,बुझ्यौं
bujhyo,बुझ्यो
bujhyo,बुझ्यौ
bujisakyaum,बुझिसक्यौं
bulaya,बुलाय
bulayeko,बुलाएको
bulbul,बुल्बुल
bus,बस
business,बिजनेस
busmaa,बसमा
busy,बिजी
busy,बिसी
buwa,बुवा
buwaale,बुवाले
byaah,ब्याह
byaans,ब्यांस
byaayaam,व्यायाम
byabahaar,व्यवहार
byabahar,व्यवहार
byabastha,व्यवस्था
byabasthaa,विकास
byabasthaa,व्यवस्था
byabasthaapaak,व्यवस्थापिक
byabasthit,व्यबस्थित
byakti,व्यक्ति
byaktigat,व्यक्तिगत
byanga,व्यङ्ग
byapaar,ब्यापार
byapaar,व्यापार
byapaari,ब्यापारी
byapar,व्यापार
byas,व्यास
byast,ब्यस्त
byasta,व्यस्त
byastachan,व्यस्तछन्
byavahar,व्यवहार
byavasthit,व्यवस्थित
byawahaarik,व्यावहारिक
byawahar,व्यवहार
byawaharmaa,व्यवहारमा
byawastha,व्यवस्था
byawasthaa,ब्यवस्था
byawasthaa,व्यवस्था
byawasthaama,व्यवस्थामा
byawhaar,व्यवहार
cache,क्याच
cafe,क्याफे
cake,केक
calculation,क्यालकुलेसन
call,कल
camera,क्यामेरा
camp,क्याम्प
campaign,क्याम्पेन
campaign,क्याम्पेनमा
camping,क्याम्पिङ
cancel,क्यान्सल
cancer,क्यान्सर
cancerko,क्यान्सरको
cancerlai,क्यान्सरलाई
candle,क्यान्डल
cap,क्याप
carbolic,कार्बोलिक
carbon,कार्बन
card,कार्ड
career,करियर
careful,केअरफुल
carl,कार्ल
carpet,कार्पेट
casual,क्यासुअल
ceiling,सीलिङ
celebration,सेलिब्रेशन
celebrity,सेलिब्रिटी
cell,झिल्ली
cellular,सेलुलर
censorship,सेन्सरशिप
centre,पा
centric,सेन्ट्रिक
certificate,सर्टिफिकेट
certification,सर्टिफिकेसन
cha,छ
chaa,छा
chaado,चाडो
chaado,छाडो
chaadparwa,चाडपर्व
chaahaa,चहा
chaahanchha,चाहान्छ
chaahanchhu,चाहान्छु
chaaheko,चाहेको
chaahidaina,चाहिँदैन
chaahidaina,चाहिदैन
chaahieema,चाहिएमा
chaahinchha,चाहिन्छ
chaahiyo,चाहियो
chaalis,चालिस
chaandai,चाँदै
chaandina,चाँदिन
chaapai,छापाइ
chaape,चापे
chaar,चार
chaau,छौ
chaayaa,चिया
chabahil,चाबहिल
chada,चढ
chadaan,चढान
chadai,चडै
chaddai,चड्दै
chaddna,चड्न
chadera,चडेर
chadera,चढेर
chadhaai,चढाइ
chadhaauna,चढाउन
chadheko,चढेको
chadhera,चढेर
chadhna,चढ्न
chadna,चढ्न
chado,चाँडो
chae,चै
chahanaa,चाहना
chahanchhaun,चाहान्छौं
chahanchhu,चाहन्छु
chahanchhu,चाहान्छु
chahandainthyo,चाहँदैनथ्यो
chahanthe,चाहन्थे
chahincha,चाहिन्छ
chahinchha,चाहिन्छ
chahiyo,चाहियो
chai,चा
chai,चाइ
chai,चाई
chai,चाय
chai,चाहिँ
chai,चिया
chai,चै
chain,चेन
chaina,छैन
chainaa,छैना
chaincha,चैन्छ
chainchha,चाइँछ
chainchha,चैन्छ
chainma,चेनमा
chair,चेयर
chaitra,चैत्र
chaiye,चैये
chakar,चाकर
chakchak,चकचक
chakmak,चक्मक
chakra,चक्र
chakrakka,चक्रका
chakrakko,चक्रको
chakrama,चक्रमा
chalaaera,चलाएर
chalaai,चलाई
chalaauchha,चलाउछ
chalaauna,चलाउन
chalaaunachhu,चलाउँछु
chalaaunchha,चलाउँछ
chalaaunchhan,चलाउँछन्
chalaaunchhan,चलाउन्छन्
chalaaundai,चलाउँदै
chalaaune,चलाउने
chalaayera,चलाएर
chalaeka,चलाएका
chalaera,चलाएर
chalakharu,चालकहरू
chalan,चलन
chalauchhan,चलाउँछन्
chalauda,चलाउँदा
chalaudaa,चलाउँदा
chalaudaa,चलाउदा
chalaudai,चलाउदै
chalauna,चलाउन
chalaye,चलाए
chalayera,चलाएर
chalayeu,चलाएँ
chalchala,चलचल
chalchha,चल्छ
chalchitra,चलचित्र
chalda,चल्दा
chaldaainan,चल्दैनन्
chaldai,चल्दै
chaleko,चलेको
chali,चलि
chaliaaeko,चलिआएको
chalinchha,चलिन्छ
chaliraako,चलिराको
chalirachha,छ
chaliraheko,चलिरहेको
chalirahyo,छ
chalirako,चलिरहेको
challaai,चाललाई
challenge,च्यालेन्ज
challenging,च्यालेन्जिङ
chalna,चल्न
chalne,चाल्ने
chalthyo,चल्थ्यो
chamatkaar,चमत्कार
chamelia,चमेलिया
chamkine,चम्किने
chamkiye,चम्किए
chamra,छाला
chan,छन्
chance,चान्स
chanchal,चञ्चल
chandaa,चन्दा
chandi,चाँडै
chandrama,चन्द्रमा
chaneko,छानेको
change,चेन्ज
change,पॉलिसी
channel,च्यानल
chaotic,काओटिक
chap,छाप
char,चार
chara,चरा
chara,चराचर
charam,चरम
charan,चरण
charanharu,चरणहरू
charanma,चरणमा
charaudai,चराउँदै
charcha,चर्चा
charchaa,चर्चा
charchit,चर्चित
charge,चार्ज
charger,चार्जर
charhdai,चढ्दै
chari,चरी
charko,चर्को
chat,च्याट
chata,छाता
chati,चाटी
chattaan,छत्तान
chatty,च्याट्टी
chau,छौ
chaubis,चौबिस
chaudha,चौध
chauki,चौकी
chauraa,चौरा
chautalis,चवालीस
chautari,चौतारी
chautho,चौथो
cheating,चिटिङ
check,चेक
check,ड्याम
checkbox,चेकबक्स
checkup,चेकअप
cheej,चिज
cheej,चीज
cheeni,चिनी
chemical,केमिकल
chemotaxis,केमोटैक्सिस
chemotherapyko,केमोथेरापीको
chenj,चेन्ज
chetana,चेतना
chetanama,चेतनामा
chetra,क्षेत्र
cheu,छेउ
chha,गरिएको
chha,छ
chha,छन्
chhaa,छ
chhaa,छाँ
chhaadaai,छाडै
chhaadai,छिट्टै
chhaalis,चालीस
chhaan,छान्
chhaanaamaa,छानामा
chhaanchhau,छान्छौ
chhaaneko,छानेको
chhaapiyo,छापियो
chhaato,छाटो
chhaato,छाट्टो
chhaau,छौ
chhaaun,छाउन
chhaayaa,छाया
chhabbis,छब्बिस
chhada,छडा
chhadai,छडै
chhaddainan,छाड्दैनन्
chhado,छाडो
chhain,छैन
chhaina,छैन
chhaina,छैनन्
chhainan,छैनन्
chhainau,छैनौ
chhaito,छिटो
chhaito,छैटो
chhakk,छक्क
chhakka,छक्क
chhakka,छक्का
chhalphal,छलफल
chhan,छन्
chhanamama,छनमम
chhanera,छानेर
chhann,छन्
chhannot,छान्नोट
chhanyaaundai,छान्दै
chhapeko,छापेको
chharaa,छरा
chhardai,छर्दै
chharko,छार्को
chhataa,छाता
chhatau,छठौं
chhati,छाती
chhatmaa,छतमा
chhatra,छात्र
chhattis,छत्तीस
chhau,छौ
chhau,छौँ
chhau,छौं
chhaum,छौं
chhaun,छौं
chhaya,छाया
chhetra,क्षेत्र
chhetrama,क्षेत्रमा
chheu,छेउ
chheuchhauma,छेउछाउमा
chheuko,छेउको
chhhau,छौ
chhijiyo,छिजियो
chhimek,छिमेक
chhimeki,छिमेकी
chhin,छिन
chhin,छिन्
chhina,छिन
chhinmaa,छिनमा
chhinn,छिन्
chhirauna,छिराउन
chhitai,छिटै
chhiti,छिटि
chhito,छिटो
chhito,बिहान
chhitto,छिटो
chhitto,छिट्टो
chhodainau,छोड्दैनौं
chhodau,छोडौँ
chhodchhau,छोड्छौ
chhoddainau,छोड्दैनौ
chhoddina,छोड्दिन
chhodera,छोडेर
chhodera,सहर
chhodeyko,छोडेएको
chhodna,छोड्न
chhodnu,छोड्नु
chhodnu,मुस्कान
chhodyo,छोड्यो
chhomrong,छोम्रोङ
chhopo,छोपो
chhora,छोरा
chhoraa,छोरा
chhori,छोरी
chhoriko,छोरीको
chhoro,छोरो
chhorro,छोर्रो
chhotin,छोटिन
chhoto,छोटो
chhotyaie,छोट्याइए
chhu,छु
chhu,छू
chhuchhu,छु
chhune,छुने
chhupaena,छुपाएन
chhut,छुट
chhutaaudai,छुटाउँदै
chhutdaina,छुट्दैन
chhutepachhi,छुटेपछि
chhuti,छुट्टी
chhuttaaiyeko,छुट्टाइएको
chhuttaaudai,छुटाउँदै
chhutti,छुट्टी
chicken,चिकन
chihnit,चिन्हित
chijharu,चीजहरू
chikitasko,चिकित्साको
chikitsa,चिकित्सा
chikitsaa,चिकित्सा
chikitsakharu,चिकित्सकहरू
chikitsama,चिकित्सामा
chikitshadwara,चिकित्साद्वारा
children,चिल्ड्रेन
chin,चिन
chinaauna,चिनाउन
chinaayeko,चिनाएको
chinainau,चिनैनौ
chinayeko,चिनाएको
chinchau,चिन्छौ
chinchha,छिन्छ
chinchhit,चिन्चित
chineko,चिनेको
chinh,चिन्ह
chinhit,चिन्हित
chini,चिनी
chinina,चिनिन
chiniya,चिनियाँ
chinna,चिन्न
chinne,चिन्ने
chinta,चिन्ता
chintaa,चिन्ता
chintit,चिन्तित
chiplo,चिप्लो
chiraa,चरा
chiraa,चिरा
chiraaharule,चराहरूले
chirayeko,चिराएको
chirayera,चिराएर
chiso,चिसो
chiso,भए
chitikka,चिटिक्क
chito,चिटो
chito,चितो
chito,छिटो
chitra,चित्र
chitran,चित्रण
chittai,छित्तै
chitthi,चिट्ठी
chitthikka,चिठिक्क
chitto,चिट्टो
chitto,छिटो
chitwa,चित्वा
chitwan,चितवनको
chiura,चिउरा
chiya,चिया
chiyaa,चिया
cho,चो
chocolate,चकलेट
choddyo,छोड्दियो
chodera,छोडेर
chodhdiyau,छोड्दियौ
chodhyau,छोड्यौ
chodhyaum,छोड्यौं
chodnu,छोड्नु
chokho,चोखो
choose,चुज
chopa,चोप
chopparatha,चपपराठा
chora,छोरा
choraa,छोरा
chorale,छोराले
chori,चोरी
chori,छोरी
chornu,चोर्नु
chot,चोट
chot,छोट
choti,चोटि
choti,चोटी
chowk,चोक
chowk,चौक
choyakhana,चोयाखान
christianity,धर्म
chronology,क्रोनोलोजी
chu,छु
chuina,छुइन
chumbakiy,चुम्बकीय
chuna,चुनाव
chunaab,चुनाव
chunaav,चुनाव
chunaavi,चुनावी
chunaaw,चुनाव
chunaule,चुनावले
chunauti,चुनौती
chunera,छुनेर
chup,चुप
chupchaap,चुपचाप
chupchap,चुपचाप
churot,चुरोट
chutti,छुट्टी
chyap,छ्याप्
chyatyo,च्यात्यो
cinema,चलचित्र
cinema,सिनेमा
cinematography,सिनेमेटोग्राफी
circuit,सर्किट
citto,चिट्टो
city,सिटी
civil,सिभिल
class,क्लास
classical,क्लासिकल
classmaa,क्लासमा
classmates,क्लासमेट्स
classroom,क्लासरूम
clean,क्लिन
cleaning,क्लिनिङ
cleanser,क्लिन्जर
cleanup,अप
clear,क्लियर
clearly,क्लियरली
clearly,क्लियर्ली
click,क्लिक
clinic,क्लिनिक
clothes,क्लोद्स
club,र
coa,कोए
coat,कोट
code,कोड
coding,कोडिङ
coffee,कफी
collaborative,कोलाबोरेटिभ
colleagues,कलेजज
colleagues,कोलीग्स
collect,कलेक्त
collect,संकलन
collection,कलेक्सन
college,कलेज
color,कलर
combination,कम्बिनेसन
comedy,कमेडी
comfortable,कम्फर्टेबल
comic,कमिक
comment,कमेन्ट
communication,कम्युनिकेसन
communist,कम्युनिस्ट
community,कम्युनिटी
community,कम्युनिटीको
community,क्लिन
community,प्रोग्राम
community,हरु
company,कम्पनी
compatible,कम्प्याटिबल
competition,कम्पिटिशन
competition,प्रतियोगिता
competitive,कम्पेटिटिभ
complete,कम्प्लिट
complete,कम्प्लीट
complex,कम्प्लेक्स
complexharuko,कम्प्लेक्सहरूको
complexharulai,कम्प्लेक्सहरूलाई
complexle,कम्प्लेक्सले
compliment,कमप्लिमेन्ट
compose,कम्पोज
composer,कम्पोजर
composition,कम्पोजिशन
compulsory,अनिवार्य
computer,कम्प्युटर
concept,कन्सेप्ट
concern,कन्सर्न
concert,कन्सर्ट
conduct,कन्डक्ट
conference,कन्फरेन्स
confidence,कन्फिडेन्स
confirm,कन्फर्म
congress,कांग्रेस
conjecturelai,कन्जेक्चरलाई
connect,कनेक्ट
connection,कनेक्सन
conservation,कन्जर्भेसन
conservation,प्लानिङ
constitution,कन्स्टिट्युसन
construction,कन्स्ट्रक्सन
consume,खप्ती
consumption,कन्सम्प्सन
contact,कन्ट्याक्ट
content,कन्टेन्ट
control,कन्ट्रोल
conversation,कनभर्सेशन
cookie,कुकी
cooking,कुकिंग
cooking,कुकिङ
cool,कुल
cooldown,कूलडाउन
cooperative,सहकारीमा
coordination,कोअर्डिनेशन
copy,कपी
core,कोर
core,हो
corner,कोर्नर
corridor,कोरिडोर
council,काउन्सिल
counseling,काउन्सलिंग
counting,गणना
cover,कभर
cpn,ने
create,क्रिएट
create,गरिरहेको
create,गर्न
creativity,क्रिएटिभिटी
creativity,क्रियेटिभिटी
cricket,क्रिकेट
critical,क्रिटिकल
crop,क्रप
cross,क्रस
crowd,क्राउड
cultural,कल्चरल
culture,कल्चर
cup,कप
cupboard,कपबोर्ड
curfew,कर्फ्यू
curious,क्युरियस
curious,क्यूरियस
current,करेन्ट
curry,करी
curryrice,करीराइस
customer,कस्टमर
cut,कट
cv,सिभी
cycle,साइकल
cycling,साइकलिङ
daadaa,डाँडा
daag,दाग
daai,दाइ
daaile,दाइले
daajoharule,दाजोहरूले
daajole,दाजोले
daaju,दाजु
daal,दाल
daalna,डाल्न
daalne,डाल्ने
daan,दान
daaraa,दारा
dabaab,दबाब
dabab,दबाब
dabi,दाबी
dablam,दाब्लम
dada,डाँडा
dada,दादा
daftar,दफ्तर
daftarko,दफ्तरको
daftarmaa,दफ्तरमा
dagure,दगुरे
dahal,दाहाल
dahi,दही
dahlia,डाह्लिया
dai,दाई
dai,दै
daily,डेइली
daily,डेली
daily,दैनिक
daily,न्यूज
daina,दैन
dakshatakah,दक्षताका
dakshin,दक्षिण
dakshini,दक्षिणी
dakshinkali,दक्षिणकाली
dal,दल
dal,दाल
dalbhat,दालभात
dalharu,दलहरू
dalharulai,दलहरूलाई
dalharule,दलहरूले
dalharumaa,दलहरूमा
dali,डाली
dalko,दलको
dam,तलब
dam,बाँधको
damananth,दमननाथ
dance,डान्स
danda,डाँडा
dant,दाँत
dantale,दाँतले
dar,डर
dar,दर
dara,डर
daraako,डराउको
daraera,डरेर
daraiechhu,डराएँ
darakast,दरखास्त
darakhaasta,दरखास्त
daraune,डराउने
daraunu,डराउनु
darchula,दार्चुला
darer,डरेर
darlagdo,डरलाग्दो
daro,डारो
darshan,दर्शन
darshanik,दार्शनिक
darta,दर्ता
das,दस
dashai,दशै
dashain,दशैँ
dashain,दशैं
dashainmaa,दशैंमा
dashakko,दशकको
dashau,दशौ
dashboard,ड्यासबोर्ड
dastabez,दस्तावेज
dastavej,दस्तावेज
dastawejhiko,दस्तावेजिको
data,डाटा
database,डाटाबेस
database,डेटाबेस
date,डेट
dating,डेटिङ
daud,दौड
daudda,दौड्दा
daudera,दौडेर
daudiye,दौडिएँ
daudko,दौडको
daura,दौरा
dawai,दवाई
day,डे
daya,दया
dayarama,दायरामा
dayera,दायरा
dayitwaharubichko,बीचको
days,दिन
de,दे
de,देँ
deadline,डेडलाइन
debate,डिबेट
debre,देब्रे
debut,डेब्यु
decide,डिसाइड
decision,डिसिजन
decision,निर्णय
declare,घोषणा
decoration,डेकोरेशन
dee,दी
deep,दीप
deepa,दीया
degreebhanda,डिग्रीभन्दा
dekha,देखा
dekha,पइरहेको
dekhaaidiechhan,देखाइदिएछन्
dekhaairaako,देखाइराको
dekhaauchhau,देखाउछौ
dekhaauchu,देखाउँछु
dekhaauda,देखाउँदा
dekhaaudai,देखाउँदै
dekhaauna,देखाउन
dekhaaunchha,देखाउँछ
dekhaaunchhan,देखाउन्छन्
dekhaaunchhu,देखाउँछु
dekhaaundaina,देखाउँदिन
dekhaaundaina,देखाउँदैन
dekhaaunu,देखाउनु
dekhaayeko,देखाएको
dekhaayen,देखाएन्
dekhaayo,देखायो
dekhae,देखएँ
dekhai,देखाइ
dekhaidiyo,देखाइदियो
dekhairako,देखाइराको
dekhauchha,देखाउँछ
dekhaudachha,देखाउँदछ
dekhaudai,देखाउँदै
dekhauna,देखाउन
dekhaunchha,देखाउँछ
dekhaye,देखाए
dekhayeko,देखाएको
dekhayera,देखाएर
dekhayo,देखायो
dekhchhu,देख्छु
dekhda,देख्दा
dekhdaa,देख्दा
dekhdai,देख्दै
dekhdaina,देख्दैन
dekhe,देखे
dekhe,देखें
dekhekai,देखेकै
dekhekey,देखेके
dekheko,देखेको
dekhena,देखेन
dekhenau,देखेनौ
dekhera,देखेर
dekhesakeko,देखेसकेको
dekhey,देखे
dekhey,देखें
dekhhera,देखेर
dekhi,देखि
dekhi,देखी
dekhichha,देखिन्छ
dekhie,देखिए
dekhin,देखिन
dekhina,देखिन
dekhina,देख्न
dekhincha,देखिन्छ
dekhinchau,देखिन्छौ
dekhinchha,देखिन्छ
dekhinchhan,देखिन्छन
dekhinchhan,देखिन्छन्
dekhinchhau,देखिन्छौ
dekhinchhi,देखिन्छी
dekhindai,देखिँदै
dekhindai,देखिन्दै
dekhine,देखिने
dekhinthiye,देखिन्थिए
dekhinthyo,देखिन्थ्यो
dekhinu,देखिनु
dekhio,देखियो
dekhiraheka,देखिरहेका
dekhirakheko,देखिराखेको
dekhirakhyo,देखिराख्यो
dekhisakeko,देखिसकेको
dekhiye,देखिए
dekhiyeko,देखिएको
dekhiyeko,देखियेको
dekhiyena,देखिएन
dekhiyo,देखियो
dekhn,देख्न
dekhna,देख्न
dekhnai,देख्नै
dekhne,देख्ने
dekhnechhau,देख्नेछौं
dekhnu,देख्नु
dekhnubhayo,देख्नुभयो
dekhnuhunchha,देख्नुहुन्छ
dekho,देख्यो
dekhya,देख्या
dekhyau,देख्यौ
dekhyena,देख्येन
dekhyo,देख्यो
deko,दिएको
delete,डिलिट
demanding,डिमान्डिङ
dene,दिने
department,डिपार्टमन्ट
depth,डेप्थ
deri,ढेर
deri,ढेरि
deri,ढेरी
deri,देरी
deri,समय
desh,देश
deshama,देशमा
deshi,देशी
deshko,देशको
design,डिजाइन
deterioration,हुनुको
deu,देउ
deu,देऊ
deusi,देउसी
devaraj,देवराज
develop,गर्न
developer,डेवलपर
development,ट्रेनिङ
development,डेभलपमेन्ट
devi,देवी
devkota,देवकोटा
deyera,देएर
dhaago,धागो
dhaarmik,धार्मिक
dhaba,दाग
dhabba,धब्बा
dhadak,धडक
dhadkan,धड्कन
dhairya,धैर्य
dhaka,ढाका
dhakelnuhunchha,धकेल्नुहुन्छ
dhan,धान
dhanaai,धनै
dhancha,ढाँचा
dhanchaa,ढाँचा
dhanchama,ढाँचामा
dhanee,धनी
dhang,ढङ्ग
dhanga,ढङ्ग
dhangako,ढंगको
dhanya,धन्य
dhanyabad,धन्यबाद
dhara,धारा
dharana,धारणा
dharanaa,धारणा
dharma,धर्म
dharmako,धर्मको
dharmayuddhaharu—madhyayugin,धर्मयुद्धहरू—मध्ययुगीन
dharmik,धार्मिक
dharna,धर्न
dharna,धर्ना
dharohar,धरोहर
dhashaa,दशा
dhatiko,ढाँचाको
dhaulagiri,धौलागिरी
dheraai,धेरै
dherai,काम
dherai,धेरै
dherai,प्रयास
dheraile,धेरैले
dheraj,ढेरै
dherale,धेरैले
dherani,धेरानी
dherani,धेरै
dherei,धेरै
dheri,धेरै
dhila,ढिला
dhilaaye,ढिलाए
dhillo,ढिलो
dhilo,ढिलो
dhilo,धिलो
dhoka,ढोका
dhokaa,धोका
dhokne,ढोक्ने
dhou,धोउ
dhoyeko,धोएको
dhoyepachhi,धोएपछि
dhoyera,धोएर
dhoyi,धोइ
dhoyihealthy,धोईहेल्दी
dhudh,दूध
dhulo,धुलो
dhun,धुन
dhuna,धुन
dhuna,धुनु
dhundaa,धुँदा
dhundai,धुँदै
dhundainau,धुँदैनौ
dhune,धुने
dhuney,धुने
dhunga,ढुङ्गा
dhungaa,ढुङ्गा
dhungana,ढुङ्गाना
dhungo,ढुङ्गो
dhuni,धुनी
dhunle,धुनले
dhunnu,धुन्नु
dhuwa,धुवाँ
dhyaan,ध्यान
dhyaanle,ध्यानले
dhyan,ध्यान
diagrams,डायग्राम्स
dialogue,डाइलग
diary,डाइरी
diary,डायरी
dictionary,डिक्शनरी
didaina,दिदैन
didi,दिदी
didi,दिदीले
didile,दिदिले
didile,दिदीले
didina,दिदिन
dieka,दिएका
diet,डाइट
different,डिफरेन्ट
digital,डिजिटल
digo,दिगो
digopan,दिगोपन
diieko,दिइएको
diin,दिइन
diiyo,दिइयो
dikka,दिक्क
dil,दिल
dilayeko,दिलाएको
dimaag,दिमाग
dimag,दिमाग
din,दिन
din,दिनसम्म
dina,दिन
dinbhari,दिनभरि
dinbhari,दिनभरी
dinchha,दिनेछ
dinchha,दिन्छ
dinchhan,दिन्छन्
dinchhau,दिन्छौ
dinchhu,दिन्छु
dindaa,दिन्दा
dindai,दिँदै
dindai,दिन्दै
dine,दिने
dinechhaau,दिनेछौ
diney,दिने
dining,डाइनिङ
dinko,दिनको
dinma,दिनमा
dinna,दिन्न
dinner,डिनर
dinu,दिनु
dinubhako,दिनुभएको
dinuhos,दिनुहोस्
dinuhunchha,दिनुहुन्छ
dinuparchha,दिनुपर्छ
dinuparyo,दिनुपर्यो
diraakheko,दिराखेको
direction,डाइरेक्शन
director,डाइरेक्टर
disaa,दिशा
discharge,निकास
discharge,पानी
discipline,डिसिप्लिन
disciplined,डिसिप्लिन्ड
discount,डिस्काउन्ट
discuss,डिस्कस
discussion,डिस्कसन
disease,डिजिज
dish,डिश
disha,दिशा
dishaa,दिशा
dishama,दिशामा
dishanirdeshharu,दिशानिर्देशहरू
diskma,डिस्कमा
district,डिस्ट्रिक्ट
disturb,डिस्टर्ब
diuso,दिउसो
diya,दियो
diyaa,दिए
diyau,दियौ
diye,दिए
diye,दिएँ
diyeka,दिएका
diyeko,दिएको
diyeko,दियेको
diyena,दिएन
diyenan,दिएनन्
diyenaum,दिएनौं
diyer,दिएर
diyera,उनिहरु
diyera,दिइर
diyera,दिईर
diyera,दिएर
diyinchha,दियिन्छ
diyinu,दिइनु
diyiyo,दिइयो
diyo,दियो
dizain,डिजाइन
dna,डीएनए
doctor,डाक्टर
document,डकुमेन्ट
documentary,डकुमेन्ट्री
documents,डकुमेन्ट्स
dogh,दुध
doha,मा
dohorine,दोहोरिने
dohoryaainchha,दोहोर्‍याइन्छ
dokument,डकुमेन्ट
dolpa,डोल्पा
donai,दोनै
doodh,दूध
door,दूर
doortodoor,डोरटुडोर
doortodoor,पुग्ने
dosh,दोष
doshro,दोस्रो
dosro,दोस्रो
dostee,दोस्ती
dosti,दोस्ती
dot,डट
doteli,डोटेली
doti,डोटी
dovan,दोभान
dovan,दोवान
down,डाउन
download,डाउनलोड
draft,ड्राफ्ट
drainage,ड्रेनेज
drama,ड्रामा
dravyama,द्रव्यमान
drawing,ड्राइङ
drawing,ड्राइङ्ग
dreams,ड्रीम्स
dress,ड्रेस
dress,ड्रेसेस
dressing,ड्रेसिङ
dridha,दृढ
drill,ड्रिल
drinking,ड्रिंकिङ
drinks,ड्रिंक्स
drishti,दृष्टि
drishtikon,दृष्टिकोण
drishtikonharuma,दृष्टिकोणहरूमा
drishtikonle,दृष्टिकोणले
drishya,दृश्य
drisya,दृश्य
drive,ड्राइभ
driver,ड्राइभर
driving,ड्राइभिङ
drone,ड्रोन
dropdown,ड्रपडाउन
dry,ड्राइ
dubaai,दुवै
dubai,दुबै
dubai,दुवै
dubailai,दुवैलाई
dubaile,दुबैले
dubeko,डुबेको
dubi,डुबी
dubiyo,डुबियो
dubki,डुब्की
dubna,डुब्न
dudh,दुध
dudh,दूध
dui,दुइ
dui,दुई
duipaaya,दुईपाया
duitaa,दुईटा
duitai,दुवैटै
duivota,दुईवटा
dukchha,दुख्छ
dukha,दुःख
dukha,दुख
dukha,दुखा
dukhaaina,दुखाइन
dukhad,दुखद
dukhchha,दुख्छ
dukhdaa,दुख्दा
dukhdaina,दुख्दैन
dukhe,दुखे
dukhe,दुख्यो
dukhee,दुखी
dukheko,दुखेको
dukhera,दुखेर
dukhi,दुखी
dukhii,दुखी
dukhnu,दुख्नु
dukhyo,दुख्यो
dula,दुला
duniyaa,दुनिया
dupatta,दुपट्टा
durbar,दरबार
durgam,दुर्गम
durgaprasad,दुर्गाप्रसाद
durghatanaa,दुर्घटना
duribata,दूरीबाट
durlabh,दुर्लभ
durlabha,दुर्लभ
dust,डस्ट
dusting,डस्टिङ
duwai,दुई
dwanda,द्वन्द्व
dwandwa,द्वन्द्व
dwandwaharu,द्वन्द्वहरू
dwandwaharuko,द्वन्द्वहरूको
dwandwako,द्वन्द्वको
dwara,गरिरहेको
dwara,द्वारा
dwaraa,द्वारा
earth,अर्थ
easy,इजी
eauta,एउटा
eautai,एउटै
ebook,ईबुक
economic,इकोनोमिक
ecotourism,टुरिज्म
ecotourism,टुरिज्मको
ecotourism,र
edit,एडिट
edition,मा
editorial,एडिटोरियल
education,एजुकेशन
education,एजुकेसन
education,प्रोग्राम
eesh,ईश
effluent,पानी
ehrlich,एर्लिच
ehrlichko,एर्लिचको
ek,एउटा
ek,एक
ek,एछ
eka,एक
ekaa,एक
ekaaassi,एक्काअस्सी
ekaanabbe,एक्कानब्बे
ekaasaathi,एक्कासाठी
ekaasattari,एक्कासत्तरी
ekaatha,एकाठ
ekaekaran,एकीकरण
ekaekrit,एकीकृत
ekagrita,एकाग्रता
ekahattar,एकहत्तर
ekai,एउटै
ekai,एकाई
ekai,एकै
ekaitha,एकैथ
ekantipur,एकान्तिपुरले
ekarkako,एकर्काको
ekarkasanga,एकअर्कासँग
ekataa,एकता
ekatako,एकताको
ekatrita,एकत्रित
ekchalis,एकचालीस
ekchin,एकछिन
ekchoti,एक्चोटी
ekdam,एकदम
ekdamai,एकदमै
ekdin,एकदिन
ekdina,एकदिन
ekdishama,एकदिशामा
ekdum,एकदम
ekelei,एकलै
ekikaran,एकीकरण
ekikaran,एकीकरणको
ekjana,एकजना
ekjut,एकजुट
ekkaachalis,एक्काचालिस
ekkai,एकै
ekkai,एक्कै
ekkais,एक्काइस
ekkasi,एक्कासी
eklai,एक्लै
ekle,एक्लै
ekmatra,एकमात्र
ektaale,एकताले
election,इलेक्सन
election,निर्वाचन
electricity,इलेक्ट्रिसिटी
electron,इलेक्ट्रोन
electronharuko,इलेक्ट्रोनहरूको
elephant,सफारी
elimination,एलिमिनेशन
emaale,एमाले
email,इमेल
embarrassing,एम्बारासिङ
embedded,इम्बेड
emergency,इमरजेन्सी
emotional,इमोशनल
emotional,इमोसनल
emotions,इमोशन्स
employment,अपोर्चुनिटी
enable,इनेबल
ending,एन्डिङ
endurance,इन्डुरेन्स
energetic,एनर्जेटिक
energy,एनर्जी
engaging,एङगेजिङ
engineer,इन्जिनियर
engineering,इन्जिनियरिङ्ग
enhance,इनह्यान्स
enhance,इन्हान्स
enjoy,इन्ज्वाइ
enjoy,एन्जॉय
enough,इन्फ
ensure,सुनिश्चित
entertain,इन्टरटेन्मेन्ट
entertainment,इन्टरटेन्मेन्ट
entropyko,एन्ट्रोपीको
environmental,व्यवस्थापन
enzyme,इन्जाइम
error,एरर
esari,एसरी
esari,यसरी
esko,एस्को
esko,यसको
eslai,एसलाई
essay,एस्से
euclidean,युक्लिडियन
eukaryotic,युकेरियोटिक
euta,एउटा
eutai,एउटै
evening,इभनिङ
evening,इभिनिङ
event,इभेन्ट
events,इभेन्ट्स
exam,इग्जाम
exam,इम्तिहान
exam,एक्जाम
exam,एक्साम
examples,एक्साम्पल्स
exchange,एक्सचेन्ज
excited,एक्साइटेड
exercise,उठि
exercise,एक्सरसाइज
exit,एक्जिट
expand,एक्सप्यान्ड
experience,एक्सपिरियन्स
experience,एक्सपेरिएन्स
experienced,एक्सपीरियन्स्ड
experiment,एक्सपेरिमेन्ट
explain,एक्सप्लेन
exposure,एक्सपोजर
express,एक्सप्रेस
faalcha,फाल्चा
faayda,फायदा
face,फेस
facebookma,फेसबुकमा
fact,फ्याक्ट
factory,फ्याक्टरी
factory,फ्याक्ट्री
fagun,फागुन
faidaa,फाइदा
fail,फेल
failayo,फैलायो
fair,फेयर
faisalaa,फैसला
fal,फल
falgun,फाल्गुन
falne,फाल्ने
family,फ्यामिली
fan,फ्यान
fans,फ्यान्स
farak,फरक
farber,फार्बर
fark,फरक
farkaaula,फर्काउला
farkaauna,फर्काउन
farkaaundaina,फर्काउँदैन
farkai,फरकै
farkana,फर्कन
farke,फर्के
farkeko,फर्केको
farkera,फर्केर
farkeraa,फर्केर
farkida,फर्किदा
farkidaa,फर्किँदा
farkidai,फर्किदै
farkidaichhan,फर्किदैछन्
farkinu,फर्किनु
farkiyau,फर्कियौ
farkiyo,फर्कियो
farkyo,फर्क्यो
farming,फार्मिंग
farming,फार्मिङ
farwestern,फारवेस्टर्न
fasaal,फसल
fasal,फसल
favour,फेभर
feature,फिचर
features,फिचर्स
february,फेब्रुअरी
federal,संघीय
feedback,फिडब्याक
feedback,फीडब्याक
feel,फिल
feel,फील
feelings,फीलिङ्स
fellow,फेलो
female,फिमेल
ferda,फर्कदा
ferera,फेरेर
feri,फेरि
feri,फेरी
fern,फर्न
ferna,फेर्न
fertilizer,फर्टिलाइजर
festival,फेस्टिवल
fever,फिभर
field,फिल्ड
filamentharuko,फिलामेन्टहरूको
filim,फिलिम
fill,फिल
filling,फिलिङ
film,फिल्म
filmmaa,फिल्ममा
filter,फिल्टर
final,फाइनल
finalize,फाइनलाइज
finalize,रूप
finally,फाइनली
fingerprint,फिङ्गरप्रिन्ट
fire,फायर
firker,फिर्केर
firki,फिर्की
first,फर्स्ट
fishing,मार्ने
fit,फिट
fitness,फिटनेस
flagellar,फ्ल्यागेलर
flagellin,फ्ल्यागेलिन
flexibility,फ्लेक्सिबिलिटी
flexible,फ्लेक्सिबल
flight,फ्लाइट
flood,फ्लड
floor,फ्लोर
flop,फ्लप
flower,फूल
flower,फ्लावर
flowers,फ्लावर्स
flu,फ्लु
focus,फोकस
focused,फोकस्ड
fold,फल्ड
foldar,फोल्डर
folder,फोल्डर
folk,फोक
follow,फलो
follow,फोलो
fon,फोन
food,फूड
football,खेल्न
football,फुटबल
footbridge,फुटब्रिज
footpath,फुटपाथ
forecast,फोरकास्ट
forest,फरेस्ट
form,फर्म
format,फर्मेट
format,फर्म्याट
forward,फर्वार्ड
four,फोर
frame,फ्रेम
frames,फ्रेम्स
free,फ्री
freedom,स्वतन्त्रता
fresh,फ्रेश
fresh,फ्रेस
fresh,फ्रेस्ट
fridge,फ्रिज
fried,फ्राइड
friend,फ्रेन्ड
friendly,फ्रेन्डली
friendly,फ्रेन्ड्ली
fruit,फ्रुट
fruit,सिजनल
fruits,फ्रुट्स
fucche,फुच्चे
fuck,फक
ful,फूल
fulbari,फुलबारी
fuleko,फुलेको
fulera,फुलेर
full,फुल
funny,फन्नी
furniture,फर्निचर
fursat,फुर्सत
futna,फुट्न
gaa,गाँड
gaachha,गाउँछ
gaachha,गाछा
gaadi,गाडि
gaadi,गाडी
gaaera,गएर
gaahro,गाह्रो
gaai,गाइ
gaaiko,गाइको
gaailai,गाईलाई
gaako,गएको
gaali,गाली
gaalii,गाली
gaammaa,गाममा
gaan,गान
gaana,गाना
gaanaa,गाना
gaara,गाह्रो
gaardaa,गर्दा
gaardaa,गार्दा
gaardai,गर्दै
gaaro,गारो
gaaro,गाह्रो
gaas,ग्यास
gaataa,गाता
gaau,इको
gaau,गाउ
gaau,गाउँ
gaaudai,गाउँदै
gaaudai,गाउदै
gaauka,गाउका
gaauko,गाउँको
gaaule,गाउले
gaaumaa,गाउँमा
gaaun,गाउँ
gaaun,छोडेर
gaaunaa,गाउन
gaaunbata,गाउँबाट
gaaundainan,गाउँदैनन्
gaaunharu,गाउँहरू
gaaunko,गाउँको
gaaunlaa,गाउन्ला
gaaunlai,गाउँलाई
gaaunle,गाउँले
gaaunma,गाउँमा
gaaunmaa,गाउँमा
gaaunmaa,गाउनमा
gaauro,गाउँरो
gaauthyo,गाउँथ्यो
gaayak,गायक
gaayera,गएर
gaayera,गाएर
gaayo,गयो
gaayo,गायो
gacha,गाछा
gaddi,गद्दी
gadget,ग्याजेट
gadi,गाडी
gae,गए
gae,गएँ
gaeka,गएका
gaeko,गएको
gaera,गएर
gaera,गरेर
gahana,गहना
gahiriyera,गहिरिएर
gahiro,गहिरो
gahro,गह्रो
gahro,गाह्रो
gahroo,गह्रो
gai,गई
gai,गयो
gai,गाई
gaidiye,गइदिएँ
gair,गैर
gairakheka,गइराखेका
gairakheko,गइरहेको
gajaa,गजा
gako,गएको
gako,गको
gako,गाको
gala,घाँटी
galat,गलत
gali,गाली
galli,गल्ली
galti,गल्ति
galti,गल्ती
gambhir,गम्भीर
gambhiratako,गम्भीरताको
game,गेम
ganana,गणना
ganatantra,गणतन्त्र
gand,गन्ध
ganit,गणित
gantantra,गणतन्त्र
gantantrako,गणतन्त्रको
gantantrik,गणतान्त्रिक
gappa,गप्पा
gara,गर
garaaunchhan,गराउँछन्
garaaunchhu,गराउँछु
garaaundina,गराउँदिन
garaayera,गराएर
garaayo,गरायो
garadaa,गर्दा
garam,गरम
garau,गरौँ
garauchhan,पार्छन्
garauchhau,पार्छौ
garauchhu,पार्छु
garaula,गरौंला
garaulaa,गरौंला
garaum,गरौं
garaun,गराउन
garauna,गराउन
garaunchha,गराउँछ
garaunchhu,गरौंछु
garaunuhunchha,गराउनुहुन्छ
garayau,गराएौ
garayeko,गराएको
garayesakepachhi,गरएसकेपछि
garayo,गरायो
garayo,गर्यो
garcchu,गर्छु
garchau,गर्छौ
garchha,गर्छ
garchha,हुन्छ
garchhan,गर्छन्
garchhann,गर्छन्
garchhau,गर्छौ
garchhau,गर्छौँ
garchhau,गर्छौं
garchhau,पार्छौ
garchhaun,गर्छौं
garchheu,गर्छ्यौ
garchhin,गर्छिन्
garchhu,गर्छु
garchhunn,गर्छुन्
garchu,गर्छु
garda,गर्दा
gardaa,गर्दा
gardaai,गर्दा
gardaai,गर्दै
gardacha,गर्दछ
gardachha,गर्छ
gardachha,गर्दछ
gardachhan,गर्दछन्
gardachhau,गर्दछौ
gardachhu,गर्दछु
gardai,गर्दै
gardaichhu,गर्दैछु
gardaina,गर्दैन
gardainan,गर्दैनन्
gardainau,गर्दैनौ
garden,गार्डेन
gardena,गरेन
gardening,गार्डनिङ
gardening,गार्डेनिङ्ग
gardichhu,गर्दिछु
gardina,गर्दिन
gare,गरी
gare,गरे
gare,गरेँ
gare,र
garechha,गरेछ
garechhan,गरेछन्
garechhu,गरेँ
gareeb,गरीब
gareera,गरेर
gareexercise,गरेएक्सरसाइज
gareka,गरेका
garekaa,गरेका
garekai,गरेकै
garekhana,गरेखाना
gareki,गरेकी
gareko,गरेको
garem,गरेँ
garen,गरे
garena,गरेन
garepaachhi,गरेपछि
garepachhi,गरेपछि
garer,गरेर
garera,उनिहरुको
garera,एक्सरसाइज
garera,गरी
garera,गरेर
gareray,गरेरै
garerchhan,गरेर्छन्
garerchhu,गरेर्छु
garero,गरेरो
garerra,गरेर
gareu,गर्यौ
garey,गरे
garey,गरें
garhaka,गरहका
garhchan,गर्छन्
garho,गर्हो
garho,गह्रो
garho,गार्हो
garho,गाह्रो
garhu,गर्दु
gari,गरि
gari,गरी
gari,गर्न
garib,गरिब
garidai,गरिदै
garidinchha,गरिदिन्छ
garidinchhan,गरिदिन्छन्
garidinchhu,गरिदिन्छु
garieko,गरिएको
garihala,गरिहाल
garima,घरमा
garina,गरिन
garincha,गरिन्छ
garinchha,गरिन्छ
garinna,गरिन्न
garipakepachhi,गरिपकेपछि
gariraachhau,गरिराछौ
gariraaheka,गरिराहेका
gariraaka,गरिराका
gariraakhe,गरिराखे
gariraakhechhann,गरिराखेछन्
gariraakhechhu,गरिराखेछु
gariraakheka,गरिराखेका
gariraakheko,गरिराखेको
gariraakhey,गरिराखे
gariraakho,गरिराख्यो
gariraako,गरिराको
garirachha,छ
garirachhan,गरिरछन्
garirachhu,गरिरछु
garirachhu,गरिरहेछु
garirachhunn,गरिरछुन्
garirahanchhan,गरिरहनछन
garirahanchhau,गरिरहंछौ
garirahechha,गरिरहेछ
gariraheka,गरिरहेका
gariraheko,गरिरहेको
gariraka,गरिराका
garirakhechau,गरिरहेछौ
garirakheka,गरिरखेका
garirakheka,गरिराखेका
garirakheko,गरिराखेको
garirhaan,गरिरहन्
garirheko,गरिरहेको
garisake,गरिसके
garisakeka,गरिसकेका
garisakekai,गरिसकेकै
garisakeko,गरिसकेको
garisakyo,गरिसक्यो
gariyeko,गरिएको
gariyeko,दिइएको
gariyeko,संदेह
gariyo,गरियो
garjirahancha,गर्जिरहन्छ
garlic,गार्लिक
garm,गरम
garma,गरम
garma,गरमा
garma,गर्मा
garma,घरमा
garmaagaram,गर्मागर्म
garmi,गर्मी
garna,गर्न
garna,गर्नु
garna,तयारी
garna,धेरै
garna,नैतिक
garna,पर्ने
garna,राम्रो
garna,सहयोग
garnaa,गर्न
garnai,गर्नै
garnako,गर्नको
garnale,गर्नाले
garnama,गर्नमा
garne,गर्ने
garnechha,गर्नेछ
garnechhaau,गर्नेछौ
garnechhu,गर्नेछु
garney,गर्ने
garnu,गर्न
garnu,गर्नु
garnuhos,गर्नुहोस्
garnuhunchha,गर्नुहुन्छ
garnuhunechha,गर्नुहुनेछ
garnum,गर्नुं
garnuparchha,गर्नुपर्छ
garnupardachha,गर्नुपर्दछ
garnuparne,गर्नुपर्ने
garo,गरो
garo,गारो
garo,गाह्रो
garthe,गर्थे
garthey,गर्थे
garthiin,गर्थीन्
garthiyau,गर्थियौ
garthiyau,गर्थ्यौ
garthiye,गर्थिएँ
garthiyo,गर्थियो
garthyaun,गर्थ्यौँ
garva,गर्व
garya,गर्या
garya,गर्यौं
garyau,गर्यौ
garyau,गर्यौँ
garyaun,गर्यौं
garye,गर्ये
garyena,गर्येन
garyeo,गर्यो
garyera,गरेर
garyo,गर्यो
garyo,गर्‍यो
garyo,गर्‍यौँ
garyou,गर्यौ
gas,ग्यास
gat,गत
gata,गत
gate,गते
gate,गेट
gatema,गतेमा
gatha,गाथा
gathabandhan,गठबन्धन
gathan,गठन
gathanlai,गठनलाई
gathanma,गठनमा
gather,ग्यादर
gati,गति
gati,गती
gatilai,गतिलाई
gatima,गतिमा
gatishilalaai,गतिशीलतालाई
gatishilta,गतिशीलता
gauchar,गौचर
gauda,गाउँदा
gauko,गाउको
gauma,गाउँमा
gaun,गाउँ
gaun,गाउन
gauna,गाउन
gaunaa,गाउना
gaunda,गाउँदा
gaune,गाउने
gaunko,गाउँको
gaunma,गाउँमा
gaunmaa,गाउँमा
gaurab,गौरब
gaurav,गौरव
gavaahiharu,गवाहिहरु
gawaera,गवाएर
gawaudai,गवाइरहेको
gayau,गयौ
gayau,गयौँ
gaye,गए
gaye,गएँ
gaye,गये
gayechha,गएछ
gayeka,गएका
gayeko,गएको
gayeko,गाएको
gayera,खेलेर
gayera,गएर
gayera,जाएर
gayerafootball,गएरफुटबल
gayeramero,गएरमेरो
gayeramitho,गएरमिठो
gayeray,गएरै
gayeu,गयौँ
gayin,गइन्
gayo,गयो
geet,गीत
general,जेनेरल
generator,जेनरेटर
genetically,जेनेटिकली
genre,जेनर
genz,जेन्जी
ghaam,घाम
ghaama,घाम
ghaamaa,घाम
ghaamle,घामले
ghaans,घाँस
ghaar,घाँर
ghaardai,घार्दै
ghaarmaa,घरमा
ghaas,घाँस
ghaat,घाट
ghaayaal,घायाल
ghaayal,घाएल
ghaayal,घायल
gham,घाम
ghamaailo,घमाइलो
ghammama,घम्ममा
ghamsa,घामसा
ghanaa,घना
ghanatwa,घनत्व
ghandruk,घान्द्रुक
ghanta,घण्टा
ghanta,घन्टा
ghantanmaa,घटनामा
ghar,घर
ghar,नसक्दै
ghara,घर
gharaa,घर
gharaa,घरा
gharaamaa,घरमा
gharai,घरै
gharbhari,घरभरि
ghare,घर
gharelu,घरेलु
ghari,घरि
gharko,घरको
gharma,घरमा
gharma,घर्म
gharma,घर्मा
gharmaa,घरमा
gharmaa,घर्मा
gharmaai,घरमाइ
gharmai,घरमै
gharmmaa,घरमा
gharparibaarlaaii,घरपरिवारलाई
ghat,घट
ghataaunchha,घटाउँछ
ghataghat,घटाघट
ghatak,घटक
ghataka,घटेका
ghatakharu,घटकहरू
ghatana,घटना
ghatanaa,घटना
ghatanaako,घटनाको
ghatanaale,घटनाले
ghatanaasambandhi,घटनासम्बन्धी
ghatanako,घटनाको
ghatauna,घटाउन
ghataye,घटाए
ghatayera,घटाएर
ghatayo,घटायो
ghatdaa,घट्दा
ghatdai,घट्दै
ghati,घटी
ghati,घाटी
ghatna,गरी
ghatna,घटना
ghatne,घट्ने
ghatto,घट्टो
ghau,घाउ
ghee,घ्यु
ghereko,घेरेको
gheriyeko,घेरिएको
ghimiray,घिमिरे
ghisera,घिसेर
ghising,घिसिङ
ghoda,घोडा
ghodaa,घोडा
ghorepani,घोरेपानी
ghosanaa,घोषणा
ghosanaapatrama,घोषणापत्रमा
ghoshana,घोषणा
ghoshanaa,घोषणा
ghotalaa,घोटाला
ghrina,घृणा
ghumaauro,घुमाउरो
ghumaayera,घुमाएर
ghumaera,घुमाएर
ghumauda,घुमाउँदा
ghumauna,घुमाउन
ghumdai,घुम्दै
ghume,घुम्यौ
ghumeko,घुमेको
ghumera,घुमेर
ghumiraheko,घुमिरहेको
ghumna,घुम्न
ghumnai,घुम्नै
ghumnu,घुम्नु
ghumthe,घुम्थे
ghunchha,घुम्छ
ghusauna,घुसाउन
ghusne,घुस्ने
ghutna,घुटना
gida,गिडा
gift,गिफ्ट
gilas,गिलास
gilito,गिलिटो
gilitt,गिलित्त
girlfriend,गर्लफ्रेन्ड
girls,गर्ल्स
gita,गीत
gito,गीत
glacial,पछि
glacier,ग्लेशियर
glass,गिलास
glass,ग्लास
gloves,ग्लोभ्स
glow,ग्लो
glucoseko,ग्लुकोजको
glycolysis,ग्लाइकोलाइसिस
glycolysisma,ग्लाइकोलाइसिसमा
goal,गोल
gobar,गोबर
golakar,गोलाकार
goli,गोली
gompa,गोम्पा
gopaniiyata,गोपनीयता
gopaniyata,गोपनीयता
goreto,गोरेटो
gossip,गसिप
gotha,गोठ
gothalo,गोठालो
government,सरकारको
graamin,ग्रामीण
grade,ग्रेड
gradient,ग्रेडियन्ट
gradientko,ग्रेडियन्टको
graha,ग्रह
grahaharule,ग्रहहरूले
grahaharuma,ग्रहहरूमा
grahako,ग्रहको
grahlai,ग्रहलाई
gram,ग्राम
grassroot,ग्रासरुट
greece,ग्रीस
greek,ग्रीक
grid,ग्रिड
grilled,ग्रिल्ड
group,ग्रुप
growing,ग्रोइङ
growth,ग्रोथ
guava,अम्बा
guavaaam,अम्बाआम
guavajamun,अम्बाजामुन
guest,गेस्ट
guff,गफ
guidance,गाइडन्स
guide,गाइड
guide,ट्रेनिङ
gujarat,गुजरातको
gumaae,गुमाए
gumauna,गुमाउन
gun,गुण
gunaso,गुनासो
gunastar,गुणस्तर
gunjayamaan,गुञ्जयमान
gupta,गुप्त
guraans,गुराँस
gurans,गुराँस
gurkhaharu,गुरखाहरू
guru,गुरु
gurujilai,गुरुजीलाई
gurung,गुरुङ
gurutwakarshan,गुरुत्वाकर्षण
gurutwakarshanko,गुरुत्वाकर्षणको
gyaan,ज्ञान
gyaanee,ज्ञानी
gyan,ज्ञान
gyanendra,ज्ञानेन्द्र
gyanko,ज्ञानको
gyat,ज्ञात
gyera,गएर
gym,जिम
ha,ह
haad,हाड
haalera,हालेर
haama,हाम
haami,हामी
haami,हामीले
haamii,हामी
haamilai,हामीलाई
haamile,हामीले
haamiro,हाम्रो
haamlai,हाम्लाई
haamro,हाम्रो
haanchhu,हाँस्छु
haanechhu,हान्छु
haani,हानि
haans,हाँस
haanschha,हाँस्छ
haanschhan,हाँस्छन्
haansda,हाँस्दा
haansdai,हाँस्दै
haansdaina,हाँस्दैन
haansdinu,हाँसिदिनु
haansdinu,हाँस्दिनु
haanseu,हाँस्यौ
haanslai,हाँसलाई
haansle,हाँसले
haansmathi,हाँसमाथि
haansna,हाँस्न
haansne,हाँस्ने
haansnu,हाँस्नु
haanso,हाँसो
haari,हारी
haarna,हार्न
haas,हाँस
haasdai,हाँस्दै
haasdaina,हाँस्दैन
haase,हाँसे
haasil,हासिल
haasnu,हाँस्नु
haasthyo,हाँस्थ्यो
haasyo,हाँस्यो
haasyo,हास्यो
haat,हात
haata,हात
haatko,हातको
haatle,हातले
haawaa,हावा
haawaale,हावाले
hagida,हगिदा
haha,हाहा
hai,है
haina,हैन
haina,होइन
hair,हेयर
haircut,हेयरकट
hairko,हेयरको
hairstyle,हेयरस्टाइल
hajaar,हजार
hajar,हजार
hajar,हाजर
hajarau,हजारौ
hajarau,हजारौं
hajur,हजुर
hajuraamaale,हजुरआमाले
hajuramaa,हजुरामा
hajurbuwaale,हजुरबुवाले
hajurko,हजुरको
hak,हक
haking,हकिङ
hakingko,हकिङको
hakingle,हकिङले
hal,हल
halaachhan,हाल्छन्
halchal,हलचल
halchha,हाल्छ
halchu,हाल्छु
haldaa,हल्दा
haldeu,हाल्देउ
haldina,हाल्दिन
halena,हालेन
halera,हालेर
halka,हल्का
halkaa,हल्का
hall,हल
halla,हल्ला
hallaaidine,हल्लाइदिने
hallaune,हल्लाउने
hallirheko,हल्लिरहेको
halna,हाल्न
halne,हाल्ने
halnu,हाल्नु
halnuhos,हल्नुहोस
halsted,हलस्टेड
halstedko,हलस्टेडको
halyo,हाल्यो
hameeharule,हामीहरूले
hamesha,हमेशा
hamesha,हामेशा
hami,हामी
hamilai,हामीलाई
hamilai,हामीलै
hamile,हामिले
hamile,हामीले
hamile,हामीलै
hamiley,हामीले
hamiley,हामीलै
hamisanga,हामीसँग
hamra,हाम्रा
hamro,हाम्रो
handle,ह्याण्डल
handwriting,ह्यान्डराइटिङ
hang,ह्याङ
hans,हाँस
hansi,हाँसी
hansle,हाँसले
hapta,हप्ता
haptaako,हप्ताको
haptaant,हप्तान्त
har,हर
haraaeko,हराएको
haraaen,हराएँ
haraayeko,हाराएको
haraeko,हराएको
harama,हारामा
hararile,हरारीले
harayincha,हराइन्छ
harayo,हरायो
hardi,हार्दी
harek,हरेक
hareka,हरेक
hareko,हारेको
hari,हरी
hariyali,हरियाली
hariyo,हरियो
harmony,हार्मोनी
haru,क्रिएट
haru,जागरूकता
haru,डेभलप
haru,दिएर
haru,देखा
haru,भ्युअर्स
haru,लाई
haru,संग
haru,हरु
haru,हरुको
haru,हरू
haru,हरूको
haruko,हरुको
harulai,हरुलाई
harulai,हरुलै
harulai,हरूलाई
harule,हरुले
harule,हरूले
haruma,हरुम
haruma,हरुमा
hasaaunthe,हसाउँथे
hasaaunu,हँसाउनु
hasaayo,हँसायो
haschhau,हँस्छु
hasdai,हँस्दै
hasechhu,हसेछु
haseko,हाँसेको
hasera,हसेर
hasi,हाँसी
hasilo,हँसिलो
hasilo,हसिलो
hasinthiyau,हसिन्थियौ
hasna,हँस्न
hasna,हास्न
hassidairahyo,हँस्सिदैरह्यो
hastakshep,हस्तक्षेप
hastakshepharko,हस्तक्षेपहरूको
haste,हाँस्ते
hasunchhan,हसुन्छन्
hasya,हास्य
hasyo,हास्यो
hat,हात
hat,ह्याट
hata,हट
hata,हात
hataau,हटाउ
hataayo,हटायो
hataraka,हतारक
hatauna,हटाउन
hatayo,हटायो
hatdaa,हट्दा
hath,हात
hathauda,हथौडा
hathiyaar,हथियार
hathyar,हत्यार
hatle,हातले
hattibaaghharin,हात्तीबाघहरिण
hatya,हत्या
hausala,हौसला
hawa,हवा
hawa,हावा
hawaa,हवा
hawaa,हावा
hawaamaa,हावामा
hawaapaanile,हवापानीले
hawaapani,हावापानी
hazaar,हजार
he,हे
headlin,हेडलाइन
health,हेल्थ
healthy,हेल्थी
healthy,हेल्दी
hearing,पछि
heated,हिटेड
heavy,हेभी
help,हेल्प
hera,हेर
heraun,हेरेँ
heraunlaa,हेराउन्ला
heraunlaa,हेरौँला
herbs,हर्ब्स
herchaal,हेरचाल
herchaaline,हेरचाल
herchahako,हेरचाहको
herchahama,हेरचाहमा
herchha,हेर्छ
herchhan,हेर्छन्
herchhe,हेर्छे
herchhu,हेर्छु
herda,हेर्दा
herda,हेर्दै
herdaa,हेर्दा
herdaai,हेर्दै
herdai,हेर्दै
herdaichhau,छौ
hereko,हेरेको
herera,गरेर
herera,हेरेर
hereracorridor,हेरेरकोरिडोर
hereraescalator,हेरेरएस्केलेटर
hererakhey,हेरेराखे
hererapaani,हेरेरपानी
hererasikai,हेरेरसिकाइ
hererasurakshit,हेरेरसुरक्षित
herey,हेरे
herieko,हेरिएको
herina,हेरिन
herinchha,हेरिन्छ
heriraakheko,हेरिराखेको
heriraakhey,हेरिराखे
herirachhan,हेरिरछन्
herirahe,हेरिरहे
heriraheka,हेरिरहेका
heriraheko,हेरिरहेको
herirakhyau,हेरिरख्यौ
herisakeko,हेरिसकेको
herisakyo,हेरिसक्यो
heritage,हेरिटेज
heriyeko,हेरिएको
herkiraakheko,हेर्किराखेको
herna,हेर्न
herne,हेर्ने
hernu,हेर्नु
hernubhayo,हेर्नुभयो
hero,हिरो
heroine,हिरोइन
heroine,हिरोइनको
herthhe,हेर्थे
heryau,हेर्यौ
herye,हेर्येँ
heryena,हेर्येन
heryo,हेर्यो
hibiscus,हिबिस्कस
hida,हिड
hidaa,हिडा
hidaaune,हिडाउने
hidai,हिँड्दै
hidchhan,हिड्छन्
hidchhau,हिड्छौ
hidda,हिँड्दा
hidda,हिड्दा
hiddaa,हिड्दा
hide,हाईड
hideka,हिडेका
hideko,हिडेको
hidera,हिँडेर
hidhdai,हिँदै
hidiraheka,हिडिरहेका
hidirahekaa,हिडिरहेका
hidna,हिँड्न
hidna,हिड्न
hidne,हिड्ने
hidniko,हिड्निको
hidnu,हिड्नु
hidnuparchha,हिड्नुपर्छ
high,हाई
highlight,हाइलाइट
highway,हाइवे
hijo,हिजो
hike,हाइक
hiking,हाइकिंग
hiking,हाइकिङ
hiliraheka,हिलिरहेका
hill,हिल
hilo,हिलो
himaal,हिमाल
himaalko,हिमालको
himaalshrinkhalaa,हिमालश्रिंखला
himal,हिमाल
himalaya,हिमालय
himalayan,हिमालयन
himali,हिमाली
himaliyo,हिमालियो
himalkhanda,हिमालखण्ड
himalko,हिमालको
himesh,हिमेश
himmatwaan,हिम्मतवान
hina,हिड्न
hinda,हिँदा
hinsa,हिंसा
hinsaka,हिंसाका
hinsako,हिंसाको
hinselai,हिंसालाई
hir,हिर
hiraamaaya,हिरामाया
hisaab,हिसाब
historical,हिस्टोरिकल
history,हिस्ट्री
hit,हिट
hit,हित
hiu,हिउँ
hiun,हिउँ
hiunchuli,हिउँचुली
hmm,हम्म
ho,र
ho,हो
hobby,गरिएको
hoina,मध्यम
hoina,होइन
hoina,होइनन्
hoki,होकि
hola,होला
holder,होल्डर
holders,होल्डर्स
hole,होल
holeharu,होलहरू
holeharuko,होलहरूको
holeharule,होलहरूले
holeharuma,होलहरूमा
holeko,होलको
holi,होली
holko,होलको
holy,होली
home,होम
homework,होमवर्क
hos,होस
hosiaar,होसियार
hospital,अस्पताल
hospital,हस्पिटल
hot,हट
hotel,होटल
hotel,होटेल
house,हाउस
hrek,हरेक
hriday,हृदय
hridayabidarak,हृदयविदारक
huda,कृषि
huda,पनि
huda,हुँदा
hudaa,हुँदा
hudaa,हुदा
hudaasamma,हुदासम्म
hudai,हुँदै
hudaina,हुँदैन
hudaina,हुदैन
hudeina,हुदैन
humble,हम्बल
humla,हुम्ला
hun,हुन
hun,हुन्
huna,हुन
hunako,हुनको
hunalaa,हुनाला
hunalai,हुनालै
hunar,हुनर
huncha,हुन्छ
hunchan,हुन्छन्
hunchau,हुन्छौ
hunchha,हुन्छ
hunchhan,हुन्छन्
hunchhann,हुन्छन्
hunchhau,हुन्छौ
hunchhaun,हुन्छौं
hunchhinn,हुन्छिन्
hunchhu,हुन्छु
hunda,हुँदा
hunda,हुदा
hundai,हुँदै
hundaina,हुँदैन
hundainan,हुँदैनन्
hune,भए
hune,हुने
hunechha,हुनेछ
hunechhan,हुनेछन्
hunechhu,हुनेछु
huney,हुने
huney,हुनेय
hunhunchha,हुनहुन्छ
hunko,हुनको
hunn,हुन्
hunna,हुँदैन
hunna,हुन्न
hunnan,हुन्नन्
hunthe,हुन्थे
hunthie,हुन्थिए
hunthiyau,हुन्थियौ
hunthiyo,हुन्थियो
hunthyau,हुन्थ्यौ
hunthyo,हुन्थ्यो
hunu,हुनु
hunuhos,हुनुहोस्
hunuhunchha,हुनुहुन्छ
hunuparchha,हुनुपर्छ
hydrolysis,हाइड्रोलाइसिस
hydroponic,हाइड्रोपोनिक
hydropower,हाइड्रोपावर
hygiene,हाइजिन
icchha,इच्छा
ichchha,इच्छा
ichha,छ
ichhaa,इच्छा
icon,आईकन
idea,आइडिया
ideal,आइडियल
ideas,आइडियाज
idhar,इधर
idol,आइडल
idols,आइडल्स
ilaka,इलाका
imaandaar,इमानदार
imaandaar,इमान्दार
imaarat,इमारत
imaarata,इमारत
imagery,इमेजरी
imagery,छविद्वारा
imel,इमेल
immunization,इम्युनाइजेसन
implementation,कार्यान्वयन
impress,इम्प्रेस
impressed,इम्प्रेस
impression,इम्प्रेसन
improve,इम्प्रुभ
improve,इम्प्रूभ
improvement,इम्प्रुभमेन्ट
in,इन
incense,इन्सेन्स
include,गरिरहेको
inclusive,इन्क्लूसिभ
income,आय
increase,इन्क्रिज
industrial,फोहोर
industrial,मैला
industry,इन्डस्ट्री
industry,उद्योग
industry,सिजनल
information,इन्फर्मेसन
ingredients,इंग्रिडियन्ट्स
initiative,इनिसियेटिभ
injury,इन्जुरी
inspiration,इन्स्पिरेसन
inspirational,इन्स्पिरेसनल
instagram,इन्स्टाग्राम
instal,इन्स्टल
install,इन्स्टल
installation,इन्स्टलेसन
instruments,इन्स्ट्रुमेन्ट्स
integrated,इन्टिग्रेटेड
interaction,इन्टरएक्शन
interest,इन्टरेस्ट
interest,इन्ट्रेस्ट
interested,इन्टरेस्टेड
international,इन्टरनेशनल
international,इन्टरनेसनल
international,न्यूज
internet,इन्टरनेट
internship,इन्टर्नसिप
interval,इन्टरभल
interview,इन्टरभ्यु
introduce,इन्ट्रोड्युस
inverter,इन्भर्टर
invest,इन्भेस्ट
investigation,अनुसन्धान
investigation,र
investment,इन्भेस्टमेन्ट
involve,इन्भल्भ
iris,आइरिस
iron,आइरन
irrigation,इरिगेसन
ishwar,ईश्वर
iskul,इस्कुल
israeli,इजरायली
israili,इजरायली
israiliharu,इजरायलीहरू
israiliharubata,इजरायलीहरूबाट
it,आईटी
items,आइटम्स
itihaas,इतिहास
itihaasik,इतिहासिक
itihas,इतिहास
itihasbhari,इतिहासभरि
itihasma,इतिहासमा
itiko,यति
iwa,इवा
izzat,इज्जत
jaaadaa,जाँदा
jaaandaa,जाँदा
jaaba,जब
jaada,जाँदा
jaada,जादा
jaadaa,जाँदा
jaadaa,जादा
jaadaa,जाद्दा
jaadai,जाँदै
jaadda,जाद्दा
jaado,जाडो
jaaera,जाएर
jaag,जाग
jaagaunu,जगाउनु
jaage,जागे
jaagirakheko,जागिराखेको
jaagirakhnu,जागिराख्नु
jaan,जान
jaana,जान
jaana,जाना
jaanaaun,जानाउन्
jaanaawar,जानावर
jaanch,जाँच
jaanchaar,जान्चार
jaanchau,जान्छौ
jaanchha,जान्छ
jaanchhan,जान्छन्
jaanchhau,जान्छौ
jaanchhau,जान्छौँ
jaanchhu,जाँछु
jaanchhu,जान्छु
jaanchkartaa,जाँचकर्ता
jaanchnu,जाँच्नु
jaanchu,जान्छु
jaanda,जाँदा
jaandaa,जाँदा
jaandai,जाँदै
jaane,जाने
jaanechhainau,जान्नेछैनौ
jaanechhan,जानेछन्
jaanechhau,जानेछौ
jaanechhu,जानेछु
jaanera,जानेर
jaaney,जाने
jaanina,जानिन
jaankaar,जान्कार
jaankari,जानकारी
jaanna,जान्न
jaanthyau,जान्थ्यौ
jaanu,जानु
jaanwar,जनावर
jaanwar,जानवर
jaatil,जटिल
jaatiya,जातिय
jaau,जाउँ
jaaun,जाऔं
jaayera,गएर
jaayera,जाएर
jab,जब
jaba,जब
jabaki,जबकि
jabardasti,जबरजस्ती
jack,ज्याक
jacket,ज्याकेट
jada,जाँदा
jadaa,जाँदा
jadainau,जदैनौ
jaddaa,जद्दा
jadibuti,जडिबुटी
jadibuti,जडीबुटी
jado,जाडो
jagaa,जगा
jagaat,जगत
jagaaudai,जगाउँदै
jagaauna,जगाउन
jagarukta,जागरूकता
jagat,जगत
jagera,जागेर
jagga,जग्गा
jaggaa,जग्गा
jagiraheko,जागिरहेको
jagirakheko,जागिराखेको
jagruktaa,जागरुकता
jaha,जहाँ
jahaa,जहाँ
jahan,जहाँ
jahan,सीमा
jaibik,जैविक
jaise,जैसे
jaivik,जैविक
jajarkot,जाजरकोट
jalaaudai,जलाउँदै
jalayeko,जलाएको
jalbaayu,जलवायु
jalbidyut,जलविद्युत
jald,जल्द
jaldai,जल्दै
jalera,जलेर
jam,जाम
jamma,जम्मा
jamun,जामुन
jamunguava,जामुनअम्बा
jamunkathal,जामुनकटहल
jan,जन
jana,जना
jana,जान
jana,जाना
jana,जानु
janaa,जना
janaata,जनता
janaataa,जनता
janakari,जानकारी
janandolan,जनआन्दोलन
janata,जनता
janata,जनताको
janataa,जनता
janawaarharu,जनावारहरू
janbaad,जनवाद
jancha,जान्छ
janchau,जान्छौ
janchha,जान्छ
janchhan,जान्छन्
janchhe,जान्छे
janchhu,जान्छु
janchkarta,जाँचकर्ता
janchu,जान्छौ
janda,जाँदा
jandaina,जान्दैन
jane,जाने
janeko,जानेको
janera,गएर
janey,जाने
jangali,जंगली
jangali,जङ्गली
jangalka,जङ्गलका
janjatiyata,जनजातीयता
jankari,जानकारी
janma,जन्म
janna,जान्न
janney,जाने
jannu,जान्नु
jansankhyako,जनसंख्याको
janta,जनता
jantaako,जनताको
jantaale,जनताले
jantu,जन्तु
janu,जानु
januparchha,जानुपर्छ
janwarharulai,जनावरहरूलाई
janwarharule,जनावरहरूले
jarabata,जराबाट
jari,गरे
jarur,जरुर
jaruri,जरुरी
jaruri,जरूरी
jasapaa,जसपा
jasari,जसरी
jasbhanda,जसभन्दा
jasko,जसको
jasko,जस्को
jaslai,जसलाई
jasle,जसले
jasma,जसमा
jasmaa,जसमा
jasmine,जास्मिन
jaso,जसो
jasta,जस्ता
jasta,जस्तै
jastaa,जस्ता
jastai,जस्तै
jasto,जस्ता
jasto,जस्तै
jasto,जस्तो
jati,जति
jati,जाति
jatil,जटिल
jatra,जात्रा
jau,जाउ
jawaap,जवाफ
jawaf,जवाफ
jayera,जाएर
jealous,जेलेस
jeanharu,जीनहरू
jeans,जिन्स
jeep,जीप
jeetera,जितेर
jeetko,जीतको
jeev,जीव
jeevan,जीवन
jeevanko,जीवनको
jeevbigyan,जीवविज्ञान
jeevbigyantirphko,जीवविज्ञानतर्फको
jeth,जेठ
jetha,जेठ
jha,झा
jhaadaarko,झाडारको
jhaarko,झार्को
jhaaro,झारो
jhagada,झगडा
jhagadaa,झगडा
jhagda,झगडा
jhan,झन
jhan,झन्
jhandai,झन्डै
jhanjhat,झन्झट
jhapa,झापा
jharana,झरना
jhariharu,झारीहरु
jharima,झरीमा
jhariya,झरिया
jhariyo,झरियो
jharna,झर्न
jharnaa,झरना
jhattika,झट्टिका
jhijhak,झिझक
jhikera,झिकेर
jhilimili,झिलिमिलि
jhillibhari,झिल्लीभरि
jhillibhitra,झिल्लीभित्र
jhillibhitra,भित्र
jhillidwara,झिल्लीद्वारा
jhilliharu,झिल्लीहरू
jhillihundaina,हुँदैन
jhillile,झिल्लीले
jhillima,झिल्लीमा
jhokka,झोक्का
jhor,झोर
jhundiyera,झुन्डिएर
jhundyaa,झुन्ड्याएँ
jhuto,झुटो
jhuto,झूटो
jhyaaharu,झ्याहरू
jhyaal,झ्याल
jhyaalko,झ्यालको
jhyal,झ्याल
jhyau,झ्याउ
jiley,जिले
jilla,जिल्ला
jillako,जिल्लाको
jimma,जिम्मा
jimmedaari,जिम्मेदारी
jimmedaari,जिम्मेवारी
jimmevar,जिम्मेवार
jimmevari,जिम्मेवारी
jimmevariko,जिम्मेवारीको
jimmewaari,जिम्मेवारी
jindaa,जिन्दा
jindagi,जिन्दगी
jitaaune,जिताउने
jitaaunu,जिताउनु
jiteara,जितेर
jiteko,जितेको
jitna,जित्न
jitne,जित्ने
jittho,जिठो
jityo,जित्यो
jiu,जिउ
jiuna,जिउन
jiuro,ज्वरो
jivan,जीवन
jiwan,जीवन
jiwanharu,जीवनहरू
jiwani,जीवनी
jiwaniko,जीवनीको
jiwanko,जीवनको
jiwant,जीवन्त
jo,जो
job,जब
job,जोब
jod,जोड
jodai,जोडाइ
jodchhu,जोड्छु
joddaa,जोड्दा
jodera,जोडेर
jodhera,जोडेर
jodirachha,छ
jodiyeko,जोडिएको
jodna,जोड्न
jodne,जोड्ने
jodney,जोड्ने
jodnu,जोड्नु
jogauna,जोगाउन
jogaune,जोगाउने
jogging,जोगिंग
jogging,जोगिङ
jogging,जोगिङ्ग
jognaaera,जोगनाएर
join,जोइन
joke,जोक
jokhim,जोखिम
jokhimpurna,जोखिमपूर्ण
jomsom,जोमसोम
josh,जोश
jotaai,जोताइ
journal,जर्नल
journalism,जर्नालिजम
journals,जर्नल्स
juice,जुस
julera,जुलेर
jumla,जुम्ला
jumla,जुम्लाको
jumping,जम्पिंग
jun,जुन
jung,जङ्ग
jungal,जङ्गल
jungle,जंगल
jungle,जङ्गल
juta,जुत्ता
jutauna,जुटाउन
jutta,जुत्ता
juttaa,जुत्ता
jwaai,ज्वाइ
jwaro,ज्वरो
jyaalaa,ज्याला
jyaano,ज्यानो
jyal,ज्याल
jyamitibhanda,ज्यामितिभन्दा
jyamitiko,ज्यामितिको
jyoti,ज्योति
k,क
k,के
ka,का
kaa,का
kaa,काँ
kaaayam,कायम
kaagaj,कागज
kaagajaat,कागजात
kaagajat,कागजात
kaahi,काहि
kaaile,काइले
kaam,काम
kaam,गर्न
kaam,हेर्दै
kaamaaunle,कामाउँले
kaamai,काममै
kaamamaa,काममा
kaamko,कामको
kaamle,कामले
kaammaa,काममा
kaan,कान
kaanchhi,कान्छी
kaanpiraheko,काँपिरहेको
kaaran,कारण
kaarya,कार्य
kaaryaalaymaa,कार्यालयमा
kaaryakarta,कार्यकर्ता
kaaryakram,कार्यक्रम
kaaryakramle,कार्यक्रमले
kaaryalaya,कार्यालय
kaaryashailee,कार्यशैली
kaaso,कासो
kaasto,कास्तो
kaatanchau,काटन्छौ
kaatdaa,काट्दा
kaate,काटें
kaatha,काठ
kaathmaadau,काठमाडौं
kaatna,काट्न
kaatnu,काट्नु
kabaddi,कबड्डी
kabbadi,कब्बडी
kabhi,कभि
kabhi,कभी
kabitaa,कबिता
kabjalai,कब्जालाई
kachraa,कचरा
kada,कडा
kadaa,कडा
kadam,कदम
kadamko,कदमको
kadamlai,कदमलाई
kadi,कडा
kagajat,कागजात
kaha,कहा
kaha,कहाँ
kahaa,कहाँ
kahaani,कहानी
kahaaniyaharu,कहानीयहरु
kahabata,कहाँबाट
kahan,कहाँ
kahani,कहानी
kahile,कहिले
kahilekahi,कहिलेकाहीँ
kahilekahin,कहिलेकाहीँ
kahilyai,कहिल्यै
kahin,कहिन
kahin,कहीं
kai,कै
kaile,कहिले
kaile,कैले
kala,कला
kalaakaarlaai,कलाकारलाई
kalah,कलह
kalakaar,कलाकार
kalako,कालको
kalakritibhitra,कलाकृतिभित्र
kalam,कलम
kalapani,कालापानी
kali,काली
kaligandaki,काली
kalikot,कालिकोट
kalo,कालो
kalpana,कल्पना
kalpanaa,कल्पना
kalpanik,काल्पनिक
kam,कम
kam,काम
kamaa,काम
kamaaera,कमाएर
kamaalai,कमालै
kamaaunechha,कमाउनेछ
kamaaunu,कमाउनु
kamaayeko,कमाएको
kamaayena,कमायेन
kamaayera,कमाएर
kamana,कमना
kamar,कमर
kamayeko,कमाएको
kamharuma,कामहरूमा
kami,कमी
kamiya,कामिया
kamjor,कमजोर
kamjor,कम्जोर
kamko,कामको
kamlai,कामलाई
kamle,कामले
kamra,कोठा
kananiharuma,कनानीहरूमा
kanchanjunga,कञ्चनजङ्गा
kanchenjunga,कञ्चनजङ्गा
kande,काँडे
kando,काँडो
kaneri,कनेरी
kanoon,कानून
kanooni,कानूनी
kantipur,कान्तिपुर
kanumlaa,कानुम्ला
kapaal,कपाल
kapada,कपडा
kapadaa,कपडा
kapal,कपाल
kapda,कपडा
kapdaa,कपडा
kar,कर
karaa,कारा
karaaunchhu,कराउँछु
karan,औद्योगिक
karan,कारण
karanle,कारणले
karao,कराओ
karib,करिब
karishma,करिश्मा
karki,कर्की
karki,कार्की
karmachari,कर्मचारी
karmachariharu,कर्मचारिहरू
karnali,कर्णाली
karod,करोड
karra,कर्रा
kartavya,कर्तव्य
kartik,कार्तिक
karuna,करुणा
karya,कार्य
karyaanwayan,कार्यान्वयन
karyako,कार्यको
karyakram,कार्यक्रम
karyakramle,कार्यक्रमले
karyalay,कार्यालय
karyalaya,कार्यालय
karyale,कार्यले
karyama,कार्यमा
karyanvayan,कार्यान्वयन
karyanwayan,कार्यान्वयन
kasai,कसै
kasaiko,कसैको
kasailai,कसैलाई
kasailai,कसैलै
kasaile,कसैले
kasarat,कसरत
kasari,कसरी
kasilai,कसैलाइ
kasko,कसको
kaslai,कसलाई
kaslai,कसलै
kasle,कसले
kasle,कस्ले
kasta,कष्ट
kasta,कस्ता
kasto,कस्तो
kasturi,कस्तुरी
kata,कता
kata,कहाँ
kata,काट
kataaar,कतार
kataauna,कटाउन
katai,कतै
kataune,काटाउने
kataye,कटाए
kath,काठ
katha,कथा
kathaa,कथा
kathaharu,कथाहरू
kathal,कटहल
kathalguava,कटहलअम्बा
kathalmango,कटहलआम
kathalnarikela,कटहलनरिवेला
kathama,कथामा
kathin,कठिन
kathin,हुने
kathinai,कठिनाइ
kathinai,कठिनाई
kathinaiharuko,कठिनाइहरूको
kathka,काठका
kathko,काठको
kathmandu,काठमाडौ
kathmandu,काठमाडौँ
kathmandu,काठमाडौं
kathor,कठोर
kathorta,कठोरता
kati,कति
katipaya,कतिपय
katnu,काट्नु
kattarpandhi,कट्टरपन्थी
kaushal,कौशल
kavita,कविता
kayam,कायम
kc,केसी
ke,के
kedaar,केदार
keeper,कीपर
kehi,केहि
kehi,केही
kehiko,केहीको
kei,केइ
kei,केई
kemotherapyko,केमोथेरापीको
kendra,केन्द्र
kendrabindu,केन्द्रबिन्दु
kendrak,केन्द्रक
kendrale,केन्द्रले
kendrama,केन्द्रमा
kendrapasarak,केन्द्रापसारक
kendrit,केन्द्रित
kendriya,केन्द्रीय
keta,केटा
ketaa,केटा
ketakai,केताकै
ketaketi,केटाकेटी
ketako,केटाको
ketale,केटाले
ketaley,केटाले
keti,केटी
ketiharule,केटीहरूले
ketile,केटीले
keto,केटो
ketoharule,केटोहरूले
kewal,केवल
khaadainan,खाँदैनन्
khaaera,खाएर
khaali,खाली
khaana,खान
khaana,खाना
khaanaa,खाना
khaanchhan,खान्छन
khaanchhan,खान्छन्
khaanchhau,खान्छौँ
khaanchhu,खान्छु
khaandai,खाँदै
khaane,खाने
khaanu,खानु
khaapta,खाप्टा
khaas,खास
khaasai,खासै
khaati,खाटी
khaaunchhan,खाउन्छन्
khaaunlaa,खाऔँला
khaayaun,खायौं
khaaye,खाए
khaaye,खाएँ
khaayeko,खाएको
khaayera,खाएर
khaayo,खाए
khabar,खबर
khabar,पत्याउँदैन
khada,खडा
khada,खादा
khadaa,खडा
khadain,खाएँ
khaderai,खदै
khadga,खड्ग
khaera,खाएर
khaey,खाए
khai,खाए
khai,खै
khair,खैर
khaja,खाजा
khalanga,खलंगा
khali,खाली
khalko,खाल्को
khana,खान
khana,खाना
khana,फल
khanaa,खाना
khanaako,खानाको
khanabat,खानाबाट
khanal,खनाल
khanchhan,खान्छन्
khanchhu,खान्छु
khane,खाने
khanne,खान्ने
khanu,खानु
khaptad,खप्तड
kharaab,खराब
kharab,खराब
kharab,खर्ब
kharach,खर्च
kharani,खरानी
kharcha,खर्च
kharcha,खर्चा
kharchaa,खर्चा
kharchi,खर्ची
kharej,खारेज
kharid,खरिद
kharidai,खरिददै
kharidari,खरिदारी
khasaai,खासै
khasai,खासै
khasama,खसमा
khata,खाता
khatara,खतरा
khataraharuko,खतराहरूको
khataraharuma,खतराहरूमा
khatarnaak,खतरनाक
khatarnak,खतरनाक
khate,खाते
khatra,खत्रा
khatraharulai,खतराहरूलाई
khatri,खत्री
khattam,खत्तम
khattika,खट्टिका
khayal,ख्याल
khayau,खाए
khayau,खायौ
khayau,खायौँ
khayau,खायौं
khaye,खाए
khaye,खायो
khaye,खायौँ
khayeko,खाएको
khayera,खाएर
khayo,खाएौ
khayo,खायो
khedai,खेर्दै
khel,खेल
khelauthe,खेलाउथे
khelchha,खेल्छ
khelchhan,खेल्छन्
khelda,खेल्दा
kheldai,खेल्दै
khele,खेले
kheleko,खेलेको
khelera,खेलेर
kheleramitho,खेलेरमिठो
khelirahanchhan,छन्
khelirahechhan,छन्
kheliraheka,खेलिरहेका
khelirheko,खेलिरहेको
khelkud,खेलकुद
khelna,खेल्न
khelna,लड्नु
khelne,खेल्ने
khelo,खेलो
khelo,खेल्यो
khelyau,खेल्यौ
kher,खेर
khera,खेर
kheri,खेरी
khet,खेत
khetdai,खेत्दै
kheti,खेति
kheti,खेती
khetibaadi,खेतिबाडी
khetii,खेती
khetimaali,खेतीमाली
khetipati,खेतीपाती
khetma,खेतमा
khetmaa,खेतमा
kheto,खेत
kheto,खेतो
khiche,खिचे
khicheka,खिचेका
khichera,खिचेर
khichiraakhyau,खिचिराख्यौ
khichna,खिच्न
khichnu,खिच्नु
khichyaai,खिच्याइ
khichye,खिच्ये
khichyo,खिच्यो
khinchau,खिन्छौ
khindainau,खिन्दैनौ
khoi,खोइ
khoj,खोज
khojchan,खोज्छन्
khojchhan,खोज्छन्
khojchhau,खोज्छौ
khojchhu,खोज्छु
khojchu,खोज्छु
khojda,खोज्दा
khojdaa,खोज्दा
khojdai,खोज्दै
khojdaina,खोज्दैन
khojdainann,खोज्दैनन्
khojdainau,खोज्दैनौ
khoje,खोजे
khojeko,खोजेको
khojera,खोजेर
khojharu,खोजहरू
khoji,खोजी
khojiraakhey,खोजिराखे
khojirachhan,खोजिरछन्
khojirahanchhan,खोजिरहन्छन्
khojirahe,खोजिरहे
khojiyeko,खोजिएको
khojko,खोजको
khojna,खोज्न
khojne,खोज्ने
khojnmaa,खोज्नमा
khojnu,खोज्नु
khojyo,खोज्यो
khola,खोल
khola,खोला
khola,खोलाको
kholaa,खोला
kholaako,खोलाको
kholako,खोलाको
kholamaa,खोलामा
kholchu,खोल्छु
kholdaa,खोल्दा
kholekai,खोलेकै
kholeko,खोलेको
kholera,खोलेर
kholiyeko,खोलिएको
kholyeo,खोल्यो
kholyo,खोल्यो
khoobsik,खुब्सिक
khopra,खोप्रा
khot,खोट
khotang,खोटाङ
khukuri,खुकुरी
khula,खुला
khulai,खोलाइ
khulasama,खुलासामा
khulda,खुल्दा
khuleka,खुलेका
khulena,खुलेन
khulera,खुलेर
khulera,खुल्ला
khulera,रूपमा
khuliyo,खुलियो
khullai,खुल्लै
khulne,खुल्ने
khurera,खुर्रेर
khushi,खुशी
khushii,खुशी
khusi,खुसी
khutta,खुट्टा
khuttaa,खुट्टा
khuwaaidiyo,खुवाइदियो
khuwaaun,खुवाउन
khuwaaunchhan,खुवाउँछन्
khuwaaunchhan,खुवाउन्छन्
khuwaaune,खुवाउने
khuwaaye,खुवाएँ
khuwaayin,खुवाइन्
khuwau,खुवाउ
khwaauney,खुवाउने
khwaayera,खुवाएर
khwaayeray,खुवाएरै
khyaal,ख्याल
ki,कि
ki,की
kilometer,किलोमिटर
kin,किन
kina,किन
kinaaki,किनकी
kinaarmaa,किनारमा
kinabhane,किनभने
kinaki,किनकि
kinaki,किनकी
kinara,किनारा
kinaramaa,किनारामा
kinbhane,किनभने
kinda,किन्दा
kineko,किनेको
kinera,किनेर
king,राजा
kinirahau,किनिरहौ
kinna,किन्न
kinne,किन्ने
kinney,किन्ने
kinnu,किन्नु
kinyo,किन्यौ
kisaan,किसान
kisanko,किसानको
kisim,किसिम
kisimko,किसिमको
kitaab,किताब
kitaab,सम्म
kitaabma,किताबमा
kitaabmaa,किताबमा
kitab,किताब
kitab,पढ्नु
kitchen,किचेन
kkshayyma,क्षेत्रमा
knowledge,नलेज
ko,आकर्षक
ko,एमाले
ko,एलायन्सको
ko,औद्योगिक
ko,का
ko,काम
ko,कारण
ko,को
ko,कोर
ko,गाउँमा
ko,चेक
ko,चेन्जको
ko,ट्रेकिङ
ko,दोहा
ko,नदीको
ko,परिवर्तनको
ko,पर्यावरण
ko,पानी
ko,प्रदूषण
ko,प्रशिक्षण
ko,बसेका
ko,बालबालिका
ko,भावना
ko,माओवादी
ko,माछा
ko,मौसम
ko,यहाँको
ko,योजना
ko,रक्षा
ko,रारा
ko,वडोदरा
ko,विकास
ko,शाहको
ko,सहयोग
ko,सीन
ko,सोतो
ko,सौराहा
ko,स्वास्थ्यको
ko,हिमनदी
kod,कोड
kohi,कोहि
kohi,कोही
kohinoor,कोहिनुर
koi,कोइ
komal,कोमल
kona,कोण
kood,कूद
korieka,कोरिएका
korona,कोरोना
kosh,कोष
koshi,कोशी
koshika,कोशिका
koshikaharu,कोशिकाहरू
koshikaharuko,कोशिकाहरूको
koshikaharulai,कोशिकाहरूलाई
koshikaharule,कोशिकाहरूले
koshikaharuma,कोशिकाहरूमा
koshikako,कोशिकाको
koshis,कोशिस
koshis,कोसिस
koshish,कोशिश
koshish,कोसिस
kosiis,कोसिस
kosis,कोशिस
kosis,कोसिस
kotha,कोठा
kothi,कोठी
kram,क्रम
kramik,क्रमिक
krantikari,क्रान्तिकारी
krantisamma,क्रान्तिसम्म
krebs,क्रेब्स
kripaa,कृपा
kripaya,कृपया
krishi,कृषि
krishi,पेशामा
krishnabahadur,कृष्णबहादुर
krishnaprasad,कृष्णप्रसाद
krishnasaar,कृष्णसार
kriti,कृति
kriya,क्रिया
kriyakalap,क्रियाकलाप
kriyako,क्रियाको
krodh,क्रोध
krur,क्रूर
kshalaya,क्षालय
kshamata,क्षमता
kshanharuko,क्षणहरूको
kshanik,क्षणिक
kshanma,क्षणमा
kshati,क्षति
kshetra,क्षेत्र
kshetramaa,क्षेत्रमा
kshetrharu,क्षेत्रहरू
kshhetrama,क्षेत्रमा
kshitij,क्षितिज
kshitijko,क्षितिजको
kshitijko,घटना
kshitijma,क्षितिजमा
kshyamaataa,क्षमता
kshyatriya,क्षत्रिय
kshyetra,क्षेत्र
kuchiyeko,कुचिएको
kudna,कुद्न
kukkur,कुकुर
kukur,कुकुर
kukura,कुकुर
kulman,कुलमान
kumaaat,कुमायत
kumar,कुमार
kun,कुन
kunaai,कुनै
kunai,कुनै
kuneeti,कुनीती
kunle,कुन्ले
kura,कुरा
kuraa,कुरा
kuraaharu,कुराहरु
kuraako,कुराको
kuraale,कुराले
kuraamaa,कुरामा
kuraharu,कुराहरु
kurai,कुरै
kurakaani,कुराकानी
kurakani,कुराकानी
kurako,कुराको
kurama,कुरामा
kuriraa,कुरिरहेका
kurne,कुर्ने
kurnu,कुर्नु
kuro,कुरो
kursi,कुर्सी
kurta,कुर्ता
kurtama,कुर्तामा
kuruma,कुरामा
kushal,कुशल
kya,क्या
kyaaki,क्याकि
la,ला
laa,ला
laa,लाई
laabnawit,लाब्नावित
laaena,लाएन
laaera,लाएर
laag,लाग
laagat,लागत
laagataar,लागातार
laagchha,लाग्छ
laagda,लाग्दा
laagdaa,लाग्दा
laagdai,लाग्दै
laageko,लागेको
laagena,लागेन
laagera,लागेर
laageraakheko,लागेराखेको
laagi,लागि
laagi,लागी
laagiraako,लागिरहेको
laagiraako,लागिराको
laagirachha,लागिरछ
laagirachha,लागिरहेछ
laagirahanchha,लागिरहन्छ
laagirakhyo,लागिरख्यो
laagiyo,लागियो
laagla,लाग्ला
laagna,लाग्न
laagthyo,लाग्थ्यो
laagu,लागू
laaguu,लागू
laagyaa,लागेका
laagyau,लाग्यौँ
laagyo,लाग्यो
laai,एम्प्लोयमेन्ट
laai,गाइड
laai,लाई
laai,स्किल
laaidinchhann,लाइदिन्छन्
laaii,लाई
laaiii,लाई
laako,लाको
laamaa,लामा
laamera,लमेर
laash,लाश
laato,लाटो
laauchha,लाउँछ
laauda,लाउँदा
laayeko,लाएको
laayeko,ल्याएको
laayera,लाएर
lab,ल्याब
labh,लाभ
labor,लेबर
ladaai,लडाइँ
ladaima,लडाइँमा
ladain,लडाइँ
ladainle,लडाइँले
ladaku,लडाकु
ladayo,लडायो
ladeka,लडेका
ladiraheka,लडिरहेका
ladirheko,लडिरहेको
ladna,लड्न
ladnubhayo,भयो
ladyo,लड्यो
laera,लाएर
lagaaepachhi,लगाएपछि
lagaaera,लगाएर
lagaaidiyo,लगाइदियो
lagaaiyo,लगाईयो
lagaako,लगाएको
lagaako,लगाको
lagaatar,लगातार
lagaauchhan,लगाउछन्
lagaaudai,लगाउँदै
lagaauna,लगाउन
lagaaunchha,लगाउँछ
lagaaunchhan,लगाउँछन्
lagaaune,लगाउने
lagaaunu,लगाउनु
lagaayat,लगायत
lagaayatka,लगायतका
lagaayau,लगाएौ
lagaayau,लगायौ
lagaaye,लगाए
lagaayeka,लगाएका
lagaayera,लगाएर
lagaayo,लगायो
lagae,लगाए
lagaera,लगाएर
lagaieko,लगाइएको
lagako,लागेको
lagan,लगन
lagataar,लगातार
lagaudai,लगाउँदै
lagauna,लगाउन
lagaune,लगाउने
lagav,लगाव
lagayau,लगायो
lagaye,लगाए
lagaye,लगाये
lagayera,लगाएर
lagayo,लाग्यो
lagbhag,लगभग
lagcha,लाग्छ
lagchha,लग्छ
lagchha,लाग्छ
lagda,लाग्दा
lagdaina,लग्दैन
lagdaina,लाग्दैन
lagdainau,लग्दैनौ
lage,लागे
lage,लागेँ
lage,लाग्यो
lageka,लागेका
lageko,लागेको
lagena,लागेन
lagera,लागेर
lagey,लगे
lagi,लागि
lagiraakhechhann,लगिराखेछन्
lagiraakhyo,लागिराख्यो
lagiraako,लागिराको
lagirahekaa,लागिरहेका
lagiraheko,लागिरहेको
lagirakhyo,लागिराख्यो
lagirako,लागिराको
lagisakyo,लगिसक्यो
lagna,लग्न
lagnae,लग्ने
lagnchha,लाग्न्छ
lagne,लाग्ने
lagney,लग्ने
lagnu,लग्नु
lagthyo,लाग्थ्यो
lagu,लागू
lagya,लाग्यौँ
lagyaau,लग्यौ
lagyeko,लागेको
lagyo,लग्यो
lagyo,लाग्यो
lahar,लहर
lai,लाइ
lai,लाई
lai,लागि
lai,लै
lake,लेक
lakh,लाख
lakhau,लाखौं
lakhsya,लक्ष्य
lakshit,लक्षित
lakshya,लक्ष्य
lakshyatirphako,लक्ष्यतर्फको
lal,लाल
lalupate,लालुपाटे
lamera,लमेर
lamjung,लमजुङको
lamo,लामो
lamps,ल्याम्प्स
langtang,लङटाङ
lanu,लनु
laptop,ल्यापटप
laptop,ल्याप्टप
larva,लार्भा
lastai,लास्टै
lasun,लसुन
late,लेट
latest,लेटेस्ट
lattho,लठ्ठो
laughter,लाफ्टर
lauhako,लौहको
launa,लाउन
laundry,लाण्ड्री
layout,लेआउट
le,अझ
le,किताब
le,खानाले
le,गाउँ
le,दलले
le,फुटबल
le,युवा
le,ले
le,शाही
le,सुनेको
lead,लिड
lecture,लेक्चर
leggings,लेगिङ्स
lehar,लहर
lekh,लेख
lekha,लेखा
lekhaa,लेखा
lekhai,लेखाई
lekhakle,लेखकले
lekhda,लेख्दा
lekhdai,लेख्दै
lekhe,लेखे
lekheko,लेखेको
lekhera,लेखेर
lekhieka,लेखिएका
lekhna,लेख्न
lekhne,लेख्ने
lekhya,लेख्या
lene,लिने
lenibaadi,लेनिनवादी
leraayera,लेरायेर
level,लेभल
lhonak,ल्होनाक
lhotse,ल्होत्से
library,लाइब्रेरी
license,इजाजतपत्र
lida,लिदा
lieko,लिएको
liera,लिएर
life,लाइफ
life,लाईफ
lifestyle,लाइफस्टाइल
lift,लिफ्ट
lifting,लिफ्टिङ
light,लाइट
lighting,लाइटिङ
liiera,लिएर
liinu,लिनु
liiyeko,लिएको
liiyera,लिएर
likhit,लिखित
limit,लिमिट
limited,लिमिटेड
limpiyadhura,लिम्पियाधुरा
lina,लिन
linaa,लिन
linchha,लिन्छ
linchhu,लिन्छु
lindaako,लिँदाको
line,लाइन
line,लाईन
line,लिने
linechhaau,लिनेछौ
liney,लिने
link,लिंक
linu,लिएर
linu,लिनु
lipulekh,लिपुलेख
liraakheko,लिराखेको
liraakhyo,लिराख्यो
liraako,लिराको
lirakheko,लिराखेको
listen,लिसेन
listener,लिस्नर
lister,लिस्टर
listerle,लिस्टरले
living,लिभिङ
liyau,लियौ
liye,लिए
liye,लिएँ
liyeko,लिएको
liyera,लिएर
liyo,लियो
load,लोड
loading,लोडिङ
loan,लोन
local,लोकल
local,स्थानीय
lock,लक
lodges,लोज
logic,लोजिक
login,लगइन
logistic,लजिस्टिक
lok,लोक
lokgeetmaa,लोकगीतमा
lokrijaai,लोकरिझाई
loktantrik,लोकतान्त्रिक
lol,लोल
london,लन्डन
londonma,लन्डनमा
long,लङ
losapaa,लोसपा
loss,लस
lotus,लोटस
love,लभ
low,लो
luga,लुगा
lugaa,लुगा
lukayeko,लुकाएको
lukeko,लुकेको
lunch,लञ्च
lunch,लन्च
luttaauna,लुटाउन
lyaaeko,ल्याएको
lyaaena,ल्याएन
lyaaera,ल्याएर
lyaaidinu,ल्याइदिनु
lyaau,ल्याउ
lyaaudai,ल्याउँदै
lyaauna,ल्याउन
lyaaunchha,ल्याउँछ
lyaaunchhan,ल्याउँछन्
lyaaunchhu,ल्याउँछु
lyaaundaina,ल्याउँदैन
lyaaundina,ल्याउँदिन
lyaaune,ल्याउने
lyaaunu,ल्याउनु
lyaayau,ल्याएौ
lyaaye,ल्याए
lyaayeko,ल्याएको
lyae,ल्याए
lyaidinubhayo,ल्याइदिनुभयो
lyaudai,ल्याउदै
lyaunchha,ल्याउँछ
lyaunechhu,ल्याउनेछु
lyaye,ल्याये
lyayeko,ल्याएको
lyayo,ल्यायो
lyricist,लिरिसिस्ट
lyrics,लिरिक्स
ma,अलि
ma,डेली
ma,बाहिरी
ma,म
ma,मा
ma,समयमा
ma,सेसन
maa,इको
maa,इन्क्लुड
maa,एलेफेन्ट
maa,गएर
maa,टुरिज्म
maa,धेरै
maa,निद्रामा
maa,पनि
maa,पार्टी
maa,प्रोटेस्टेन्ट
maa,बजार
maa,म
maa,मा
maa,माइक्रो
maa,मुखमा
maa,युनिभर्सिटी
maa,यूथ
maa,रूख
maa,स्कूल
maa,स्पोर्ट्स
maa,हबीमा
maachha,माछा
maadhyeko,माध्येको
maaf,माफ
maafi,माफी
maagdaa,माग्दा
maageko,मागेको
maagne,माग्ने
maagnechha,माग्नेछ
maagyaa,माग्या
maahaul,माहौल
maaile,मैले
maajaa,मजा
maal,माल
maaley,मैले
maamaa,मामा
maan,मान
maana,माना
maanchaun,मान्छौँ
maanchha,मान्छ
maanchhe,मान्छे
maanchhesaga,मान्छेसँग
maanchhey,मान्छे
maandir,मन्दिर
maanera,मानेर
maani,मानी
maanisharusanga,मानिसहरूसँग
maanus,मानुस
maarey,मारे
maas,महिना
maasu,मासु
maasuko,मासुको
maataa,माता
maathe,माथे
maathi,माथि
maatoma,माटोमा
maatra,मात्र
maatraa,मात्र
maatraa,मात्रा
maayako,मायाको
machaayera,मचाएर
machha,मछा
machha,माछा
machhako,माछाको
machhale,माछाले
machhapuchhre,माछापुच्छ्रे
machhar,माछर
machine,मशिन
machine,मेशिन
machine,मेसिन
machinery,मेशिनरी
madad,मदद
madad,मद्दत
madal,मादल
madan,मदन
madat,मदत
maddat,मदत
maddat,मद्दत
madhav,माधव
madhavkumar,माधवकुमार
madhya,उमेर
madhyam,माध्यम
madhyamko,माध्यमको
madhyasthataa,मध्यस्थता
madhye,मध्ये
madyamarsyangdi,मध्य
maestro,मेस्ट्रो
magazines,म्यागेजिन्स
mage,मागे
mageko,मागेको
magera,मागेर
magh,माघ
magna,मग्न
magna,माग्न
magyo,माग्यो
mahaakavi,महाकवि
mahak,महक
mahakali,महाकाली
mahan,महान्
mahangai,महँगाइ
mahangai,महङ्गाई
mahango,महँगो
mahango,महङ्गो
mahara,महरा
mahashus,महशुस
mahasoos,महसुस
mahasus,महसुस
mahattvapurna,महत्त्वपूर्ण
mahattwama,महत्त्वमा
mahattwapoorna,महत्त्वपूर्ण
mahatvapurna,महत्त्वपूर्ण
mahatvapurna,महत्वपूर्ण
mahatwa,महत्त्व
mahatwa,महत्व
mahatwapahina,महत्वहीन
mahatwapurna,महत्त्वपूर्ण
mahatwapurna,महत्वपूर्ण
mahaul,महौल
mahaul,माहौल
mahesoos,महसुस
mahila,महिला
mahilaa,महिला
mahilaaharulai,महिलाहरूलाई
mahima,महिमा
mahina,महिना
mahol,माहोल
mahsoos,महसुस
mahtwaa,महत्व
mahtwapurna,महत्वपूर्ण
mahurika,महुरिका
mai,नै
mai,मै
maidan,मैदान
mailaa,मैला
mailay,मैले
maile,मैले
mailey,मैले
main,मेन
mainstream,मेनस्ट्रिम
maintain,माइन्टेन
maintain,मेन्टेन
maintain,मैन्टेन
maintenance,मेन्टेनेन्स
maittho,मैठो
maja,मजा
majaa,मजा
majaai,मज्जै
majboot,मजबुत
majbut,मजबुत
majdur,मजदुर
majduri,मजदुरी
majja,मज्जा
makai,मकै
makalu,मकालु
malaai,मलाई
malai,मलाई
malai,मलै
malapaani,मलपानी
mali,माली
malik,मालिक
mall,मल
mall,मल्ल
mall,मॉल
malpe,माल्पे
mama,मामा
mamalale,मामलाले
man,मन
man,मान
mana,मन
mana,मान
manaa,मना
manaaeko,मनाएको
manaainchha,मानाइन्छ
manaaunchhan,मनाउँछन्
manaaunchhaum,मनाउन्छौं
manaaunchhu,मनाउँछु
manaaunechhau,मनाउनेछौ
manaayaum,मनायौं
manaayecha,मनाएछ
manaayun,मनाउन
manae,माने
manage,मेनेज
management,म्यानेजमेन्ट
management,योजना
manager,म्यानेजर
manai,मनै
manak,मानक
manamaa,मनमा
manandhar,मानन्धर
manaparne,मनपर्ने
manaslu,मनास्लु
manaundai,मनाउँदै
manav,मानव
manaviya,मानवीय
manavjatiko,मानवजातिको
manavjatle,मानवजातिले
manavle,मानवले
manawtako,मानवताको
manaye,मनाए
manayo,मनायो
manche,मान्छे
mancheharu,मान्छेहरु
manchele,मानिसले
manchele,मान्छेले
manchha,मन्छ
manchhe,मान्छे
manchheharuko,मान्छेहरूको
manchheharulai,मान्छेहरूलाई
manchheharule,मान्छेहरूले
manchheko,मान्छेको
manchhele,मान्छेले
manchna,मान्छन
mandir,मन्दिर
mandirmaa,मन्दिरमा
manera,मानेर
mangalbaar,मङ्गलबार
mangalwar,मंगलबार
mango,आम
mangsir,मंसिर
mani,मानी
maninchha,मानिन्छ
maninthiyo,मानिन्थ्यो
manis,मानिस
manisaharu,मानिसहरु
manisaharuko,मानिसहरूको
manisaharulai,मानिसहरूलाई
manisale,मानिसले
manish,मनीष
manla,मान्ला
manma,मनमा
manmaa,मनमा
manmohan,मनमोहन
mann,मन
mann,मन्न
mannai,मान्नै
manohar,मनोहर
manohari,मनोहारी
mansaharu,मानिसहरु
mansapeshi,मांसपेशी
mantri,मन्त्री
manual,म्यानुअल
manushya,मनुष्य
manviya,मानवीय
manyatalaai,मान्यतालाई
manyera,मानेर
manyo,मान्यो
maobadi,माओवादी
maoist,क
maoist,माओवादी
map,म्याप
marauda,मारेर
mardi,मार्दी
marga,मार्ग
margale,मार्गले
margama,मार्गमा
marigold,मैरीगोल्ड
marinuhunechha,मारिनुहुनेछ
marisakyo,मरिसक्यो
market,मार्केट
marks,मार्क्स
marna,मर्न
marne,मार्ने
marnechhu,मार्नेछु
marphat,मार्फत
martya,मर्त्य
marxbaadi,मार्क्सवादी
maryadaa,मर्यादा
masala,मसला
masala,मसाला
masalaa,मसला
masanga,मसँग
masangai,मसँगै
masi,मसी
mask,मास्क
mast,मस्त
mastectomy,मास्टेक्टोमी
mastectomyko,मास्टेक्टोमीको
masu,मासु
mat,मत
mat,म्याट
mataadhikaar,मताधिकार
matabhedma,मतभेदमा
matadaata,मतदाताले
matadaataharu,मतदाताहरू
matbhed,मतभेद
match,म्याच
matdan,मतदान
material,मटेरियल
maternal,मातृ
matgannati,मतगणना
math,म्याथ
mathi,माथि
mathimaa,माथिमा
mathyu,म्याथ्यू
matlab,मतलब
matra,मात्र
matra,होइन
matrai,मात्र
matrai,मात्रै
matrama,मात्रामा
matribhumiko,मातृभूमिको
matrix,म्याट्रिक्स
matto,मट्टो
mauka,मौका
mausam,अलि
mausam,कठिन
mausam,मौसम
maya,माया
mayaa,माया
mayorma,मेयरमा
mazaa,मजा
mazboot,मजबूत
meal,मील
measure,मेजर
measurement,मापन
mechanic,मेकानिक
mechanics,मेकानिक्स
mechanicska,मेकानिक्सका
mechanicsko,मेकानिक्सको
media,मिडिया
media,सञ्जाल
mediaamaa,मिडियामा
medical,मेडिकल
medicine,मेडिसिन
meditation,मेडिटेशन
meeting,गरेर
meeting,मिटिंग
meeting,मिटिङ
meeting,मीटिंग
mehanat,मेहनत
mehanat,मेहेनत
mehenat,मेहनत
mehenat,मेहेनत
mehman,मेहमान
mehnat,मेहनत
mehsoos,महसुस
mejaamaa,मेजामा
mel,मेल
mela,मेला
melaa,मेला
melody,मेलोडी
meme,मिम
memo,मेमो
memory,मेमोरी
mental,मेंटल
mental,मेन्टल
mention,मेन्सन
menu,मेनु
mera,मेरा
meri,मेरी
mero,मेरो
mesin,मेसिन
message,मेसेज
message,सन्देश
metaauna,मेटाउन
metabolism,मेटाबोलिज्म
meter,मिटर
meter,मीटर
mhan,म्हन
microenterprise,इन्टरप्राइज
midfielder,मिडफिल्डर
midnight,मिडनाईट
milaae,मिलाएँ
milaansaar,मिलाँसार
milaaudai,मिलाउँदै
milaauneko,मिलाउनेको
milaayera,मिलाएर
milaera,मिलाएर
milanaisakepaachhi,मिलनैसकेपछि
milaulaa,मिलौला
milayera,मिलाएर
milchha,मिल्छ
mild,माइल्ड
mildaina,मिल्दैन
mildo,मिल्दो
mileko,मिलेको
milena,मिलेन
milera,असाइनमेन्ट
milera,मिलेर
milera,मिले्र
miley,मिले
mili,मिली
milnechha,मिल्नेछ
milney,मिल्ने
milyo,मिल्यो
mind,माइन्ड
minimize,मिनिमाइज
minute,मिनेट
mirror,मिरर
misaaera,मिसाएर
miss,मिस
missing,मिसिङ
mistake,मिस्टेक
mitar,मिटर
mitayeko,मिटाएको
mithaai,मिठाई
mithaas,मिठास
mithai,मिठाइ
mithai,मिठाई
mitho,मिठो
mitho,मीठो
mitochondria,माइटोकोन्ड्रिया
mitochondrial,माइटोकोन्ड्रियाल
mitochondriyal,माइटोकोन्ड्रियाल
mitra,मित्र
mitthai,मिठाई
mityaayo,मित्यायो
mix,मिक्स
mobile,मोबाइल
mobile,मोबाईल
mobilemaa,मोबाइलमा
mod,मोड
model,मोडेल
modern,मोडर्न
modi,मोदी
modified,मोडिफाइड
modlai,मोडलाई
mohara,मोहारा
moisturizer,मोइश्चराइजर
moka,मोका
moment,मोमेन्ट
momo,मोमो
momos,मोमोज
monitor,निगरानी
monitoring,निगरानी
monitoring,मोनिटरिङ
monthly,मन्थली
mood,मूड
mop,मप
morning,मर्निङ
morning,मोर्निंग
morning,मोर्निङ
morning,मोर्निङ्
mosquito,मस्किटो
motivate,मोटिभेट
motive,मोटिभ
moto,मोटो
motor,मोटर
motor,मोटरको
motorcycle,मोटरसाइकल
motorko,मोटरको
motorle,मोटरले
movement,मुभमेन्ट
movie,मुभी
mrig,मृग
mrityu,मृत्यु
mrityulai,मृत्युलाई
mudda,मुद्दा
muddaa,मुद्दा
muddaharuko,मुद्दाहरूको
mudra,मुद्रा
mugu,मुगु
muh,मुख
muhar,मुहर
muhar,मुहार
mukaako,मुकाको
mukako,मुकाको
mukh,मुख
mukha,पछि
mukha,मुख
mukhaa,मुख
mukhadaa,मुखडा
mukhya,मुख्य
mukhyamantri,मुख्यमन्त्री
mukhyatya,मुख्यतया
muktinath,मुक्तिनाथ
mul,मूल
mula,मुला
mulya,मुल्य
muna,मुन
munafaa,मुनाफा
muqam,मुकाम
murkha,मूर्ख
murkhatapan,मूर्खतापन
muscles,मसल्स
museum,म्युजियम
music,म्युजिक
muskaan,पनि
muskaaudai,मुस्काउँदै
muskurahat,मुस्कुराट
muskuraunai,मुस्कुराउनै
muskurayo,मुस्कुरायो
mustang,मुस्ताङ
myosin,मायोसिन
na,न
na,ना
naa,न
naaash,नास
naaatedaarsanga,नातेदारसँग
naach,नाच
naachna,नाच्न
naagrikta,नागरिकता
naahi,नाही
naak,नाक
naalo,नालो
naam,नाम
naamak,नामक
naangai,नाङ्गै
naara,नारा
naasdai,नाच्दै
naatak,नाटक
naaune,नाउने
naaya,नाया
naaya,नायाँ
naayaa,नयाँ
naayaa,नायाँ
nabbe,नब्बे
nabhanako,नभनको
nabhaye,नभए
nabirsinu,नबिर्सिनु
nabola,नबोल
nachdo,नच्दो
nacheka,नाचेका
nacheko,नाचेको
nachiraheki,नाचिरहेकी
nachna,नाच्न
nadhohoryaune,नदोहोर्याउने
nadi,गण्डकी
nadi,नदी
nadi,नदीको
nadi,मर्स्याङ्दी
nadidaa,नदिँदा
nadikinaarko,नदीकिनारको
nadikinara,नदीकिनारा
nadiko,नदीको
nadimathi,नदीमाथि
nadina,नदिन
nagara,नगर
nagarai,नगरै
nagarda,नगर्दा
nagardaa,नगर्दा
nagare,नगर
nagareko,नगरेको
nagarera,नगरेर
nagari,नगरी
nagarik,नागरिक
nagarikan,नगरीकन
nagarikana,नगरिकन
nagarikko,नागरिकको
nagariklaai,नागरिकलाई
nagarkot,नगरकोट
nagarne,नगर्ने
nagarnu,नगर्नु
nagarnuhos,नगर्नुहोस्
nahaaera,नहाएर
nahaayera,नुहाएर
nahaidinu,नहाइदिनु
nahaune,नहाउने
nahichkichaaunuhos,नहिचकिचाउनुहोस्
nahuda,नहुँदा
nai,नै
nain,नाइँ
naitik,दायित्वहरू
naitik,नैतिक
najaaneko,नजानेको
najar,नजर
najik,नजिक
najikai,नजिकै
najikidaa,नजिकिँदा
najikko,नजिकको
najuk,नाजुक
nakara,नकरा
nakasilai,नकसीलाई
nakhatyaaunu,नखत्याउनु
naksha,नक्शा
naliko,नालीको
nalukaaunu,नलुकाउनु
namama,नाममा
namaskar,नमस्कार
namaste,नमस्ते
namkaran,नामकरण
namra,नम्र
namrataa,नम्रता
namuna,नमुना
namuuna,नमुना
nap,नाप
napaayera,नपाएर
napareko,नपरेको
napayera,नपाएर
nara,नारा
naramro,नराम्रो
narayanhiti,नारायणहिटी
narikela,नरिवेला
narikelaaam,नरिवेलाआम
narikelakathal,नरिवेलाकटहल
narishyos,नरिस्यओस्
narishyos,नरिस्योस
narou,नरोऊ
nasakera,नसकेर
nash,नाश
nashta,नास्ता
nasta,नास्ता
nata,नता
nateeja,नतीजा
nathiyo,नथियो
natiijaa,नतीजा
national,नेशनल
national,र
national,राष्ट्रिय
natra,नत्र
natural,नेचुरल
nau,नौ
naukarile,नौकरीलै
naulo,नौलो
nawineekarana,नबिनीकरण
nawinikaran,नबिनीकरण
naya,नया
naya,नयाँ
nayaa,नया
nayaa,नयाँ
nayaakaa,नयाँका
nayapul,नयापुल
neatly,निट्ली
necessary,नेसेशरी
neelo,नीलो
nekapa,नेकपा
nekpa,नेकपा
nemwang,नेम्वाङ
nepaal,नेपाल
nepaalko,नेपालको
nepaalma,नेपालमा
nepal,नेपाल
nepalaki,नेपालकी
nepalganj,नेपालगञ्ज
nepalgunj,नेपालगन्ज
nepali,नेपाली
nepalkaa,नेपालका
nepalko,नेपालको
nepalma,नेपालमा
nepalmaa,नेपालमा
nepathyaa,नेपथ्य
nepathyaa,नेपथ्या
neta,नेता
netaa,नेता
netaaharuko,नेताहरूको
netritwa,नेतृत्व
netritwa,नेतृत्वको
network,नेटवर्क
new,नयाँ
new,न्यु
new,न्युव
new,न्यू
newari,नेवारी
news,अपडेट
news,न्युज
news,न्यूज
newspaper,न्युजपेपर
newspaper,न्यूजपेपर
newspaper,न्यूसपेपर
newspaper,न्यूस्पेपर
ni,नि
nibaai,निभाइ
nibhayo,निभायो
nichorera,निचोरेर
nida,निदै
nidaaye,निदाएँ
nidai,निदै
nidhaaera,निदाएर
nidra,निद्रा
nidraa,निद्रा
nidraa,पढ्दै
nidraalos,निद्रालोस्
nidwan,निद्वान
night,नाइट
nihit,निहित
nikaaldai,निकाल्दै
nikaalera,निकालेर
nikaalna,निकाल्न
nikaalyo,निकाल्यो
nikalchha,निकाल्छ
nikaldai,निकाल्दै
nikale,निकाले
nikaleko,निकालेको
nikaliraakhey,निकालिराखे
nikalna,निकाल्न
nikalna,निक्लन
nikalne,निक्लने
nikalnu,निकाल्नु
nikalyo,निकाल्यो
nikleka,निक्लेका
niklen,निक्लेँ
niklinchhu,निस्किन्छु
nikunja,निकुञ्ज
nilgiri,निल्गिरी
nilo,निलो
nimna,निम्न
nimtyauchha,निम्त्याउँछ
nimtyauchhan,निम्त्याउँछन्
nindra,निद्रा
nindra,निन्द्रा
nindraa,निन्द्रा
ninjaa,निन्जा
niraaloko,निरालोको
niraash,निराश
nirabhara,निर्भर
nirantar,निरन्तर
nirantarta,निरन्तरता
nirbachan,निर्वाचन
nirdaya,निर्णय
nirdeshakle,निर्देशकले
nirdeshan,निर्देशन
nirdeshanmaa,निर्देशनमा
nirdharit,निर्धारित
nirmaan,निर्माण
nirman,निर्माण
nirnay,निर्णय
nirnaya,निर्णय
nirnayak,निर्णायक
nirwaachan,निर्वाचन
nirwaachit,निर्वाचित
nirwachan,निर्वाचन
nischal,निश्चल
nischaya,निर्णय
nischaya,निश्चय
nischit,निश्चित
nishulka,निशुल्क
niskana,निस्कन
niskanchha,निस्कन्छ
niskeko,निस्केको
niskera,निस्केर
niskidaa,निस्किँदा
niskina,निस्किन
niskinchha,निस्किन्छ
niskinubhayeko,निस्किनुभएको
niskiyau,निस्कियौ
niskiye,निस्किएँ
niti,निति
niti,नीति
niti,मा
nitisammaa,नीतिसम्म
niyam,नियम
niyamale,नियमनले
niyaman,नियमन
niyaman,विनियमन
niyamharu,नियमहरू
niyamharuko,नियमहरूको
niyamit,नियमित
niyamle,नियमले
niyantran,नियन्त्रण
niyantranma,नियन्त्रणमा
niyantranmaa,नियन्त्रणमा
niyantrit,नियन्त्रित
niyatibadbata,नियतिवादबाट
niyatibadi,नियतिवादी
niyukta,नियुक्त
nokar,नोकर
noodlesveg,नूडल्सभेग
north,नर्थ
note,नोट
notebook,नोटबुक
notes,नोट्स
noticeable,नोटिसेबल
notification,नोटिफिकेशन
nu,नु
nuhayera,नुहाएर
number,नम्बर
nun,नुन
nun,नून
nuptse,नुप्त्से
nurse,नर्स
nutrient,न्युट्रियन्ट
nutrition,न्यूट्रिशन
nyaano,न्यानो
nyaaura,न्याउरा
nyaaya,न्याय
nyay,न्याय
nyaya,न्याय
nyayalaya,न्यायालय
nyu,न्यु
nyun,न्युन
observation,अब्जर्भ
observation,अब्जर्भेशन
october,अक्टोबर
odhna,ओढ्न
odhni,ओढनी
off,अफ
office,अफिस
office,अफिसमा
officeko,अफिसको
officemaa,अफिसमा
official,अफिसियल
officially,रूपमा
offseason,मा
oh,ओह
oilko,ओलीको
old,ओल्ड
old,पुरानो
oli,ओली
omelette,ओम्लेट
omelettebread,ओम्लेटब्रेड
on,ओन
oncogenharuko,ओन्कोजीनहरूको
online,अनलाइन
online,अनलाईन
online,एडिशन
opening,ओपनिङ
operate,सञ्चालन
opinion,अपिनियन
opinion,ओपिनियन
opportunity,अपर्चुनिटी
opportunity,हरु
optimize,अप्टिमाइज
optimize,ओप्टिमाइज
option,अप्सन
order,अर्डर
organic,अर्गानिक
organically,अर्गानिकल्ली
organization,संगठनमा
organize,अर्गनाइज
organize,अर्गनाईज
ota,ओटा
otter,ओटर
otterharule,ओटरहरूले
otterlai,ओटरलाई
otterle,ओटरले
ottersanga,ओटरसँग
outdoor,आउटडोर
outfit,आउटफिट
outreach,प्रयास
oxidationko,अक्सीकरणको
oxidative,अक्सिडेटिभ
oxygen,अक्सिजन
oyu,ओयु
paaanch,पाँच
paaayo,पायो
paach,पाँच
paachhi,पछि
paachhi,पाछि
paaeko,पाएको
paaepachha,पाएपछा
paagal,पागल
paai,पाइ
paaila,पाइला
paaina,पाइनँ
paainaa,पाइन
paainadaina,पाइनदैन
paainchha,पाइन्छ
paaine,पाइने
paakhera,पर्खेर
paalchha,पाल्छ
paalechan,पालेछन्
paali,पाली
paana,पाना
paanaadekhi,पानादेखि
paanch,पाँच
paanchau,पाँचौं
paani,पनि
paani,पनी
paani,पानी
paanile,पानीले
paar,पार
paareka,पारेका
paareko,पारेको
paaryo,पार्यो
paas,पास
paataal,पटाल
paatha,पाठ
paathayeko,पठाएको
paathshalaamaa,पाठशालामा
paathyakram,पाठ्यक्रम
paathyangaa,पाठ्याङ्गा
paatti,पाट्टी
paau,पाउ
paaudaina,पाउँदैन
paaudina,पाउदिन
paauna,पाउन
paaunaa,पाउन
paaunchha,पाउँछ
paaunchha,पाउन्छ
paaunchhan,पाउँछन्
paaunchhau,पाउँछौ
paaunchhau,पाउँछौँ
paaunchhaum,पाउन्छौं
paaunchhaun,पाउँछौं
paaunchhu,पाउँछु
paaunechaina,पाउनेछैन
paaunechha,पाउनेछ
paaunee,पाउनी
paauney,पाउने
paayau,पायौ
paayaum,पायौं
paayaun,पायौं
paaye,पाए
paayeka,पाएका
paayeko,पाएको
paayena,पाएन
paayenau,पाएनौ
paayera,पाएर
paayesi,पाएसी
paayina,पाइन
paayo,पाए
paayo,पायो
pachanna,पचन्न
pachchhi,पछि
pachchis,पच्चिस
pachhaari,पछारी
pachhadi,पछाडि
pachhako,पछाको
pachhi,अन्तिम
pachhi,पछि
pachi,पछि
pack,प्याक
padaaechha,पढाएछ
padaau,पडाउ
padanukram,पदानुक्रम
padarthako,पदार्थको
padarthale,पदार्थले
paddhati,पद्धति
pade,पडें
pade,पढेँ
padeko,पढेको
padhaai,पढाई
padhaaimaa,पढाइमा
padhaainthyo,पढाइन्थ्यो
padhaauchha,पढाउछ
padhaaudaa,पढाउदै
padhaaunchan,पढाउँछन्
padhaaundainan,पढाउँदैनन्
padhaaunechhu,पढाउनेछु
padhaaunlaa,पढाउनला
padhaayera,पढाएर
padhai,पढाइ
padhai,पढाई
padhaidai,पढैदै
padhaudaa,पढाउदा
padhchhau,पढ्छौ
padhchhu,पढ्छु
padhda,पढ्दा
padhda,हेर्दा
padhdaa,किताब
padhdaa,पढ्दा
padhdai,पढ्दा
padhdai,पढ्दै
padhdaina,पढ्दैन
padhe,पढे
padheka,पढेका
padheko,पढेको
padhera,पढेर
padheray,पढेरै
padhine,पढिने
padhiraakheko,पढिराखेको
padhirako,पढिराको
padhna,पढ्न
padhnai,पढ्नै
padhne,पढ्ने
padhney,पढ्ने
padhnu,पढ्नु
padhnubhayo,भयो
padhyo,पढ्यो
padhyo,पढ्यौ
padyo,पढ्यो
paera,पाएर
pagal,पगल
page,पेज
pahaad,पहाड
pahaadhko,पहाडको
pahaadhma,पहाडमा
pahad,पहाड
pahadi,पहाडी
pahadko,पहाडको
pahalama,पहलमा
pahari,पहारी
paheelo,पहिलो
pahela,पहिला
pahelan,पहेलन
pahelo,पहेंलो
pahichaan,पहिचान
pahichan,पहिचान
pahila,पहिला
pahilai,पहिलै
pahile,पहिले
pahilei,पहिले
pahileko,पहिलेको
pahilo,पहिलो
pahina,पहिना
pahunch,पहुँच
pahunchaharu,पहुँचाहरु
paiena,पाइएन
paiina,पाइन
paila,पैला
pain,पेन
painchha,पैन्छ
paine,पाइने
painechha,पाइनेछ
painsatthi,पाइन्सट्ठि
painsatthi,पैंसठ्ठी
paintalis,पैंतालीस
paisa,पैसा
paisaa,पैसा
paitrik,पैतृक
paiyena,पाइएन
paiyo,पाइयो
pajama,पायजामा
pakaa,पक्का
pakaairaheki,पकाइरहेकी
pakaako,पकाएको
pakaauda,पकाउदा
pakaaudai,पकाउँदै
pakaauna,पकाउन
pakaaunaa,पकाउँदा
pakaaunchhu,पकाउँछु
pakaaundaa,पकाउँदा
pakaaune,पकाउने
pakaaunmaa,पकाउनमा
pakaaunu,पकाउनु
pakaayau,पकायौ
pakaayera,पकाएर
pakad,पकड
pakaera,पकाएर
pakako,पकाको
pakauda,पकाउँदा
pakauna,पकाउन
pakaune,पकाउने
pakauney,पकाउने
pakayeka,पकाएका
pakdauna,पक्दाउन
pakdina,पक्दिन
pakh,पाख
pakhaaladaa,पखालदा
pakhaawaj,पखावज
paki,पाकी
pakka,पक्का
pakkaa,पक्का
pakkai,पक्कै
pakna,पक्न
pakoda,पकोडा
pakodasamosa,पकोडासमोसा
pakora,पकोरा
paksh,पक्ष
paksha,पक्ष
pakshaharu,पक्षहरू
pakshaharuko,पक्षहरूको
pakshaharulai,पक्षहरूलाई
pakshi,पक्षी
pakshya,पक्ष्य
pakwaan,पकवान
pakwan,पकवान
pakyo,पक्यो
pal,पल
palan,पालन
palana,पालन
palanalaai,पालनालाई
pale,पेल
palestinee,प्यालेस्टिनी
palestineeharuko,प्यालेस्टिनीहरूको
pali,पलि
pali,पाली
palta,पल्ट
paltidine,पल्टिदिने
palungo,पलुंगो
pan,पान
panch,पञ्च
panch,पाँच
panchhi,पंछी
panchhi,पन्छी
panda,पान्डा
pandhra,पन्ध्र
pandit,पन्डित
panel,प्यानल
pani,अफसिजन
pani,एक्टिभिटी
pani,जोडिरहेको
pani,पनि
pani,पनी
pani,पानि
pani,पानी
paniko,पानिको
panitira,पानीतिर
panja,पञ्जा
panja,पन्जा
panna,पन्ना
pant,प्यान्ट
paos,पाओस्
paper,पेपर
papers,पेपर्स
par,पार
para,पर
paraajit,पराजित
parachau,पराछौ
parachhu,परछु
paralokma,परलोकमा
parampara,परम्परा
paramparaa,परम्परा
paramparaagat,परम्परागत
paramparaako,परम्पराको
paramparagat,परम्परागत
paratha,पराठा
parathacurd,पराठादही
parauchhu,पराउँछु
paraune,पराउने
parcha,पर्छ
parchan,पार्छन्
parchha,पर्छ
parchha,पार्छ
parchhau,पर्छौ
parda,पर्दा
pardachha,पर्दछ
pardachha,पार्दछ
pardai,पार्दै
pardaina,पर्दैन
pardena,परेन
pare,परे
pareko,परेको
parena,परेन
parepachhi,परेपछि
parepachi,परेपछि
parera,परेर
parera,पारेर
parey,परे
parhna,पढ्न
pari,परि
paribaarlaaii,परिवारलाई
paribarlai,परिवारलाई
paribarsanga,परिवारसँग
paribartan,परिवर्तन
paribartit,परिवर्तित
paribesh,परिवेश
paribhasit,परिभाषित
parichay,परिचय
parichaya,परिचय
parikalpana,परिकल्पना
parikalpanaharu,परिकल्पनाहरू
parikrama,परिक्रमा
pariksha,परीक्षा
parikshaa,परीक्षा
parikshan,परीक्षण
parikshya,परीक्षा
parinaam,परिणाम
parinam,परिणाम
parinata,परिणत
paripakva,परिपक्व
paripekshama,परिप्रेक्ष्यमा
paripekshya,परिप्रेक्ष्य
pariraachha,परिराछ
pariraakhchha,परिराख्छ
pariraakheko,परिराखेको
pariraakhekoale,परिराखेकोले
pariraako,परिरहेको
parirachha,छ
parirahanechha,परिरहनेछ
parirahanechha,पर्रैहानेछ
pariraheko,परिरहेको
parirahiyo,थियो
parisakeko,परिसकेको
pariskrit,परिष्कृत
paristhiti,परिस्थिति
parivaar,परिवार
parivar,परिवार
parivartan,परिवर्तन
pariwaar,परिवार
pariwaarmaa,परिवारमा
pariwar,परिवार
pariwarharuma,परिवारहरूमा
pariwartan,नीति
pariwartan,परिवर्तन
pariwartanharu,परिवर्तनहरू
pariwartankari,परिवर्तनकारी
pariwartanlai,परिवर्तनलाई
pariwartanle,परिवर्तनले
park,निकुञ्ज
park,पार्क
park,पार्कमा
parkhaai,पर्खाई
parkhaalmaa,पर्खालमा
parkheko,पर्खेको
parkhnai,पर्ख्नै
parkmaa,पार्कमा
parla,पर्ला
parna,पर्न
parna,पार्न
parne,परेको
parne,पर्ने
parne,पार्ने
parne,भएर
parney,पर्ने
parnuhunchha,पार्नुहुन्छ
parsi,पर्सि
parthiyo,पर्थियो
parthyo,पर्थ्यो
participate,पार्टिसिपेट
party,पार्टी
party,वर्करहरूले
partyile,पार्टीले
parvat,पर्वत
parvatale,पर्वतले
parwa,पर्व
paryaa,पर्‍यौँ
paryaawaran,पर्यावरण
paryapta,पर्याप्त
paryatak,पर्यटक
paryatan,पर्यटन
paryo,पर्छ
paryo,पर्यो
paryo,पर्‍यो
pasal,पसल
pasal,पासल
pasaldaar,पसलदार
pasalmaa,पसलमा
paschim,पश्चिम
pashupalan,पशुपालन
pashupatinath,पशुपतिनाथ
pasinaa,पसिना
pass,पास
password,पासवर्ड
pasta,पास्ता
paswad,पासवर्ड
patak,पटक
patanbata,पतनबाट
path,पथ
path,पाठ
path,पाथ
pathaaeka,पठाएका
pathaaeko,पठाएको
pathaau,पठाउ
pathaauna,पठाउन
pathaayeka,पठाएका
pathaayo,पठायो
pathai,पठाइ
pathaideu,पठाइदेउ
pathaidiyeko,पठाइदिएको
pathaklai,पाठकलाई
pathau,पठाऊ
pathauna,पठाउन
pathayau,पठायौ
pathayeko,पठाएको
paththar,पठ्ठर
pati,पति
patient,पेशन्ट
patki,पट्कि
patra,पत्र
patrika,पत्रिका
patrika,पत्रिकाले
patta,पत्ता
patta,पाठ
patta,पात
patti,पाट्टी
pattyaaina,पत्याइन
pattyaaundai,पत्याउँदै
pattyaaundaina,पट्ट्याउँदैन
pattyaaundaina,पत्याउँदिन
pattyaaundaina,पत्याउँदैन
pattyaaundaina,भने
pattyaaundainan,पत्याउँदैनन्
pattyaaundina,पत्याउँदिन
patyaauna,पत्याउन
patyaaunu,पत्याउनु
patyaauthyau,पत्याउथ्यौ
pauchha,पाउँछ
pauchhu,पाउँछु
pauchhu,पाउछु
pauda,पाउँदा
paudaa,पौधा
paudai,पाउँदै
paudel,पौडेल
paudha,पाढा
paudha,पौधा
paudi,पौडी
paul,पॉल
pauna,पाउन
paunchha,पाउँछ
paunchhan,पाउन्छन्
paunchhu,पाउँछु
paunchhu,पाउन्छु
paune,पाउने
paunechha,पाउनेछ
paunu,पाउनु
paurani,पौरानी
paxi,पछि
payau,पायौँ
paye,पाए
paye,पाएँ
payeko,पाएको
payena,पाएन
payment,पेमेन्ट
payo,पायो
ped,रुख
pehchaan,पहिचान
pen,पेन
percentage,पर्सेन्टेज
perda,पर्दा
perfect,परफेक्ट
perfect,पर्फेक्ट
perform,परफर्म
performance,परफर्मेन्स
performance,पर्फर्मेन्स
performer,परफर्मर
permanently,परमानेन्ट्ली
permission,पर्मिसन
permit,परमिट
personal,पर्सोनल
perspective,पर्सपेक्टिभ
pesh,पेश
peshaagat,पेशागत
peshamaa,असर
pet,पेट
petrol,पेट्रोल
phaadnu,फाड्नु
phaagun,फागुन
phaailiyo,फैलियो
phaalna,फाल्न
phaarar,फारर
phaarkera,फर्केर
phadko,फड्को
phagwa,फागुवा
phailaaune,फैलाउने
phailey,फैलियो
phailinchha,फैलिन्छ
phal,फल
phaldainachha,फल्दैनछ
phaleyeko,फलेएको
phalphuul,फलफूल
pharak,फरक
pharkana,फर्कन
pharkanchau,फर्कन्छौ
pharkanchhan,फर्कन्छन्
pharkanchhu,फर्कन्छु
pharkayeko,फर्काएको
pharkera,फर्केर
pharkeraa,फर्केर
pharkida,फर्कँदा
pharkidai,फर्किदै
pharkina,फर्किन
pharkinchha,फर्किन्छ
pharkinchhan,फर्किन्छन्
pharkinchhau,फर्किन्छौ
pharkinu,फर्किनु
pharkirahau,फर्किरहौ
pharkiyau,फर्कियौ
pharkiye,फर्किए
phasl,फसल
pheasant,फिजन्ट
phelaayepachi,फैलाएपछि
pherera,फेरेर
pheri,फेरि
pheri,फेरी
phir,फिर्ता
phohar,फोहर
phone,फोन
phonma,फोनमा
phool,फूल
phosphorylationko,फोस्फोरिलेसनको
photo,फोटो
photography,फोटोग्राफी
phul,फुल
phul,फूल
phulbaari,फुलबारी
phulera,फुलेर
phulharu,फुलहरू
phulharu,फूलहरू
phulharuko,फूलहरुको
phulharuko,फूलहरूको
phulharulaai,फूलहरूलाई
phulne,फुल्ने
phutda,फुट्दा
phuttaauna,फुटाउन
physical,फिजिकल
physically,फिजिकली
pi,पिउँ
piano,पियानो
pic,पिक
pichcho,पिच्छो
pichhayadiyena,पिछाडिदिएन
pick,पिक
pickle,पिकल
picnic,पिकनिक
picture,पिक्चर
pictures,पिक्चर्स
pida,पीडा
pidaa,पिडा
pidhi,पिढी
piera,पिई
piera,पिएर
pihera,पिएर
pikchar,पिक्चर
pinu,पिउनु
piro,पिरो
pisaab,पिसाब
pitch,पिच
pith,पिठ
pittako,पित्तको
pittoo,पिट्टो
piuda,पिउँदा
piudai,पिउँदै
piuna,पिउन
piyaaudaa,पिउँदा
piye,पिए
piye,पिएको
piyera,पिएर
piyera,पियेर
pizza,पिज्जा
pizzapasta,पिज्जापास्ता
plan,प्लान
plan,सार्वजनिक
plank,प्लैंक
planmaa,प्लानमा
planning,प्लानिङ
planning,मा
plant,प्लान्ट
plant,संयत्र
plantation,र
plates,प्लेट्स
platform,प्लेटफर्म
player,प्लेयर
playground,प्लेग्राउण्ड
playground,प्लेग्राउन्ड
playlist,प्लेलिस्ट
please,प्लिज
po,पो
pochhdai,पुछ्दै
pocket,पकेट
podcast,पोडकास्ट
poem,पोएम
poetry,पोएट्री
poha,पोहा
pohor,पोहोर
pokhara,पोखरा
pokhari,पोखरी
pokhi,पोखी
poles,पोल्स
police,पुलिस
policy,पॉलिसी
policy,मा
politburo,केन्द्रको
political,पॉलिटिकल
political,पोलिटिकल
political,राजनीतिक
politics,पोलिटिक्स
pollution,स्रोत
pooja,पूजा
pool,पुल
pool,पूल
poon,पून
poora,पूरा
poorna,पूर्ण
poornaa,पूर्णा
popcorn,पपकर्न
popular,पपुलर
portar,पोर्टर
porter,पोर्टर
poshanmaa,पोषणमा
positive,पोजिटिभ
post,पोस्ट
posta,पोष्ट
poster,पोस्टर
postpone,पोस्टपोन
posture,पोस्चर
pothole,पोथोल
pots,पोट्स
poush,पुष
power,पावर
powered,पावर्ड
powerful,पावरफुल
praachin,प्राचिन
praadesh,प्रदेश
praakritik,प्राकृतिक
praanshansa,प्रांशंसा
praapt,प्राप्त
praapta,प्राप्त
praayah,प्रायः
praayojita,प्रायोजित
prabandha,प्रबन्ध
prabessh,प्रवेश
prabhaab,प्रभाव
prabhatpheri,प्रभातफेरी
prabhav,प्रभाव
prabhavaharuko,प्रभावहरूको
prabhavharulai,प्रभावहरूलाई
prabhavit,प्रभावित
prabhavkari,प्रभावकारी
prabhavlai,प्रभावलाई
prabhavshali,प्रभावशाली
prabhaw,प्रभाव
prabhutwa,प्रभुत्व
prabhutwako,प्रभुत्वको
prabidhik,प्राविधिक
prachaar,प्रचार
prachalit,प्रचलित
prachanda,प्रचण्ड
prachar,प्रसार
pracharya,प्राचार्य
prachhaar,प्रचार
prachin,प्राचीन
practical,प्र्याक्टिकल
practice,प्राक्टिस
practice,प्रैक्टिस
practice,प्र्याक्टिस
pradan,प्रदान
pradarshan,प्रदर्शन
pradarshanmaa,प्रदर्शनमा
pradesh,प्रदेश
pradhan,प्रधान
pradhanamantri,प्रधानमन्त्री
pradhananyaayadheesh,प्रधानन्यायाधीश
pragati,तथा
pragati,प्रगति
pragatiharuko,प्रगतिहरूको
pragatiko,प्रगतिको
pragatima,प्रगतिमा
pragmatic,व्यवहारिक
prajaako,प्रजाको
prakaar,प्रकार
prakaash,प्रकाश
prakaashit,गर्न
prakaashit,प्रकाशित
prakar,प्रकार
prakarka,प्रकारका
prakarko,प्रकारको
prakash,प्रकाश
prakat,प्रकट
prakriti,प्रकृति
prakritiko,प्रकृतिको
prakritilai,प्रकृतिलाई
prakriya,प्रक्रिया
prakriyaharu,प्रक्रियाहरू
prakriyaharulai,प्रक्रियाहरूलाई
prakriyaharule,प्रक्रियाहरूले
prakriyako,प्रक्रियाको
praman,प्रमाण
pramanikaran,प्रमाणीकरण
pramukh,प्रमुख
pranile,प्राणीले
prapak,प्राप्तकर्ता
prapta,प्राप्त
prarambhik,प्रारम्भिक
prarthana,प्रार्थना
prasaad,प्रसाद
prasaaran,प्रसारण
prasanna,प्रसन्न
prashaasak,प्रशासक
prashaasanik,प्रशासनिक
prashan,प्रश्न
prashansa,प्रशंसा
prashikshan,मा
prashikshan,राम्रो
prashna,प्रश्न
prashnakarta,प्रश्नकर्ता
prasiddha,प्रसिद्ध
prasna,प्रश्न
prastaab,प्रस्ताव
prastaar,प्रस्तार
prastaav,प्रस्ताव
prastav,प्रस्ताव
prastaw,प्रस्ताव
prastut,प्रस्तुत
prasuti,प्रसूति
pratek,प्रत्येक
prathama,प्रथम
prathamik,प्राथमिक
prathamikatale,प्राथमिकताले
prati,प्रति
pratibaddhata,प्रतिबद्धता
pratibhaa,प्रतिभा
pratichchhedanma,विशेष
pratidin,प्रत्येक
pratigyako,प्रतिज्ञाको
pratikaar,प्रतिकार
pratikriya,प्रतिक्रिया
pratikriyaharuko,प्रतिक्रियाहरूको
pratiksha,प्रतिक्षा
pratilipi,प्रतिलिपि
pratinidhi,प्रतिनिधि
pratipaadit,प्रतिपादित
pratirodh,प्रतिरोध
pratirodhko,प्रतिरोधको
pratispardha,प्रतिस्पर्धा
pratistha,प्रतिष्ठा
pratiспardhaa,प्रतिस्पर्धा
pratyaksh,प्रत्यक्ष
pratyek,प्रत्येक
pravesh,प्रवेश
pravriti,प्रवृत्ति
prawaasi,प्रवासी
prawes,प्रवेश
prayaas,गरिरहेको
prayaas,प्रयास
prayah,प्रायः
prayas,प्रयास
prayaslai,प्रयासलाई
prayasma,प्रयासमा
prayog,प्रयोग
prayogatmak,प्रयोगात्मक
prayoglai,प्रयोगलाई
pregnant,प्रेग्नेन्ट
prem,प्रेम
premiere,प्रिमियर
preparation,प्रिपरेशन
prepare,तयार
prepare,प्रिपेर
prerana,प्रेरणा
prerit,प्रेरित
prernaa,प्रेरणा
presence,प्रेजेन्स
present,प्रेजेन्ट
presentation,प्रेजेन्टेशन
pressure,प्रेशर
pressure,प्रेसर
prevention,प्रिभेन्सन
preview,प्रिभ्यु
price,प्राइस
prioritize,प्रायोरिटाइज
priority,प्रायोरिटी
prithviko,पृथ्वीको
prithvima,पृथ्वीमा
prithvisanga,पृथ्वीसँग
privacy,प्राइभेसी
privacy,प्राईभेसी
priyanka,प्रियंका
problem,प्राब्लेम
problem,प्रॉब्लेम
problem,प्रोब्लेम
process,प्रक्रिया
process,प्रोसेस
proclamation,जारी
produce,प्रोड्युस
producer,प्रोड्युसर
production,प्रोडक्शन
productivity,प्रोडक्टिभिटी
profail,प्रोफाईल
professional,प्रोफेसनल
profile,प्रोफाइल
profile,प्रोफाईल
profit,प्रफिट
program,चलिरहेको
program,प्रोग्राम
programming,प्रोग्रामिङ
programs,प्रोग्राम्स
progress,प्रोग्रेस
project,प्रोजेक्ट
projekte,प्रोजेक्टले
promosan,प्रोमोसन
proper,प्रोपेर
proposal,प्रपोजल
protect,प्रोटेक्ट
protection,प्रोटेक्शन
protein,प्रोटिन
proteinharu,प्रोटीनहरू
proteinle,प्रोटीनले
protest,प्रोटेस्ट
protestant,ईसाई
protocol,प्रोटोकल
proton,प्रोटोन
protonharu,प्रोटोनहरू
protsahit,प्रोत्साहित
provide,प्रोभाइड
prusthbhumi,पृष्ठभूमि
public,र
public,सुनुवाइ
publications,पब्लिकेशन्स
puchhar,पुच्छर
pugaauchau,पुगाउछौ
pugaauna,पुगाउन
pugaaunchha,पुगाउँछ
pugaaunmaa,पुगाउनमा
pugaaunu,पुगाउनु
pugaayeko,पुगाएको
pugaayera,पुगाएर
pugaune,पुग्ने
pugayepaachhi,पुगएपछि
pugchau,पुग्छौ
pugchha,पुग्छ
pugchhau,पुग्छौ
pugda,पुग्दा
pugdaina,पुग्दैन
puge,पुगे
pugechha,पुगेछ
pugeka,पुगेका
pugeko,पुगेको
pugena,पुगेन
pugepachhi,पुगेपछि
pugera,पुगेर
pugirahau,पुगिरहौ
pugiyo,पुगियो
pugla,पुग्ला
pugna,पुग्न
pugne,पुग्ने
pugnu,पुग्नु
pugnuparchha,पुग्नुपर्छ
pugyo,पुग्यो
puja,पूजा
pujaa,पूजा
pul,पुल
pulau,पुलाउ
puna,पुनः
punah,पुन
punah,पुनः
punarabalokan,पुनरावलोकन
punarnirmaan,पुनर्निर्माण
punchha,पुन्छ
pura,पुरा
pura,पूरा
puraa,पुरा
puraa,पूरा
puraai,पुराई
puraanaa,पुराना
puraani,पुरानी
puraano,पुराना
puraano,पुरानो
purai,पुरै
purak,पूरक
purana,पुराना
puranai,पुरानै
purano,पुरानो
purao,पुराो
pure,पुरै
puri,पुरी
purialoo,पुरीआलु
purkhaako,पुर्खाको
purkhaharuko,पुर्खाहरूको
purkhauli,पुर्खौली
purna,पूर्ण
purnarup,पूर्णरूप
puroona,पुराना
purwa,पूर्व
puryaae,पुर्याएँ
puryaaune,पुर्याउने
puryaudai,पुर्याउँदै
puryauna,पुर्‍याउन
puryaunchha,पुर्‍याउँछ
puryayo,पुर्‍यायो
push,पुश
pushtiko,पुष्टिको
pusta,पुस्त
pustaakaalaya,पुस्तकालय
pustaharuma,पुस्ताहरूमा
pustak,पुस्तक
pustaka,पुस्तक
pustakaalaya,पुस्तकालय
pustakaalayaa,पुस्तकालय
pustakaalayaamaa,पुस्तकालयमा
pustakalaya,पुस्तकालय
pustakko,पुस्तकको
pustakle,पुस्तकले
putali,पुतली
pyaara,प्यारा
pyatt,प्याट्ट
pyruvate,पाइरूभेट
qatar,कतारको
quality,कम
quality,क्वालिटी
quantum,क्वान्टम
question,क्वेश्चन
question,क्वेसन
quiet,क्वाइट
ra,इको
ra,इन्टरनेशनल
ra,एजुकेशन
ra,कम्युनिटी
ra,छ
ra,ढोका
ra,तथा
ra,यूथ
ra,र
ra,राणा
ra,वाटर
ra,व्यावसायिक
ra,सेल
ra,स्पोर्ट्स
raahaako,रहाको
raahadaani,राहदानी
raaj,राज
raaja,राजा
raajaa,राजा
raajakiya,राजकिय
raajako,राजाको
raajdhani,राजधानी
raajneetik,राजनीतिक
raajniti,राजनीति
raajnitik,राजनितिक
raajnitik,राजनीतिक
raajnitimaa,राजनीतिमा
raajtantra,राजतन्त्र
raakchhau,राख्छौ
raakhchha,राख्छ
raakhchhu,राख्छु
raakhdina,राख्दिन
raakhechha,राखेछ
raakheko,राखेको
raakhera,राखेर
raakheyka,राखेका
raakhirakheka,राखिरखेका
raakhiyeko,राखिएको
raakhiyera,राखियेर
raakhna,राख्न
raakhnu,राख्नु
raaknuparchha,राख्नुपर्छ
raamrai,राम्रै
raamro,राम्ररी
raamro,राम्रो
raanaa,राणा
raashtriya,राष्ट्रिय
raastriya,राष्ट्रिय
raat,रात
raatbhar,रातभर
raatbhari,रातभरि
raati,राति
raati,राती
raatiko,रातिको
raatmaa,रातमा
raato,रातो
raatobhaairo,रातोभैरो
raatriko,रात्रिको
rabi,रबि
rachana,रचना
rachanaamaa,रचनामा
rachna,रचना
rachnabid,रचनाविद्
rachnako,रचनाको
radhika,राधिका
radial,रेडियल
radio,रेडियो
ragat,रगत
rahada,रहँदा
rahana,रहन
rahanchha,रहन्छ
rahanchhau,रहन्छौ
rahanchhaun,रहन्छौं
rahanchhin,रहन्छिन्
rahanchu,रहन्छु
rahane,रहने
rahanechhan,रहनेछन
rahanechhu,रहनेछु
rahasya,रहस्य
rahasyamaya,रहस्यमय
rahat,राहत
rahdai,रहँदै
rahechha,रहेछ
rahechhan,रहेछन्
raheka,रहेका
raheko,रहेको
rahera,रहेर
rahim,रहिम्
rahos,रहोस्
rahunuhunchha,रहनुहुन्छ
rahyaun,रह्यौं
rahyo,रह्यो
raicha,रैछ
raichha,छ
raichha,रैछ
raichhau,रैछौ
railing,रेलिङ
raj,राज
rajdhani,राजधानी
rajniti,राजनिति
rajniti,राजनीति
rajnitik,राजनीतिक
rajtantra,राजतन्त्र
rajya,राज्य
rajyadwara,राज्यद्वारा
rajyako,राज्यको
rakchhu,राख्छु
rakh,राख
rakhchha,राख्छ
rakhchhan,राख्छन्
rakhchhe,राख्छे
rakhda,राख्दा
rakhdai,राख्दै
rakhe,राखे
rakheka,राखेका
rakheko,राखेको
rakhera,राखेर
rakhesubah,राखेबिहान
rakheкo,राखेको
rakhieko,राखिएको
rakhis,राखिस्
rakhna,राख्न
rakhne,राख्ने
rakhnu,राख्नु
rakhnuhunthiyo,राख्नुहुन्थ्यो
rakhyo,राख्यो
rakna,राख्न
raksha,गर्न
rakshalai,रक्षालाई
rakshi,रक्सी
rakshit,रक्षित
raktapat,रक्तपात
rally,र्याली
rally,र्‍याली
ramaailo,रमाइलो
ramaayilo,रमाइलो
ramailo,रमाइलो
ramaune,रमाउने
ramaye,रमाएँ
ramayilo,रमाइलो
ramchandra,रामचन्द्र
ramlai,रामलाई
ramle,रामले
ramra,राम्रा
ramrai,राम्रै
ramrari,राम्ररी
ramri,राम्री
ramro,भैरहेको
ramro,राम्रो
ramro,सँग
ramrosanga,राम्रोसँग
ramrosanga,राम्रोसंग
rana,शासन
ranabhat,रानाभाट
ranahari,रणहरि
rang,रङ
rang,रङ्ग
ranga,रङ्गा
rangeen,रंगीन
rangin,रंगिन
rangin,रङ्गीन
rango,रंगो
rara,मा
rara,रारा
ras,रस
rasayanik,रासायनिक
rashtrapati,राष्ट्रपति
rasta,रास्ता
rastako,राष्ट्रको
rastraharuko,राष्ट्रहरूको
rastrasanga,राष्ट्रसँग
rastriya,राष्ट्रिय
raswopa,रास्वपा
raswopa,रास्वपाले
rat,रात
rate,रेट
rati,राति
rati,राती
ratiko,रातिको
rato,रातो
ratoma,रातोमा
re,रे
readership,रिडरसिप
ready,रेडी
real,रियल
realistic,रियलिस्टिक
reality,रियालिटी
recent,रीसेंट
recipe,रेसिपी
recitation,रेसिटेशन
recommend,रिकमेन्ड
recommendation,रिकमेन्डेशन
record,रेकर्ड
recording,रेकर्डिङ
red,रेड
redirect,रिडाइरेक्ट
redox,रेडक्स
reference,रेफरेन्स
references,रेफरेन्सेस
refresh,रिफ्रेश
refrigerator,रेफ्रिजरेटर
region,रिजन
regular,नियमित
regular,मिटिङ
regular,रेगुलर
rehearsal,रिहर्सल
rekha,रेखा
rekhaharu,रेखाहरू
relatable,रिलटेबल
related,रिलेटेड
relax,रिलाक्स
relax,रिल्याक्स
release,रिलिज
reliable,रिलायेबल
relief,रिलिफ
religious,धार्मिक
remove,रिमुभ
renew,रिन्यु
renewable,रिन्यूएबल
repair,रिपेयर
repair,रिपेर
repayment,रिपेमेंट
reply,रिप्लाइ
reply,रिप्लाई
report,रिपोर्ट
report,रिपोर्टहरू
reptiles,रेप्टाइल्स
request,रिक्वेस्ट
research,रिसर्च
residence,रेजिडेन्स
respiratory,रेस्पिरेटरी
response,रेस्पोन्स
rest,रेस्ट
restaurant,रेस्टुरेन्ट
restore,रिस्टोर
result,नतिजा
result,रिजल्ट
resurfacing,रिसर्फेसिङ
retreat,हट्नु
revenue,राजश्व
review,रिभ्यु
review,रिव्यु
revise,रिभाइज
revision,रिभिजन
rhododendron,रोडोडेन्ड्रन
rhododendron,रोडोडेन्ड्रोन
rhythm,रिदम
rice,राइस
ricechicken,राइसचिकन
riceveg,राइसभेग
rich,रिच
ridge,रिज
ring,रिङ
ringharu,रिंगहरू
ris,रिस
risaaeko,रिसाएको
risaaera,रिसाएर
risaaunchhu,रिसाउँछु
risaayeka,रिसाएका
risaayera,रिसाएर
risaayo,रिसायो
risako,रिसाको
risauchha,रिसाउँछ
risauchhan,रिसाउँछन्
risayo,रिसायो
ritu,ऋतु
river,रिभर
riyaaz,रियाज
rl,आर
rna,आरएनए
road,रोड
robert,रोबर्ट
rodi,रोदन
rog,रोग
rogan,रोगन
roggarsta,रोगग्रस्त
roggrasta,रोगग्रस्त
rogharuko,रोगहरूको
rogko,रोगको
roglaai,रोगलाई
roj,रोज
rojaai,रोजाइ
rojai,रोजाइ
rojchhau,रोज्छौ
rojgaar,रोजगार
rojgaari,रोजगारी
rokeko,रोकेको
rokera,रोकेर
rokiepachhi,रोकिएपछि
rokiyena,रोकिएन
rokiyo,रोकियो
rokn,रोक्न
roknu,रोक्नु
roktam,रोकथाम
rokyeko,रोकेको
role,रोल
romantic,रोमान्टिक
rome,रोम
rooftop,रूफटप
room,रुम
room,रूम
roop,रूप
roopma,रूपमा
roopmaa,रूपमा
ropaako,रोपाको
rope,रोप
ropeko,रोपेको
ropera,रोपेर
ropne,रोप्ने
roraa,रोरा
rotation,रोटेशन
rotationko,रोटेशनको
rotdaina,रोद्दैन
roti,रोटी
rounder,राउन्डर
route,रुट
routine,रुटिन
routine,रुटीन
royal,घोषणा
roye,रोए
roye,रोएँ
royo,रोयो
rukh,रुख
rukh,रूख
rukha,रुख
rukhera,रुकेर
rukhharu,रुखहरू
rukum,रुकुम
rule,रुल
run,रन
run,सञ्चालन
running,रनिंग
running,रनिङ
rup,रूप
rupakko,रूपकको
rupantaran,रूपान्तरण
rupley,रुपले
rupma,रूपमा
ruprekha,रूपरेखा
rusakai,रुसकै
ruuma,रुमा
saabda,शब्द
saachetana,सचेतना
saachi,साँची
saacho,साँचो
saadhaaran,साधारण
saadhan,साधन
saaf,सफा
saahar,शहर
saahas,साहस
saahityik,साहित्यिक
saahro,साह्रो
saajha,साझा
saajhaa,साझा
saajhko,साँझको
saajilo,साजिलो
saakena,साकेन
saakshi,साक्षी
saal,साल
saalma,सालमा
saamaajik,सामाजिक
saamaan,सामान
saamaanley,सामानलै
saamagri,सामग्री
saaman,सामान
saanchoi,साँच्चै
saangai,साँगै
saanghai,साँघै
saanjh,साँझ
saanjha,साँझ
saanjhaamaa,साँझमा
saanjhamaa,साँझमा
saanjhko,साँझको
saanjhmaa,साँझमा
saano,सानो
saansadiiye,संसदीय
saanskaar,संस्कार
saanskrit,संस्कृत
saanskritik,सांस्कृतिक
saaraa,सारा
saaradaa,सारदा
saaraheka,सारहेका
saarai,सारै
saarhekaa,सार्हेका
saarko,सारको
saarna,सार्न
saaro,सारो
saat,सात
saath,साथ
saathe,साथे
saathey,साथे
saathi,साठी
saathi,साथी
saathi,साथीसँग
saathiharu,साथीहरू
saathiharusanga,साथीहरूसँग
saathile,साथिले
saathile,साथीले
saathisanga,साथीसँग
saathmaa,साथमा
saathmai,साथमै
saaune,साउने
saawdhani,सावधानी
sab,सब
saba,सब
saba,सबै
sabaai,सबै
sabaailai,सबैलाई
sabaaile,सबैले
sabaara,सबारा
sababhanda,सबैभन्दा
sabadhan,सावधान
sabadhanipurvak,सावधानीपूर्वक
sabai,सबै
sabaibhanda,सबैभन्दा
sabaiko,सबैको
sabailai,सबैलाई
sabailai,सबैलै
sabaile,सबैले
sabailey,सबैले
sabak,सबक
sabbhamukh,सभामुख
sabbhandaa,सबैभन्दा
sabd,शब्द
sabdama,शब्दमा
sabha,सभा
sabhaa,सभा
sabhaama,सभामा
sabhyata,सभ्यता
sabhyataharu,सभ्यताहरू
sabhyataharuma,सभ्यताहरूमा
sabji,सब्जी
sabun,साबुन
sabzi,सब्जी
sachai,सच्चाइ
sachchai,सच्चै
sachchet,सचेत
sachetanaa,सचेतना
sachhi,सच्ची
sachhi,साच्ची
sachho,साचो
sachi,साँची
sachi,साच्ची
sacho,साचो
sachyaaudai,सच्याउँदै
sadaa,सदा
sadaai,सधै
sadai,सधैं
sadaiv,सदैव
sadak,सडक
sadak,सड़क
sadakmaa,सडकमा
sadasayata,सदस्यता
sadasyata,सदस्यता
sadbhaaw,सद्भाव
saddhai,सधैँ
sadhai,सधै
sadhai,सधैँ
sadhai,सधैं
sadhana,साधना
sadharan,साधारण
safa,सफा
safaa,सफा
safaai,सफाइ
safai,सफाइ
safal,सफल
safalaa,सफला
safalta,सफलता
safaltaa,सफलता
safari,र
safari,सफारी
safe,सुरक्षित
safe,सेफ
safety,सेफ्टी
saganka,सागनका
sagarmaathiko,सगरमाथिको
sagarmatha,सगरमाथा
sahaayataa,सहायता
sahaayog,सहायोग
sahabhaagitaa,सहभागिता
sahabhagi,सहभागी
sahaj,सहज
sahajata,सहजता
sahakaari,सहकारी
sahakaaryata,सहकार्यता
sahakarya,सहकार्य
sahamat,सहमत
sahanchhan,सहन्छन्
sahanu,सहनु
sahanubhuti,सहानुभूति
sahar,आए
sahar,सहर
sahar,सहरतिरै
sahara,सहारा
saharharuma,सहरहरूमा
saharma,शहरमा
saharmaa,सहरमा
sahas,साहस
sahasi,साहसी
sahayata,सहयता
sahayog,गरिरहेको
sahayog,चलिरहेको
sahayog,सहयोग
sahayogko,सहयोगको
sahayoglai,सहयोगलाई
sahdai,सह्दै
sahi,सहि
sahi,सही
sahikar,सहिकार
sahityik,साहित्यिक
sahpat,साहपट
sahuliyat,सहुलियत
saiddhantik,सैद्धान्तिक
saina,सेना
sainik,सैनिक
saipal,सैपाल
sait,साइत
sajaa,सजाय
sajawat,सजावट
sajaye,सजाए
sajayera,सजाएर
sajha,साझा
sajhaa,सझा
sajhaa,साझा
sajhedaari,साझेदारी
sajilai,सजिलै
sajilo,सजिलो
sajjana,सज्जन
sakaau,सकाउ
sakaaudai,सकाउँदै
sakaaunchhu,सकाउँछु
sakaayeko,सकाएको
sakalaai,सकलाई
sakalai,सकलाई
sakalmaa,सकालमा
sakar,सकार
sakaraatmak,सकारात्मक
sakaratmak,सकारात्मक
sakauna,सकाउन
sakayera,सकेर
sakcha,सक्छ
sakchau,सक्छौ
sakchha,सक्छ
sakchhan,सक्छन
sakchhan,सक्छन्
sakchhau,सक्छौ
sakchhau,सक्छौं
sakchhaun,सक्छौं
sakchhu,सक्छु
sakdaina,सक्दैन
sakdainaa,सक्दैनाउ
sakdainan,सक्दैनन्
sakdainau,सक्दैनौ
sakdainau,सक्दैनौँ
sakdainau,सक्दैनौं
sakdainaun,सक्दैनौं
sakdina,सक्दिन
sakdo,सक्दो
sake,सके
sake,सकेँ
sakeina,सकेइन
sakeka,सकेका
sakeko,सकेको
sakena,सकेन
sakenaum,सकेनौं
sakenaun,सकेनौं
sakepaachhi,सकेपछि
sakera,सकेर
sakeraa,सकेर
sakesi,सकेसि
sakey,सके
sakeyna,सकेन
sakina,सकिन
sakinaa,सकिन
sakincha,सकिन्छ
sakinchha,सकिन्छ
sakinchha,सक्किन्छ
sakinchhaun,सकिन्छौं
sakine,सकिने
sakinna,सकिन्न
sakinu,सकिनु
sakiraakhe,सकिराखे
sakiraako,सकिराको
sakirako,सकिराको
sakisake,सकिसके
sakisaknu,सकिसक्नु
sakiye,सकिए
sakiyeko,सकिएको
sakiyena,सकिएन
sakiyepachhi,सकिएपछि
sakiyo,सकियो
sakkanchau,सक्कन्छौ
sakkauna,सक्काउन
sakkeka,सक्केका
sakkepachhi,सकेपछि
sakkepachi,सक्केपछि
sakkera,सक्केर
sakkesipachhi,सक्केसिपछि
sakki,सक्की
sakkina,सक्किन
sakkinasakdai,सक्किन
sakkinchha,सक्किन्छ
sakkiyo,सक्किओ
sakna,सक्न
saknchha,सक्छ
saknchhaun,सक्छौं
sakne,सक्ने
sakney,सक्ने
saknu,सकनु
saknu,सक्नु
saknuhunchha,सक्नुहुन्छ
sakriya,सक्रिय
sakriyata,सक्रियता
saksham,सक्षम
sakta,सक्त
saktachan,सक्दैनन्
sakthe,सक्थे
sakthiyau,सक्थियौ
sakthyo,सक्थ्यो
sakyau,सक्यौ
sakyo,सक्यो
salad,सलाद
saladsoup,सलादसूप
salam,सलाम
sale,सेल
sallah,सल्लाह
sallahaa,सल्लाह
salyan,सल्यान
samaadhaan,समाधान
samaadhan,समाधान
samaagrree,सामाग्री
samaajik,सामाजिक
samaan,समान
samaan,सामान
samaapta,समाप्त
samachaar,समाचार
samachar,समाचार
samacharpatra,समाचारपत्र
samadhaan,समाधान
samadhan,समाधान
samadhi,समधि
samagra,समग्र
samagri,सामग्री
samagri,सामाग्री
samai,समाई
samaj,समाज
samaj,सामाज
samajharuko,समाजहरूको
samajik,सामाजिक
samajko,समाजको
samajma,समाजमा
samajmaa,समाजमा
samakaalin,समकालीन
saman,समान
saman,सामान
samana,सामना
samanantar,समानान्तर
samanubhutile,समानुभूतिले
samanupaatik,समानुपातिक
samanvit,समन्वित
samanway,समन्वय
samanya,सामान्य
samanyataya,सामान्यतया
samapt,समाप्त
samapta,समाप्त
samapti,समाप्ति
samarthan,समर्थन
samarthit,समर्थित
samasya,समस्या
samasya,हरु
samasyaa,समस्या
samasyaaharu,समस्याहरु
samasyaako,समस्याको
samasyaamaa,समस्यामा
samatyo,समात्यो
samavesh,समावेश
samaveshan,समावेशन
samay,समय
samaya,मा
samaya,समय
samaya,समयमा
samaya,समया
samayaa,समय
samayaa,समया
samayadekhi,समयदेखि
samayako,समयको
samayama,समयमा
samayamaa,समयमा
samayamai,नै
samayasamma,समयसम्म
samayashram,समयश्रम
samaydekhi,समयदेखि
samaye,समय
samayko,समयको
samayrekha,समयरेखा
sambandh,सम्बन्ध
sambandha,सम्बन्ध
sambandhaa,सम्बन्ध
sambandhi,सम्बन्धी
sambandhit,सम्बन्धित
sambat,संवत
sambhab,सम्भव
sambhav,सम्भव
sambhavana,सम्भावना
sambhavanaharu,सम्भावनाहरू
sambhavanako,सम्भावनाको
sambhavit,सम्भावित
sambhavyatama,सम्भाव्यतामा
sambhawana,सम्भावना
sambhawanaharu,सम्भावनाहरू
sambidhaanik,संविधानिक
sambidhan,संविधान
sambodhan,सम्बोधन
same,सेम
sametdachha,समेट्छ
sametera,गरेर
sametiyo,समेटियो
samhalchha,संभाल्छ
samjhaai,सम्झाई
samjhaayera,सम्झाएर
samjhadari,समझदारी
samjhana,सम्झन
samjhana,सम्झना
samjhanchhu,सम्झन्छु
samjhaudai,सम्झाउदै
samjhauna,सम्झाउन
samjhaune,सम्झाउने
samjhauta,सम्झौता
samjhe,सम्झें
samjheko,सम्झेको
samjhera,सम्झेर
samjhi,सम्झी
samjhidai,सम्झिँदै
samjhina,सम्झिन
samjhiyo,सम्झियो
samjhna,सम्झन
samjhna,सम्झ्न
samkalin,समकालीन
samma,बहस
samma,समय
samma,सम्म
sammaat,समात
samman,सम्मान
sammelan,सम्मेलन
sammetey,सम्मेते
sammilit,सम्मिलित
samnama,सामनामा
samosa,समोसा
samosapakoda,समोसापकोडा
sampaati,सम्पाती
sampanna,सम्पन्न
sample,नमूना
sample,स्याम्पल
sampurna,सम्पूर्ण
samraagyee,सम्राज्ञी
samrajya,साम्राज्य
samrakshak,संरक्षक
samrat,सम्राट
samriddha,समृद्ध
samsad,संसद
samsya,समस्या
samu,सामु
samudaay,समुदाय
samudaayik,सामुदायिक
samudaya,समुदाय
samudayako,समुदायको
samuh,समुह
samuha,समूह
samvaad,सम्वाद
samvat,संवत्
samvidhaanik,संवैधानिक
samvidhan,संविधान
sana,साना
sanai,सानै
sanbhaal,सम्भाल
sanchai,सञ्चै
sanchalan,सञ्चालन
sanchalanle,सञ्चालनले
sanchayako,सञ्चयको
sanchhai,साँच्चै
sanctuary,स्याङ्चुअरी
sandals,स्यान्डल्स
sandarbha,सन्दर्भ
sandarbhaharu,सन्दर्भहरू
sandarbhama,सन्दर्भमा
sandarbhma,सन्दर्भमा
sandes,सन्देश
sandesh,सन्देश
sandhai,सन्धै
sandhi,सन्धि
sandhiharuma,सन्धिहरूमा
sandrata,सांद्रता
sandwich,स्यान्डविच
sanga,तयारी
sanga,मिलेर
sanga,रेगुलर
sanga,सँग
sanga,सँगै
sanga,संग
sanga,संगै
sanga,सङ्ग
sanga,समयमा
sangai,सँगै
sangai,संगै
sangai,साँगै
sangaile,सङ्गैले
sangasanga,संगसंग
sangathan,संगठन
sangathanik,संगठनिक
sangathit,संगठित
sangeet,संगीत
sangeet,सङ्गीत
sangeetkaaraa,संगीतकारा
sangeetko,संगीतको
sangeetmaa,संगीतमा
sangharsha,संघर्ष
sangharsha,सङ्घर्ष
sangharshako,संघर्षको
sanghiyan,संरचना
sanghiyata,संघीयता
sanghiyata,सङ्घीयता
sangit,संगीत
sangit,सङ्गीत
sanglagna,संलग्न
sangraha,संकलन
sangraha,सङ्ग्रह
sangrahaalaya,संग्रहालय
sangrahit,सङ्ग्रहित
sangsad,संसद
sanibaar,शनिबार
sanjaalma,सञ्जालमा
sanjha,साँझ
sanjhaa,साँझ
sanjhama,साँझमा
sankalan,संकलन
sankalp,संकल्प
sankalpa,सङ्कल्प
sankat,संकट
sankhya,संख्या
sankhyaa,सङ्ख्या
sankhyama,संख्यामा
sankocha,सङ्कोच
sankochan,संकुचन
sankramanko,संक्रमणको
sankramanlaai,संक्रमणलाई
sanlagana,सङ्लगनता
sanlaganaa,सङ्लगनता
sano,सानो
sanoaa,सानो
sanrachana,संरचना
sanrachanalai,संरचनालाई
sanrachanatmaka,संरचनात्मक
sanrakshan,संरक्षण
sansaarmaa,संसारमा
sansad,संसद
sansadiya,संसदीय
sansadko,संसदको
sansadmaa,संसदमा
sansar,संसार
sansarko,संसारको
sansarlai,संसारलाई
sansarma,संसारमा
sanskaar,संस्कार
sanskriti,संस्कृति
sanskritik,सांस्कृतिक
sanskritiko,संस्कृतिको
sansleshan,संश्लेषण
sansleshanako,संश्लेषणको
sansthaale,संस्थाले
santosh,सन्तोष
santulan,सन्तुलन
santulit,सन्तुलित
santushti,सन्तुष्टि
santusti,सन्तुष्टि
sanwidhaan,संविधान
sanyog,संयोग
sanyojan,संयोजन
sanyojanma,संयोजनमा
sanyukta,संयुक्त
sapana,सपना
sapanaa,सपना
sapanama,सपनामा
sapekshata,सापेक्षताको
sapekshatako,सापेक्षताको
sapekshatale,सापेक्षताले
sapha,सफा
sapna,सपना
saptaa,सप्ता
saptaah,सप्ताह
sarak,सडक
saral,सरल
sarangkot,सराङ्कोट
sarbar,सर्भर
sarbasamudayi,सर्वसमुदायी
sardaichhu,सर्दैछु
saree,साडी
sareko,सरेको
sarengi,सारङ्गी
sarisakheko,सरिसकेको
sarkaaarle,सरकारले
sarkaar,सरकार
sarkaarko,सरकारको
sarkaarle,सरकारले
sarkar,सरकार
sarkari,सरकारी
sarkarle,सरकारले
sarne,सार्ने
sarnechhu,सर्नेछु
saro,सरो
sarod,सरोद
sarokarwaalaa,सरोकारवाला
sarthak,सार्थक
sarvajanik,सार्वजनिक
sasto,सस्तो
sat,सात
sataais,सत्ताइस
satahama,सतहमा
satauna,सटाउन
satellite,उपग्रह
satellite,स्याटेलाइट
sath,साथ
sathamaa,साथमा
sathi,साथी
sathiharu,साथीहरु
sathile,साथिले
sathile,साथीले
saththi,सत्तरी
satisfied,स्याटिस्फाइड
satta,सट्टा
satta,सात
sattaa,सट्टा
sattais,सताइस
sattari,सत्तरी
satya,सत्य
sau,सय
sau,सौ
saudaa,सौदा
sauraha,मा
savadhani,सावधानी
savings,सेभिङ्स
sayaa,सय
sayaa,सय्या
sayad,सायद
sayat,सयत
saṅgit,सङ्गीत
scanning,स्क्यानिङ
scarf,स्कार्फ
scene,सीन
scenes,हरु
schedule,शेड्युल
schedule,सेड्युल
schedule,स्केड्युल
scholarship,स्कोलरशिप
school,दिन
school,स्कुल
school,स्कूल
schoolma,स्कुलमा
schoolma,स्कूलमा
schoolmaa,स्कुलमा
schoolmaa,स्कूलमा
schwarzschild,श्वार्जस्चिल्ड
science,विज्ञान
science,साइन्स
score,स्कोर
screen,स्क्रिन
screenshot,स्क्रिनशट
script,स्क्रिप्ट
scrollbar,स्क्रोलबार
se,स
seasonal,र
seasonal,सीजनल
seasonal,हुदा
seat,सिट
section,सेक्शन
sector,सेक्टर
security,सिक्युरिटी
security,सेक्युरिटी
sedimentation,माती
seedhi,सिढी
seeknu,सिक्नु
seema,त्यो
seema,सीमा
seemaharu,सीमाहरू
seemaharulai,सीमाहरूलाई
seemalai,सीमालाई
sehat,स्वास्थ्य
sekda,सेक्दा
sekuwa,सेकुवा
select,सेलेक्ट
sena,सेना
senaa,सेना
senama,सेनामा
sense,सेन्स
september,सेप्टेम्बर
series,सिरिज
serious,सिरियस
serve,सर्भ
server,सर्भर
service,सर्भिस
service,सेवा
session,पोलिटब्युरो
session,सेसन
set,सेट
seti,सेती
seto,सेतो
setting,सेटिंग
settings,सेटिंग्स
settings,सेटिङ्स
setup,सेटअप
seva,सेवा
sewa,सेवा
sewaasushrusha,सेवासुश्रुषा
sewak,सेवक
seyar,शेयर
shaant,शान्त
shaanta,शान्त
shaanti,शान्ति
shabd,शब्द
shabda,शब्द
shabdaa,शब्द
shabdhaaruko,शब्दार्थको
shah,एल
shah,शाह
shahar,शहर
shaharma,शहरमा
shahid,शहीद
shaili,शैली
shakha,शाखा
shakti,शक्ति
shakya,शाक्य
shalya,शल्य
shalyakriya,शल्यक्रिया
shalyakriyako,शल्यक्रियाको
shanta,शान्त
shantataa,शान्तता
shanti,शान्ति
shantipurna,शान्तिपूर्ण
share,शेयर
share,सेयर
shared,शेयर
sharir,शरीर
sharirbata,शरीरबाट
sharirik,शारीरिक
sharirko,शरीरको
sharirma,शरीरमा
sharma,शर्मा
sharmaako,शर्माका
sharmaako,शर्माको
shasan,आधिकारिक
shatabdi,शताब्दी
shatabdika,शताब्दीका
shatabdima,शताब्दीमा
shatruharuko,शत्रुहरूको
sheher,सहर
shelves,शेल्फ्स
sherpa,शेर्पा
shey,शे
shhailee,शैली
shift,शिफ्ट
shikchhya,शिक्षा
shikhar,शिखर
shiksha,शिक्षा
shikshaa,शिक्षा
shikshak,शिक्षक
shikshakko,शिक्षकको
shikshama,शिक्षामा
shikshhya,शिक्ष्य
shikshya,शिक्षा
shikshyaa,शिक्षा
shilaalaa,शिलाला
shilpi,शिल्पी
shilpiharuko,शिल्पिहरूको
shilpiharulai,शिल्पिहरूलाई
shilpiharule,शिल्पिहरूले
shirt,सर्ट
shishir,शिशिर
shishu,शिशु
shiva,शिव
shivkumaar,शिवकुमार
shoes,शुज
shoes,शूज
shoes,सुज
shokamaa,शोकमा
shoot,शूट
shop,पसल
shop,शप
shop,सप
shopping,शपिङ
shor,सोर
short,छोटो
short,सर्ट
shorts,शॉर्ट्स
shoshanbata,शोषणबाट
show,शो
shram,श्रम
shramik,श्रमिक
shrawan,श्रावण
shreekaa,श्रीका
shrestha,श्रेष्ठ
shreya,श्रेय
shrinkhala,श्रृंखला
shrinkhalaa,श्रिंखला
shrinkhala—hamilai,श्रृंखला—हामीलाई
shristi,सृष्टि
shuddha,शुद्ध
shukla,शुक्ल
shukrawar,शुक्रबार
shunya,शून्य
shuru,शुरु
shuru,सुरु
shuruwaaat,शुरुवात
shuruwat,शुरुवात
shwashaprashwashko,श्वासप्रश्वासको
shwasprashwas,श्वासप्रश्वास
sickness,सिक्नेस
siddh,सिद्ध
siddhanta,सिद्धान्त
siddhantabata,सिद्धान्तबाट
siddhantaharubhanda,सिद्धान्तहरूभन्दा
siddhantaharudwara,सिद्धान्तहरूद्वारा
siddhantaharuko,सिद्धान्तहरूको
siddhantaharuma,सिद्धान्तहरूमा
siddhantama,सिद्धान्तमा
side,साइड
sidebar,साईडबार
sidha,सिधा
sidhaa,सिधा
sidhhaa,सिधा
sidhine,सिधिने
sidhyaaunu,सिध्याउनु
sidhyaayera,सिध्याएर
sidney,सिडनी
sign,साइन
signage,साइनज
signal,सिग्नल
signboard,साइनबोर्ड
sikaaeka,सिकाएका
sikaaeko,सिकाएको
sikaaidiyo,सिकाइदियो
sikaairaakhekin,सिकाइराखेकिन्
sikaana,सिकाना
sikaaudai,सिकाउँदै
sikaauna,सिकाउन
sikaaunchau,सिकाउँछौ
sikaaunchha,सिकाउँछ
sikaaunchhan,सिकाउँछन्
sikaaundai,सिकाउँदै
sikaaundaina,सिकाउँदैन
sikaaune,सिकाउने
sikaaunechha,सिकाउनेछ
sikaaunechhu,सिकाउनेछु
sikaaunu,सिकाउनु
sikaaunuhunchha,सिकाउनुहुन्छ
sikaayau,सिकायौ
sikaayera,सिकाएर
sikaayo,सिकायो
sikaayo,सिकायौ
sikaera,सिकाएर
sikai,सिकाइ
sikai,सिकै
sikaunchhan,सिकाउन्छन्
sikaunu,सिकाउनु
sikayeko,सिकाएको
sikchha,सिक्छ
sikdaa,सिक्दा
sikdai,सिक्दै
sike,सिके
sikeka,सिकेका
sikeko,सिकेको
sikekochha,सिकेकोछ
sikera,सिकेर
sikeu,सिकेउ
sikey,सिकें
sikey,सिक्यो
sikhaayera,सिखाएर
sikhauchha,सिकाउछ
sikhdai,सिख्दै
sikhe,सिके
sikhe,सिकेँ
sikhe,सिकें
sikheko,सिकेको
sikhna,सिक्न
sikhnu,सिख्नु
sikhyau,सिख्यौ
sikinthyau,सिकिन्थ्यौ
sikiraakheko,सिकिराखेको
sikiraheko,सिकिरहेको
sikisake,सिकिसके
sikles,सिक्लेस
sikna,सिक्न
sikne,सिक्ने
siknu,सिक्नु
siksha,शिक्षा
sikshaa,शिक्षा
sikshaamaa,शिक्षामा
siksharthiharu,शिक्षार्थीहरू
sikshya,शिक्षा
sikshyaa,शिक्षा
sikshyak,शिक्षक
silent,साइलेन्ट
silindar,सिलिन्डर
sima,सिमा
simana,सिमाना
simit,सीमित
sinamangal,सिनामंगल
sinchdai,सिँच्दै
sindhupalchok,सिन्धुपाल्चोक
singer,सिङर
singh,सिंह
singing,सिङिङ
singing,सिङ्गिङ
singularityma,सिंगुलारिटीमा
sir,सिर
sister,सिस्टर
sit,सिट
sitalo,सितलो
site,साइट
situation,सिचुएशन
six,सिक्स
size,साइज
skill,डेभलपमेन्ट
skill,स्किल
skills,स्किल्स
skin,स्किन
skipping,स्किपिंग
skirt,स्कर्ट
skrinshot,स्क्रिनशट
skul,स्कुल
skuul,स्कूल
sleep,स्लीप
sleepy,स्लिपी
slide,स्लाइड
slow,स्लो
small,सानो
smart,स्मार्ट
smartphone,स्मार्टफोन
smriti,स्मृति
sms,एसएमएस
snack,स्न्याक
snacks,स्न्याक्स
snow,स्नो
soch,सोच
sochaama,सोचामा
sochchhu,सोच्छु
sochchu,सोच्छु
sochda,सोच्दा
sochdachan,सोच्दछन्
sochdai,सोच्दै
soche,सोचेँ
socheko,सोचेको
sochera,सोचेर
sochiraakhey,सोचिराखे
sochiraako,सोचिराको
sochirachha,सोचिरछ
sochiraheka,सोचिरहेका
sochirahekaa,सोचिरहेका
sochiraheko,सोचिरहेको
sochirakheko,सोचिराखेको
sochirakhey,सोचिराखे
sochirakhey,सोचिराखेँ
sochirako,सोचिराको
sochma,सोचमा
sochna,सोच्न
sochne,सोच्ने
sochnu,सोच्नु
sochthina,सोच्थिन
sochthye,सोच्थ्ये
sochyau,सोच्यौ
sochyaun,सोच्यौं
sochyo,सोच्यो
social,सामाजिक
social,सोसल
society,सेसाईटि
society,सोसाइटी
socks,सॉक्स
sodhchhan,सोध्छन्
sodhchhau,सोध्छौं
sodhchhu,सोध्छु
sodhda,सोध्दा
sodhdaa,सोध्दा
sodhdai,सोध्दै
sodhe,सोधे
sodhe,सोधेँ
sodheko,सोधेको
sodhera,सोधेर
sodhi,सोधी
sodhiraakhey,सोधिराखे
sodhirahanchha,सोधिरहन्छ
sodhiraheka,सोधिरहेका
sodhirakhey,सोधिराखे
sodhna,सोध्न
sodhnu,सोध्नु
sofa,सोफा
software,सफ्टवेयर
softwer,सफ्टवेयर
soil,सोइल
solar,सोलर
solar,सोलार
solo,सोलो
solution,सोलुसन
solve,सल्भ
sombaar,सोमबार
song,सङ
song,सङ्ग
song,सॉङ
song,सॉन्ग
song,सोंग
sound,साउन्ड
soup,सूप
source,औद्योगिक
source,स्रोत
south,साउथ
spacetimeka,स्पेसटाइमका
spacetimko,स्पेसटाइमको
spam,स्प्याम
spashta,स्पष्ट
spast,स्पष्ट
spasta,स्पष्ट
special,स्पेशल
speech,स्पीच
speed,स्पीड
spend,खर्च
spices,स्पाइस
spicy,स्पाइसी
sports,एक्टिभिटी
sports,खेलकुद
sports,टुर्नामेन्ट
sports,स्पोर्ट्स
spray,स्प्रे
spring,पानी
spring,स्प्रिङ
sreshtaa,श्रेष्ठ
srimaan,श्रीमान
srishti,सृष्टि
srishtii,सृष्टी
srothaharu,स्रोतहरू
staff,स्टाफ
stage,स्टेज
stair,सिँढी
stall,स्टल
stamina,स्ट्यामिना
star,स्तर
starmaa,स्तरमा
start,स्टार्ट
startup,स्टार्टअप
station,स्टेशन
stationery,स्टेशनरी
status,स्टेटस
stem,स्टेम
stew,स्ट्यु
sthaan,स्थान
sthaaneeya,स्थानीय
sthaaniiye,स्थानीय
sthaaniya,स्थानीय
sthaapanaa,स्थापना
sthal,स्थल
sthan,स्थान
sthanantaran,स्थानान्तरण
sthaniya,स्थानीय
sthapana,स्थापना
sthapit,स्थापित
sthayi,स्थायी
sthir,स्थिर
sthit,स्थित
sthiti,स्थिति
sthool,स्थूल
sticks,स्टिक्स
stock,स्टक
stomach,स्टमक
stop,स्टप
storage,स्टोरेज
story,स्टोरी
storytelling,स्टोरीटेलिङ
strange,स्ट्रेन्ज
strategy,स्ट्राटेजी
street,स्ट्रिट
strength,स्ट्रेङ्थ
stress,स्ट्रेस
stretch,स्ट्रेच
stretching,स्ट्रेचिङ
stretching,स्ट्रेचिङ्ग
strict,स्ट्रिक्ट
striker,स्ट्राइकर
strong,स्ट्रङ
strong,स्ट्रङ्ग
strong,स्ट्रोङ
strot,स्रोत
strotaharu,स्रोतहरू
strotaharuma,स्रोतहरूमा
structural,स्ट्रक्चरल
struggle,स्ट्रगल
student,स्टुडेन्ट
studio,स्टुडियो
study,स्टडी
stunt,स्टन्ट
stuti,स्तुति
style,स्टाइल
stylish,स्टाइलिस
subah,दिन
subah,बिहान
subedi,सुवेदी
subhaa,सुभा
subhaschandra,सुवासचन्द्र
submit,सबमिट
submit,सब्मिट
subscription,सब्सक्रिप्सन
subsidy,सब्सिडी
success,सक्सेस
successful,सक्सेसफुल
suchana,सूचना
suchi,सुची
suchi,सूची
suchikar,सूचीकर
sudden,सडन
sudhaar,सुधार
sudhaardai,सुधार्दै
sudhaarna,सुधार्न
sudhaarne,सुधार्ने
sudhar,सुधार
sudhariraheka,सुधारिरहेका
sudharna,सुधार्न
sudhreko,सुध्रेको
sudurpaschim,सुदुरपश्चिम
sudurpaschimko,सुदुरपश्चिमको
sudurpaschimma,सुदुरपश्चिममा
sugandha,सुगन्ध
sugandhit,सुगन्धित
sugar,सुगर
suggest,सजेस्ट
suggestions,कन्सर्भेशन
suhaailo,सुहाइलो
suhaaunchha,सुहाउँछ
suhaaundaina,सुहाउँदैन
suhaaunne,सुहाउने
suhana,सुहाना
sujhaab,सुझाव
sujhaav,सुझाव
sujhab,सुझाव
sujhaw,सुझाव
sukaauchha,सुकाउँछ
sukaaudaa,सुकाउँदा
sukaauna,सुकाउन
sukai,सुकै
sukayera,सुकाएर
sukepachhi,सुकेपछि
sukh,सुख
sukha,सुख
sukhaa,सुखा
sukhale,सुखले
sukhayera,सुखाएर
sukhi,सुखी
sukhii,सुखी
sukhkha,सुख्खा
sukkauchha,सुक्काउँछ
sukna,सुक्न
sukrabar,शुक्रबार
sukshma,सूक्ष्म
sukyo,सुक्यो
sulaine,सुल्झिने
suljhaauna,सुल्झाउन
suljhiye,सुल्झिए
sulphaaye,सुल्फाए
summarize,समराइज
sun,सन
suna,सुन
sunaairaakhey,सुनाइराखे
sunaau,सुनाउ
sunaauchhu,सुनाउँछु
sunaauda,सुनाउँदा
sunaaudaa,सुनाउँदा
sunaaudaa,सुनाउदा
sunaaudai,सुनाउँदै
sunaauna,सुनाउन
sunana,सुनन
sunau,सुनाऊ
sunaudaa,सुनौंदा
sunaudai,सुनाउदै
sunauna,सुनाउन
sunaune,सुनाउने
sunaunu,सुनाउनु
sunchhu,सुन्छु
sunda,सुन्दा
sundaa,सुन्दा
sundai,सुन्दै
sundar,सुन्दर
sundarata,सुन्दरता
sundari,सुन्दरी
sune,सुने
sune,सुनेँ
sunechhan,सुन्छन्
sunechu,सुनेछु
suneera,सुनेर
suneka,सुनेका
sunekaa,सुनेका
sunekai,सुनेकै
suneko,खबर
suneko,सुनेको
sunena,सुनेन
sunepaachhi,सुनेपछि
sunera,सुनेर
sunerai,सुनेरै
sunesi,सुनेसि
suney,सुने
sunghera,सुँघेर
sunidai,सुन्दै
sunidaina,सुनिदैन
sunidinau,सुनिदिनौ
sunina,सुनिन
suninathiyo,सुनिनथ्यौ
suninchha,सुनिन्छ
suninechhu,सुनिनेछु
sunirakheko,सुनिराखेको
sunischit,सुनिश्चित
suniyo,सुनियो
sunn,सुन्न
sunna,सुन्न
sunnama,सुन्नमा
sunne,सुन्ने
sunnu,सुन्नु
sunnuhunchha,सुन्नुहुन्छ
sunrise,सनराइज
sunrise,सनराईज
sunscreen,सनस्क्रीन
sunset,सनसेट
sunya,सुन्या
sunyau,सुन्यौ
sunyen,सुन्येँ
sunyo,सुन्यो
supermarket,सुपरमार्केट
supermassive,सुपरमासिभ
superrotation,सुपररोटेसन
superstar,सुपरस्टार
supertransletion,सुपरट्रान्सलेसन
supplement,सप्लिमेन्ट
supply,सप्लाई
support,सपोर्ट
supported,सपोर्टेड
suraj,सुरज
surakcha,सुरक्षा
surakchhaa,सुरक्षा
surakshaa,सुरक्षा
surakshako,सुरक्षाको
surakshit,सुरक्षित
surgeon,सर्जन
surgeonharule,सर्जनहरूले
surhu,सुरु
surkhet,सुर्खेत
surprise,सरप्राइज
suru,सुरु
suruhaat,सुरुहात
suruma,सुरुमा
suruwaat,सुरुवात
suruwat,सुरुवात
surveillance,सर्भिलांस
surya,सूर्य
suryaa,सूर्या
suryodaya,सूर्योदय
susangat,सुसंगत
sushila,सुशीला
suspect,निकास
suspect,संदेह
susri,सुश्री
susti,सुस्ति
sutaaudaa,सुताउँदै
sutaaye,सुतायें
sutae,सुतएँ
sutcha,सुत्छ
sutchan,सुत्छन्
sutchhau,सुत्छौ
sutchu,सुत्छु
sutda,सुत्दा
sutdaa,सुत्दा
sute,सुतेँ
suteko,सुतेको
sutera,सुतेर
sutiyo,सुतियो
sutna,सुत्न
sutne,सुत्ने
sutnu,सुत्न
sutnu,सुत्नु
suuchi,सुची
suuchi,सूची
suushrushaa,सुश्रुषा
suvidhaa,सुविधा
suwidha,सुविधा
swaad,स्वाद
swaagat,स्वागत
swaasni,स्वास्नी
swaasthya,स्वास्थ्य
swabhav,स्वभाव
swabhimaan,स्वाभिमान
swad,स्वाद
swadesh,स्वदेश
swadist,स्वादिष्ट
swar,स्वर
swarojgaar,स्वरोजगार
swarup,स्वरुप
swastha,स्वस्थ
swasthya,गरेर
swasthya,स्वास्थ्य
swatantra,स्वतन्त्र
sweat,स्वेट
sweater,स्वेटर
sweep,स्वीप
swikar,स्विकार
swikar,स्वीकार
swikarnuhunchha,स्वीकार्नुहुन्छ
swim,स्विम
swimming,स्विमिंग
swimming,स्वीमिङ
switch,स्वीच
swormaa,स्वरमा
syllabus,सिलेबस
sync,सिंक
synthase,सिन्थेज
system,सिस्टम
ta,त
taaakaa,टाँका
taaja,ताजा
taajaa,ताजा
taajaaa,ताजा
taajaai,ताजा
taaki,ताकी
taala,ताला
taalaab,तालाब
taaliim,तालिम
taalim,तालिम
taalmaa,तालमा
taara,तार
taara,तारा
taaraa,तारा
taarmaa,तारमा
taato,तातो
taattopani,टाटोपानी
taauko,टाउको
taayaar,तयार
taayaari,तयारी
tab,ट्याब
taba,तब
tabba,तब्बा
tabiyet,तबियत
tablaa,तबला
table,टेबल
tablet,ट्याब्लेट
tadapani,टाडापानी
tadha,टाढा
tag,ट्याग
taha,तह
tahr,थर
tairireka,तैरिरहेका
taiyaar,तयार
taiyaari,तयारी
taiyar,तयार
taiyari,तयारी
taja,ताजा
tak,टक
tala,तल
talai,तलाई
talatira,तलतिर
talim,तालिम
talk,टक
tamaang,तामाङ
tamang,तामाङ
tamashe,तमाशा
tanaab,तनाव
tanablaai,तनावलाई
tanavma,तनावमा
tanavpurna,तनावपूर्ण
tang,टाँग
tanninu,तन्निनु
tapaaera,तपाएर
tapaaiko,तपाईंको
tapaailaai,तपाईंलाई
tapaain,तपाईं
tapaainko,तपाईंको
tapaainle,तपाईंले
tapai,तपाइँ
tapai,तपाई
tapai,तपाईं
tapaiharule,तपाईहरुले
tapasya,तपस्या
tapna,ताप्न
tar,तार
tara,तर
tara,तारा
taraa,तारा
tarakaari,तरकारी
tarakari,तरकारी
taranath,तारानाथ
tarbuj,तरबूज
tarif,तारिफ
tarika,तरिका
tarikaa,तरिका
tarikaale,तरिकाले
tarikaharuko,तरिकाहरूको
tarikai,तरिकै
tarikale,तरिकाले
tariko,तरिको
tarka,तर्क
tarkaarile,तरकारीले
tarkaarile,तरकारीलै
tarkako,तर्कको
tarkari,तरकारी
tarkiy,तारकीय
tarpha,तर्फ
tarsyaara,तर्स्यारा
tarun,तरुण
tasaile,त्यसैले
tasbeer,तस्बीर
tasbir,तस्बिर
taseko,तासेको
task,टास्क
taste,टेस्ट
tatha,तथा
tatha,समस्या
tathapi,तथापि
tathyaank,तथ्याङ्क
tathyaharuko,तथ्यहरूको
tathyank,तथ्याङ्क
tatkal,तत्काल
tato,तातो
tatopani,टाटोपानी
tauko,टाउको
tax,ट्याक्स
taxi,ट्याक्सी
tayaar,तयार
tayaari,तयारी
tayaari,भैरहेको
tayar,तयार
tayar,भैरहेको
tayari,तयार
tayari,तयारी
taza,ताजा
tea,चाय
tea,टि
tea,टिया
teabiscuits,चायबिस्कुट्स
teacher,टिचर
teacher,टीचर
team,अनुसन्धान
team,टिम
team,टीम
tech,टेक
technical,टेक्निकल
technique,टेक्निक
technology,टेक्नोलजी
technology,टेक्नोलोजी
tehi,तेही
tehi,त्यही
tehrathum,तेह्रथुम
tei,तेइ
tei,तेई
tei,तै
teis,तेइस
teji,तेजी
tel,तेल
telecommunications,टेलिकम्युनिकेशन्स
television,टिभी
telewision,टेलिभिजन
template,टेम्प्लेट
temporary,टेम्पररी
tension,टेन्सन
teri,तेरी
term,समय
terminate,समाप्त
tero,तेरो
terrace,टेरेस
tesaiile,त्यसैले
tesaile,तसैले
tesaile,तेसैले
tesbaile,त्यसैले
tesbata,त्यसबाट
teslai,तेस्लाई
teslai,त्यसलाई
tesle,तेसले
tesle,तेस्ले
tesobhaye,त्यसोभए
tespaachhi,त्यसपछि
tesro,तेस्रो
test,टेस्ट
testai,तेस्तै
testing,टेस्टिङ
testo,तेसो
tetalis,तेत्तालीस
tethi,तेथी
teti,तेति
tettiis,तेत्तिस
tha,थाह
tha,थाहा
thaa,थाहा
thaaai,थाहै
thaaha,थाहा
thaahaa,थाहा
thaahe,ठाउँ
thaala,थाल
thaalchhan,थाल्छन्
thaaldaa,थाल्दा
thaale,थाले
thaaleka,थालेका
thaaleko,थालेको
thaalesakey,थालेसके
thaaley,थाले
thaaleyau,थालेयौ
thaaleyo,थालेयो
thaalnechhu,थाल्नेछु
thaalnu,थाल्नु
thaalyo,थाल्यो
thaapeko,थापेको
thaau,ठाउँ
thaauma,ठाउँमा
thaaumaa,ठाउँमा
thaauryaharu,थाउर्यहरु
thabiira,थबीर
thabira,थबीर
thagnu,ठग्नु
thaha,थाह
thaha,थाहा
thahaa,थाहा
thakaaeko,थकाएको
thakaai,थकाई
thakaan,थकान
thakai,थकाइ
thakai,थकाई
thakai,थाकाइ
thakai,थाकाई
thakera,थाकेर
thakey,थकें
thaki,थाकी
thakie,थाकिए
thakiye,थकिएँ
thakur,ठाकुर
thalchha,थाल्छ
thalchhau,थाल्छौ
thalchhu,थाल्छु
thale,थाले
thaleka,थालेका
thaleko,थालेको
thalepachi,थालेपछि
thaliyeko,थालियेको
thalna,थाल्न
thalnuhunchha,थाल्नुहुन्छ
thalyaau,थाले
thalyaau,थाल्यौं
thalye,थाले
thalyo,थल्यो
thalyo,थाल्यो
thandaa,थण्डा
thap,थप
thapa,थापा
thapaa,थापा
thape,थापे
thapeko,थपेको
thapera,थपेर
thapna,थप्न
tharu,थारू
thau,ठाउ
thau,ठाउँ
thau,थाउ
thaulaai,ठाउँलाई
thaulo,ठुलो
thauma,ठाउँमा
thaun,ठाउँ
thaunmaa,ठाउँमा
theek,ठीक
thegana,ठेगाना
thegana,थेगाना
thehu,थें
theme,थीम
thena,थेन
thermodynamics,थर्मोडायनामिक्स
thermodynamicsma,थर्मोडायनामिक्समा
thesis,थेसिस
thhiye,थिए
thi,थि
thichhdai,थिच्छदै
thie,थिए
thiena,थिएन
thiey,थिए
thieyau,थिएौ
thiin,थिइन
thiin,थिइन्
thik,ठिक
thik,ठीक
thikai,ठिकै
thikai,ठीकै
thin,थिन्
thina,थिन
thina,थिनँ
thinking,थिङ्किङ
thio,थियो
thitto,थित्तो
thiyaau,थियौं
thiyae,थियै
thiyainau,थियैनौ
thiyana,थिएन
thiyanau,थियेनौ
thiyau,थियौ
thiyau,थियौँ
thiyau,थियौं
thiyaun,थियौं
thiye,थिए
thiye,थिएँ
thiye,थिये
thiye,थियेँ
thiyeina,थिएन
thiyen,थिएँ
thiyen,थिएन्
thiyena,थिएन
thiyena,थियेन
thiyenau,थिएनौं
thiyenau,थियेनौ
thiyina,थियिन
thiyo,थियो
thiyo,थियौ
thoka,थोक
thopa,थोपा
thorai,थोरै
thorong,थोरोङ
thulaa,ठूला
thulai,ठूला
thulo,ठुलो
thulo,ठूला
thulo,ठूलो
thund,ठुँड
thundale,ठुँडले
thyaakkai,ठ्याक्कै
thye,थिए
thyo,थ्यो
ti,ती
tibet,तिब्बत
ticket,टिकट
tiffin,टिफिन
tihaar,तिहार
tihar,तिहार
tiharoo,तिनीहरू
tiharuka,तिनीहरूका
tiicket,टिकट
tiin,तिन
tikaa,टीका
tikaa,तिका
tikho,तीखो
tiktok,टिकटक
tila,तिला
tiles,टाइल्स
tilicho,टिलिचो
time,टाइम
time,समय
timely,टाइमली
timely,प्रकाशित
timeout,टाइमआउट
timi,तिमी
timiharu,तिमीहरु
timiharu,तिमीहरू
timiharule,तिमिहरुले
timilaai,तिमीलाई
timilai,तिमीलाई
timilai,तिमीलै
timile,तिमीले
timiley,तिमीले
timing,टाइमिङ
timisanga,तिमीसंग
timlai,तिम्लाई
timle,तिमले
timle,तिमीले
timrai,तिम्रै
timro,तिम्रो
tin,तिन
tin,तीन
tinharko,तिनीहरूको
tinharu,तिन्हरू
tini,तिनी
tiniharu,उनीहरु
tiniharu,तिनिहरु
tiniharu,तिनीहरू
tiniharuko,तिनिहरुको
tiniharuko,तिनीहरूको
tiniharule,तिनीहरूले
tiniharuma,तिनीहरूमा
tippani,टिप्पणी
tips,टिप्स
tira,तिर
tirai,बिक्री
tirako,तिरको
tired,टायर्ड
tiriraakhey,तिरिराखे
tirna,तिर्न
tirne,तिर्ने
tirnu,तिर्नु
tirtha,तीर्थ
tirthaathi,तिर्थाथी
tis,तीस
tisro,तेस्रो
tissue,टिस्यू
titaura,तितौरा
titepati,तितेपाती
tivra,तीव्र
tmlai,तँलै
to,टु
together,टुगेदर
tol,टोल
tol,टोलको
top,टप
topi,टोपी
topic,टपिक
topic,टोपिक
topics,टोपिक्स
touch,टच
touching,टचिङ
tourism,टुरिज्म
tournament,र
trace,ट्रेस
track,ट्र्याक
traditional,ट्रेडिसनल
traffic,ट्राफिक
trail,ट्रेल
trailer,ट्रेलर
training,ट्रेनिंग
training,ट्रेनिङ
training,दिएर
training,हरु
transducerko,ट्रान्सड्यूसरको
transport,ट्रान्सपोर्ट
travel,ट्राभल
treadmill,ट्रेडमिल
treat,ट्रीट
treatment,उपचार
tree,रोपण
trek,ट्रेक
trekker,ट्रेकर
trekker,ट्रेक्कर
trekkerle,ट्रेकरले
trekking,इन्डस्ट्री
trekking,ट्रेकिंग
trekking,ट्रेकिङ
trekking,ट्रेक्किङ
trend,ट्रेन्ड
trend,प्रवृत्ति
trends,ट्रेन्ड्स
tribhuvan,त्रिभुवनले
tricky,ट्रिकी
trijya,त्रिज्या
trijyalai,त्रिज्यालाई
trikon,त्रिकोण
trip,ट्रिप
triphosphate,ट्राइफोस्फेट
tripura,त्रिपुरा
trishna,तृष्णा
trishul,त्रिशुल
troll,ट्रोल
trust,ट्रस्ट
trutipurna,त्रुटिपूर्ण
try,ट्राइ
tshirt,टीशर्ट
tukra,टुक्रा
tukrahru,टुक्राहरू
tulanama,तुलनामा
tulke,तुल्के
tumble,टम्बल
tumbleharule,टम्बलहरूले
tumlaai,तुमलाई
tumourbata,ट्युमरबाट
tumourharuko,ट्युमरहरूको
tumourharulaai,ट्युमरहरूलाई
tundikhel,टुँडिखेल
tunnel,टनेल
turbine,टर्बाइन
turn,टर्न
turunta,तुरुन्त
turuntai,तुरुन्तै
tutchha,टुट्छ
tutera,टुटेर
tutorial,टुटोरियल
tutorials,ट्युटोरियल्स
tv,टिभि
tv,टिभी
twacha,त्वचा
tya,त्या
tyaag,त्याग
tyaha,त्यहा
tyaha,त्यहाँ
tyaha,त्यहाको
tyahaa,त्यहाँ
tyahaako,त्यहाँको
tyahaako,त्याहाको
tyahaka,त्यहाँका
tyahako,त्यहाँको
tyahan,त्यहाँ
tyahi,त्यही
tyahin,त्यहीँ
tyas,त्यस
tyasailai,त्यसैलाई
tyasaile,त्यसैले
tyasailey,त्यसैले
tyasbela,त्यसबेला
tyasbelaa,त्यसबेला
tyaskaa,त्यसका
tyasko,त्यसको
tyaslai,त्यसलाई
tyasle,त्यसले
tyasma,त्यसमा
tyasmaa,त्यसमा
tyaso,त्यसो
tyaspaachhi,त्यसपछि
tyaspachhi,त्यसपछि
tyastai,त्यस्तै
tyasto,त्यस्तो
tyati,त्यति
tyatro,त्यत्रो
tyauhar,त्यौहार
tyeti,त्येति
tyo,अवधारणा
tyo,त्यो
tyo,यो
type,टाइप
tyso,त्यसो
u,उ
u,ऊ
ubhiekaa,उभिएका
ubhina,उभिन
ubhine,उभिने
ubhiyera,उभिएर
uchaaima,उचाइमा
uchch,उच्च
uchcha,उच्च
uchchai,उच्चाइ
uchho,उच्चो
uchit,उचित
udaan,उडान
udaas,उदास
udaharan,उदाहरण
udaharanle,उदाहरणले
udaune,उडाउने
uday,उदय
udaya,उदय
udayasanga,उदयसँगै
udda,उड्दा
uddeshya,उद्देश्य
uddeshyako,उद्देश्यको
udhyog,उद्योग
udhyogmaa,उद्योगमा
udne,उड्ने
ugaaeko,उगाएको
ugaauna,उगाउन
ugaaune,उगाउने
ugaayeko,उगाएको
ughra,उघ्र
ugyayeko,उग्याएको
uha,उहाँ
uhaaharu,उहाँहरू
uhaahru,उहाँहरू
uhaale,उहाँले
uhaanhaaru,उहाँहरू
uhako,उहाँको
uhalaai,उहाँलाई
uhanko,उहाँको
ujadne,उजाड्ने
ujagar,उजागर
ujjwal,उज्ज्वल
ujyaalo,उज्यालो
ukhelne,उखेल्ने
uljhidai,उल्झिँदै
ullekh,उल्लेख
ullekhh,उल्लेख
ullekhniya,उल्लेखनीय
ulto,उल्टो
umang,उमंग
umangako,उमंगको
umangko,उमंगको
umar,पनि
umbrella,अम्ब्रेल्ला
umeed,उमीद
umer,उमेर
uml,क
umlera,उम्लेर
ummedbaar,उम्मेदवार
unansatthi,उनान्सत्तरी
unansaya,उनान्साया
unantees,उनान्तीस
unantis,उनन्तिस
uncho,उन्चो
uncouplerharu,अनकप्लरहरू
under,अण्डर
unhale,उन्हले
uni,उनी
unihaa,उनीहरूले
unihaaru,उनीहरू
uniharu,उनिहरु
uniharu,उनिहरुले
uniharu,उनिहरू
uniharu,उनीहरु
uniharu,लाई
uniharuka,उनीहरूका
uniharuko,उनिहरुको
uniharuko,उनीहरुको
uniharuko,उनीहरूको
uniharuko,सुझाव
uniharule,उनिहरुले
uniharule,उनिहरूले
uniharule,उनीहरुले
uniharule,उनीहरूले
uniharuley,उनिहरूले
uniharuley,उनीहरुले
uniharuley,उनीहरूले
uniley,उनीले
unique,यूनिक
university,युनिभर्सिटी
university,र
unkaa,उनका
unko,उनको
unko,उन्को
unle,उनले
unle,उन्ले
unnecessary,अननेस्सरी
unpaved,अनपेव्ड
unrealistic,अनरियलिस्टिक
up,अप
upaadaan,उपादान
upachar,उपचार
upacharharu,उपचारहरू
upacharharuko,उपचारहरूको
upacharma,उपचारमा
upades,उपदेश
upahaar,उपहार
upakhyanharuko,उपाख्यानहरूको
upalabdh,उपलब्ध
upanibeshharu,उपनिवेशहरू
upanibeshle,उपनिवेशले
upanyaas,उपन्यास
upashamak,उपशामक
upasthit,उपस्थित
upasthitiko,उपस्थितिको
upay,उपाय
upaya,उपाय
upayogi,उपयोगी
upayogii,उपयोगी
update,अपडेट
update,गर्न
upgrade,अपग्रेड
uphryo,उफ्र्यो
uplift,अपलिफ्ट
upload,अपलोड
ups,अप्स
urja,ऊर्जा
urjaa,ऊर्जा
urjalaai,ऊर्जालाई
urjalai,ऊर्जालाई
usage,युजेज
usai,उसै
usanga,उसँग
use,प्रयोग
use,युज
use,यूज
useful,युजफुल
user,युजर
usko,उसको
usko,उस्को
uslaai,उसलाई
uslai,उसलाई
uslai,उसलै
uslai,उस्लाइ
uslai,उस्लाई
usle,उसले
usle,उस्ले
usley,उसले
usley,उस्ले
usma,उसम
uta,उता
utauda,उठ्दा
ute,उठे
utensils,युटेन्सिल्स
uthaaera,उठाएर
uthaan,उठान
uthaauna,उठाउन
uthaayenau,उठाएनौ
uthaayera,उठाएर
uthaera,उठेर
uthauna,उठाउन
uthaundaina,उठाउँदैन
uthayena,उठाएन
uthayenau,उठाएनौ
uthda,उठ्दा
uthdaa,उठ्दा
uthe,उठे
uthepachhi,उठेपछि
uthepaxi,उठेपछि
uthera,उठेर
utherai,उठेरै
utheraw,उठेरै
uthero,उठेर
uthi,उठि
uthi,उठी
uthi,छिटो
uthiraheko,उठिरहेको
uthna,उठ्न
uthnae,उठ्ने
uthne,उठ्ने
uthnu,उठ्नु
uthye,उठ्येँ
uthyo,उठ्यो
utkrista,उत्कृष्ट
utpaadan,उत्पादन
utpaadanmaa,उत्पादनमा
utpadan,उत्पादन
utpadanko,उत्पादनको
utpadanma,उत्पादनमा
utpanna,उत्पन्न
utpatiko,उत्पत्तिको
utpidan,उत्पीडन
utsaah,उत्साह
utsaahit,उत्साहित
utsab,उत्सव
utsavako,उत्सवको
utshahi,उत्साही
utsuk,उत्सुक
utsukata,उत्सुकता
utsukta,उत्सुक्त
uttam,उत्तम
uttar,उत्तर
uttarardhama,उत्तरार्धमा
vaada,वादा
vaat,वाट
vaccination,भ्याक्सिनेशन
vaccine,भ्याक्सिन
vada,वादा
vadodara,मा
vaigyanik,वैज्ञानिक
vaigyanikharulai,वैज्ञानिकहरूलाई
vakya,वाक्य
van,भ्यान
vanchhu,बन्छु
varshale,वर्षाले
vastu,वस्तु
vatavaran,वातावरण
vatavaraniy,वातावरणीय
vayo,भयो
ventilation,भेन्टिलेसन
verification,भेरिफिकेशन
verify,भेरिफाइ
versatile,भर्सेटाइल
version,भर्सन
vertical,भर्टिकल
vesaliusko,भेसालियसको
vichaar,विचार
vichardhaarale,विचारधाराले
video,भिडियो
videsh,विदेश
videshi,विदेशी
vidhayak,विधायक
vidyaarthi,विद्यार्थी
vidyarthi,विद्यार्थी
vidyut,विद्युत
vidyutiy,विद्युतीय
view,भ्यु
viewers,भ्युअर्स
viewers,सँग
vigyanko,विज्ञानको
vijay,विजय
vijaya,विजय
vikalpko,विकल्पको
vikarshakharuko,विकर्षकहरूको
vikas,विकास
vikaslai,विकासलाई
vikasma,विकासमा
vikiran,विकिरण
vilayalai,विलयलाई
village,भिलेज
viniyamit,विनियमित
vipakshi,विपक्षी
vipakshile,विपक्षीले
viral,भाइरल
virodh,विरोध
viroopit,विरूपित
vishal,विशाल
vishesh,विशेष
visheshagyaharule,विशेषज्ञहरूले
visheshgari,गरी
visheshgari,विशेष
visheshtaharuko,विशेषताहरूको
vishishta,विशिष्ट
vishleshan,विश्लेषण
vishnu,विष्णु
vishvako,विश्वको
vishwas,विश्वास
vishwasbata,विश्वासबाट
vishwaslai,विश्वासलाई
vishwavyaapi,विश्वव्यापी
vishwavyapi,विश्वव्यापी
visit,भिजिट
vistaar,विस्तार
vistarit,विस्तारित
visually,भिजुअली
vitranlai,वितरणलाई
vivaad,विवाद
vocabulary,भोकाबुलरी
voice,भ्वाइस
voltage,भोल्टेज
volume,भोल्युम
vriddhima,वृद्धिमा
vyakhya,व्याख्या
vyakta,व्यक्त
vyakti,व्यक्ति
vyaktigat,व्यक्तिगत
vyaktiharu,व्यक्तिहरू
vyaktiharuko,व्यक्तिहरूको
vyaktiharulaai,व्यक्तिहरूलाई
vyapaarlai,व्यापारलाई
vyaparik,व्यवस्था
vyast,व्यस्त
vyasta,व्यस्त
vyavaharko,व्यवहारको
vyavasthaa,व्यवस्था
vyavasthapan,व्यवस्थापन
vyavasthit,व्यवस्थित
vyavharik,व्यावहारिक
vyavharya,व्यवहार्य
vyawasthapanko,व्यवस्थापनको
vyayam,व्यायाम
wa,वा
wada,वाचा
wajan,वजन
wakalat,वकालत
wakalatkartaharu,वकालतकर्ताहरू
wakhat,वख्त
wala,वाला
walk,वाक
wall,वाल
wallet,वालेट
wao,वाओ
wardrobe,वार्डरोब
waripari,वरिपरि
warm,वार्म
warmup,वार्मअप
wash,वास
washing,वाशिङ
wasta,वास्ता
wastage,वेस्टेज
waste,पानी
waste,वेस्ट
wata,वटा
watch,वाच
watching,वाचिङ
water,गुणस्तर
water,बोतल
water,वा
water,वाटर
watering,वाटरिङ
weak,विक
weak,वीक
weather,वेअर
weather,वेदर
weekend,विकेन्ड
weekly,वीकेली
weight,वेइट
weight,वेट
weinberg,वेनबर्ग
whatsapp,वाट्साप
whiteboard,ह्वाइटबोर्ड
wicket,विकेट
widget,विजेट
wifi,वाइफाइ
wild,वाइल्ड
william,विलियम
wind,विन्ड
windows,विन्डोज
winter,विन्टर
wipe,वाइप
wisely,वाइज्ली
womens,महिला
work,वर्क
worker,वर्कर
worker,सार्वजनिक
workout,वर्कआउट
workshop,वर्कशप
worth,वर्थ
write,राइट
writing,राइटिङ
wrong,रोङ
yaad,याद
yaadgar,यादगार
yaantra,यन्त्र
yaar,यार
yaaribagar,यारिबगर
yaatraa,यात्रा
yad,याद
yadi,यदि
yadyapi,यद्यपि
yaha,यह
yaha,यहाँ
yahaa,यहा
yahaa,यहाँ
yahaan,पनि
yahaan,यहाँ
yahaan,यहाँको
yahako,यहाँको
yahan,यहाँ
yahi,यही
yantra,यन्त्र
yantrale,यन्त्रले
yantrik,यान्त्रिक
yarsagumba,यार्सागुम्बा
yas,यस
yasako,यसको
yasama,यसमा
yasari,यसरी
yaska,यसका
yasko,यसको
yaslai,यसलाई
yaslai,यसलै
yasle,यसले
yasta,यस्ता
yasto,यस्तो
yata,यता
yati,यति
yatra,यात्रा
yatralai,यात्रालाई
yatrale,यात्राले
yatri,यात्री
yatru,यात्रु
yeha,येहा
yehi,यही
yesai,यसै
yesaile,यसैले
yesari,यसरी
yesko,यसको
yeslai,यसलाई
yeslai,यसलै
yesle,यसले
yestai,यस्तै
yesto,यस्तो
yeta,यता
yeti,यति
yeti,येति
yetti,यत्ति
yi,यी
yini,यिनी
yo,यो
yoga,योग
yoga,योगा
yogaa,योग
yogdaan,योगदान
yogdan,योगदान
yogdanko,योगदानको
yojana,मा
yojana,योजना
yojanaa,योजना
yojanaale,योजनाले
yojanako,योजनाको
yorkka,योर्कका
you,यु
youth,क्लब
youth,प्रोग्राम
youth,युथ
youth,युव
youth,युवा
youth,यूथ
youth,हरु
yuddha,युद्ध
yuddhako,युद्धको
yugasamma,युगसम्म
yugko,युगको
yuvaa,युवा
yuvak,युवक
yuvati,युवती
yuwa,मात्र
yuwa,युवा
yuwaaharuko,युवाहरूको
yuwaaharule,युवाहरूले
yuwaamaa,युवामा
yuwaharule,युवाहरूले
zero,जीरो
zone,जोन
zoo,चिडियाखाना
